# Blender 4.1.1
# www.blender.org
mtllib tire4.mtl
o tire_base_Sphere.005
v 0.100021 0.008121 -0.990913
v 0.008907 0.015076 -0.999701
v 0.144417 -0.098275 -0.983545
v -0.100021 0.008121 -0.990913
v -0.008907 0.015076 -0.999701
v -0.144417 -0.098275 -0.983545
v -0.222538 0.029952 -0.966978
v -0.228940 -0.184619 -0.955637
v -0.275245 -0.131723 -0.939653
v 0.222538 0.029952 -0.966978
v 0.228940 -0.184619 -0.955637
v 0.275245 -0.131723 -0.939653
v -0.008749 -0.249483 -0.974976
v 0.008749 -0.249483 -0.974976
v 0.135819 -0.251067 -0.959836
v -0.135819 -0.251067 -0.959836
v -0.275161 -0.276085 -0.910278
v -0.228405 -0.367288 -0.901654
v -0.274865 -0.401057 -0.871899
v 0.275161 -0.276085 -0.910278
v 0.228405 -0.367288 -0.901654
v 0.274865 -0.401057 -0.871899
v -0.008754 -0.494129 -0.883481
v -0.219384 -0.503007 -0.843361
v -0.275475 -0.588449 -0.762362
v 0.008754 -0.494129 -0.883481
v -0.099985 -0.652608 -0.766328
v -0.218280 -0.637880 -0.751012
v 0.219384 -0.503007 -0.843361
v 0.275475 -0.588449 -0.762362
v 0.099985 -0.652608 -0.766328
v -0.008702 -0.705210 -0.731703
v 0.218280 -0.637880 -0.751012
v -0.124101 -0.739937 -0.682127
v 0.008702 -0.705210 -0.731703
v -0.221680 -0.761357 -0.630245
v -0.099974 -0.829281 -0.578600
v 0.124101 -0.739937 -0.682127
v 0.221680 -0.761357 -0.630245
v -0.008844 -0.873343 -0.529124
v -0.227448 -0.846368 -0.505615
v -0.275127 -0.864053 -0.442144
v 0.099974 -0.829281 -0.578600
v -0.137864 -0.860870 -0.522170
v 0.008844 -0.873343 -0.529124
v -0.131477 -0.923295 -0.408138
v 0.227448 -0.846368 -0.505615
v 0.275127 -0.864053 -0.442144
v -0.008662 -0.952195 -0.372965
v 0.137864 -0.860870 -0.522170
v -0.224711 -0.933263 -0.336038
v -0.274927 -0.947988 -0.204135
v 0.131477 -0.923295 -0.408138
v 0.008662 -0.952195 -0.372965
v -0.035228 -0.990312 -0.257538
v -0.216047 -0.976019 -0.190124
v -0.037376 -1.023204 -0.200694
v -0.117014 -0.998341 -0.180914
v 0.224711 -0.933263 -0.336038
v -0.033346 -1.016497 -0.130137
v 0.274927 -0.947988 -0.204135
v 0.035228 -0.990312 -0.257538
v 0.216047 -0.976019 -0.190124
v -0.227480 -0.990685 0.001788
v -0.276215 -0.972415 0.063084
v -0.141838 -1.008460 -0.027456
v -0.129496 -1.007522 0.093887
v 0.037376 -1.023204 -0.200694
v 0.117014 -0.998341 -0.180914
v 0.033346 -1.016497 -0.130137
v -0.008810 -1.002972 0.209859
v -0.227155 -0.974064 0.158407
v 0.227480 -0.990685 0.001788
v 0.276215 -0.972415 0.063084
v -0.144114 -0.981085 0.229928
v -0.230255 -0.931547 0.342464
v -0.132373 -0.948688 0.347929
v 0.141838 -1.008460 -0.027456
v 0.129496 -1.007522 0.093887
v -0.008934 -0.914291 0.457395
v 0.008810 -1.002972 0.209859
v 0.227155 -0.974064 0.158407
v 0.144114 -0.981085 0.229928
v -0.139125 -0.888524 0.472244
v -0.228489 -0.829604 0.534525
v -0.125474 -0.835838 0.564617
v 0.230255 -0.931547 0.342464
v -0.008891 -0.773975 0.662196
v -0.220092 -0.755229 0.636947
v -0.274738 -0.715402 0.649945
v 0.132373 -0.948688 0.347929
v 0.008934 -0.914291 0.457395
v 0.139125 -0.888524 0.472244
v -0.126832 -0.699404 0.721422
v 0.228489 -0.829604 0.534525
v 0.125474 -0.835838 0.564617
v 0.008891 -0.773975 0.662196
v -0.009256 -0.622841 0.802174
v -0.218010 -0.626890 0.757965
v -0.275139 -0.509534 0.814757
v -0.215452 -0.537135 0.824973
v 0.220092 -0.755229 0.636947
v 0.274738 -0.715402 0.649945
v 0.126832 -0.699404 0.721422
v 0.009256 -0.622841 0.802174
v -0.123917 -0.440796 0.897029
v -0.228387 -0.427695 0.877713
v 0.218010 -0.626890 0.757965
v -0.008706 -0.344262 0.948138
v -0.274831 -0.328104 0.895503
v 0.275139 -0.509534 0.814757
v 0.215452 -0.537135 0.824973
v -0.228590 -0.306870 0.923796
v -0.127189 -0.247958 0.962661
v -0.274190 -0.171806 0.936066
v 0.123917 -0.440796 0.897029
v 0.228387 -0.427695 0.877713
v 0.008706 -0.344262 0.948138
v -0.009160 -0.099983 1.000600
v -0.099891 -0.123063 0.986887
v -0.220899 -0.149144 0.962425
v 0.274831 -0.328104 0.895503
v -0.214236 -0.049677 0.969794
v -0.129451 0.002972 0.985083
v -0.276095 0.058212 0.944301
v 0.228590 -0.306870 0.923796
v 0.127189 -0.247958 0.962661
v -0.009085 0.087027 0.992617
v -0.131640 0.109033 0.980388
v -0.227808 0.110422 0.957399
v 0.274190 -0.171806 0.936066
v 0.009160 -0.099983 1.000600
v 0.099891 -0.123063 0.986887
v -0.009223 0.207721 0.973539
v -0.129110 0.260584 0.946501
v -0.227150 0.260356 0.924225
v -0.275308 0.278861 0.897360
v 0.220899 -0.149144 0.962425
v 0.214236 -0.049677 0.969794
v 0.129451 0.002972 0.985083
v 0.276095 0.058212 0.944301
v 0.009085 0.087027 0.992617
v -0.100236 0.383397 0.904523
v -0.230389 0.428397 0.855636
v -0.275543 0.426122 0.832198
v 0.131640 0.109033 0.980388
v -0.009159 0.492034 0.856464
v -0.140323 0.449226 0.865017
v 0.227808 0.110422 0.957399
v 0.009223 0.207721 0.973539
v -0.132617 0.578964 0.785169
v -0.275781 0.557485 0.748592
v -0.009130 0.648758 0.741696
v -0.227483 0.588649 0.746156
v 0.129110 0.260584 0.946501
v 0.227150 0.260356 0.924225
v -0.134541 0.695040 0.676607
v -0.230661 0.728037 0.610849
v -0.274617 0.687796 0.624040
v 0.275308 0.278861 0.897360
v 0.100236 0.383397 0.904523
v 0.230389 0.428397 0.855636
v 0.275543 0.426122 0.832198
v -0.129458 0.780548 0.573022
v -0.275678 0.813862 0.446084
v 0.009159 0.492034 0.856464
v 0.140323 0.449226 0.865017
v 0.132617 0.578964 0.785169
v -0.134835 0.849537 0.462828
v -0.227871 0.843577 0.428212
v 0.275781 0.557485 0.748592
v -0.009282 0.930693 0.306577
v -0.152287 0.896325 0.346751
v 0.009130 0.648758 0.741696
v 0.227483 0.588649 0.746156
v -0.225900 0.918887 0.225288
v -0.275012 0.890082 0.247780
v 0.134541 0.695040 0.676607
v -0.140617 0.922912 0.277057
v 0.230661 0.728037 0.610849
v -0.122044 0.951110 0.172899
v 0.274617 0.687796 0.624040
v 0.129458 0.780548 0.573022
v -0.275445 0.924444 0.017608
v -0.009281 0.976060 0.064912
v -0.126237 0.964237 0.032160
v -0.227496 0.941985 0.032242
v 0.275678 0.813862 0.446084
v 0.134835 0.849537 0.462828
v 0.227871 0.843577 0.428212
v -0.009010 0.968017 -0.113395
v -0.125570 0.961608 -0.090454
v -0.226799 0.935519 -0.131646
v 0.009282 0.930693 0.306577
v -0.275124 0.897333 -0.228348
v 0.152287 0.896325 0.346751
v 0.225900 0.918887 0.225288
v -0.132761 0.932031 -0.255665
v -0.228951 0.900666 -0.279930
v 0.275012 0.890082 0.247780
v 0.140617 0.922912 0.277057
v 0.122044 0.951110 0.172899
v 0.275445 0.924444 0.017608
v -0.100189 0.879257 -0.409507
v -0.222160 0.852844 -0.416270
v 0.009281 0.976060 0.064912
v -0.008973 0.858651 -0.470683
v -0.139281 0.791292 -0.556086
v -0.227313 0.761156 -0.562235
v -0.275677 0.719582 -0.589864
v 0.126237 0.964237 0.032160
v 0.227496 0.941985 0.032242
v 0.009010 0.968017 -0.113395
v 0.125570 0.961608 -0.090454
v -0.100102 0.742786 -0.629821
v -0.220398 0.708926 -0.636072
v 0.226799 0.935519 -0.131646
v 0.275124 0.897333 -0.228348
v -0.008821 0.694162 -0.697104
v -0.275243 0.577962 -0.732379
v -0.127510 0.661816 -0.713702
v -0.205861 0.596023 -0.750465
v 0.132761 0.932031 -0.255665
v 0.228951 0.900666 -0.279930
v 0.100189 0.879257 -0.409507
v -0.009094 0.531386 -0.834504
v -0.138228 0.555678 -0.797350
v 0.222160 0.852844 -0.416270
v 0.008973 0.858651 -0.470683
v 0.139281 0.791292 -0.556086
v -0.218360 0.482244 -0.828611
v 0.227313 0.761156 -0.562235
v -0.128187 0.359294 -0.912973
v -0.228282 0.376009 -0.880031
v 0.275677 0.719582 -0.589864
v 0.100102 0.742786 -0.629821
v -0.008667 0.385240 -0.911641
v -0.008845 0.266179 -0.957457
v -0.226906 0.222417 -0.936929
v 0.220398 0.708926 -0.636072
v 0.008821 0.694162 -0.697104
v -0.126730 0.213822 -0.959798
v -0.275516 0.150142 -0.928988
v 0.275243 0.577962 -0.732379
v 0.127510 0.661816 -0.713702
v -0.008721 0.134589 -0.987085
v -0.150967 0.156088 -0.967594
v -0.274538 0.022146 -0.947493
v -0.291630 -0.551533 -0.651662
v -0.279677 -0.488240 -0.556143
v 0.205861 0.596023 -0.750465
v 0.009094 0.531386 -0.834504
v 0.138228 0.555678 -0.797350
v 0.218360 0.482244 -0.828611
v -0.092972 -0.081311 -0.952007
v -0.154968 -0.054228 -0.933998
v -0.225313 -0.162970 -0.874719
v -0.003757 -0.213768 -0.942872
v -0.154918 -0.213560 -0.916114
v 0.128187 0.359294 -0.912973
v -0.292378 -0.346550 0.765837
v 0.228282 0.376009 -0.880031
v 0.008667 0.385240 -0.911641
v -0.094372 -0.234349 -0.928398
v 0.008845 0.266179 -0.957457
v 0.226906 0.222417 -0.936929
v 0.126730 0.213822 -0.959798
v -0.223088 -0.335924 -0.825899
v -0.155462 -0.381730 -0.864798
v -0.291532 -0.127595 -0.825462
v 0.275516 0.150142 -0.928988
v -0.003205 -0.364259 -0.897311
v -0.096214 -0.385059 -0.881942
v 0.008721 0.134589 -0.987085
v 0.150967 0.156088 -0.967594
v 0.274538 0.022146 -0.947493
v -0.224040 -0.498045 -0.747459
v 0.291630 -0.551533 -0.651662
v 0.279677 -0.488240 -0.556143
v 0.092972 -0.081311 -0.952007
v -0.094419 -0.552759 -0.792433
v -0.155377 -0.562505 -0.767052
v -0.253314 -0.737356 -0.124856
v 0.154968 -0.054228 -0.933998
v -0.000536 -0.632051 -0.741591
v -0.264288 -0.843607 -0.127350
v 0.225313 -0.162970 -0.874719
v -0.224936 -0.670481 -0.605674
v 0.003757 -0.213768 -0.942872
v -0.291545 0.194473 -0.798677
v -0.279676 0.046838 -0.714868
v 0.154918 -0.213560 -0.916114
v -0.070153 -0.689538 -0.689302
v -0.154357 -0.726591 -0.616685
v -0.291509 -0.708998 0.484907
v -0.278632 -0.690888 0.276505
v 0.292378 -0.346550 0.765837
v -0.094580 -0.794027 -0.562995
v 0.094372 -0.234349 -0.928398
v 0.223088 -0.335924 -0.825899
v 0.155462 -0.381730 -0.864798
v 0.291532 -0.127595 -0.825462
v -0.003768 -0.858408 -0.478978
v -0.155970 -0.850979 -0.442241
v -0.223303 -0.771144 -0.468282
v 0.003205 -0.364259 -0.897311
v 0.096214 -0.385059 -0.881942
v 0.224040 -0.498045 -0.747459
v 0.094419 -0.552759 -0.792433
v -0.094902 -0.888477 -0.394608
v -0.224652 -0.851932 -0.317856
v -0.291573 0.712136 -0.383703
v -0.279474 0.524833 -0.471633
v 0.155377 -0.562505 -0.767052
v -0.000512 -0.922514 -0.338356
v -0.093185 -0.946893 -0.244208
v -0.154446 -0.917295 -0.271115
v 0.253314 -0.737356 -0.124856
v 0.000536 -0.632051 -0.741591
v -0.002430 -0.957040 -0.225792
v -0.156832 -0.957091 -0.087969
v -0.223068 -0.893157 -0.146514
v -0.291327 0.262928 0.778124
v -0.279685 0.259274 0.665065
v 0.264288 -0.843607 -0.127350
v 0.224936 -0.670481 -0.605674
v -0.086933 -0.975423 -0.065972
v 0.291545 0.194473 -0.798677
v -0.224068 -0.907821 -0.002403
v 0.279676 0.046838 -0.714868
v 0.070153 -0.689538 -0.689302
v -0.154752 -0.954274 0.088007
v -0.082592 -0.973683 0.099763
v 0.154357 -0.726591 -0.616685
v 0.291509 -0.708998 0.484907
v -0.223753 -0.895412 0.145327
v 0.278632 -0.690888 0.276505
v 0.094580 -0.794027 -0.562995
v 0.003768 -0.858408 -0.478978
v 0.155970 -0.850979 -0.442241
v -0.083898 -0.952229 0.218878
v -0.155624 -0.923546 0.263971
v -0.273674 -0.926906 0.275851
v -0.279757 -0.071434 0.722181
v 0.223303 -0.771144 -0.468282
v -0.223175 -0.859050 0.289134
v 0.094902 -0.888477 -0.394608
v -0.000550 -0.942747 0.278746
v -0.083117 -0.903314 0.369330
v 0.224652 -0.851932 -0.317856
v -0.093740 -0.863411 0.451312
v -0.155121 -0.837702 0.461270
v -0.224223 -0.788294 0.444231
v 0.291573 0.712136 -0.383703
v 0.279474 0.524833 -0.471633
v 0.000512 -0.922514 -0.338356
v 0.093185 -0.946893 -0.244208
v 0.154446 -0.917295 -0.271115
v -0.291572 -0.789121 -0.317104
v -0.279746 -0.671882 -0.313100
v 0.002430 -0.957040 -0.225792
v -0.094717 -0.761346 0.605588
v 0.156832 -0.957091 -0.087969
v -0.154967 -0.727140 0.617007
v -0.225027 -0.671785 0.602672
v -0.264406 -0.728652 -0.438444
v -0.005284 -0.727755 0.652928
v 0.223068 -0.893157 -0.146514
v 0.291327 0.262928 0.778124
v 0.279685 0.259274 0.665065
v 0.086933 -0.975423 -0.065972
v -0.083954 -0.630659 0.736219
v -0.155303 -0.612880 0.726582
v -0.253776 -0.592561 -0.446014
v 0.224068 -0.907821 -0.002403
v -0.223968 -0.542350 0.715191
v 0.154752 -0.954274 0.088007
v 0.082592 -0.973683 0.099763
v 0.223753 -0.895412 0.145327
v 0.083898 -0.952229 0.218878
v -0.094537 -0.481101 0.837240
v -0.154706 -0.487369 0.813470
v -0.000568 -0.471073 0.848405
v -0.223991 -0.421159 0.789868
v 0.155624 -0.923546 0.263971
v 0.273674 -0.926906 0.275851
v 0.279757 -0.071434 0.722181
v 0.223175 -0.859050 0.289134
v -0.003199 -0.359696 0.900821
v -0.155284 -0.352071 0.875701
v 0.000550 -0.942747 0.278746
v 0.083117 -0.903314 0.369330
v 0.093740 -0.863411 0.451312
v -0.095341 -0.302264 0.910481
v -0.223600 -0.254530 0.854215
v -0.002471 -0.249082 0.932489
v -0.156529 -0.206059 0.917471
v -0.279779 0.524718 0.471576
v 0.155121 -0.837702 0.461270
v 0.224223 -0.788294 0.444231
v -0.004823 -0.147786 0.953541
v -0.092770 -0.152524 0.943852
v -0.291500 0.806220 -0.050371
v -0.279561 0.698382 0.000002
v -0.225319 -0.055598 0.884912
v 0.291572 -0.789121 -0.317104
v 0.279746 -0.671882 -0.313100
v -0.153921 -0.021021 0.935623
v 0.094717 -0.761346 0.605588
v -0.094493 0.030980 0.951937
v 0.154967 -0.727140 0.617007
v 0.225027 -0.671785 0.602672
v 0.264406 -0.728652 -0.438444
v -0.008048 0.062196 0.956179
v 0.005284 -0.727755 0.652928
v -0.279898 -0.187581 -0.703389
v 0.083954 -0.630659 0.736219
v -0.155976 0.166645 0.917522
v -0.223112 0.120271 0.871096
v 0.155303 -0.612880 0.726582
v 0.253776 -0.592561 -0.446014
v 0.223968 -0.542350 0.715191
v -0.094780 0.245272 0.916355
v -0.224507 0.294103 0.827547
v -0.018979 0.226584 0.927101
v 0.094537 -0.481101 0.837240
v -0.154808 0.310242 0.871858
v 0.154706 -0.487369 0.813470
v 0.000568 -0.471073 0.848405
v 0.223991 -0.421159 0.789868
v -0.264284 -0.521675 -0.661739
v -0.279318 -0.369834 0.633272
v 0.003199 -0.359696 0.900821
v 0.155284 -0.352071 0.875701
v -0.083403 0.429045 0.838697
v -0.156308 0.448095 0.809998
v -0.224129 0.494317 0.718016
v 0.095341 -0.302264 0.910481
v 0.223600 -0.254530 0.854215
v 0.002471 -0.249082 0.932489
v -0.094451 0.562799 0.751354
v 0.156529 -0.206059 0.917471
v 0.279779 0.524718 0.471576
v -0.002914 0.578173 0.748545
v -0.154637 0.595930 0.702425
v -0.253423 -0.357761 -0.639683
v 0.004823 -0.147786 0.953541
v -0.224648 0.663661 0.557445
v -0.291619 0.752067 0.294842
v -0.279790 0.651129 0.247978
v -0.081131 0.674987 0.651355
v 0.092770 -0.152524 0.943852
v -0.156173 0.740066 0.542271
v -0.291598 0.484899 -0.658406
v -0.279819 0.274898 -0.657481
v 0.291500 0.806220 -0.050371
v -0.081102 0.755068 0.552804
v 0.279561 0.698382 0.000002
v 0.225319 -0.055598 0.884912
v -0.094447 0.827740 0.428525
v -0.223452 0.785501 0.357670
v -0.155258 0.840180 0.363183
v 0.153921 -0.021021 0.935623
v 0.094493 0.030980 0.951937
v -0.006880 0.826759 0.445488
v 0.008048 0.062196 0.956179
v -0.000541 0.886969 0.309084
v -0.264284 -0.282535 -0.786730
v 0.279898 -0.187581 -0.703389
v 0.155976 0.166645 0.917522
v -0.094678 0.895844 0.254352
v -0.154484 0.886357 0.213968
v -0.224627 0.851957 0.136331
v -0.000492 0.924955 0.151212
v 0.223112 0.120271 0.871096
v -0.291573 -0.856226 0.027262
v -0.279710 -0.745314 -0.041011
v 0.094780 0.245272 0.916355
v 0.224507 0.294103 0.827547
v 0.018979 0.226584 0.927101
v -0.094419 0.926808 0.070040
v -0.155948 0.910712 0.057262
v 0.154808 0.310242 0.871858
v 0.264284 -0.521675 -0.661739
v -0.224398 0.858064 -0.060692
v -0.083656 0.925560 -0.097234
v -0.154845 0.904626 -0.127259
v 0.279318 -0.369834 0.633272
v 0.083403 0.429045 0.838697
v 0.156308 0.448095 0.809998
v 0.224129 0.494317 0.718016
v 0.094451 0.562799 0.751354
v 0.002914 0.578173 0.748545
v 0.154637 0.595930 0.702425
v -0.084012 0.905478 -0.218944
v -0.223510 0.825729 -0.251478
v -0.156173 0.854392 -0.326158
v -0.081131 0.869581 -0.338413
v -0.253565 -0.158463 -0.705206
v 0.253423 -0.357761 -0.639683
v 0.224648 0.663661 0.557445
v 0.291619 0.752067 0.294842
v -0.082445 0.815591 -0.455517
v -0.224119 0.744030 -0.440896
v -0.155323 0.738598 -0.546163
v 0.279790 0.651129 0.247978
v -0.094549 0.713756 -0.605106
v 0.081131 0.674987 0.651355
v 0.156173 0.740066 0.542271
v 0.291598 0.484899 -0.658406
v -0.224289 0.640353 -0.582269
v 0.279819 0.274898 -0.657481
v 0.081102 0.755068 0.552804
v -0.000512 0.607179 -0.727076
v -0.155098 0.587717 -0.708630
v -0.094447 0.562797 -0.751353
v -0.224185 0.538357 -0.682079
v 0.094447 0.827740 0.428525
v -0.264425 -0.023538 -0.828030
v 0.223452 0.785501 0.357670
v 0.155258 0.840180 0.363183
v -0.003250 0.481169 -0.816868
v -0.155458 0.418170 -0.826393
v -0.223907 0.420514 -0.764396
v -0.095339 0.427369 -0.838627
v 0.006880 0.826759 0.445488
v 0.000541 0.886969 0.309084
v 0.264284 -0.282535 -0.786730
v -0.253632 0.077742 -0.716130
v 0.094678 0.895844 0.254352
v -0.089847 0.253732 -0.914245
v -0.223113 0.233823 -0.848567
v 0.154484 0.886357 0.213968
v -0.155602 0.250537 -0.894108
v 0.224627 0.851957 0.136331
v 0.000492 0.924955 0.151212
v 0.291573 -0.856226 0.027262
v -0.154938 0.103694 -0.928521
v 0.279710 -0.745314 -0.041011
v 0.094419 0.926808 0.070040
v -0.005800 0.070578 -0.956139
v -0.096232 0.069693 -0.946904
v -0.224188 0.037111 -0.881500
v -0.280470 -0.551796 0.487114
v 0.155948 0.910712 0.057262
v -0.291450 -0.027825 0.828350
v -0.291550 0.558054 0.594007
v 0.224398 0.858064 -0.060692
v 0.083656 0.925560 -0.097234
v -0.264144 0.269106 -0.776935
v -0.264768 0.543853 -0.605320
v -0.264012 0.715532 -0.373310
v -0.264397 0.785187 -0.167504
v -0.264283 0.803132 0.019837
v -0.264339 0.761057 0.266562
v -0.264249 0.617359 0.526368
v -0.264382 0.419227 0.698389
v -0.263767 0.241771 0.782023
v -0.265322 0.050176 0.824262
v -0.264283 -0.137688 0.817991
v -0.264282 -0.321615 0.771362
v -0.264248 -0.549490 0.641295
v -0.263950 -0.721506 0.443077
v -0.264593 -0.830132 0.196466
v 0.154845 0.904626 -0.127259
v 0.084012 0.905478 -0.218944
v 0.223510 0.825729 -0.251478
v 0.156173 0.854392 -0.326158
v 0.081131 0.869581 -0.338413
v 0.253565 -0.158463 -0.705206
v 0.082445 0.815591 -0.455517
v 0.224119 0.744030 -0.440896
v 0.155323 0.738598 -0.546163
v 0.094549 0.713756 -0.605106
v 0.224289 0.640353 -0.582269
v 0.000512 0.607179 -0.727076
v 0.155098 0.587717 -0.708630
v 0.094447 0.562797 -0.751353
v 0.224185 0.538357 -0.682079
v 0.264425 -0.023538 -0.828030
v 0.003250 0.481169 -0.816868
v 0.155458 0.418170 -0.826393
v 0.223907 0.420514 -0.764396
v 0.095339 0.427369 -0.838627
v 0.253632 0.077742 -0.716130
v 0.089847 0.253732 -0.914245
v 0.223113 0.233823 -0.848567
v 0.155602 0.250537 -0.894108
v 0.154938 0.103694 -0.928521
v 0.005800 0.070578 -0.956139
v 0.096232 0.069693 -0.946904
v 0.224188 0.037111 -0.881500
v 0.280470 -0.551796 0.487114
v 0.291450 -0.027825 0.828350
v 0.291550 0.558054 0.594007
v 0.264144 0.269106 -0.776935
v 0.264768 0.543853 -0.605320
v 0.264012 0.715532 -0.373310
v 0.264397 0.785187 -0.167504
v 0.264283 0.803132 0.019837
v 0.264339 0.761057 0.266562
v 0.264249 0.617359 0.526368
v 0.264382 0.419227 0.698389
v 0.263767 0.241771 0.782023
v 0.265322 0.050176 0.824262
v 0.264283 -0.137688 0.817991
v 0.264282 -0.321615 0.771362
v 0.264248 -0.549490 0.641295
v 0.263950 -0.721506 0.443077
v 0.264593 -0.830132 0.196466
v 0.253430 0.404097 -0.584905
v 0.280094 0.651016 -0.247910
v 0.253636 0.616117 -0.333618
v 0.253701 -0.023570 0.720839
v 0.228298 -0.110434 0.642992
v -0.253430 0.404097 -0.584905
v -0.280094 0.651016 -0.247910
v 0.227681 0.146584 0.626953
v -0.253636 0.616117 -0.333618
v 0.252154 -0.107412 0.641282
v 0.251803 0.513049 -0.360768
v 0.251736 -0.481365 -0.456636
v -0.253701 -0.023570 0.720839
v -0.228298 -0.110434 0.642992
v -0.227681 0.146584 0.626953
v -0.252154 -0.107412 0.641282
v -0.251803 0.513049 -0.360768
v -0.251736 -0.481365 -0.456636
v 0.253154 -0.328612 0.657636
v 0.251829 0.573614 -0.248279
v 0.229113 -0.340610 0.568111
v -0.253154 -0.328612 0.657636
v 0.251960 -0.309799 -0.580394
v -0.251829 0.573614 -0.248279
v -0.229113 -0.340610 0.568111
v 0.251536 -0.310564 0.579451
v 0.253835 -0.564351 0.474218
v -0.251960 -0.309799 -0.580394
v 0.227822 -0.499851 0.438382
v 0.251768 0.611016 -0.124664
v -0.251536 -0.310564 0.579451
v 0.227931 -0.602745 0.289375
v 0.228969 0.581087 -0.103166
v -0.253835 -0.564351 0.474218
v -0.227822 -0.499851 0.438382
v -0.251768 0.611016 -0.124664
v -0.227931 -0.602745 0.289375
v -0.228969 0.581087 -0.103166
v -0.253828 -0.709178 0.232747
v 0.253828 -0.709178 0.232747
v -0.251528 -0.169571 -0.630592
v 0.251528 -0.169571 -0.630592
v -0.228330 -0.657424 0.129866
v -0.251656 0.623496 0.022251
v 0.228330 -0.657424 0.129866
v 0.251656 0.623496 0.022251
v -0.252179 -0.400701 0.524554
v -0.228254 -0.669996 -0.025271
v -0.250853 -0.495781 0.442787
v 0.252179 -0.400701 0.524554
v -0.228633 -0.647475 -0.169604
v 0.228254 -0.669996 -0.025271
v -0.251835 -0.023688 -0.646552
v -0.227829 -0.595164 -0.303283
v 0.250853 -0.495781 0.442787
v 0.228633 -0.647475 -0.169604
v -0.227892 -0.500129 -0.438208
v 0.251835 -0.023688 -0.646552
v 0.227829 -0.595164 -0.303283
v -0.252683 -0.571146 0.342083
v -0.228497 -0.379154 -0.540133
v 0.227892 -0.500129 -0.438208
v -0.251767 0.600511 0.166846
v -0.228779 -0.229529 -0.614173
v -0.252307 0.564740 0.266813
v -0.251871 -0.620338 0.249502
v 0.252683 -0.571146 0.342083
v 0.228497 -0.379154 -0.540133
v -0.226701 -0.001692 -0.648796
v 0.251767 0.600511 0.166846
v -0.230000 0.497375 0.322659
v 0.228779 -0.229529 -0.614173
v -0.251818 -0.657580 0.127704
v 0.252307 0.564740 0.266813
v -0.253610 0.184973 0.687477
v -0.253529 0.417499 0.573960
v 0.251871 -0.620338 0.249502
v -0.254075 0.615954 0.333569
v 0.226701 -0.001692 -0.648796
v -0.253310 0.689977 0.093285
v 0.230000 0.497375 0.322659
v -0.253581 0.686908 -0.110978
v -0.207264 -0.353744 -0.517994
v -0.207278 0.361788 0.478982
v -0.229048 -0.622656 -0.139433
v -0.229005 -0.637021 -0.005368
v 0.251818 -0.657580 0.127704
v -0.207877 0.211861 0.568209
v -0.208519 -0.071148 -0.611971
v 0.253610 0.184973 0.687477
v -0.229183 0.226691 -0.559760
v 0.253529 0.417499 0.573960
v 0.254075 0.615954 0.333569
v -0.228915 -0.573447 -0.272363
v -0.207552 0.352396 -0.485086
v 0.253310 0.689977 0.093285
v -0.229658 0.138465 0.593191
v 0.253581 0.686908 -0.110978
v 0.207264 -0.353744 -0.517994
v -0.207890 0.017216 0.614427
v -0.228406 0.194988 -0.608839
v -0.228483 -0.498954 -0.389147
v -0.228359 0.327703 -0.543970
v 0.207278 0.361788 0.478982
v 0.229048 -0.622656 -0.139433
v 0.229005 -0.637021 -0.005368
v -0.228373 0.448884 -0.442501
v 0.207877 0.211861 0.568209
v -0.227888 0.554753 -0.293855
v -0.207630 -0.169284 0.596917
v -0.228549 -0.400744 -0.484410
v 0.208519 -0.071148 -0.611971
v -0.228487 0.616090 -0.097576
v 0.229183 0.226691 -0.559760
v -0.207941 0.548250 -0.222187
v -0.228145 0.617826 0.090104
v -0.229323 -0.217869 0.582277
v 0.228915 -0.573447 -0.272363
v -0.228885 -0.299280 -0.548336
v -0.227602 0.539894 0.325342
v -0.207265 -0.219790 -0.584206
v -0.207870 -0.276290 0.558470
v -0.229103 -0.308256 0.542998
v -0.207620 0.580362 -0.109021
v 0.207552 0.352396 -0.485086
v 0.229658 0.138465 0.593191
v 0.207890 0.017216 0.614427
v 0.228406 0.194988 -0.608839
v 0.228483 -0.498954 -0.389147
v -0.252035 -0.000197 0.645348
v -0.229152 0.372667 0.513911
v -0.251579 -0.573257 -0.341358
v 0.228359 0.327703 -0.543970
v -0.251323 0.123503 0.630402
v 0.228373 0.448884 -0.442501
v 0.227888 0.554753 -0.293855
v -0.252006 -0.636333 -0.208003
v -0.251871 0.242934 0.588781
v 0.207630 -0.169284 0.596917
v -0.252239 -0.660933 -0.104932
v -0.251812 0.336771 0.537295
v 0.228549 -0.400744 -0.484410
v 0.228487 0.616090 -0.097576
v -0.251795 0.101100 -0.634562
v -0.251526 -0.670292 0.001076
v -0.251862 0.418582 0.471013
v -0.229034 0.419883 0.425857
v 0.207941 0.548250 -0.222187
v 0.228145 0.617826 0.090104
v -0.229050 -0.165501 -0.597984
v -0.207648 -0.635331 0.063628
v -0.228979 -0.622944 0.138181
v -0.208062 -0.497194 0.390675
v -0.228950 -0.395297 0.488428
v -0.207195 -0.376362 0.504417
v 0.229323 -0.217869 0.582277
v 0.228885 -0.299280 -0.548336
v -0.208611 0.487332 0.342957
v -0.207525 0.564173 0.178418
v -0.207981 0.590503 0.022989
v 0.227602 0.539894 0.325342
v 0.207265 -0.219790 -0.584206
v -0.251790 0.432640 -0.458360
v -0.251915 0.334742 -0.538469
v -0.251494 0.222814 -0.597943
v -0.207485 0.080524 -0.605763
v -0.252059 -0.400140 -0.524967
v 0.207870 -0.276290 0.558470
v 0.229103 -0.308256 0.542998
v 0.207620 0.580362 -0.109021
v 0.252035 -0.000197 0.645348
v 0.229152 0.372667 0.513911
v 0.251579 -0.573257 -0.341358
v 0.251323 0.123503 0.630402
v -0.251567 -0.211903 0.618293
v 0.252006 -0.636333 -0.208003
v 0.251871 0.242934 0.588781
v 0.252239 -0.660933 -0.104932
v 0.251812 0.336771 0.537295
v 0.251795 0.101100 -0.634562
v 0.251526 -0.670292 0.001076
v 0.251862 0.418582 0.471013
v 0.229034 0.419883 0.425857
v 0.229050 -0.165501 -0.597984
v 0.207648 -0.635331 0.063628
v -0.251251 0.502761 0.377198
v 0.228979 -0.622944 0.138181
v 0.208062 -0.497194 0.390675
v 0.228950 -0.395297 0.488428
v 0.207195 -0.376362 0.504417
v 0.208611 0.487332 0.342957
v 0.207525 0.564173 0.178418
v 0.207981 0.590503 0.022989
v 0.251790 0.432640 -0.458360
v 0.251915 0.334742 -0.538469
v 0.251494 0.222814 -0.597943
v -0.228805 -0.571887 0.273670
v -0.229033 -0.498480 0.391235
v -0.228816 -0.063204 0.614206
v -0.229040 0.302960 0.520734
v -0.228776 0.559752 0.197499
v -0.229179 0.590664 0.011199
v 0.207485 0.080524 -0.605763
v -0.229000 0.555160 -0.210061
v 0.252059 -0.400140 -0.524967
v -0.229178 0.488738 -0.337094
v -0.229030 0.413598 -0.430789
v -0.228969 0.320976 -0.507954
v -0.228931 0.127109 -0.594871
v 0.251567 -0.211903 0.618293
v -0.228508 -0.009030 -0.613955
v 0.251251 0.502761 0.377198
v 0.228805 -0.571887 0.273670
v 0.229033 -0.498480 0.391235
v 0.228816 -0.063204 0.614206
v 0.229040 0.302960 0.520734
v 0.228776 0.559752 0.197499
v 0.229179 0.590664 0.011199
v 0.229000 0.555160 -0.210061
v 0.229178 0.488738 -0.337094
v -0.208045 -0.447982 -0.443136
v -0.207493 -0.556962 -0.307947
v -0.207186 -0.626948 -0.119811
v -0.207348 -0.591855 0.238041
v -0.207347 0.465731 -0.375162
v -0.207769 0.224847 -0.562779
v 0.229030 0.413598 -0.430789
v 0.228969 0.320976 -0.507954
v 0.228931 0.127109 -0.594871
v 0.228508 -0.009030 -0.613955
v 0.208045 -0.447982 -0.443136
v 0.207493 -0.556962 -0.307947
v 0.207186 -0.626948 -0.119811
v 0.207348 -0.591855 0.238041
v 0.207347 0.465731 -0.375162
v -0.275068 -0.734547 -0.624109
v -0.275410 -0.858990 0.447698
v 0.207769 0.224847 -0.562779
v 0.275068 -0.734547 -0.624109
v 0.275410 -0.858990 0.447698
v 0.274889 0.821616 -0.425342
v -0.274889 0.821616 -0.425342
v -0.274954 0.372020 -0.862697
v -0.009144 0.377974 0.916454
v -0.008848 -0.507574 0.875178
v -0.009238 0.818698 0.543114
v 0.274954 0.372020 -0.862697
v 0.009144 0.377974 0.916454
v 0.008848 -0.507574 0.875178
v 0.009238 0.818698 0.543114
v 0.008768 -0.060299 -1.038710
v 0.008761 0.996592 0.194152
v 0.008759 0.936207 0.397428
v 0.008759 0.821728 0.604714
v 0.008760 0.667516 0.775078
v -0.008768 -0.060299 -1.038710
v 0.008758 0.495497 0.899658
v -0.008761 0.996592 0.194152
v -0.008759 0.936207 0.397428
v -0.008759 0.821728 0.604714
v 0.008650 0.303209 0.984600
v -0.008760 0.667516 0.775078
v 0.009019 0.070935 1.037143
v -0.008758 0.495497 0.899658
v -0.008650 0.303209 0.984600
v -0.009019 0.070935 1.037143
v -0.008785 -0.190446 1.025671
v -0.008709 -0.798816 0.690535
v -0.008815 -0.940947 0.489877
v -0.008721 -1.026131 0.268801
v -0.008763 -1.055426 0.106410
v -0.008758 -1.060038 -0.069382
v -0.009426 -1.022255 -0.028222
v -0.007623 -1.011283 -0.194827
v -0.008683 -0.804098 -0.624717
v -0.008670 -0.610808 -0.809155
v 0.008785 -0.190446 1.025671
v 0.008709 -0.798816 0.690535
v 0.008815 -0.940947 0.489877
v 0.008721 -1.026131 0.268801
v 0.008763 -1.055426 0.106410
v 0.008758 -1.060038 -0.069382
v 0.009426 -1.022255 -0.028222
v -0.008749 0.789380 -0.582056
v -0.008864 0.912201 -0.351830
v -0.009127 0.951520 -0.227107
v -0.008656 -0.381766 -0.932390
v -0.008610 -0.135684 -0.992346
v 0.007623 -1.011283 -0.194827
v -0.008706 0.136820 -1.025211
v -0.008784 0.301246 -0.986500
v -0.008780 0.463537 -0.913779
v -0.008685 0.635431 -0.807154
v 0.008683 -0.804098 -0.624717
v -0.008698 0.774518 -0.663494
v 0.008670 -0.610808 -0.809155
v -0.008838 0.871058 -0.527655
v -0.008656 0.956086 -0.345252
v 0.008749 0.789380 -0.582056
v -0.008698 0.999595 -0.174064
v -0.008751 1.014943 -0.009260
v 0.008864 0.912201 -0.351830
v 0.009127 0.951520 -0.227107
v 0.008656 -0.381766 -0.932390
v 0.008610 -0.135684 -0.992346
v -0.008767 -0.409468 0.963974
v -0.008883 -0.619005 0.852238
v 0.008706 0.136820 -1.025211
v 0.008784 0.301246 -0.986500
v 0.008780 0.463537 -0.913779
v 0.008685 0.635431 -0.807154
v 0.008698 0.774518 -0.663494
v -0.008633 -1.018130 -0.301796
v -0.008697 -0.941412 -0.483927
v -0.008683 -0.847701 -0.632536
v -0.008704 -0.675656 -0.809995
v -0.008705 -0.443805 -0.951202
v -0.008701 -0.253228 -1.011986
v -0.232058 0.925257 -0.172612
v -0.231963 0.936266 -0.101372
v -0.170529 0.951719 -0.095427
v -0.034640 0.966899 -0.114571
v -0.100055 0.965741 -0.072894
v 0.008838 0.871058 -0.527655
v 0.008656 0.956086 -0.345252
v -0.100074 0.958701 -0.138156
v -0.123931 0.953627 -0.149938
v 0.008698 0.999595 -0.174064
v 0.008751 1.014943 -0.009260
v 0.008767 -0.409468 0.963974
v -0.275370 0.918946 -0.094908
v -0.127472 0.998465 -0.083675
v 0.008883 -0.619005 0.852238
v 0.008633 -1.018130 -0.301796
v 0.008697 -0.941412 -0.483927
v 0.008683 -0.847701 -0.632536
v 0.008704 -0.675656 -0.809995
v -0.283172 0.943893 -0.175011
v -0.243513 0.960355 -0.178032
v -0.185926 0.986282 -0.102214
v -0.170723 0.980397 -0.168638
v -0.248451 0.968695 -0.104920
v -0.127491 0.990420 -0.152786
v -0.102893 1.002780 -0.076193
v -0.035900 1.010796 -0.049167
v -0.102872 0.995061 -0.142854
v -0.035413 1.005864 -0.118648
v 0.008705 -0.443805 -0.951202
v 0.008701 -0.253228 -1.011986
v 0.232058 0.925257 -0.172612
v 0.231963 0.936266 -0.101372
v -0.123125 0.961644 -0.080192
v 0.170529 0.951719 -0.095427
v -0.034026 0.972339 -0.046187
v 0.034640 0.966899 -0.114571
v 0.100055 0.965741 -0.072894
v -0.283415 0.953577 -0.097479
v 0.100074 0.958701 -0.138156
v 0.123931 0.953627 -0.149938
v 0.275370 0.918946 -0.094908
v -0.275234 0.908318 -0.169479
v -0.228120 0.938620 -0.088379
v -0.124645 0.963180 -0.065849
v -0.193167 0.950743 -0.014659
v -0.123174 0.964817 0.005825
v -0.100071 0.966459 -0.052380
v 0.127472 0.998465 -0.083675
v 0.283172 0.943893 -0.175011
v 0.243513 0.960355 -0.178032
v 0.185926 0.986282 -0.102214
v -0.274890 0.919039 -0.088135
v -0.100127 0.968485 0.013314
v -0.033816 0.974701 -0.027516
v -0.034600 0.973647 0.040852
v 0.170723 0.980397 -0.168638
v 0.248451 0.968695 -0.104920
v 0.127491 0.990420 -0.152786
v 0.102893 1.002780 -0.076193
v 0.035900 1.010796 -0.049167
v 0.102872 0.995061 -0.142854
v 0.035413 1.005864 -0.118648
v 0.123125 0.961644 -0.080192
v -0.275178 0.924353 -0.014206
v -0.237932 0.974674 -0.091247
v -0.128196 1.000541 -0.067349
v -0.208429 0.985581 -0.017937
v -0.283298 0.959160 -0.014089
v -0.102905 1.005508 0.013305
v -0.035253 1.011814 -0.028459
v -0.102920 1.003326 -0.054097
v 0.034026 0.972339 -0.046187
v 0.283415 0.953577 -0.097479
v 0.275234 0.908318 -0.169479
v 0.228120 0.938620 -0.088379
v 0.124645 0.963180 -0.065849
v 0.193167 0.950743 -0.014659
v 0.123174 0.964817 0.005825
v 0.100071 0.966459 -0.052380
v -0.283106 0.955676 -0.090153
v -0.127601 1.001911 0.005720
v -0.035969 1.010873 0.041389
v 0.274890 0.919039 -0.088135
v -0.232026 0.941396 -0.005050
v -0.182432 0.950866 0.071994
v -0.033917 0.972779 0.059475
v -0.099825 0.967166 0.033640
v -0.035536 1.010774 0.062454
v 0.100127 0.968485 0.013314
v 0.033816 0.974701 -0.027516
v 0.034600 0.973647 0.040852
v 0.275178 0.924353 -0.014206
v 0.237932 0.974674 -0.091247
v -0.124038 0.964931 0.021885
v -0.123090 0.960083 0.091653
v -0.100097 0.963016 0.099626
v -0.102944 1.000127 0.102740
v 0.128196 1.000541 -0.067349
v 0.208429 0.985581 -0.017937
v 0.283298 0.959160 -0.014089
v 0.102905 1.005508 0.013305
v -0.275022 0.924423 -0.004855
v -0.275117 0.921566 0.068343
v 0.035253 1.011814 -0.028459
v 0.102920 1.003326 -0.054097
v 0.283106 0.955676 -0.090153
v -0.235566 0.979916 -0.003937
v -0.127477 1.001304 0.024806
v -0.169804 0.994728 0.009007
v -0.283273 0.959788 -0.004163
v 0.127601 1.001911 0.005720
v -0.102642 1.004083 0.035157
v 0.035969 1.010873 0.041389
v 0.232026 0.941396 -0.005050
v -0.283348 0.955735 0.073557
v 0.182432 0.950866 0.071994
v -0.035881 1.003861 0.131567
v 0.033917 0.972779 0.059475
v -0.034255 0.965832 0.128047
v 0.099825 0.967166 0.033640
v 0.035536 1.010774 0.062454
v 0.124038 0.964931 0.021885
v -0.248989 0.971756 0.067962
v -0.128583 0.998586 0.091441
v -0.232736 0.938148 0.079916
v -0.195868 0.939252 0.153181
v -0.034512 0.963262 0.145806
v 0.123090 0.960083 0.091653
v -0.102992 0.996987 0.125472
v 0.100097 0.963016 0.099626
v 0.102944 1.000127 0.102740
v 0.275022 0.924423 -0.004855
v -0.169644 0.952628 0.090436
v -0.100109 0.950561 0.185197
v -0.123863 0.957979 0.109308
v 0.275117 0.921566 0.068343
v 0.235566 0.979916 -0.003937
v 0.127477 1.001304 0.024806
v 0.169804 0.994728 0.009007
v 0.283273 0.959788 -0.004163
v 0.102642 1.004083 0.035157
v -0.275018 0.920643 0.077175
v -0.275250 0.910587 0.152352
v -0.127475 0.985281 0.183374
v 0.283348 0.955735 0.073557
v 0.035881 1.003861 0.131567
v 0.034255 0.965832 0.128047
v -0.282831 0.956913 0.077574
v -0.237191 0.973338 0.107166
v -0.173868 0.989369 0.097223
v -0.127538 0.995159 0.113926
v -0.102962 0.987359 0.191977
v -0.035792 0.988610 0.220754
v -0.280210 0.948760 0.155159
v 0.248989 0.971756 0.067962
v 0.128583 0.998586 0.091441
v 0.232736 0.938148 0.079916
v -0.100057 0.960401 0.120331
v -0.123102 0.948360 0.177722
v -0.034326 0.951811 0.213430
v 0.195868 0.939252 0.153181
v 0.034512 0.963262 0.145806
v 0.102992 0.996987 0.125472
v -0.035771 1.001171 0.152066
v -0.192086 0.976753 0.161192
v 0.169644 0.952628 0.090436
v -0.228491 0.928142 0.163130
v -0.197897 0.922105 0.236227
v 0.100109 0.950561 0.185197
v 0.123863 0.957979 0.109308
v 0.275018 0.920643 0.077175
v 0.275250 0.910587 0.152352
v 0.127475 0.985281 0.183374
v -0.034617 0.928559 0.297096
v -0.125566 0.946082 0.192574
v 0.282831 0.956913 0.077574
v 0.237191 0.973338 0.107166
v 0.173868 0.989369 0.097223
v 0.127538 0.995159 0.113926
v -0.127496 0.965725 0.270393
v 0.102962 0.987359 0.191977
v 0.035792 0.988610 0.220754
v -0.275194 0.911083 0.159095
v -0.236854 0.964872 0.170302
v -0.174830 0.976970 0.183646
v -0.127552 0.981488 0.202295
v -0.282825 0.945783 0.166378
v -0.102859 0.966680 0.279741
v -0.035244 0.984435 0.240428
v -0.102857 0.982527 0.213875
v -0.187667 0.959368 0.249279
v 0.280210 0.948760 0.155159
v 0.100057 0.960401 0.120331
v 0.123102 0.948360 0.177722
v 0.034326 0.951811 0.213430
v -0.100068 0.946195 0.205499
v -0.274606 0.894010 0.233031
v -0.123093 0.929403 0.261823
v -0.100086 0.931164 0.268924
v -0.033804 0.947392 0.231912
v 0.035771 1.001171 0.152066
v -0.282380 0.930806 0.239378
v -0.036086 0.965028 0.307715
v 0.192086 0.976753 0.161192
v 0.228491 0.928142 0.163130
v -0.231381 0.910373 0.244838
v -0.125564 0.925622 0.276314
v -0.199510 0.897420 0.317067
v -0.102895 0.959877 0.300227
v -0.100037 0.903798 0.351621
v -0.100111 0.924623 0.289126
v 0.197897 0.922105 0.236227
v 0.034617 0.928559 0.297096
v 0.125566 0.946082 0.192574
v 0.127496 0.965725 0.270393
v 0.275194 0.911083 0.159095
v 0.236854 0.964872 0.170302
v 0.174830 0.976970 0.183646
v -0.033415 0.923079 0.315555
v 0.127552 0.981488 0.202295
v 0.282825 0.945783 0.166378
v 0.102859 0.966680 0.279741
v 0.035244 0.984435 0.240428
v 0.102857 0.982527 0.213875
v -0.275288 0.870398 0.312080
v -0.275048 0.892577 0.239492
v -0.127617 0.938779 0.354898
v -0.034682 0.958537 0.327124
v 0.187667 0.959368 0.249279
v -0.234810 0.946704 0.255749
v -0.175116 0.957493 0.270230
v -0.127509 0.960058 0.289106
v -0.283189 0.927838 0.250081
v -0.102891 0.939414 0.364692
v -0.035957 0.933935 0.392720
v 0.100068 0.946195 0.205499
v 0.274606 0.894010 0.233031
v 0.123093 0.929403 0.261823
v 0.100086 0.931164 0.268924
v 0.033804 0.947392 0.231912
v -0.123102 0.902726 0.343826
v 0.282380 0.930806 0.239378
v -0.034665 0.899276 0.379580
v -0.283510 0.903189 0.324385
v 0.036086 0.965028 0.307715
v -0.230475 0.926910 0.324727
v -0.207107 0.864197 0.395157
v -0.123393 0.869023 0.423432
v -0.033923 0.892073 0.396688
v -0.100083 0.896171 0.370939
v 0.231381 0.910373 0.244838
v 0.125564 0.925622 0.276314
v 0.199510 0.897420 0.317067
v 0.102895 0.959877 0.300227
v -0.232417 0.884703 0.325843
v -0.100137 0.869773 0.430708
v -0.034568 0.862644 0.458067
v 0.100037 0.903798 0.351621
v 0.100111 0.924623 0.289126
v 0.033415 0.923079 0.315555
v 0.275288 0.870398 0.312080
v 0.275048 0.892577 0.239492
v -0.275311 0.839760 0.387872
v 0.127617 0.938779 0.354898
v 0.034682 0.958537 0.327124
v 0.234810 0.946704 0.255749
v -0.274969 0.868570 0.318397
v -0.283007 0.902131 0.331052
v -0.238021 0.919459 0.338945
v -0.199200 0.900661 0.412550
v -0.170542 0.930171 0.356180
v -0.127618 0.930978 0.374006
v -0.282279 0.873280 0.403129
v -0.102936 0.903303 0.447079
v -0.035328 0.926862 0.411427
v -0.102917 0.930034 0.384717
v -0.123163 0.896800 0.359503
v 0.175116 0.957493 0.270230
v 0.127509 0.960058 0.289106
v 0.283189 0.927838 0.250081
v 0.102891 0.939414 0.364692
v 0.035957 0.933935 0.392720
v 0.123102 0.902726 0.343826
v 0.034665 0.899276 0.379580
v 0.283510 0.903189 0.324385
v -0.127376 0.903623 0.437667
v -0.035689 0.896876 0.474389
v 0.230475 0.926910 0.324727
v -0.227536 0.853798 0.404100
v -0.126528 0.863238 0.436585
v -0.197147 0.829175 0.473065
v -0.034590 0.853917 0.474424
v 0.207107 0.864197 0.395157
v -0.102990 0.892599 0.466739
v -0.100031 0.828838 0.507438
v -0.034171 0.820465 0.534087
v 0.123393 0.869023 0.423432
v 0.033923 0.892073 0.396688
v 0.100083 0.896171 0.370939
v 0.232417 0.884703 0.325843
v 0.100137 0.869773 0.430708
v 0.034568 0.862644 0.458067
v -0.100065 0.859941 0.449474
v 0.275311 0.839760 0.387872
v 0.274969 0.868570 0.318397
v 0.283007 0.902131 0.331052
v 0.238021 0.919459 0.338945
v -0.275296 0.838137 0.395378
v -0.275008 0.801740 0.462335
v 0.199200 0.900661 0.412550
v -0.127549 0.861878 0.517312
v 0.170542 0.930171 0.356180
v 0.127618 0.930978 0.374006
v -0.283036 0.870847 0.409188
v -0.237188 0.876236 0.442271
v -0.173733 0.895676 0.436634
v -0.127485 0.894875 0.455363
v -0.102947 0.860669 0.526061
v -0.035847 0.851808 0.552591
v -0.035451 0.887467 0.493088
v -0.189730 0.861431 0.494349
v -0.280339 0.836902 0.478410
v 0.282279 0.873280 0.403129
v 0.102936 0.903303 0.447079
v 0.035328 0.926862 0.411427
v -0.123100 0.829676 0.499705
v 0.102917 0.930034 0.384717
v 0.123163 0.896800 0.359503
v 0.127376 0.903623 0.437667
v -0.231276 0.815146 0.478393
v -0.197345 0.783831 0.545033
v -0.033740 0.809653 0.549587
v -0.100117 0.817572 0.524558
v -0.099985 0.781622 0.579721
v 0.035689 0.896876 0.474389
v 0.227536 0.853798 0.404100
v 0.126528 0.863238 0.436585
v 0.197147 0.829175 0.473065
v 0.034590 0.853917 0.474424
v 0.102990 0.892599 0.466739
v -0.034775 0.770213 0.605412
v -0.124052 0.821665 0.513015
v 0.100031 0.828838 0.507438
v 0.034171 0.820465 0.534087
v 0.100065 0.859941 0.449474
v 0.275296 0.838137 0.395378
v 0.275008 0.801740 0.462335
v -0.274894 0.799791 0.468325
v -0.275322 0.758741 0.532747
v -0.127798 0.815035 0.590511
v 0.127549 0.861878 0.517312
v -0.283072 0.831551 0.485359
v -0.238254 0.834841 0.517600
v -0.173648 0.854500 0.515317
v -0.127491 0.851563 0.534357
v -0.102935 0.811596 0.601034
v -0.035576 0.799491 0.627162
v -0.035074 0.840588 0.570196
v -0.102923 0.848784 0.544355
v -0.249775 0.804425 0.556185
v 0.283036 0.870847 0.409188
v 0.237188 0.876236 0.442271
v 0.173733 0.895676 0.436634
v 0.127485 0.894875 0.455363
v -0.283551 0.787905 0.553147
v 0.102947 0.860669 0.526061
v 0.035847 0.851808 0.552591
v -0.123113 0.782382 0.571345
v 0.035451 0.887467 0.493088
v 0.189730 0.861431 0.494349
v -0.231112 0.770448 0.549462
v -0.196967 0.733345 0.613197
v -0.033853 0.758605 0.619777
v -0.100113 0.768637 0.595908
v 0.280339 0.836902 0.478410
v 0.123100 0.829676 0.499705
v 0.231276 0.815146 0.478393
v 0.197345 0.783831 0.545033
v 0.033740 0.809653 0.549587
v -0.100089 0.727582 0.647454
v -0.125103 0.773795 0.584247
v 0.100117 0.817572 0.524558
v 0.099985 0.781622 0.579721
v 0.034775 0.770213 0.605412
v 0.124052 0.821665 0.513015
v 0.274894 0.799791 0.468325
v 0.275322 0.758741 0.532747
v 0.127798 0.815035 0.590511
v -0.275157 0.709703 0.599173
v -0.275059 0.755249 0.538608
v -0.127500 0.758516 0.662912
v 0.283072 0.831551 0.485359
v 0.238254 0.834841 0.517600
v 0.173648 0.854500 0.515317
v -0.283036 0.785510 0.558820
v -0.232308 0.800899 0.573537
v -0.128233 0.804246 0.605827
v -0.102944 0.756175 0.671485
v -0.035964 0.742367 0.696096
v -0.035306 0.787870 0.642943
v -0.102918 0.798041 0.618271
v -0.282010 0.739891 0.620306
v 0.127491 0.851563 0.534357
v 0.102935 0.811596 0.601034
v 0.035576 0.799491 0.627162
v -0.123095 0.729630 0.639805
v -0.034497 0.713770 0.671774
v -0.188409 0.762097 0.640906
v 0.035074 0.840588 0.570196
v -0.229158 0.718886 0.616960
v -0.198976 0.677310 0.676718
v 0.102923 0.848784 0.544355
v 0.249775 0.804425 0.556185
v 0.283551 0.787905 0.553147
v 0.123113 0.782382 0.571345
v -0.124716 0.720960 0.650309
v -0.034819 0.652619 0.733129
v -0.033702 0.701443 0.685944
v -0.100127 0.713693 0.662613
v 0.231112 0.770448 0.549462
v 0.196967 0.733345 0.613197
v 0.033853 0.758605 0.619777
v 0.100113 0.768637 0.595908
v 0.100089 0.727582 0.647454
v -0.275318 0.706552 0.604917
v -0.275123 0.654197 0.659744
v 0.125103 0.773795 0.584247
v -0.128081 0.699956 0.726980
v 0.275157 0.709703 0.599173
v 0.275059 0.755249 0.538608
v 0.127500 0.758516 0.662912
v -0.283331 0.679522 0.685456
v -0.282920 0.734228 0.626189
v -0.238017 0.726535 0.664801
v -0.173249 0.751209 0.660180
v -0.127504 0.745845 0.677498
v -0.102854 0.695175 0.736422
v -0.035951 0.678974 0.760804
v -0.035450 0.728409 0.711999
v -0.102856 0.741014 0.688076
v -0.248042 0.695248 0.692104
v 0.283036 0.785510 0.558820
v 0.232308 0.800899 0.573537
v 0.128233 0.804246 0.605827
v -0.123224 0.670964 0.702940
v -0.100173 0.669329 0.710264
v 0.102944 0.756175 0.671485
v 0.035964 0.742367 0.696096
v 0.035306 0.787870 0.642943
v -0.229141 0.662819 0.679363
v -0.124679 0.660335 0.714173
v -0.202436 0.615196 0.734728
v -0.123097 0.607514 0.760787
v 0.102918 0.798041 0.618271
v 0.282010 0.739891 0.620306
v 0.123095 0.729630 0.639805
v 0.034497 0.713770 0.671774
v 0.188409 0.762097 0.640906
v -0.100119 0.604288 0.767834
v -0.100127 0.653191 0.724343
v 0.229158 0.718886 0.616960
v 0.198976 0.677310 0.676718
v 0.124716 0.720960 0.650309
v 0.034819 0.652619 0.733129
v 0.033702 0.701443 0.685944
v 0.100127 0.713693 0.662613
v -0.275276 0.594410 0.716581
v 0.275318 0.706552 0.604917
v -0.128264 0.633943 0.787346
v -0.034043 0.586396 0.790042
v 0.275123 0.654197 0.659744
v -0.283215 0.675095 0.691266
v -0.237707 0.688443 0.706610
v -0.167144 0.690182 0.727380
v -0.127531 0.683307 0.742684
v -0.102891 0.627635 0.796907
v -0.035589 0.609421 0.818917
v -0.102856 0.678161 0.752057
v -0.035632 0.663555 0.774760
v -0.246404 0.632272 0.752177
v 0.128081 0.699956 0.726980
v 0.283331 0.679522 0.685456
v 0.282920 0.734228 0.626189
v 0.238017 0.726535 0.664801
v -0.283475 0.616866 0.743904
v -0.275174 0.650501 0.666239
v -0.034020 0.638730 0.746008
v 0.173249 0.751209 0.660180
v 0.127504 0.745845 0.677498
v 0.102854 0.695175 0.736422
v 0.035951 0.678974 0.760804
v -0.225690 0.601290 0.737813
v -0.209671 0.548793 0.784690
v -0.123272 0.538080 0.813393
v -0.034595 0.571460 0.800363
v -0.100046 0.588113 0.780428
v 0.035450 0.728409 0.711999
v -0.100087 0.534669 0.819576
v 0.102856 0.741014 0.688076
v 0.248042 0.695248 0.692104
v 0.123224 0.670964 0.702940
v 0.100173 0.669329 0.710264
v -0.125839 0.596861 0.769700
v 0.229141 0.662819 0.679363
v 0.124679 0.660335 0.714173
v 0.202436 0.615196 0.734728
v 0.123097 0.607514 0.760787
v 0.100119 0.604288 0.767834
v -0.275127 0.590106 0.721967
v -0.275322 0.529588 0.767993
v 0.100127 0.653191 0.724343
v -0.127214 0.560758 0.842228
v 0.275276 0.594410 0.716581
v 0.128264 0.633943 0.787346
v 0.034043 0.586396 0.790042
v 0.283215 0.675095 0.691266
v -0.234330 0.624364 0.766289
v -0.128247 0.619362 0.799863
v -0.103003 0.556733 0.850161
v -0.035287 0.593410 0.832777
v -0.102951 0.609804 0.809826
v -0.035802 0.535441 0.870553
v -0.186443 0.568749 0.823431
v -0.283218 0.612450 0.749466
v 0.237707 0.688443 0.706610
v 0.167144 0.690182 0.727380
v 0.127531 0.683307 0.742684
v -0.034068 0.515111 0.840107
v 0.102891 0.627635 0.796907
v -0.283062 0.553125 0.796240
v 0.035589 0.609421 0.818917
v 0.102856 0.678161 0.752057
v -0.228227 0.534394 0.788217
v -0.197948 0.478706 0.835682
v -0.100084 0.517400 0.830633
v 0.035632 0.663555 0.774760
v 0.246404 0.632272 0.752177
v 0.283475 0.616866 0.743904
v 0.275174 0.650501 0.666239
v 0.034020 0.638730 0.746008
v -0.124133 0.525748 0.822265
v -0.100116 0.461054 0.865087
v 0.225690 0.601290 0.737813
v 0.209671 0.548793 0.784690
v 0.123272 0.538080 0.813393
v 0.034595 0.571460 0.800363
v 0.100046 0.588113 0.780428
v 0.100087 0.534669 0.819576
v -0.275212 0.525405 0.773088
v -0.127518 0.484556 0.890513
v -0.033630 0.499354 0.850327
v 0.125839 0.596861 0.769700
v 0.275127 0.590106 0.721967
v 0.275322 0.529588 0.767993
v -0.234673 0.533982 0.834066
v -0.127504 0.543914 0.853890
v -0.175250 0.554331 0.836537
v -0.283040 0.481483 0.843255
v -0.102911 0.479754 0.896845
v -0.035909 0.458302 0.917028
v -0.102881 0.537135 0.862782
v -0.035418 0.518557 0.881967
v -0.185795 0.495546 0.871644
v -0.283056 0.546245 0.801520
v 0.127214 0.560758 0.842228
v 0.234330 0.624364 0.766289
v -0.123254 0.465286 0.858485
v 0.128247 0.619362 0.799863
v -0.034379 0.439351 0.883484
v 0.103003 0.556733 0.850161
v -0.274982 0.460649 0.812914
v 0.035287 0.593410 0.832777
v -0.229901 0.463575 0.833542
v -0.124035 0.452106 0.866795
v -0.198551 0.403830 0.875852
v 0.102951 0.609804 0.809826
v 0.035802 0.535441 0.870553
v 0.186443 0.568749 0.823431
v 0.283218 0.612450 0.749466
v 0.034068 0.515111 0.840107
v 0.283062 0.553125 0.796240
v 0.228227 0.534394 0.788217
v -0.034630 0.361171 0.920410
v 0.197948 0.478706 0.835682
v 0.100084 0.517400 0.830633
v 0.124133 0.525748 0.822265
v 0.100116 0.461054 0.865087
v 0.275212 0.525405 0.773088
v 0.127518 0.484556 0.890513
v -0.275109 0.387586 0.852262
v -0.127909 0.407788 0.930690
v 0.033630 0.499354 0.850327
v 0.234673 0.533982 0.834066
v -0.283197 0.472462 0.848419
v -0.238055 0.481231 0.866693
v -0.127555 0.467335 0.900094
v -0.102886 0.399142 0.938061
v -0.034839 0.439353 0.927189
v -0.102901 0.459563 0.908346
v -0.247070 0.415436 0.896089
v -0.173609 0.479304 0.884604
v 0.127504 0.543914 0.853890
v 0.175250 0.554331 0.836537
v 0.283040 0.481483 0.843255
v 0.102911 0.479754 0.896845
v -0.100051 0.443006 0.874649
v -0.275197 0.455115 0.818027
v -0.123203 0.388967 0.898165
v 0.035909 0.458302 0.917028
v -0.033491 0.422995 0.892749
v -0.283256 0.402025 0.884641
v -0.035969 0.376049 0.954594
v 0.102881 0.537135 0.862782
v -0.232424 0.389173 0.872481
v -0.126214 0.376264 0.904013
v -0.198864 0.325699 0.909105
v -0.100029 0.365093 0.912150
v -0.102946 0.379020 0.945910
v 0.035418 0.518557 0.881967
v 0.185795 0.495546 0.871644
v 0.283056 0.546245 0.801520
v -0.275156 0.382493 0.855424
v -0.100034 0.303610 0.936244
v -0.033754 0.343862 0.928398
v -0.034724 0.279424 0.950408
v 0.123254 0.465286 0.858485
v 0.034379 0.439351 0.883484
v 0.274982 0.460649 0.812914
v 0.229901 0.463575 0.833542
v 0.124035 0.452106 0.866795
v 0.198551 0.403830 0.875852
v 0.034630 0.361171 0.920410
v 0.275109 0.387586 0.852262
v -0.275286 0.312476 0.885240
v 0.127909 0.407788 0.930690
v 0.283197 0.472462 0.848419
v -0.237048 0.403985 0.906825
v -0.128191 0.390374 0.939145
v -0.209119 0.338555 0.941774
v -0.283408 0.325537 0.918174
v -0.103052 0.316491 0.971566
v -0.035791 0.291549 0.986051
v -0.035394 0.357497 0.962780
v -0.283149 0.397146 0.888393
v 0.238055 0.481231 0.866693
v 0.127555 0.467335 0.900094
v 0.102886 0.399142 0.938061
v 0.034839 0.439353 0.927189
v 0.102901 0.459563 0.908346
v -0.123092 0.309026 0.930628
v 0.247070 0.415436 0.896089
v 0.173609 0.479304 0.884604
v -0.127522 0.322628 0.965148
v -0.229530 0.311060 0.905707
v -0.198648 0.245318 0.936521
v -0.033699 0.261847 0.956404
v 0.100051 0.443006 0.874649
v 0.275197 0.455115 0.818027
v 0.123203 0.388967 0.898165
v 0.033491 0.422995 0.892749
v 0.283256 0.402025 0.884641
v -0.034860 0.195669 0.973229
v -0.100305 0.221031 0.961415
v -0.126488 0.296444 0.935027
v 0.035969 0.376049 0.954594
v 0.232424 0.389173 0.872481
v 0.126214 0.376264 0.904013
v 0.198864 0.325699 0.909105
v 0.100029 0.365093 0.912150
v 0.102946 0.379020 0.945910
v 0.275156 0.382493 0.855424
v 0.100034 0.303610 0.936244
v -0.275328 0.306542 0.888856
v -0.275120 0.233717 0.910163
v 0.033754 0.343862 0.928398
v -0.128193 0.239714 0.991370
v 0.034724 0.279424 0.950408
v 0.275286 0.312476 0.885240
v 0.237048 0.403985 0.906825
v -0.283410 0.242867 0.945198
v -0.283219 0.317267 0.921107
v -0.233964 0.323081 0.942357
v -0.128293 0.307506 0.971420
v -0.102709 0.229787 0.996947
v -0.102411 0.294499 0.978624
v -0.035845 0.204461 1.009948
v -0.035442 0.272051 0.992339
v -0.247152 0.253246 0.958918
v 0.128191 0.390374 0.939145
v 0.209119 0.338555 0.941774
v 0.283408 0.325537 0.918174
v -0.099942 0.283544 0.942534
v -0.123095 0.226632 0.956082
v -0.228475 0.231366 0.931321
v -0.198124 0.162713 0.956731
v -0.033706 0.177243 0.977794
v -0.100101 0.200736 0.965609
v -0.103141 0.208344 1.001334
v 0.103052 0.316491 0.971566
v 0.035791 0.291549 0.986051
v 0.035394 0.357497 0.962780
v 0.283149 0.397146 0.888393
v 0.123092 0.309026 0.930628
v 0.127522 0.322628 0.965148
v -0.125275 0.212265 0.960110
v -0.099716 0.135765 0.978181
v -0.034724 0.109997 0.988341
v 0.229530 0.311060 0.905707
v 0.198648 0.245318 0.936521
v 0.033699 0.261847 0.956404
v 0.034860 0.195669 0.973229
v 0.100305 0.221031 0.961415
v 0.126488 0.296444 0.935027
v -0.275304 0.228019 0.913813
v -0.275152 0.153522 0.929478
v 0.275328 0.306542 0.888856
v -0.127485 0.149526 1.010637
v 0.275120 0.233717 0.910163
v 0.128193 0.239714 0.991370
v -0.283082 0.235804 0.947973
v -0.237389 0.240111 0.967670
v -0.128737 0.221458 0.996313
v -0.102818 0.142246 1.015452
v -0.035891 0.115777 1.026532
v -0.035481 0.184909 1.014061
v -0.188886 0.166596 0.995504
v 0.283410 0.242867 0.945198
v 0.283219 0.317267 0.921107
v 0.233964 0.323081 0.942357
v -0.123149 0.142399 0.974302
v 0.128293 0.307506 0.971420
v 0.102709 0.229787 0.996947
v 0.102411 0.294499 0.978624
v -0.283183 0.162804 0.965036
v 0.035845 0.204461 1.009948
v -0.230248 0.149506 0.950011
v -0.124287 0.127238 0.977335
v -0.205198 0.078687 0.966651
v -0.123220 0.057074 0.985098
v -0.033952 0.091735 0.991264
v -0.100095 0.115978 0.981453
v -0.102885 0.120208 1.017955
v 0.035442 0.272051 0.992339
v -0.275252 0.071628 0.941797
v -0.100099 0.050208 0.988780
v 0.247152 0.253246 0.958918
v 0.099942 0.283544 0.942534
v 0.123095 0.226632 0.956082
v 0.228475 0.231366 0.931321
v 0.198124 0.162713 0.956731
v 0.033706 0.177243 0.977794
v 0.100101 0.200736 0.965609
v -0.128242 0.063563 1.021564
v 0.103141 0.208344 1.001334
v 0.125275 0.212265 0.960110
v 0.099716 0.135765 0.978181
v 0.034724 0.109997 0.988341
v 0.275304 0.228019 0.913813
v -0.236815 0.154776 0.987203
v -0.102869 0.053524 1.026056
v -0.248380 0.082531 0.991872
v -0.128095 0.131486 1.014650
v 0.275152 0.153522 0.929478
v 0.127485 0.149526 1.010637
v 0.283082 0.235804 0.947973
v 0.237389 0.240111 0.967670
v -0.275073 0.146757 0.932241
v -0.034507 0.023131 0.995500
v 0.128737 0.221458 0.996313
v 0.102818 0.142246 1.015452
v -0.283360 0.074462 0.977596
v -0.035761 0.095337 1.028950
v -0.283188 0.151944 0.966182
v -0.035651 0.025971 1.034988
v 0.035891 0.115777 1.026532
v 0.035481 0.184909 1.014061
v -0.214105 0.064524 0.966473
v -0.200487 -0.006429 0.973261
v -0.123173 -0.029010 0.987921
v 0.188886 0.166596 0.995504
v 0.123149 0.142399 0.974302
v 0.283183 0.162804 0.965036
v -0.275343 -0.010637 0.946467
v -0.274997 0.065547 0.943392
v -0.100090 -0.036292 0.991789
v -0.123284 0.039855 0.985896
v 0.230248 0.149506 0.950011
v 0.124287 0.127238 0.977335
v 0.205198 0.078687 0.966651
v 0.123220 0.057074 0.985098
v 0.033952 0.091735 0.991264
v 0.100095 0.115978 0.981453
v 0.102885 0.120208 1.017955
v 0.275252 0.071628 0.941797
v -0.127832 -0.025677 1.025492
v -0.033813 0.004784 0.997757
v 0.100099 0.050208 0.988780
v -0.283127 0.068423 0.977828
v -0.236852 0.067819 0.997752
v -0.246200 -0.004001 0.999084
v -0.102877 -0.036712 1.028491
v -0.127491 0.041126 1.023203
v -0.035881 -0.064387 1.035183
v -0.102871 0.030755 1.027211
v -0.035443 0.005256 1.035000
v -0.169516 0.056375 1.015646
v 0.128242 0.063563 1.021564
v 0.236815 0.154776 0.987203
v 0.102869 0.053524 1.026056
v 0.248380 0.082531 0.991872
v 0.128095 0.131486 1.014650
v -0.100127 0.029256 0.989886
v -0.034260 -0.064036 0.997201
v 0.275073 0.146757 0.932241
v -0.283320 -0.011165 0.981786
v 0.034507 0.023131 0.995500
v 0.283360 0.074462 0.977596
v 0.035761 0.095337 1.028950
v -0.231091 -0.018782 0.965488
v -0.199812 -0.090706 0.971054
v -0.033729 -0.082596 0.996261
v 0.283188 0.151944 0.966182
v 0.035651 0.025971 1.034988
v 0.214105 0.064524 0.966473
v 0.200487 -0.006429 0.973261
v 0.123173 -0.029010 0.987921
v -0.123873 -0.042746 0.988483
v -0.275170 -0.017235 0.946877
v -0.100127 -0.056850 0.990742
v 0.275343 -0.010637 0.946467
v 0.274997 0.065547 0.943392
v 0.100090 -0.036292 0.991789
v 0.123284 0.039855 0.985896
v 0.127832 -0.025677 1.025492
v -0.275244 -0.093123 0.944327
v 0.033813 0.004784 0.997757
v -0.127948 -0.115129 1.021347
v 0.283127 0.068423 0.977828
v 0.236852 0.067819 0.997752
v -0.283251 -0.018182 0.982146
v -0.232321 -0.019308 1.004579
v -0.168435 -0.033285 1.018812
v -0.127780 -0.048257 1.024902
v -0.102902 -0.126253 1.023710
v -0.035832 -0.153957 1.027070
v -0.035450 -0.085213 1.033620
v -0.102856 -0.058787 1.027889
v -0.248528 -0.091248 0.995015
v 0.246200 -0.004001 0.999084
v 0.102877 -0.036712 1.028491
v 0.127491 0.041126 1.023203
v 0.035881 -0.064387 1.035183
v 0.102871 0.030755 1.027211
v -0.034530 -0.150659 0.989418
v -0.123884 -0.115160 0.983836
v -0.283324 -0.096741 0.979221
v 0.035443 0.005256 1.035000
v -0.229808 -0.102992 0.962521
v -0.167178 -0.115630 0.976417
v -0.208501 -0.174364 0.959469
v -0.123671 -0.200365 0.972528
v -0.100182 -0.143015 0.984070
v -0.099750 -0.208706 0.974363
v 0.169516 0.056375 1.015646
v 0.100127 0.029256 0.989886
v 0.034260 -0.064036 0.997201
v 0.283320 -0.011165 0.981786
v 0.231091 -0.018782 0.965488
v 0.199812 -0.090706 0.971054
v 0.033729 -0.082596 0.996261
v 0.123873 -0.042746 0.988483
v -0.275132 -0.175349 0.934666
v -0.128011 -0.203773 1.010122
v -0.033777 -0.169338 0.987232
v -0.034568 -0.175386 1.023992
v 0.275170 -0.017235 0.946877
v 0.100127 -0.056850 0.990742
v 0.275244 -0.093123 0.944327
v 0.127948 -0.115129 1.021347
v -0.275155 -0.099727 0.944340
v -0.283201 -0.102763 0.979068
v -0.230762 -0.106595 0.999985
v -0.247236 -0.177699 0.986746
v -0.128930 -0.136549 1.019956
v -0.036216 -0.242656 1.012378
v -0.102950 -0.148478 1.021237
v -0.123199 -0.132406 0.982070
v 0.283251 -0.018182 0.982146
v 0.232321 -0.019308 1.004579
v 0.168435 -0.033285 1.018812
v 0.127780 -0.048257 1.024902
v 0.102902 -0.126253 1.023710
v 0.035832 -0.153957 1.027070
v -0.034704 -0.236318 0.975412
v 0.035450 -0.085213 1.033620
v -0.283232 -0.181836 0.969129
v -0.102771 -0.215360 1.011088
v 0.102856 -0.058787 1.027889
v -0.228889 -0.185352 0.952240
v -0.189506 -0.261677 0.946067
v -0.123543 -0.284503 0.953043
v -0.102902 -0.236529 1.006136
v -0.100125 -0.228310 0.969931
v 0.248528 -0.091248 0.995015
v 0.034530 -0.150659 0.989418
v 0.123884 -0.115160 0.983836
v 0.283324 -0.096741 0.979221
v 0.229808 -0.102992 0.962521
v -0.168555 -0.200967 0.964129
v -0.274529 -0.254230 0.919834
v -0.100124 -0.292373 0.954782
v -0.033831 -0.254184 0.970534
v 0.167178 -0.115630 0.976417
v 0.208501 -0.174364 0.959469
v 0.123671 -0.200365 0.972528
v 0.100182 -0.143015 0.984070
v 0.099750 -0.208706 0.974363
v -0.127610 -0.293163 0.988894
v -0.034259 -0.320252 0.952685
v 0.275132 -0.175349 0.934666
v 0.128011 -0.203773 1.010122
v 0.033777 -0.169338 0.987232
v 0.034568 -0.175386 1.023992
v -0.275705 -0.181866 0.934245
v -0.283418 -0.188881 0.968466
v -0.235885 -0.194384 0.988267
v -0.127935 -0.221968 1.006543
v -0.282217 -0.262977 0.954496
v -0.102987 -0.301399 0.990954
v -0.035867 -0.330777 0.988652
v -0.035409 -0.263022 1.007234
v -0.123362 -0.218400 0.968806
v 0.275155 -0.099727 0.944340
v 0.283201 -0.102763 0.979068
v 0.230762 -0.106595 0.999985
v 0.247236 -0.177699 0.986746
v 0.128930 -0.136549 1.019956
v -0.181435 -0.273407 0.984235
v 0.036216 -0.242656 1.012378
v -0.216996 -0.270004 0.938304
v -0.183325 -0.343973 0.922330
v -0.100104 -0.311870 0.948471
v -0.102923 -0.322936 0.983592
v 0.102950 -0.148478 1.021237
v 0.123199 -0.132406 0.982070
v 0.034704 -0.236318 0.975412
v 0.283232 -0.181836 0.969129
v 0.102771 -0.215360 1.011088
v 0.228889 -0.185352 0.952240
v -0.123061 -0.301285 0.947345
v -0.100336 -0.374847 0.928298
v -0.034706 -0.401794 0.923095
v 0.189506 -0.261677 0.946067
v 0.123543 -0.284503 0.953043
v 0.102902 -0.236529 1.006136
v -0.274867 -0.333845 0.895964
v -0.127494 -0.378905 0.961276
v 0.100125 -0.228310 0.969931
v 0.168555 -0.200967 0.964129
v 0.274529 -0.254230 0.919834
v -0.283093 -0.270927 0.951759
v -0.239598 -0.347421 0.948105
v -0.175434 -0.360773 0.959038
v -0.127496 -0.312612 0.983571
v -0.176055 -0.292294 0.980619
v -0.102676 -0.387850 0.962655
v -0.035844 -0.415803 0.958123
v -0.035410 -0.350295 0.982462
v 0.100124 -0.292373 0.954782
v 0.033831 -0.254184 0.970534
v 0.127610 -0.293163 0.988894
v 0.034259 -0.320252 0.952685
v 0.275705 -0.181866 0.934245
v -0.275077 -0.263622 0.916852
v -0.123334 -0.366861 0.927213
v 0.283418 -0.188881 0.968466
v 0.235885 -0.194384 0.988267
v -0.033669 -0.338771 0.947298
v 0.127935 -0.221968 1.006543
v -0.283383 -0.347610 0.926781
v 0.282217 -0.262977 0.954496
v -0.184756 -0.423249 0.891273
v -0.034522 -0.418941 0.915725
v 0.102987 -0.301399 0.990954
v -0.100048 -0.393943 0.919820
v 0.035867 -0.330777 0.988652
v 0.035409 -0.263022 1.007234
v 0.123362 -0.218400 0.968806
v -0.123835 -0.378581 0.922775
v -0.231933 -0.349608 0.908367
v -0.275105 -0.341243 0.892050
v -0.034255 -0.481027 0.886769
v 0.181435 -0.273407 0.984235
v 0.216996 -0.270004 0.938304
v 0.183325 -0.343973 0.922330
v 0.100104 -0.311870 0.948471
v 0.102923 -0.322936 0.983592
v 0.123061 -0.301285 0.947345
v -0.275197 -0.410445 0.865326
v -0.127521 -0.461261 0.926799
v 0.100336 -0.374847 0.928298
v 0.034706 -0.401794 0.923095
v -0.190112 -0.438108 0.924433
v -0.183177 -0.376059 0.952965
v -0.127508 -0.396549 0.954913
v -0.282779 -0.424877 0.897915
v -0.242997 -0.359441 0.941724
v -0.102837 -0.470246 0.926817
v -0.035683 -0.497897 0.921046
v -0.102866 -0.408096 0.953676
v 0.274867 -0.333845 0.895964
v 0.127494 -0.378905 0.961276
v 0.283093 -0.270927 0.951759
v 0.239598 -0.347421 0.948105
v 0.175434 -0.360773 0.959038
v -0.123273 -0.446246 0.893544
v 0.127496 -0.312612 0.983571
v -0.100080 -0.453776 0.893739
v 0.176055 -0.292294 0.980619
v 0.102676 -0.387850 0.962655
v -0.035734 -0.434496 0.950295
v -0.283104 -0.354751 0.925712
v 0.035844 -0.415803 0.958123
v -0.215151 -0.429878 0.881027
v -0.196154 -0.495717 0.852497
v -0.102850 -0.489154 0.916822
v -0.100094 -0.472329 0.883912
v 0.035410 -0.350295 0.982462
v 0.275077 -0.263622 0.916852
v 0.123334 -0.366861 0.927213
v 0.033669 -0.338771 0.947298
v 0.283383 -0.347610 0.926781
v 0.184756 -0.423249 0.891273
v 0.034522 -0.418941 0.915725
v 0.100048 -0.393943 0.919820
v 0.123835 -0.378581 0.922775
v -0.123181 -0.461376 0.885647
v -0.100180 -0.529647 0.852786
v -0.034898 -0.556575 0.843220
v -0.033606 -0.498391 0.878309
v 0.231933 -0.349608 0.908367
v 0.275105 -0.341243 0.892050
v 0.034255 -0.481027 0.886769
v 0.275197 -0.410445 0.865326
v 0.127521 -0.461261 0.926799
v 0.190112 -0.438108 0.924433
v -0.275031 -0.418107 0.861623
v -0.127554 -0.540392 0.885196
v 0.183177 -0.376059 0.952965
v -0.236795 -0.443686 0.910588
v -0.182482 -0.519397 0.885800
v -0.128112 -0.476023 0.920648
v -0.282733 -0.501469 0.859876
v -0.102979 -0.548780 0.885051
v -0.035834 -0.576110 0.875270
v -0.035413 -0.515907 0.910797
v 0.127508 -0.396549 0.954913
v 0.282779 -0.424877 0.897915
v 0.242997 -0.359441 0.941724
v 0.102837 -0.470246 0.926817
v -0.275059 -0.485686 0.826274
v -0.123398 -0.522227 0.852978
v 0.035683 -0.497897 0.921046
v 0.102866 -0.408096 0.953676
v -0.283248 -0.433465 0.893329
v -0.230759 -0.501420 0.839177
v -0.184699 -0.572324 0.808210
v -0.123742 -0.594685 0.806742
v -0.100048 -0.547358 0.841048
v 0.123273 -0.446246 0.893544
v 0.100080 -0.453776 0.893739
v 0.035734 -0.434496 0.950295
v -0.174328 -0.516787 0.845894
v -0.122908 -0.537846 0.843511
v -0.100036 -0.602644 0.805114
v 0.283104 -0.354751 0.925712
v 0.215151 -0.429878 0.881027
v 0.196154 -0.495717 0.852497
v 0.102850 -0.489154 0.916822
v 0.100094 -0.472329 0.883912
v 0.123181 -0.461376 0.885647
v 0.100180 -0.529647 0.852786
v -0.127436 -0.615448 0.837015
v -0.033739 -0.572707 0.833529
v 0.034898 -0.556575 0.843220
v 0.033606 -0.498391 0.878309
v 0.275031 -0.418107 0.861623
v -0.235205 -0.521232 0.871045
v -0.131525 -0.553646 0.877767
v -0.249580 -0.580899 0.827207
v -0.283514 -0.511161 0.853837
v -0.102931 -0.623961 0.835433
v -0.035841 -0.650149 0.824342
v -0.035434 -0.593582 0.864381
v -0.102856 -0.567816 0.872632
v -0.186117 -0.593013 0.839201
v 0.127554 -0.540392 0.885196
v 0.236795 -0.443686 0.910588
v 0.182482 -0.519397 0.885800
v 0.128112 -0.476023 0.920648
v -0.274821 -0.553890 0.785571
v 0.282733 -0.501469 0.859876
v -0.275130 -0.492354 0.823668
v 0.102979 -0.548780 0.885051
v -0.034260 -0.628440 0.793756
v 0.035834 -0.576110 0.875270
v -0.283099 -0.576719 0.811517
v 0.035413 -0.515907 0.910797
v -0.231510 -0.572382 0.794083
v -0.124020 -0.608055 0.797745
v -0.208139 -0.633758 0.755737
v -0.123335 -0.662705 0.754032
v 0.275059 -0.485686 0.826274
v -0.100120 -0.670702 0.751789
v -0.100107 -0.618983 0.793220
v 0.123398 -0.522227 0.852978
v 0.283248 -0.433465 0.893329
v 0.230759 -0.501420 0.839177
v 0.184699 -0.572324 0.808210
v 0.123742 -0.594685 0.806742
v 0.100048 -0.547358 0.841048
v 0.174328 -0.516787 0.845894
v 0.122908 -0.537846 0.843511
v -0.275045 -0.622653 0.733903
v -0.127571 -0.686217 0.782262
v -0.033637 -0.643617 0.782393
v 0.100036 -0.602644 0.805114
v 0.127436 -0.615448 0.837015
v 0.033739 -0.572707 0.833529
v -0.236454 -0.594907 0.823835
v -0.169626 -0.615223 0.829374
v -0.218514 -0.655511 0.784100
v -0.283206 -0.583703 0.808560
v -0.127491 -0.631539 0.825382
v -0.102892 -0.694498 0.780081
v -0.035345 -0.667433 0.811635
v -0.102886 -0.642038 0.821856
v 0.235205 -0.521232 0.871045
v 0.131525 -0.553646 0.877767
v 0.249580 -0.580899 0.827207
v 0.283514 -0.511161 0.853837
v 0.102931 -0.623961 0.835433
v 0.035841 -0.650149 0.824342
v -0.275214 -0.561530 0.779303
v -0.034736 -0.695148 0.738213
v 0.035434 -0.593582 0.864381
v 0.102856 -0.567816 0.872632
v 0.186117 -0.593013 0.839201
v -0.035860 -0.719139 0.766523
v -0.282932 -0.643848 0.761401
v -0.229170 -0.640123 0.743498
v -0.196566 -0.700423 0.701614
v 0.274821 -0.553890 0.785571
v -0.100127 -0.686514 0.738169
v 0.275130 -0.492354 0.823668
v 0.034260 -0.628440 0.793756
v 0.283099 -0.576719 0.811517
v 0.231510 -0.572382 0.794083
v -0.123995 -0.673745 0.744871
v -0.100076 -0.733774 0.692283
v 0.124020 -0.608055 0.797745
v 0.208139 -0.633758 0.755737
v 0.123335 -0.662705 0.754032
v 0.100120 -0.670702 0.751789
v 0.100107 -0.618983 0.793220
v 0.275045 -0.622653 0.733903
v -0.275074 -0.683415 0.678459
v 0.127571 -0.686217 0.782262
v -0.127489 -0.751853 0.721696
v -0.033681 -0.709051 0.725380
v 0.033637 -0.643617 0.782393
v 0.236454 -0.594907 0.823835
v 0.169626 -0.615223 0.829374
v 0.218514 -0.655511 0.784100
v -0.275299 -0.628478 0.730139
v -0.283292 -0.651007 0.756186
v -0.236490 -0.664627 0.771065
v -0.129767 -0.698886 0.772352
v -0.249888 -0.714931 0.718625
v -0.035898 -0.783845 0.703633
v -0.102968 -0.711629 0.765129
v -0.035371 -0.734501 0.752110
v -0.102338 -0.760074 0.717697
v -0.188910 -0.729633 0.726958
v 0.283206 -0.583703 0.808560
v 0.127491 -0.631539 0.825382
v 0.102892 -0.694498 0.780081
v 0.035345 -0.667433 0.811635
v 0.102886 -0.642038 0.821856
v -0.034397 -0.756686 0.676392
v -0.123266 -0.726332 0.695365
v 0.275214 -0.561530 0.779303
v -0.283258 -0.709181 0.703279
v 0.034736 -0.695148 0.738213
v -0.230196 -0.702625 0.686902
v -0.123888 -0.737483 0.684301
v -0.205151 -0.756636 0.638737
v -0.123304 -0.783787 0.631471
v -0.033685 -0.769599 0.662998
v 0.035860 -0.719139 0.766523
v 0.282932 -0.643848 0.761401
v 0.229170 -0.640123 0.743498
v 0.196566 -0.700423 0.701614
v 0.100127 -0.686514 0.738169
v -0.275094 -0.687859 0.674411
v -0.034767 -0.812353 0.610640
v -0.100053 -0.791141 0.628402
v -0.100127 -0.747414 0.677294
v 0.123995 -0.673745 0.744871
v 0.100076 -0.733774 0.692283
v 0.275074 -0.683415 0.678459
v 0.127489 -0.751853 0.721696
v 0.033681 -0.709051 0.725380
v 0.275299 -0.628478 0.730139
v -0.275149 -0.740563 0.618989
v -0.127545 -0.811550 0.656180
v 0.283292 -0.651007 0.756186
v 0.236490 -0.664627 0.771065
v 0.129767 -0.698886 0.772352
v -0.229141 -0.731534 0.712975
v -0.129657 -0.763957 0.710328
v -0.283132 -0.768064 0.641868
v -0.102696 -0.819857 0.651838
v -0.035938 -0.842093 0.634094
v -0.035442 -0.797798 0.687467
v -0.102856 -0.775052 0.702095
v -0.234836 -0.778089 0.660016
v -0.283215 -0.714203 0.699133
v 0.249888 -0.714931 0.718625
v 0.035898 -0.783845 0.703633
v 0.102968 -0.711629 0.765129
v 0.035371 -0.734501 0.752110
v 0.102338 -0.760074 0.717697
v 0.188910 -0.729633 0.726958
v 0.034397 -0.756686 0.676392
v -0.226807 -0.760292 0.625232
v -0.197876 -0.811964 0.573244
v -0.123245 -0.836104 0.562839
v -0.100140 -0.804427 0.612541
v -0.034377 -0.863295 0.539775
v 0.123266 -0.726332 0.695365
v 0.283258 -0.709181 0.703279
v 0.230196 -0.702625 0.686902
v 0.123888 -0.737483 0.684301
v 0.205151 -0.756636 0.638737
v -0.123575 -0.794412 0.619192
v -0.100031 -0.842844 0.558951
v 0.123304 -0.783787 0.631471
v 0.033685 -0.769599 0.662998
v 0.275094 -0.687859 0.674411
v 0.034767 -0.812353 0.610640
v -0.275059 -0.745351 0.614609
v -0.275132 -0.791083 0.553453
v 0.100053 -0.791141 0.628402
v -0.127804 -0.864872 0.586596
v 0.100127 -0.747414 0.677294
v 0.275149 -0.740563 0.618989
v 0.127545 -0.811550 0.656180
v 0.229141 -0.731534 0.712975
v -0.282946 -0.773157 0.636205
v -0.238001 -0.788767 0.648033
v -0.131820 -0.822225 0.643445
v -0.102821 -0.873662 0.579784
v -0.035462 -0.855518 0.617387
v -0.102798 -0.833639 0.633824
v 0.129657 -0.763957 0.710328
v 0.283132 -0.768064 0.641868
v 0.102696 -0.819857 0.651838
v -0.033672 -0.824328 0.595042
v 0.035938 -0.842093 0.634094
v -0.283415 -0.820683 0.573636
v 0.035442 -0.797798 0.687467
v -0.247442 -0.829438 0.588545
v -0.035452 -0.894053 0.559845
v 0.102856 -0.775052 0.702095
v -0.229452 -0.810937 0.558535
v -0.227707 -0.851194 0.498274
v -0.172010 -0.866341 0.499096
v -0.123121 -0.881648 0.490423
v -0.100077 -0.854140 0.541695
v -0.099971 -0.888672 0.485818
v 0.234836 -0.778089 0.660016
v 0.283215 -0.714203 0.699133
v 0.226807 -0.760292 0.625232
v -0.123688 -0.845112 0.549834
v -0.034458 -0.906792 0.464253
v 0.197876 -0.811964 0.573244
v 0.123245 -0.836104 0.562839
v 0.100140 -0.804427 0.612541
v 0.034377 -0.863295 0.539775
v 0.123575 -0.794412 0.619192
v 0.100031 -0.842844 0.558951
v -0.127661 -0.913945 0.507638
v -0.033822 -0.873912 0.524040
v 0.275059 -0.745351 0.614609
v 0.275132 -0.791083 0.553453
v -0.274986 -0.795696 0.549163
v -0.238827 -0.841728 0.578682
v -0.128623 -0.876010 0.570886
v -0.207270 -0.888524 0.521535
v -0.283182 -0.867378 0.502943
v -0.102818 -0.920966 0.503237
v -0.035837 -0.939667 0.481970
v -0.035451 -0.905376 0.542632
v -0.102911 -0.885499 0.560997
v 0.127804 -0.864872 0.586596
v 0.282946 -0.773157 0.636205
v 0.238001 -0.788767 0.648033
v 0.131820 -0.822225 0.643445
v 0.102821 -0.873662 0.579784
v -0.275359 -0.836500 0.485733
v 0.035462 -0.855518 0.617387
v 0.102798 -0.833639 0.633824
v 0.033672 -0.824328 0.595042
v 0.283415 -0.820683 0.573636
v -0.283187 -0.824581 0.567909
v -0.228780 -0.857683 0.487721
v -0.181403 -0.903608 0.425383
v -0.123650 -0.920846 0.413860
v 0.247442 -0.829438 0.588545
v 0.035452 -0.894053 0.559845
v -0.123516 -0.889173 0.477722
v -0.100014 -0.927363 0.408846
v -0.100127 -0.897988 0.466978
v -0.033709 -0.915984 0.447388
v -0.034595 -0.943727 0.385635
v 0.229452 -0.810937 0.558535
v 0.227707 -0.851194 0.498274
v 0.172010 -0.866341 0.499096
v 0.123121 -0.881648 0.490423
v 0.100077 -0.854140 0.541695
v 0.099971 -0.888672 0.485818
v -0.274849 -0.876408 0.414299
v -0.127689 -0.954916 0.428561
v 0.123688 -0.845112 0.549834
v 0.034458 -0.906792 0.464253
v 0.127661 -0.913945 0.507638
v -0.275253 -0.840837 0.479786
v -0.283498 -0.871562 0.496135
v -0.240602 -0.888559 0.505329
v -0.129768 -0.922086 0.494978
v -0.207529 -0.930184 0.444136
v -0.102822 -0.961419 0.423099
v -0.035152 -0.950424 0.463755
v -0.102747 -0.931566 0.483579
v 0.033822 -0.873912 0.524040
v 0.274986 -0.795696 0.549163
v 0.238827 -0.841728 0.578682
v 0.128623 -0.876010 0.570886
v 0.207270 -0.888524 0.521535
v 0.283182 -0.867378 0.502943
v -0.036016 -0.977805 0.400078
v 0.102818 -0.920966 0.503237
v 0.035837 -0.939667 0.481970
v 0.035451 -0.905376 0.542632
v -0.282932 -0.907737 0.428227
v -0.218860 -0.899507 0.414505
v -0.205623 -0.930868 0.349665
v -0.123642 -0.953714 0.333503
v -0.033994 -0.950597 0.368389
v -0.100129 -0.935590 0.389367
v 0.102911 -0.885499 0.560997
v 0.275359 -0.836500 0.485733
v 0.283187 -0.824581 0.567909
v -0.123132 -0.928229 0.397284
v -0.100134 -0.959352 0.328296
v 0.228780 -0.857683 0.487721
v 0.181403 -0.903608 0.425383
v 0.123650 -0.920846 0.413860
v -0.275152 -0.880088 0.406042
v -0.275267 -0.908282 0.336316
v 0.123516 -0.889173 0.477722
v -0.127506 -0.988604 0.346456
v -0.034414 -0.973381 0.303505
v 0.100014 -0.927363 0.408846
v 0.100127 -0.897988 0.466978
v 0.033709 -0.915984 0.447388
v -0.283219 -0.911899 0.420417
v -0.239750 -0.929244 0.427960
v -0.129751 -0.961976 0.414877
v -0.212328 -0.964431 0.363070
v -0.283324 -0.941517 0.349692
v -0.102935 -0.994534 0.340388
v -0.035900 -1.009364 0.315806
v -0.102952 -0.970127 0.402585
v -0.035413 -0.986594 0.381495
v 0.034595 -0.943727 0.385635
v 0.274849 -0.876408 0.414299
v 0.127689 -0.954916 0.428561
v 0.275253 -0.840837 0.479786
v 0.283498 -0.871562 0.496135
v 0.240602 -0.888559 0.505329
v 0.129768 -0.922086 0.494978
v 0.207529 -0.930184 0.444136
v 0.102822 -0.961419 0.423099
v 0.035152 -0.950424 0.463755
v -0.230049 -0.928995 0.335983
v -0.209043 -0.956759 0.269317
v -0.123403 -0.979276 0.250865
v -0.033817 -0.979837 0.285783
v 0.102747 -0.931566 0.483579
v 0.036016 -0.977805 0.400078
v 0.282932 -0.907737 0.428227
v 0.218860 -0.899507 0.414505
v -0.102880 -1.019896 0.254120
v -0.100047 -0.984668 0.244900
v 0.205623 -0.930868 0.349665
v 0.123642 -0.953714 0.333503
v 0.033994 -0.950597 0.368389
v 0.100129 -0.935590 0.389367
v 0.123132 -0.928229 0.397284
v 0.100134 -0.959352 0.328296
v -0.275097 -0.911381 0.330015
v -0.167623 -0.983945 0.339759
v 0.275152 -0.880088 0.406042
v 0.275267 -0.908282 0.336316
v -0.275175 -0.934823 0.257990
v -0.283126 -0.945104 0.341378
v -0.240476 -0.963529 0.347285
v -0.127478 -0.994934 0.327587
v -0.102429 -1.002012 0.318411
v -0.035459 -1.017564 0.294904
v -0.035886 -1.032616 0.228929
v -0.099860 -0.966278 0.307781
v -0.123734 -0.959514 0.318364
v 0.127506 -0.988604 0.346456
v 0.034414 -0.973381 0.303505
v 0.283219 -0.911899 0.420417
v 0.239750 -0.929244 0.427960
v 0.129751 -0.961976 0.414877
v -0.034393 -0.996601 0.219460
v 0.212328 -0.964431 0.363070
v 0.283324 -0.941517 0.349692
v -0.283177 -0.968995 0.266620
v -0.128762 -1.015096 0.264619
v 0.102935 -0.994534 0.340388
v -0.245533 -0.982496 0.277713
v -0.229802 -0.954913 0.255976
v -0.181694 -0.983526 0.184134
v -0.099993 -0.989488 0.225096
v -0.100016 -1.002395 0.160470
v 0.035900 -1.009364 0.315806
v 0.102952 -0.970127 0.402585
v 0.035413 -0.986594 0.381495
v -0.123875 -0.983638 0.235911
v 0.230049 -0.928995 0.335983
v 0.209043 -0.956759 0.269317
v 0.123403 -0.979276 0.250865
v -0.274933 -0.937470 0.251364
v -0.274955 -0.954595 0.179653
v -0.127534 -1.033813 0.173595
v -0.033821 -1.001467 0.201884
v 0.033817 -0.979837 0.285783
v 0.102880 -1.019896 0.254120
v -0.283289 -0.971344 0.260540
v -0.237696 -0.990805 0.263550
v -0.128210 -1.020036 0.244912
v -0.212114 -1.013273 0.194436
v -0.283064 -0.988327 0.184928
v -0.102929 -1.038930 0.167121
v -0.035856 -1.049372 0.139796
v -0.035451 -1.037768 0.208430
v -0.102661 -1.025522 0.232322
v 0.100047 -0.984668 0.244900
v 0.275097 -0.911381 0.330015
v 0.167623 -0.983945 0.339759
v 0.275175 -0.934823 0.257990
v 0.283126 -0.945104 0.341378
v 0.240476 -0.963529 0.347285
v 0.127478 -0.994934 0.327587
v 0.102429 -1.002012 0.318411
v -0.034398 -1.012699 0.133869
v -0.123425 -0.997756 0.166830
v 0.035459 -1.017564 0.294904
v 0.035886 -1.032616 0.228929
v 0.099860 -0.966278 0.307781
v -0.228686 -0.973794 0.173856
v -0.210372 -0.989121 0.103971
v -0.123254 -1.008469 0.081517
v 0.123734 -0.959514 0.318364
v -0.100090 -1.005213 0.139887
v -0.100172 -1.012638 0.075317
v 0.034393 -0.996601 0.219460
v 0.283177 -0.968995 0.266620
v 0.128762 -1.015096 0.264619
v -0.123766 -1.000641 0.151308
v -0.034722 -1.019864 0.047890
v 0.245533 -0.982496 0.277713
v 0.229802 -0.954913 0.255976
v 0.181694 -0.983526 0.184134
v 0.099993 -0.989488 0.225096
v 0.100016 -1.002395 0.160470
v 0.123875 -0.983638 0.235911
v -0.275227 -0.965382 0.095778
v -0.127745 -1.045265 0.087480
v -0.033467 -1.014995 0.115334
v 0.274933 -0.937470 0.251364
v 0.274955 -0.954595 0.179653
v 0.127534 -1.033813 0.173595
v -0.201845 -1.020429 0.175296
v -0.127521 -1.037050 0.154072
v -0.233962 -1.020623 0.106822
v -0.283112 -1.000458 0.100012
v -0.283060 -0.990811 0.177321
v -0.102883 -1.049555 0.078056
v -0.036160 -1.057680 0.050498
v -0.102887 -1.042285 0.144010
v -0.035117 -1.052778 0.118838
v 0.033821 -1.001467 0.201884
v 0.283289 -0.971344 0.260540
v 0.237696 -0.990805 0.263550
v 0.128210 -1.020036 0.244912
v 0.212114 -1.013273 0.194436
v 0.283064 -0.988327 0.184928
v -0.275105 -0.955716 0.170557
v 0.102929 -1.038930 0.167121
v 0.035856 -1.049372 0.139796
v -0.230063 -0.985238 0.090300
v -0.124183 -1.012702 -0.003148
v -0.223681 -0.990344 0.019047
v -0.099947 -1.013409 0.054039
v 0.035451 -1.037768 0.208430
v 0.102661 -1.025522 0.232322
v 0.034398 -1.012699 0.133869
v -0.173739 -0.999262 0.081569
v -0.100076 -1.015550 -0.011851
v 0.123425 -0.997756 0.166830
v 0.228686 -0.973794 0.173856
v 0.210372 -0.989121 0.103971
v 0.123254 -1.008469 0.081517
v -0.127478 -1.048798 -0.004570
v -0.033863 -1.021779 0.029024
v 0.100090 -1.005213 0.139887
v 0.100172 -1.012638 0.075317
v 0.123766 -1.000641 0.151308
v -0.283083 -1.002087 0.091134
v -0.241017 -1.020668 0.092525
v -0.240726 -1.023914 0.020066
v -0.129644 -1.047197 0.068611
v -0.035381 -1.058848 0.029138
v -0.035885 -1.057736 -0.040704
v -0.173221 -1.040646 0.011590
v -0.123077 -1.009611 0.063554
v 0.034722 -1.019864 0.047890
v 0.275227 -0.965382 0.095778
v 0.127745 -1.045265 0.087480
v 0.033467 -1.014995 0.115334
v -0.102561 -1.050965 0.054814
v 0.201845 -1.020429 0.175296
v -0.275126 -0.970282 0.013539
v -0.274937 -0.967053 0.088922
v 0.127521 -1.037050 0.154072
v -0.034350 -1.020470 -0.039785
v 0.233962 -1.020623 0.106822
v 0.283112 -1.000458 0.100012
v -0.283322 -1.005374 0.012899
v -0.102639 -1.052371 -0.012176
v 0.283060 -0.990811 0.177321
v -0.231384 -0.988424 0.006596
v -0.200613 -0.995009 -0.066435
v -0.100046 -1.014828 -0.032337
v 0.102883 -1.049555 0.078056
v 0.036160 -1.057680 0.050498
v 0.102887 -1.042285 0.144010
v -0.099945 -1.009444 -0.098014
v -0.034704 -1.013882 -0.126244
v 0.035117 -1.052778 0.118838
v -0.282828 -1.004161 -0.069434
v -0.193758 -1.033168 -0.072296
v -0.127506 -1.044761 -0.093207
v -0.033797 -1.019988 -0.058404
v 0.275105 -0.955716 0.170557
v 0.230063 -0.985238 0.090300
v 0.124183 -1.012702 -0.003148
v 0.223681 -0.990344 0.019047
v 0.099947 -1.013409 0.054039
v -0.275110 -0.971321 0.006183
v -0.283233 -1.006200 0.006496
v -0.239923 -1.025887 0.004329
v -0.102760 -1.047605 -0.101375
v -0.036039 -1.050228 -0.130589
v -0.102936 -1.051724 -0.035000
v -0.035105 -1.057783 -0.061831
v -0.129806 -1.049473 -0.020868
v -0.123471 -1.012092 -0.020750
v 0.173739 -0.999262 0.081569
v 0.100076 -1.015550 -0.011851
v 0.127478 -1.048798 -0.004570
v 0.033863 -1.021779 0.029024
v 0.283083 -1.002087 0.091134
v 0.241017 -1.020668 0.092525
v 0.240726 -1.023914 0.020066
v 0.129644 -1.047197 0.068611
v 0.035381 -1.058848 0.029138
v -0.123364 -1.008335 -0.090991
v -0.275277 -0.968625 -0.069030
v 0.035885 -1.057736 -0.040704
v -0.228467 -0.986604 -0.078002
v -0.222934 -0.979225 -0.149680
v -0.123696 -0.997020 -0.175010
v 0.173221 -1.040646 0.011590
v -0.095346 -1.012094 -0.133958
v -0.072990 -0.996370 -0.151091
v -0.102952 -1.044140 -0.122847
v 0.123077 -1.009611 0.063554
v 0.102561 -1.050965 0.054814
v 0.275126 -0.970282 0.013539
v 0.274937 -0.967053 0.088922
v -0.074543 -1.004392 -0.192061
v -0.058715 -0.998883 -0.201635
v -0.107708 -1.027092 -0.162838
v -0.103642 -1.034661 -0.189541
v 0.034350 -1.020470 -0.039785
v 0.283322 -1.005374 0.012899
v 0.102639 -1.052371 -0.012176
v -0.127535 -1.032191 -0.182311
v -0.033920 -1.046869 -0.150528
v 0.231384 -0.988424 0.006596
v 0.200613 -0.995009 -0.066435
v 0.100046 -1.014828 -0.032337
v 0.099945 -1.009444 -0.098014
v -0.275337 -0.959228 -0.150299
v -0.205842 -1.021601 -0.156040
v -0.237075 -1.022769 -0.083190
v -0.128225 -1.043896 -0.110620
v -0.283180 -0.992829 -0.157088
v -0.282784 -1.004085 -0.079393
v 0.034704 -1.013882 -0.126244
v -0.123702 -1.006421 -0.106572
v 0.282828 -1.004161 -0.069434
v 0.193758 -1.033168 -0.072296
v 0.127506 -1.044761 -0.093207
v 0.033797 -1.019988 -0.058404
v 0.275110 -0.971321 0.006183
v 0.283233 -1.006200 0.006496
v 0.239923 -1.025887 0.004329
v 0.102760 -1.047605 -0.101375
v 0.036039 -1.050228 -0.130589
v 0.102936 -1.051724 -0.035000
v 0.035105 -1.057783 -0.061831
v -0.035529 -1.035666 -0.219182
v -0.275094 -0.967633 -0.076159
v -0.232271 -0.974475 -0.160908
v -0.206373 -0.967460 -0.233192
v -0.123723 -0.977157 -0.261319
v -0.100061 -0.994154 -0.203954
v 0.129806 -1.049473 -0.020868
v 0.123471 -1.012092 -0.020750
v -0.275135 -0.941678 -0.231893
v -0.099852 -0.978619 -0.268551
v -0.033566 -0.994932 -0.230504
v 0.123364 -1.008335 -0.090991
v 0.275277 -0.968625 -0.069030
v 0.228467 -0.986604 -0.078002
v 0.222934 -0.979225 -0.149680
v -0.127262 -1.012877 -0.268566
v 0.123696 -0.997020 -0.175010
v 0.095346 -1.012094 -0.133958
v 0.072990 -0.996370 -0.151091
v -0.239046 -1.011624 -0.168998
v -0.128116 -1.030022 -0.198983
v -0.102848 -1.014226 -0.278289
v -0.102857 -1.029821 -0.212551
v -0.035419 -1.030879 -0.239586
v -0.034913 -0.977017 -0.295988
v -0.123702 -0.993401 -0.191788
v 0.102952 -1.044140 -0.122847
v 0.074543 -1.004392 -0.192061
v 0.058715 -0.998883 -0.201635
v 0.107708 -1.027092 -0.162838
v 0.103642 -1.034661 -0.189541
v 0.127535 -1.032191 -0.182311
v -0.182406 -1.007904 -0.249793
v 0.033920 -1.046869 -0.150528
v 0.275337 -0.959228 -0.150299
v 0.205842 -1.021601 -0.156040
v -0.282954 -0.992735 -0.165120
v 0.237075 -1.022769 -0.083190
v -0.282707 -0.978096 -0.238394
v -0.035465 -1.012727 -0.306809
v 0.128225 -1.043896 -0.110620
v -0.275269 -0.958133 -0.158202
v -0.231082 -0.957279 -0.243578
v -0.223902 -0.938873 -0.312668
v -0.123714 -0.951872 -0.341289
v 0.283180 -0.992829 -0.157088
v 0.282784 -1.004085 -0.079393
v -0.100071 -0.972978 -0.287754
v -0.100048 -0.951835 -0.350328
v 0.123702 -1.006421 -0.106572
v 0.035529 -1.035666 -0.219182
v 0.275094 -0.967633 -0.076159
v 0.232271 -0.974475 -0.160908
v -0.123776 -0.973013 -0.275465
v -0.275114 -0.918531 -0.311063
v 0.206373 -0.967460 -0.233192
v 0.123723 -0.977157 -0.261319
v -0.127536 -0.985308 -0.354671
v -0.033680 -0.971250 -0.314596
v 0.100061 -0.994154 -0.203954
v 0.275135 -0.941678 -0.231893
v 0.099852 -0.978619 -0.268551
v 0.033566 -0.994932 -0.230504
v 0.127262 -1.012877 -0.268566
v -0.275215 -0.940832 -0.238742
v -0.283000 -0.974788 -0.248585
v -0.239405 -0.992953 -0.254558
v -0.128223 -1.009073 -0.285679
v -0.102848 -0.986035 -0.363238
v -0.035902 -0.982484 -0.391865
v -0.102886 -1.007923 -0.299829
v -0.035360 -1.005794 -0.326088
v 0.239046 -1.011624 -0.168998
v 0.128116 -1.030022 -0.198983
v 0.102848 -1.014226 -0.278289
v 0.102857 -1.029821 -0.212551
v 0.035419 -1.030879 -0.239586
v 0.034913 -0.977017 -0.295988
v 0.123702 -0.993401 -0.191788
v -0.034393 -0.947068 -0.378240
v -0.282628 -0.953657 -0.320797
v -0.183274 -0.982287 -0.333685
v -0.230991 -0.932413 -0.323763
v -0.203994 -0.913543 -0.393774
v -0.123254 -0.945258 -0.357316
v -0.100054 -0.944027 -0.369344
v 0.182406 -1.007904 -0.249793
v -0.099941 -0.917555 -0.429900
v -0.275167 -0.887738 -0.387782
v -0.123443 -0.918079 -0.421486
v -0.034328 -0.910460 -0.456577
v 0.282954 -0.992735 -0.165120
v 0.282707 -0.978096 -0.238394
v 0.035465 -1.012727 -0.306809
v 0.275269 -0.958133 -0.158202
v -0.033822 -0.940416 -0.395169
v 0.231082 -0.957279 -0.243578
v 0.223902 -0.938873 -0.312668
v 0.123714 -0.951872 -0.341289
v 0.100071 -0.972978 -0.287754
v 0.100048 -0.951835 -0.350328
v 0.123776 -0.973013 -0.275465
v -0.275195 -0.916604 -0.317958
v -0.283115 -0.949401 -0.330881
v -0.238348 -0.967603 -0.338326
v -0.167572 -0.977844 -0.356576
v -0.127789 -0.978498 -0.372755
v -0.102421 -0.950707 -0.445912
v -0.035938 -0.945171 -0.474088
v -0.035406 -0.973616 -0.410608
v -0.102777 -0.978216 -0.384313
v 0.275114 -0.918531 -0.311063
v 0.127536 -0.985308 -0.354671
v 0.033680 -0.971250 -0.314596
v 0.275215 -0.940832 -0.238742
v 0.283000 -0.974788 -0.248585
v 0.239405 -0.992953 -0.254558
v 0.128223 -1.009073 -0.285679
v -0.283023 -0.919637 -0.403276
v 0.102848 -0.986035 -0.363238
v 0.035902 -0.982484 -0.391865
v -0.128197 -0.952655 -0.434696
v 0.102886 -1.007923 -0.299829
v -0.245285 -0.936867 -0.403466
v -0.231418 -0.900838 -0.401661
v -0.223444 -0.870625 -0.467197
v -0.123689 -0.878529 -0.497276
v 0.035360 -1.005794 -0.326088
v 0.034393 -0.947068 -0.378240
v -0.100294 -0.876812 -0.505891
v 0.282628 -0.953657 -0.320797
v -0.123685 -0.910883 -0.435947
v -0.100266 -0.907818 -0.447988
v -0.033694 -0.902247 -0.473842
v -0.127489 -0.942101 -0.453847
v 0.183274 -0.982287 -0.333685
v -0.275494 -0.851000 -0.461063
v -0.127499 -0.909437 -0.516324
v -0.168820 -0.943336 -0.438511
v 0.230991 -0.932413 -0.323763
v 0.203994 -0.913543 -0.393774
v 0.123254 -0.945258 -0.357316
v 0.100054 -0.944027 -0.369344
v -0.275285 -0.885243 -0.394396
v -0.243461 -0.932690 -0.417899
v -0.206741 -0.907760 -0.487888
v -0.102841 -0.908549 -0.524606
v -0.035880 -0.899795 -0.552165
v 0.099941 -0.917555 -0.429900
v -0.102648 -0.941194 -0.466596
v -0.035396 -0.934362 -0.491674
v -0.034661 -0.867914 -0.532739
v 0.275167 -0.887738 -0.387782
v 0.123443 -0.918079 -0.421486
v 0.034328 -0.910460 -0.456577
v 0.033822 -0.940416 -0.395169
v 0.275195 -0.916604 -0.317958
v 0.283115 -0.949401 -0.330881
v 0.238348 -0.967603 -0.338326
v 0.167572 -0.977844 -0.356576
v 0.127789 -0.978498 -0.372755
v 0.102421 -0.950707 -0.445912
v 0.035938 -0.945171 -0.474088
v -0.283011 -0.917288 -0.410512
v -0.283102 -0.881332 -0.478870
v -0.232326 -0.862171 -0.476588
v -0.186609 -0.832682 -0.546910
v -0.123340 -0.830907 -0.570769
v -0.100023 -0.865708 -0.523541
v 0.035406 -0.973616 -0.410608
v 0.102777 -0.978216 -0.384313
v 0.283023 -0.919637 -0.403276
v -0.238013 -0.822876 -0.536900
v -0.123850 -0.869576 -0.511497
v 0.128197 -0.952655 -0.434696
v 0.245285 -0.936867 -0.403466
v 0.231418 -0.900838 -0.401661
v -0.127415 -0.861527 -0.591104
v -0.033852 -0.857660 -0.548242
v 0.223444 -0.870625 -0.467197
v 0.123689 -0.878529 -0.497276
v 0.100294 -0.876812 -0.505891
v -0.236548 -0.894816 -0.497125
v -0.168773 -0.901606 -0.516578
v -0.127702 -0.899053 -0.533185
v -0.102928 -0.859388 -0.599596
v -0.035689 -0.848485 -0.625931
v -0.102594 -0.896722 -0.544431
v 0.123685 -0.910883 -0.435947
v 0.100266 -0.907818 -0.447988
v -0.275478 -0.806645 -0.532813
v 0.033694 -0.902247 -0.473842
v 0.127489 -0.942101 -0.453847
v -0.188236 -0.862541 -0.569250
v 0.275494 -0.851000 -0.461063
v 0.127499 -0.909437 -0.516324
v -0.034178 -0.818013 -0.604603
v 0.168820 -0.943336 -0.438511
v 0.275285 -0.885243 -0.394396
v 0.243461 -0.932690 -0.417899
v -0.283292 -0.877400 -0.486503
v -0.282225 -0.839853 -0.549409
v -0.035381 -0.888726 -0.569561
v 0.206741 -0.907760 -0.487888
v 0.102841 -0.908549 -0.524606
v -0.275430 -0.847703 -0.467793
v -0.229347 -0.818151 -0.548540
v -0.224399 -0.776853 -0.606495
v -0.123689 -0.779242 -0.638121
v 0.035880 -0.899795 -0.552165
v -0.100281 -0.816736 -0.595015
v -0.099952 -0.776038 -0.646553
v 0.102648 -0.941194 -0.466596
v 0.035396 -0.934362 -0.491674
v -0.275035 -0.803635 -0.536947
v 0.034661 -0.867914 -0.532739
v 0.283011 -0.917288 -0.410512
v 0.283102 -0.881332 -0.478870
v -0.033780 -0.806571 -0.618936
v 0.232326 -0.862171 -0.476588
v 0.186609 -0.832682 -0.546910
v 0.123340 -0.830907 -0.570769
v 0.100023 -0.865708 -0.523541
v -0.275308 -0.758491 -0.598649
v -0.283149 -0.832242 -0.558945
v -0.239446 -0.847709 -0.570804
v -0.102774 -0.804397 -0.670396
v -0.035937 -0.791333 -0.695832
v -0.035471 -0.835481 -0.642937
v -0.129832 -0.852010 -0.605197
v -0.123702 -0.821600 -0.583524
v 0.238013 -0.822876 -0.536900
v 0.123850 -0.869576 -0.511497
v 0.127415 -0.861527 -0.591104
v 0.033852 -0.857660 -0.548242
v 0.236548 -0.894816 -0.497125
v 0.168773 -0.901606 -0.516578
v 0.127702 -0.899053 -0.533185
v 0.102928 -0.859388 -0.599596
v -0.034710 -0.762177 -0.670908
v 0.035689 -0.848485 -0.625931
v -0.283243 -0.784042 -0.621172
v 0.102594 -0.896722 -0.544431
v -0.127890 -0.808485 -0.660393
v 0.275478 -0.806645 -0.532813
v -0.103080 -0.845986 -0.617390
v -0.246003 -0.801777 -0.625930
v -0.212137 -0.770087 -0.620626
v -0.173810 -0.723800 -0.684274
v -0.100267 -0.762599 -0.661960
v 0.188236 -0.862541 -0.569250
v 0.034178 -0.818013 -0.604603
v 0.283292 -0.877400 -0.486503
v -0.230649 -0.720512 -0.668091
v -0.123251 -0.766172 -0.651367
v -0.099857 -0.716643 -0.709937
v 0.282225 -0.839853 -0.549409
v -0.275441 -0.703069 -0.659970
v -0.033828 -0.750135 -0.684742
v 0.035381 -0.888726 -0.569561
v 0.275430 -0.847703 -0.467793
v 0.229347 -0.818151 -0.548540
v 0.224399 -0.776853 -0.606495
v -0.275353 -0.754142 -0.603329
v -0.238159 -0.794857 -0.641125
v -0.102636 -0.742335 -0.736357
v -0.127634 -0.793400 -0.677109
v -0.035885 -0.727069 -0.759435
v -0.102899 -0.788963 -0.687306
v -0.035411 -0.776944 -0.711014
v -0.169359 -0.798559 -0.660742
v 0.123689 -0.779242 -0.638121
v 0.100281 -0.816736 -0.595015
v 0.099952 -0.776038 -0.646553
v 0.275035 -0.803635 -0.536947
v 0.033780 -0.806571 -0.618936
v 0.275308 -0.758491 -0.598649
v -0.034377 -0.701186 -0.733327
v 0.283149 -0.832242 -0.558945
v -0.123398 -0.719634 -0.702446
v 0.239446 -0.847709 -0.570804
v -0.283056 -0.727299 -0.685344
v 0.102774 -0.804397 -0.670396
v -0.283085 -0.781192 -0.626744
v -0.246648 -0.743078 -0.691775
v -0.127767 -0.748270 -0.725957
v 0.035937 -0.791333 -0.695832
v 0.035471 -0.835481 -0.642937
v 0.129832 -0.852010 -0.605197
v -0.196031 -0.664419 -0.735388
v -0.033937 -0.687229 -0.744750
v -0.100020 -0.702042 -0.723497
v 0.123702 -0.821600 -0.583524
v -0.232655 -0.710186 -0.676311
v -0.034303 -0.634958 -0.789439
v 0.034710 -0.762177 -0.670908
v 0.283243 -0.784042 -0.621172
v -0.127585 -0.679895 -0.787817
v 0.127890 -0.808485 -0.660393
v 0.103080 -0.845986 -0.617390
v 0.246003 -0.801777 -0.625930
v 0.212137 -0.770087 -0.620626
v 0.173810 -0.723800 -0.684274
v 0.100267 -0.762599 -0.661960
v -0.275149 -0.698508 -0.666042
v -0.233405 -0.736596 -0.706677
v -0.128091 -0.734343 -0.739982
v -0.282437 -0.724209 -0.690939
v -0.102648 -0.675822 -0.796031
v -0.035816 -0.658124 -0.818330
v 0.230649 -0.720512 -0.668091
v -0.102569 -0.726677 -0.750942
v -0.180743 -0.687008 -0.769186
v -0.123703 -0.708321 -0.713195
v 0.123251 -0.766172 -0.651367
v 0.099857 -0.716643 -0.709937
v 0.275441 -0.703069 -0.659970
v 0.033828 -0.750135 -0.684742
v 0.275353 -0.754142 -0.603329
v 0.238159 -0.794857 -0.641125
v 0.102636 -0.742335 -0.736357
v -0.123311 -0.655846 -0.760447
v -0.274900 -0.642686 -0.716382
v -0.283145 -0.665357 -0.744048
v 0.127634 -0.793400 -0.677109
v -0.249223 -0.680593 -0.750843
v -0.035486 -0.711570 -0.773915
v 0.035885 -0.727069 -0.759435
v 0.102899 -0.788963 -0.687306
v -0.229298 -0.649182 -0.735453
v -0.236171 -0.592835 -0.777581
v -0.183147 -0.596559 -0.791837
v -0.100036 -0.636417 -0.779803
v -0.100093 -0.583615 -0.818739
v 0.035411 -0.776944 -0.711014
v 0.169359 -0.798559 -0.660742
v -0.125600 -0.643741 -0.769662
v -0.035037 -0.564985 -0.841146
v 0.034377 -0.701186 -0.733327
v 0.123398 -0.719634 -0.702446
v 0.283056 -0.727299 -0.685344
v 0.283085 -0.781192 -0.626744
v 0.246648 -0.743078 -0.691775
v 0.127767 -0.748270 -0.725957
v -0.275399 -0.577526 -0.768266
v -0.127540 -0.608861 -0.842005
v -0.033713 -0.620126 -0.800731
v 0.196031 -0.664419 -0.735388
v 0.033937 -0.687229 -0.744750
v 0.100020 -0.702042 -0.723497
v 0.232655 -0.710186 -0.676311
v 0.034303 -0.634958 -0.789439
v -0.275074 -0.638499 -0.720985
v -0.282998 -0.660614 -0.749029
v -0.240295 -0.671804 -0.763455
v -0.168698 -0.672362 -0.785738
v -0.127497 -0.664044 -0.800572
v -0.209565 -0.618361 -0.815517
v -0.283015 -0.599455 -0.796129
v -0.102921 -0.604693 -0.849252
v -0.035728 -0.584614 -0.870668
v -0.035445 -0.641364 -0.831108
v -0.102915 -0.658358 -0.808885
v 0.127585 -0.679895 -0.787817
v 0.275149 -0.698508 -0.666042
v 0.233405 -0.736596 -0.706677
v 0.128091 -0.734343 -0.739982
v 0.282437 -0.724209 -0.690939
v -0.123156 -0.587151 -0.812637
v 0.102648 -0.675822 -0.796031
v 0.035816 -0.658124 -0.818330
v -0.203846 -0.584257 -0.794486
v -0.123865 -0.515945 -0.858614
v -0.099965 -0.565964 -0.830366
v -0.099939 -0.509348 -0.865179
v -0.034268 -0.488727 -0.883479
v -0.033737 -0.547540 -0.849004
v 0.102569 -0.726677 -0.750942
v 0.180743 -0.687008 -0.769186
v -0.274964 -0.573486 -0.771563
v -0.274534 -0.510273 -0.813493
v 0.123703 -0.708321 -0.713195
v 0.123311 -0.655846 -0.760447
v 0.274900 -0.642686 -0.716382
v 0.283145 -0.665357 -0.744048
v 0.249223 -0.680593 -0.750843
v 0.035486 -0.711570 -0.773915
v -0.222965 -0.523919 -0.828716
v -0.236274 -0.602555 -0.818300
v -0.283443 -0.593282 -0.802735
v -0.102735 -0.527759 -0.897095
v -0.035400 -0.566951 -0.881801
v -0.035843 -0.506254 -0.915778
v -0.102765 -0.585266 -0.861785
v -0.174577 -0.601853 -0.837681
v -0.123474 -0.571416 -0.822291
v 0.229298 -0.649182 -0.735453
v 0.236171 -0.592835 -0.777581
v 0.183147 -0.596559 -0.791837
v 0.100036 -0.636417 -0.779803
v 0.100093 -0.583615 -0.818739
v 0.125600 -0.643741 -0.769662
v 0.035037 -0.564985 -0.841146
v 0.275399 -0.577526 -0.768266
v 0.127540 -0.608861 -0.842005
v 0.033713 -0.620126 -0.800731
v 0.275074 -0.638499 -0.720985
v -0.209713 -0.545823 -0.864211
v -0.127484 -0.533097 -0.889870
v -0.127183 -0.592860 -0.852506
v -0.283142 -0.527552 -0.843058
v 0.282998 -0.660614 -0.749029
v -0.229238 -0.511886 -0.832869
v -0.229838 -0.449006 -0.866809
v -0.174328 -0.448956 -0.881874
v -0.100032 -0.491528 -0.874443
v 0.240295 -0.671804 -0.763455
v 0.168698 -0.672362 -0.785738
v -0.102840 -0.507886 -0.907313
v -0.100054 -0.433134 -0.902639
v 0.127497 -0.664044 -0.800572
v -0.123618 -0.500667 -0.865992
v -0.275202 -0.436974 -0.852707
v -0.274870 -0.503655 -0.815977
v -0.123134 -0.438200 -0.897749
v 0.209565 -0.618361 -0.815517
v -0.127480 -0.453835 -0.930870
v -0.033820 -0.472310 -0.891925
v 0.283015 -0.599455 -0.796129
v 0.102921 -0.604693 -0.849252
v 0.035728 -0.584614 -0.870668
v 0.035445 -0.641364 -0.831108
v 0.102915 -0.658358 -0.808885
v 0.123156 -0.587151 -0.812637
v -0.235478 -0.529931 -0.866299
v -0.171460 -0.526856 -0.885210
v -0.127522 -0.515502 -0.899504
v -0.283238 -0.520471 -0.849013
v -0.102943 -0.448154 -0.937373
v 0.203846 -0.584257 -0.794486
v -0.035868 -0.425594 -0.955069
v -0.034406 -0.409845 -0.920581
v 0.123865 -0.515945 -0.858614
v 0.099965 -0.565964 -0.830366
v 0.099939 -0.509348 -0.865179
v 0.034268 -0.488727 -0.883479
v 0.033737 -0.547540 -0.849004
v 0.274964 -0.573486 -0.771563
v -0.035725 -0.488232 -0.925725
v 0.274534 -0.510273 -0.813493
v 0.222965 -0.523919 -0.828716
v -0.283134 -0.454859 -0.884019
v -0.190035 -0.466565 -0.911815
v 0.236274 -0.602555 -0.818300
v -0.220313 -0.438702 -0.875714
v -0.185465 -0.372087 -0.911902
v -0.123183 -0.357907 -0.930764
v -0.034620 -0.392687 -0.926677
v -0.099884 -0.413494 -0.911610
v 0.283443 -0.593282 -0.802735
v 0.102735 -0.527759 -0.897095
v -0.123420 -0.421155 -0.903985
v -0.100218 -0.352816 -0.935904
v 0.035400 -0.566951 -0.881801
v 0.035843 -0.506254 -0.915778
v -0.275155 -0.363060 -0.885683
v -0.128220 -0.373765 -0.964519
v -0.034252 -0.328475 -0.950705
v 0.102765 -0.585266 -0.861785
v 0.174577 -0.601853 -0.837681
v 0.123474 -0.571416 -0.822291
v 0.209713 -0.545823 -0.864211
v 0.127484 -0.533097 -0.889870
v 0.127183 -0.592860 -0.852506
v -0.274846 -0.430385 -0.856335
v -0.235617 -0.452624 -0.906847
v -0.128885 -0.437534 -0.939109
v -0.102772 -0.364558 -0.971311
v -0.035364 -0.405876 -0.962361
v 0.283142 -0.527552 -0.843058
v 0.229238 -0.511886 -0.832869
v 0.229838 -0.449006 -0.866809
v 0.174328 -0.448956 -0.881874
v -0.035896 -0.340433 -0.986064
v 0.100032 -0.491528 -0.874443
v 0.102840 -0.507886 -0.907313
v 0.100054 -0.433134 -0.902639
v -0.283188 -0.372145 -0.918306
v 0.123618 -0.500667 -0.865992
v -0.248282 -0.384365 -0.930529
v -0.102392 -0.427247 -0.946371
v 0.275202 -0.436974 -0.852707
v -0.283086 -0.445074 -0.888704
v -0.229486 -0.360288 -0.905287
v -0.224501 -0.292750 -0.928391
v -0.123832 -0.277025 -0.956506
v 0.274870 -0.503655 -0.815977
v -0.100101 -0.269288 -0.961185
v 0.123134 -0.438200 -0.897749
v 0.127480 -0.453835 -0.930870
v -0.123979 -0.343586 -0.936181
v -0.100035 -0.332497 -0.941911
v 0.033820 -0.472310 -0.891925
v -0.127505 -0.285282 -0.991530
v -0.033820 -0.310052 -0.956101
v 0.235478 -0.529931 -0.866299
v 0.171460 -0.526856 -0.885210
v 0.127522 -0.515502 -0.899504
v -0.275325 -0.282381 -0.911623
v -0.236244 -0.371559 -0.940764
v -0.129882 -0.355802 -0.970937
v -0.283022 -0.366067 -0.922244
v -0.102878 -0.278681 -0.996754
v -0.035904 -0.253742 -1.010271
v 0.283238 -0.520471 -0.849013
v -0.102834 -0.342863 -0.978316
v -0.035385 -0.320752 -0.991506
v 0.102943 -0.448154 -0.937373
v 0.035868 -0.425594 -0.955069
v 0.034406 -0.409845 -0.920581
v 0.035725 -0.488232 -0.925725
v 0.283134 -0.454859 -0.884019
v 0.190035 -0.466565 -0.911815
v -0.282927 -0.294912 -0.945514
v -0.186734 -0.301530 -0.975860
v -0.274636 -0.354763 -0.886913
v -0.034404 -0.243905 -0.973701
v 0.220313 -0.438702 -0.875714
v 0.185465 -0.372087 -0.911902
v 0.123183 -0.357907 -0.930764
v 0.034620 -0.392687 -0.926677
v 0.099884 -0.413494 -0.911610
v 0.123420 -0.421155 -0.903985
v -0.229763 -0.280049 -0.930743
v -0.123864 -0.192686 -0.974763
v -0.102486 -0.256330 -1.002460
v 0.100218 -0.352816 -0.935904
v -0.099913 -0.184444 -0.978161
v -0.100114 -0.249217 -0.965520
v 0.275155 -0.363060 -0.885683
v 0.128220 -0.373765 -0.964519
v -0.220559 -0.210837 -0.949713
v -0.274204 -0.276481 -0.912610
v -0.033817 -0.226287 -0.977705
v 0.034252 -0.328475 -0.950705
v 0.274846 -0.430385 -0.856335
v 0.235617 -0.452624 -0.906847
v 0.128885 -0.437534 -0.939109
v 0.102772 -0.364558 -0.971311
v 0.035364 -0.405876 -0.962361
v 0.035896 -0.340433 -0.986064
v 0.283188 -0.372145 -0.918306
v 0.248282 -0.384365 -0.930529
v -0.275446 -0.202111 -0.930551
v -0.282971 -0.284681 -0.948055
v -0.239168 -0.288861 -0.966406
v -0.127976 -0.268245 -0.996671
v -0.102287 -0.190795 -1.015668
v -0.035866 -0.164955 -1.026046
v -0.035478 -0.233264 -1.014227
v -0.123691 -0.260438 -0.959913
v 0.102392 -0.427247 -0.946371
v 0.283086 -0.445074 -0.888704
v 0.229486 -0.360288 -0.905287
v 0.224501 -0.292750 -0.928391
v 0.123832 -0.277025 -0.956506
v 0.100101 -0.269288 -0.961185
v 0.123979 -0.343586 -0.936181
v -0.282599 -0.211782 -0.965971
v -0.186843 -0.215510 -0.996328
v 0.100035 -0.332497 -0.941911
v -0.034404 -0.158243 -0.989193
v -0.127564 -0.197999 -1.010199
v -0.217121 -0.197577 -0.954047
v -0.196312 -0.126996 -0.968938
v 0.127505 -0.285282 -0.991530
v 0.033820 -0.310052 -0.956101
v -0.100137 -0.098765 -0.989594
v -0.100057 -0.164410 -0.982008
v -0.274855 -0.195924 -0.930900
v -0.034764 -0.072503 -0.996238
v -0.123221 -0.174056 -0.976461
v 0.275325 -0.282381 -0.911623
v 0.236244 -0.371559 -0.940764
v -0.127496 -0.109696 -1.021946
v -0.033772 -0.140122 -0.991478
v 0.129882 -0.355802 -0.970937
v 0.283022 -0.366067 -0.922244
v 0.102878 -0.278681 -0.996754
v 0.035904 -0.253742 -1.010271
v 0.102834 -0.342863 -0.978316
v 0.035385 -0.320752 -0.991506
v 0.282927 -0.294912 -0.945514
v -0.275296 -0.120679 -0.942905
v -0.237411 -0.202885 -0.986680
v -0.130045 -0.182219 -1.013826
v -0.102766 -0.101980 -1.026292
v -0.035979 -0.075310 -1.034577
v -0.035445 -0.143728 -1.028564
v 0.186734 -0.301530 -0.975860
v 0.274636 -0.354763 -0.886913
v 0.034404 -0.243905 -0.973701
v 0.229763 -0.280049 -0.930743
v 0.123864 -0.192686 -0.974763
v 0.102486 -0.256330 -1.002460
v 0.099913 -0.184444 -0.978161
v -0.282908 -0.124676 -0.977761
v -0.200486 -0.131386 -1.006914
v 0.100114 -0.249217 -0.965520
v 0.220559 -0.210837 -0.949713
v -0.123365 -0.105555 -0.985559
v -0.283179 -0.200622 -0.967283
v -0.102817 -0.168306 -1.018519
v -0.222666 -0.114667 -0.963138
v -0.178863 -0.037667 -0.978564
v 0.274204 -0.276481 -0.912610
v -0.100129 -0.012674 -0.991891
v -0.123178 -0.088064 -0.986278
v -0.230938 -0.042457 -0.965309
v -0.100147 -0.077973 -0.990282
v 0.033817 -0.226287 -0.977705
v 0.275446 -0.202111 -0.930551
v -0.127552 -0.021085 -1.025683
v -0.033821 -0.053339 -0.997441
v 0.282971 -0.284681 -0.948055
v 0.239168 -0.288861 -0.966406
v 0.127976 -0.268245 -0.996671
v 0.102287 -0.190795 -1.015668
v 0.035866 -0.164955 -1.026046
v -0.275168 -0.114095 -0.943401
v -0.237371 -0.116101 -0.998535
v -0.128981 -0.092412 -1.023905
v -0.036035 0.015111 -1.035080
v -0.102791 -0.012764 -1.029277
v 0.035478 -0.233264 -1.014227
v -0.102861 -0.079109 -1.027409
v -0.035427 -0.054034 -1.036050
v -0.034334 0.014798 -0.997591
v 0.123691 -0.260438 -0.959913
v 0.282599 -0.211782 -0.965971
v 0.186843 -0.215510 -0.996328
v 0.034404 -0.158243 -0.989193
v -0.275172 -0.038200 -0.946899
v 0.127564 -0.197999 -1.010199
v -0.282609 -0.039037 -0.983074
v -0.217337 -0.044581 -1.007461
v 0.217121 -0.197577 -0.954047
v 0.196312 -0.126996 -0.968938
v 0.100137 -0.098765 -0.989594
v -0.123607 -0.019534 -0.988028
v 0.100057 -0.164410 -0.982008
v -0.282736 -0.116042 -0.979395
v 0.274855 -0.195924 -0.930900
v -0.229390 -0.030578 -0.965529
v -0.210329 0.041250 -0.969224
v -0.123767 0.066435 -0.984145
v -0.102841 0.010483 -1.028090
v 0.034764 -0.072503 -0.996238
v 0.123221 -0.174056 -0.976461
v 0.127496 -0.109696 -1.021946
v 0.033772 -0.140122 -0.991478
v 0.275296 -0.120679 -0.942905
v -0.275119 -0.031954 -0.946591
v -0.123200 -0.003440 -0.988596
v -0.100046 0.074207 -0.986778
v 0.237411 -0.202885 -0.986680
v 0.130045 -0.182219 -1.013826
v -0.129679 -0.003322 -1.025838
v -0.033813 0.033524 -0.996688
v 0.102766 -0.101980 -1.026292
v 0.035979 -0.075310 -1.034577
v -0.275283 0.044711 -0.945138
v -0.233183 -0.028855 -1.004054
v -0.282663 -0.030432 -0.984266
v -0.102922 0.076785 -1.024515
v -0.035863 0.105452 -1.027850
v 0.035445 -0.143728 -1.028564
v -0.035429 0.036137 -1.033749
v 0.282908 -0.124676 -0.977761
v 0.200486 -0.131386 -1.006914
v 0.123365 -0.105555 -0.985559
v 0.283179 -0.200622 -0.967283
v 0.102817 -0.168306 -1.018519
v 0.222666 -0.114667 -0.963138
v -0.246184 0.042045 -0.996821
v 0.178863 -0.037667 -0.978564
v -0.034412 0.102309 -0.990499
v 0.100129 -0.012674 -0.991891
v -0.283016 0.047873 -0.980379
v -0.127872 0.066661 -1.021999
v 0.123178 -0.088064 -0.986278
v 0.230938 -0.042457 -0.965309
v -0.227714 0.054320 -0.963073
v -0.124743 0.080596 -0.983308
v -0.203988 0.126667 -0.961561
v -0.123133 0.151802 -0.972736
v -0.100153 0.094351 -0.984719
v 0.100147 -0.077973 -0.990282
v 0.127552 -0.021085 -1.025683
v 0.033821 -0.053339 -0.997441
v 0.275168 -0.114095 -0.943401
v -0.100106 0.159050 -0.974908
v -0.034356 0.187385 -0.975419
v 0.237371 -0.116101 -0.998535
v 0.128981 -0.092412 -1.023905
v 0.036035 0.015111 -1.035080
v -0.275045 0.051368 -0.945337
v -0.033717 0.120369 -0.987823
v 0.102791 -0.012764 -1.029277
v 0.102861 -0.079109 -1.027409
v 0.035427 -0.054034 -1.036050
v 0.034334 0.014798 -0.997591
v -0.237488 0.057918 -0.999469
v -0.128298 0.085811 -1.020592
v -0.102688 0.165751 -1.011837
v -0.036087 0.194309 -1.012520
v 0.275172 -0.038200 -0.946899
v -0.102666 0.099863 -1.021448
v -0.035438 0.126243 -1.024884
v 0.282609 -0.039037 -0.983074
v 0.217337 -0.044581 -1.007461
v 0.123607 -0.019534 -0.988028
v 0.282736 -0.116042 -0.979395
v 0.229390 -0.030578 -0.965529
v -0.247463 0.128664 -0.987008
v -0.283126 0.055274 -0.980103
v -0.274837 0.126763 -0.934878
v 0.210329 0.041250 -0.969224
v -0.283611 0.133116 -0.969836
v -0.128290 0.155073 -1.010319
v 0.123767 0.066435 -0.984145
v 0.102841 0.010483 -1.028090
v 0.275119 -0.031954 -0.946591
v -0.099984 0.179642 -0.970936
v 0.123200 -0.003440 -0.988596
v 0.100046 0.074207 -0.986778
v -0.231663 0.137542 -0.951605
v -0.100113 0.243878 -0.955397
v 0.129679 -0.003322 -1.025838
v -0.274992 0.133235 -0.934674
v -0.275233 0.207533 -0.918008
v -0.199289 0.210019 -0.945346
v -0.033810 0.205841 -0.971326
v 0.033813 0.033524 -0.996688
v 0.275283 0.044711 -0.945138
v 0.233183 -0.028855 -1.004054
v 0.282663 -0.030432 -0.984266
v 0.102922 0.076785 -1.024515
v -0.231370 0.146184 -0.990172
v -0.169482 0.160507 -1.001985
v -0.127765 0.177596 -1.005257
v -0.102785 0.253379 -0.991281
v -0.035897 0.281943 -0.989410
v -0.102657 0.189139 -1.006832
v -0.035428 0.215113 -1.008812
v -0.122911 0.168360 -0.969231
v 0.035863 0.105452 -1.027850
v 0.035429 0.036137 -1.033749
v 0.246184 0.042045 -0.996821
v 0.034412 0.102309 -0.990499
v 0.283016 0.047873 -0.980379
v 0.127872 0.066661 -1.021999
v 0.227714 0.054320 -0.963073
v -0.034404 0.272233 -0.953491
v 0.124743 0.080596 -0.983308
v -0.123271 0.236152 -0.953936
v 0.203988 0.126667 -0.961561
v 0.123133 0.151802 -0.972736
v -0.283343 0.216936 -0.952451
v -0.247952 0.214181 -0.969267
v -0.128325 0.242490 -0.991069
v -0.283052 0.139838 -0.969438
v 0.100153 0.094351 -0.984719
v -0.232657 0.219244 -0.933495
v -0.206901 0.290433 -0.919944
v -0.123112 0.317667 -0.928097
v -0.100004 0.263309 -0.949041
v 0.100106 0.159050 -0.974908
v 0.034356 0.187385 -0.975419
v 0.275045 0.051368 -0.945337
v 0.033717 0.120369 -0.987823
v -0.168271 0.234591 -0.945503
v -0.123073 0.253425 -0.948300
v -0.274621 0.213573 -0.917002
v -0.102909 0.338660 -0.962884
v 0.237488 0.057918 -0.999469
v 0.128298 0.085811 -1.020592
v 0.102688 0.165751 -1.011837
v -0.127589 0.329353 -0.963100
v -0.033823 0.289644 -0.948048
v 0.036087 0.194309 -1.012520
v 0.102666 0.099863 -1.021448
v 0.035438 0.126243 -1.024884
v 0.247463 0.128664 -0.987008
v 0.283126 0.055274 -0.980103
v -0.275383 0.286767 -0.895329
v -0.238221 0.230475 -0.969979
v -0.168606 0.246841 -0.982284
v -0.127476 0.263591 -0.984171
v -0.035908 0.366821 -0.959940
v -0.102301 0.275370 -0.984745
v -0.034420 0.353740 -0.924404
v 0.274837 0.126763 -0.934878
v 0.283611 0.133116 -0.969836
v 0.128290 0.155073 -1.010319
v 0.099984 0.179642 -0.970936
v 0.231663 0.137542 -0.951605
v -0.283198 0.299014 -0.928307
v -0.232724 0.298626 -0.950562
v -0.282965 0.224145 -0.951665
v 0.100113 0.243878 -0.955397
v -0.100021 0.324461 -0.928213
v 0.274992 0.133235 -0.934674
v 0.275233 0.207533 -0.918008
v -0.035434 0.301948 -0.983092
v -0.165377 0.317066 -0.919601
v -0.099982 0.345053 -0.920625
v -0.035415 0.385790 -0.950697
v -0.100134 0.405479 -0.894293
v 0.199289 0.210019 -0.945346
v 0.033810 0.205841 -0.971326
v 0.231370 0.146184 -0.990172
v -0.198139 0.370985 -0.890764
v -0.235449 0.298878 -0.908203
v -0.123649 0.333853 -0.920706
v 0.169482 0.160507 -1.001985
v -0.033820 0.371001 -0.917177
v 0.127765 0.177596 -1.005257
v 0.102785 0.253379 -0.991281
v 0.035897 0.281943 -0.989410
v 0.102657 0.189139 -1.006832
v 0.035428 0.215113 -1.008812
v -0.242176 0.312972 -0.942937
v -0.165124 0.332938 -0.955395
v -0.127527 0.348719 -0.955377
v -0.206161 0.385032 -0.924082
v -0.102895 0.421120 -0.928868
v -0.035867 0.449141 -0.921685
v 0.122911 0.168360 -0.969231
v 0.034404 0.272233 -0.953491
v 0.123271 0.236152 -0.953936
v 0.283343 0.216936 -0.952451
v 0.247952 0.214181 -0.969267
v 0.128325 0.242490 -0.991069
v -0.275218 0.363391 -0.864331
v 0.283052 0.139838 -0.969438
v -0.282743 0.377182 -0.897672
v -0.123130 0.397542 -0.894581
v -0.034209 0.432300 -0.886199
v 0.232657 0.219244 -0.933495
v 0.206901 0.290433 -0.919944
v -0.127485 0.412657 -0.927924
v 0.123112 0.317667 -0.928097
v -0.282832 0.305454 -0.926805
v -0.102817 0.359180 -0.954715
v 0.100004 0.263309 -0.949041
v -0.275197 0.293361 -0.892752
v -0.225532 0.379662 -0.878821
v -0.202896 0.445860 -0.852478
v -0.123395 0.474328 -0.853885
v -0.100021 0.423767 -0.885194
v 0.168271 0.234591 -0.945503
v 0.123073 0.253425 -0.948300
v 0.274621 0.213573 -0.917002
v 0.102909 0.338660 -0.962884
v 0.127589 0.329353 -0.963100
v -0.165801 0.395489 -0.886339
v -0.100222 0.481546 -0.853845
v 0.033823 0.289644 -0.948048
v 0.275383 0.286767 -0.895329
v 0.238221 0.230475 -0.969979
v 0.168606 0.246841 -0.982284
v -0.274911 0.369634 -0.862362
v -0.033819 0.449377 -0.879414
v 0.127476 0.263591 -0.984171
v 0.035908 0.366821 -0.959940
v 0.102301 0.275370 -0.984745
v -0.282794 0.385474 -0.894047
v -0.238706 0.394509 -0.911178
v -0.171449 0.412249 -0.919958
v -0.127492 0.429968 -0.919388
v -0.102834 0.500166 -0.885982
v -0.036110 0.527343 -0.877262
v -0.102868 0.441265 -0.917415
v -0.035414 0.467910 -0.912425
v -0.034323 0.508099 -0.844766
v -0.185048 0.471002 -0.886200
v -0.123290 0.413084 -0.886347
v 0.034420 0.353740 -0.924404
v 0.283198 0.299014 -0.928307
v 0.232724 0.298626 -0.950562
v 0.282965 0.224145 -0.951665
v 0.100021 0.324461 -0.928213
v 0.035434 0.301948 -0.983092
v 0.165377 0.317066 -0.919601
v -0.283695 0.455182 -0.857832
v -0.248108 0.456630 -0.874857
v 0.099982 0.345053 -0.920625
v -0.275125 0.437261 -0.827051
v -0.127379 0.491436 -0.886836
v -0.226765 0.453844 -0.840207
v -0.224156 0.514515 -0.803664
v -0.123503 0.545554 -0.808899
v 0.035415 0.385790 -0.950697
v -0.100023 0.498888 -0.841797
v -0.102790 0.519251 -0.873582
v 0.100134 0.405479 -0.894293
v 0.198139 0.370985 -0.890764
v -0.275380 0.507906 -0.784492
v -0.274715 0.442728 -0.824008
v -0.124178 0.487427 -0.846364
v -0.034449 0.579581 -0.794696
v -0.033915 0.524498 -0.833998
v 0.235449 0.298878 -0.908203
v 0.123649 0.333853 -0.920706
v 0.033820 0.371001 -0.917177
v 0.242176 0.312972 -0.942937
v 0.165124 0.332938 -0.955395
v -0.127545 0.566863 -0.838589
v 0.127527 0.348719 -0.955377
v 0.206161 0.385032 -0.924082
v 0.102895 0.421120 -0.928868
v 0.035867 0.449141 -0.921685
v -0.283042 0.461628 -0.854843
v -0.241721 0.470790 -0.870778
v -0.128015 0.508163 -0.877820
v -0.192886 0.543438 -0.839584
v -0.035869 0.601708 -0.825902
v -0.102863 0.575679 -0.836899
v 0.275218 0.363391 -0.864331
v -0.035424 0.545571 -0.865584
v 0.282743 0.377182 -0.897672
v 0.123130 0.397542 -0.894581
v 0.034209 0.432300 -0.886199
v 0.127485 0.412657 -0.927924
v 0.282832 0.305454 -0.926805
v 0.102817 0.359180 -0.954715
v -0.283003 0.525786 -0.815902
v -0.100108 0.554019 -0.806595
v 0.275197 0.293361 -0.892752
v -0.201580 0.587836 -0.758069
v -0.123250 0.614524 -0.754853
v -0.100202 0.570820 -0.793717
v -0.100004 0.621833 -0.753430
v 0.225532 0.379662 -0.878821
v 0.202896 0.445860 -0.852478
v 0.123395 0.474328 -0.853885
v 0.100021 0.423767 -0.885194
v 0.165801 0.395489 -0.886339
v -0.124242 0.557798 -0.799674
v -0.231618 0.523639 -0.793859
v 0.100222 0.481546 -0.853845
v 0.274911 0.369634 -0.862362
v 0.033819 0.449377 -0.879414
v -0.274114 0.574185 -0.735020
v -0.127553 0.637326 -0.784488
v -0.033777 0.594878 -0.783944
v 0.282794 0.385474 -0.894047
v 0.238706 0.394509 -0.911178
v 0.171449 0.412249 -0.919958
v -0.275079 0.513752 -0.781371
v -0.282530 0.534810 -0.809852
v -0.235997 0.546505 -0.825262
v -0.129317 0.581914 -0.828437
v -0.102389 0.645925 -0.781672
v -0.036098 0.670920 -0.768034
v 0.127492 0.429968 -0.919388
v -0.035366 0.618228 -0.813112
v -0.034674 0.646344 -0.739201
v 0.102834 0.500166 -0.885982
v 0.036110 0.527343 -0.877262
v 0.102868 0.441265 -0.917415
v 0.035414 0.467910 -0.912425
v 0.034323 0.508099 -0.844766
v 0.185048 0.471002 -0.886200
v 0.123290 0.413084 -0.886347
v -0.282687 0.594641 -0.765154
v -0.198093 0.612830 -0.786378
v -0.102793 0.593209 -0.822937
v 0.283695 0.455182 -0.857832
v -0.195551 0.652366 -0.702614
v -0.033821 0.660363 -0.726692
v -0.100077 0.637724 -0.739120
v 0.248108 0.456630 -0.874857
v 0.275125 0.437261 -0.827051
v 0.127379 0.491436 -0.886836
v -0.228985 0.592075 -0.744390
v -0.274927 0.578462 -0.730991
v -0.123709 0.627073 -0.743040
v -0.034433 0.708830 -0.678224
v -0.100137 0.685430 -0.693741
v 0.226765 0.453844 -0.840207
v 0.224156 0.514515 -0.803664
v 0.123503 0.545554 -0.808899
v -0.127543 0.703646 -0.723125
v 0.100023 0.498888 -0.841797
v 0.102790 0.519251 -0.873582
v 0.275380 0.507906 -0.784492
v 0.274715 0.442728 -0.824008
v 0.124178 0.487427 -0.846364
v -0.275363 0.635943 -0.680090
v -0.282947 0.602414 -0.758232
v -0.236668 0.616856 -0.772358
v -0.128427 0.651101 -0.773262
v -0.102934 0.711669 -0.720328
v -0.035865 0.735739 -0.704594
v -0.035420 0.686414 -0.753781
v -0.102841 0.662745 -0.766275
v -0.177212 0.685400 -0.728864
v 0.034449 0.579581 -0.794696
v 0.033915 0.524498 -0.833998
v 0.127545 0.566863 -0.838589
v 0.283042 0.461628 -0.854843
v -0.283613 0.660878 -0.704911
v 0.241721 0.470790 -0.870778
v -0.248137 0.666626 -0.720918
v -0.123071 0.678024 -0.696703
v 0.128015 0.508163 -0.877820
v 0.192886 0.543438 -0.839584
v 0.035869 0.601708 -0.825902
v 0.102863 0.575679 -0.836899
v -0.232825 0.653093 -0.687094
v -0.176649 0.670597 -0.690429
v -0.182692 0.714965 -0.640221
v -0.034301 0.720843 -0.664041
v -0.100035 0.699130 -0.678542
v 0.035424 0.545571 -0.865584
v 0.283003 0.525786 -0.815902
v 0.100108 0.554019 -0.806595
v 0.201580 0.587836 -0.758069
v -0.274873 0.691805 -0.622274
v -0.122985 0.735561 -0.633107
v -0.034114 0.765312 -0.612111
v -0.123653 0.689443 -0.683428
v 0.123250 0.614524 -0.754853
v 0.100202 0.570820 -0.793717
v -0.127480 0.763736 -0.656649
v 0.100004 0.621833 -0.753430
v 0.124242 0.557798 -0.799674
v -0.274977 0.641379 -0.675560
v -0.236076 0.681259 -0.713994
v -0.175950 0.698711 -0.716098
v -0.127504 0.717005 -0.709041
v -0.102841 0.771499 -0.653670
v -0.036163 0.793749 -0.635586
v -0.035353 0.749598 -0.689372
v -0.102861 0.726394 -0.703594
v 0.231618 0.523639 -0.793859
v 0.274114 0.574185 -0.735020
v 0.127553 0.637326 -0.784488
v 0.033777 0.594878 -0.783944
v 0.275079 0.513752 -0.781371
v 0.282530 0.534810 -0.809852
v 0.235997 0.546505 -0.825262
v 0.129317 0.581914 -0.828437
v 0.102389 0.645925 -0.781672
v 0.036098 0.670920 -0.768034
v -0.184401 0.743487 -0.664953
v 0.035366 0.618228 -0.813112
v -0.282986 0.718299 -0.645848
v -0.282916 0.666881 -0.700506
v 0.034674 0.646344 -0.739201
v -0.232291 0.710234 -0.626128
v -0.209142 0.760460 -0.573419
v -0.123441 0.745845 -0.620489
v -0.100170 0.756058 -0.613197
v -0.035479 0.806793 -0.619289
v -0.099951 0.794915 -0.560295
v 0.282687 0.594641 -0.765154
v 0.198093 0.612830 -0.786378
v -0.034860 0.814930 -0.540617
v -0.033699 0.776910 -0.597291
v 0.102793 0.593209 -0.822937
v 0.195551 0.652366 -0.702614
v 0.033821 0.660363 -0.726692
v -0.274777 0.697747 -0.614407
v -0.123646 0.788571 -0.564351
v -0.128162 0.817028 -0.588226
v -0.165476 0.762386 -0.649081
v 0.100077 0.637724 -0.739120
v 0.228985 0.592075 -0.744390
v -0.282828 0.723973 -0.638165
v -0.238795 0.740758 -0.649521
v -0.127772 0.775929 -0.641820
v -0.102627 0.825681 -0.581644
v -0.035867 0.846498 -0.562134
v -0.102786 0.784888 -0.635598
v 0.274927 0.578462 -0.730991
v 0.123709 0.627073 -0.743040
v 0.034433 0.708830 -0.678224
v 0.100137 0.685430 -0.693741
v 0.127543 0.703646 -0.723125
v 0.275363 0.635943 -0.680090
v 0.282947 0.602414 -0.758232
v 0.236668 0.616856 -0.772358
v 0.128427 0.651101 -0.773262
v 0.102934 0.711669 -0.720328
v -0.248155 0.781338 -0.589735
v -0.274989 0.743942 -0.555551
v 0.035865 0.735739 -0.704594
v -0.283317 0.772790 -0.575527
v 0.035420 0.686414 -0.753781
v 0.102841 0.662745 -0.766275
v -0.227301 0.764228 -0.559473
v -0.204340 0.809006 -0.503950
v -0.035415 0.856710 -0.544548
v 0.177212 0.685400 -0.728864
v -0.100108 0.806090 -0.542531
v -0.100098 0.840792 -0.487204
v 0.283613 0.660878 -0.704911
v 0.248137 0.666626 -0.720918
v -0.275331 0.789567 -0.486560
v -0.274517 0.747043 -0.550217
v -0.034460 0.859483 -0.465788
v -0.123288 0.797563 -0.549466
v 0.123071 0.678024 -0.696703
v 0.232825 0.653093 -0.687094
v 0.176649 0.670597 -0.690429
v -0.127539 0.865730 -0.510099
v -0.033809 0.825395 -0.524961
v 0.182692 0.714965 -0.640221
v 0.034301 0.720843 -0.664041
v 0.100035 0.699130 -0.678542
v 0.274873 0.691805 -0.622274
v -0.283155 0.777114 -0.569889
v -0.239972 0.793121 -0.580725
v -0.127930 0.829055 -0.571164
v -0.102940 0.872936 -0.506241
v -0.035914 0.891931 -0.484323
v 0.122985 0.735561 -0.633107
v 0.034114 0.765312 -0.612111
v 0.123653 0.689443 -0.683428
v 0.127480 0.763736 -0.656649
v 0.274977 0.641379 -0.675560
v 0.236076 0.681259 -0.713994
v 0.175950 0.698711 -0.716098
v -0.282914 0.818913 -0.507865
v -0.123108 0.834266 -0.491509
v 0.127504 0.717005 -0.709041
v -0.180776 0.848629 -0.520834
v -0.102679 0.837463 -0.562932
v 0.102841 0.771499 -0.653670
v 0.036163 0.793749 -0.635586
v -0.228247 0.810094 -0.488761
v -0.164951 0.828575 -0.485983
v -0.099891 0.850198 -0.468538
v 0.035353 0.749598 -0.689372
v 0.102861 0.726394 -0.703594
v -0.123239 0.842054 -0.475675
v -0.034405 0.896839 -0.386753
v 0.184401 0.743487 -0.664953
v 0.282986 0.718299 -0.645848
v 0.282916 0.666881 -0.700506
v 0.232291 0.710234 -0.626128
v 0.209142 0.760460 -0.573419
v 0.123441 0.745845 -0.620489
v -0.275482 0.828329 -0.413747
v -0.198622 0.850870 -0.429187
v -0.127865 0.906310 -0.433374
v -0.033822 0.868114 -0.449225
v 0.100170 0.756058 -0.613197
v 0.035479 0.806793 -0.619289
v 0.099951 0.794915 -0.560295
v 0.034860 0.814930 -0.540617
v 0.033699 0.776910 -0.597291
v 0.274777 0.697747 -0.614407
v -0.274675 0.792462 -0.481431
v -0.233789 0.843347 -0.506775
v -0.169839 0.861828 -0.503731
v -0.127637 0.875025 -0.493314
v -0.102945 0.913717 -0.425852
v -0.035855 0.930807 -0.402335
v -0.282770 0.823829 -0.498926
v 0.123646 0.788571 -0.564351
v 0.128162 0.817028 -0.588226
v 0.165476 0.762386 -0.649081
v 0.282828 0.723973 -0.638165
v 0.238795 0.740758 -0.649521
v -0.283429 0.860051 -0.428132
v -0.123379 0.873905 -0.414580
v 0.127772 0.775929 -0.641820
v -0.246676 0.872051 -0.441068
v -0.035442 0.901481 -0.465425
v -0.102663 0.883155 -0.485791
v -0.231354 0.847752 -0.414955
v -0.192419 0.886398 -0.349652
v -0.123247 0.906515 -0.334638
v -0.033821 0.903556 -0.369670
v -0.100115 0.887663 -0.390317
v 0.102627 0.825681 -0.581644
v 0.035867 0.846498 -0.562134
v 0.102786 0.784888 -0.635598
v 0.248155 0.781338 -0.589735
v 0.274989 0.743942 -0.555551
v -0.123949 0.880336 -0.400341
v -0.100147 0.911763 -0.329814
v 0.283317 0.772790 -0.575527
v 0.227301 0.764228 -0.559473
v -0.274986 0.831928 -0.407073
v 0.204340 0.809006 -0.503950
v 0.035415 0.856710 -0.544548
v 0.100108 0.806090 -0.542531
v -0.283065 0.863796 -0.424179
v -0.243842 0.909017 -0.362679
v -0.172825 0.901347 -0.425686
v -0.127497 0.914769 -0.413187
v -0.102904 0.946941 -0.342367
v 0.100098 0.840792 -0.487204
v -0.102854 0.922324 -0.404689
v -0.035267 0.938682 -0.383671
v -0.034686 0.926838 -0.305493
v 0.275331 0.789567 -0.486560
v 0.274517 0.747043 -0.550217
v 0.034460 0.859483 -0.465788
v 0.123288 0.797563 -0.549466
v 0.127539 0.865730 -0.510099
v 0.033809 0.825395 -0.524961
v -0.274039 0.862797 -0.340886
v -0.283385 0.894609 -0.349899
v 0.283155 0.777114 -0.569889
v -0.128571 0.940458 -0.351483
v -0.036083 0.962154 -0.317651
v 0.239972 0.793121 -0.580725
v -0.210224 0.887243 -0.336701
v -0.187101 0.914877 -0.268658
v -0.123657 0.932224 -0.252571
v -0.100086 0.918634 -0.309607
v -0.100119 0.937258 -0.247103
v 0.127930 0.829055 -0.571164
v 0.102940 0.872936 -0.506241
v -0.236433 0.901141 -0.269563
v -0.034846 0.949334 -0.221169
v -0.033711 0.932852 -0.287722
v -0.123266 0.911649 -0.318165
v 0.035914 0.891931 -0.484323
v 0.282914 0.818913 -0.507865
v 0.123108 0.834266 -0.491509
v 0.180776 0.848629 -0.520834
v 0.102679 0.837463 -0.562932
v 0.228247 0.810094 -0.488761
v -0.275487 0.886775 -0.258500
v 0.164951 0.828575 -0.485983
v 0.099891 0.850198 -0.468538
v 0.123239 0.842054 -0.475675
v -0.275012 0.863937 -0.331930
v -0.283198 0.897422 -0.342976
v -0.239838 0.915601 -0.349609
v -0.127789 0.947399 -0.331385
v -0.244821 0.936215 -0.279640
v -0.102939 0.973193 -0.256009
v -0.035828 0.985510 -0.229973
v 0.034405 0.896839 -0.386753
v -0.035385 0.967893 -0.298313
v -0.102884 0.953611 -0.320771
v -0.173502 0.955752 -0.275315
v 0.275482 0.828329 -0.413747
v 0.198622 0.850870 -0.429187
v 0.127865 0.906310 -0.433374
v 0.033822 0.868114 -0.449225
v 0.274675 0.792462 -0.481431
v 0.233789 0.843347 -0.506775
v -0.283304 0.921544 -0.268571
v 0.169839 0.861828 -0.503731
v -0.127583 0.967497 -0.262937
v 0.127637 0.875025 -0.493314
v -0.226432 0.908474 -0.256430
v -0.186492 0.934682 -0.186186
v -0.100063 0.942048 -0.226362
v 0.102945 0.913717 -0.425852
v -0.100016 0.953947 -0.161577
v 0.035855 0.930807 -0.402335
v 0.282770 0.823829 -0.498926
v -0.164747 0.925559 -0.249173
v -0.274997 0.906917 -0.181081
v -0.123343 0.935765 -0.235436
v 0.283429 0.860051 -0.428132
v 0.123379 0.873905 -0.414580
v 0.246676 0.872051 -0.441068
v 0.035442 0.901481 -0.465425
v 0.102663 0.883155 -0.485791
v 0.231354 0.847752 -0.414955
v -0.283347 0.940758 -0.186477
v -0.127515 0.986768 -0.175005
v -0.033817 0.953891 -0.203340
v 0.192419 0.886398 -0.349652
v 0.123247 0.906515 -0.334638
v 0.033821 0.903556 -0.369670
v 0.100115 0.887663 -0.390317
v -0.274926 0.889529 -0.253299
v -0.245048 0.940459 -0.266108
v -0.205626 0.967640 -0.195136
v -0.167212 0.962406 -0.257029
v -0.127550 0.972509 -0.243464
v -0.102940 0.991718 -0.168148
v -0.035378 0.990696 -0.210665
v -0.102911 0.977687 -0.234436
v 0.123949 0.880336 -0.400341
v 0.100147 0.911763 -0.329814
v 0.274986 0.831928 -0.407073
v -0.034427 0.965425 -0.135489
v -0.123639 0.950130 -0.168198
v -0.282932 0.924306 -0.261542
v -0.035893 1.001968 -0.141932
v 0.283065 0.863796 -0.424179
v 0.243842 0.909017 -0.362679
v 0.172825 0.901347 -0.425686
v 0.000000 -0.056315 -0.959131
v 0.000000 -0.143888 -0.950190
v 0.000000 -0.210183 -0.943413
v 0.000000 -0.217164 -0.941881
v 0.000000 -0.362199 -0.897966
v 0.000000 -0.366842 -0.896162
v -0.000000 -0.438799 -0.862979
v 0.000000 -0.498648 -0.835254
v 0.000000 -0.610547 -0.756843
v 0.000000 -0.710974 -0.667457
v 0.000000 -0.764528 -0.609009
v 0.000000 -0.767243 -0.605802
v 0.000000 -0.798567 -0.562302
v 0.000000 -0.857562 -0.480000
v 0.000000 -0.860865 -0.473543
v 0.000000 -0.972584 -0.115705
v 0.000000 -0.983293 -0.013144
v -0.000000 -0.982975 0.011179
v 0.000000 -0.964247 0.171632
v 0.000000 -0.942964 0.277747
v 0.000000 -0.908134 0.365598
v 0.000000 -0.854271 0.482575
v 0.000000 -0.853274 0.484264
v 0.000000 -0.725667 0.655079
v -0.000000 -0.661476 0.712832
v 0.000000 -0.575689 0.785183
v 0.000000 -0.566003 0.791819
v 0.000000 -0.479459 0.843435
v 0.000000 -0.471480 0.848187
v 0.000000 -0.359731 0.900655
v 0.000000 -0.247325 0.932903
v 0.000000 -0.149376 0.953304
v 0.000000 -0.108850 0.955862
v 0.000000 -0.042804 0.958902
v 0.000000 0.004681 0.957877
v 0.000000 0.213051 0.930519
v 0.000000 0.242659 0.921459
v 0.000000 0.356257 0.880505
v 0.000000 0.372113 0.874688
v 0.000000 0.377750 0.872258
v -0.000000 0.490349 0.811061
v -0.000000 0.493153 0.809263
v 0.000000 0.525903 0.785974
v 0.000000 0.579327 0.747567
v 0.000000 0.735947 0.582009
v 0.000000 0.828336 0.441887
v 0.000000 0.924835 0.151752
v 0.000000 0.925931 0.140147
v 0.000000 0.936831 0.013088
v 0.000000 0.936676 0.002654
v 0.000000 0.916905 -0.173614
v 0.000000 0.903612 -0.238850
v 0.000000 0.830040 -0.433168
v 0.000000 0.787596 -0.514001
v 0.000000 0.785489 -0.517147
v 0.000000 0.716502 -0.610468
v 0.000000 0.629335 -0.703480
v 0.000000 0.607302 -0.726931
v 0.000000 0.606614 -0.727483
v 0.000000 0.481899 -0.816375
v 0.000000 0.371781 -0.875229
v 0.000000 0.223497 -0.928771
v 0.000000 0.174119 -0.937796
v 0.000000 0.070564 -0.955969
v 0.000000 0.001698 -0.957980
v 0.000000 -0.089834 -1.037216
v 0.000000 0.236980 -1.002773
v 0.000000 0.437686 -0.928854
v 0.000000 0.621946 -0.816066
v 0.000000 0.758067 -0.682364
v 0.000000 0.947641 -0.367853
v 0.000000 0.994220 -0.201221
v 0.000000 0.982517 0.248204
v 0.000000 0.850268 0.557606
v 0.000000 0.808997 0.622295
v 0.000000 0.714497 0.726693
v 0.000000 0.543052 0.867868
v 0.000000 0.309633 0.983320
v 0.000000 0.101343 1.031802
v 0.000000 -0.125882 1.030737
v 0.000000 -0.255443 1.009409
v 0.000000 -0.779805 0.711052
v 0.000000 -0.925300 0.517104
v 0.000000 -1.013194 0.308930
v 0.000000 -1.031592 0.248200
v 0.000000 -1.049478 0.149081
v 0.000000 -1.032751 -0.232762
v 0.000000 -0.986285 -0.379091
v 0.000000 -0.830837 -0.653264
v 0.000000 -0.726473 -0.760917
v 0.000000 -0.520049 -0.907617
v 0.000000 -0.310622 -0.995764
v 0.000000 -0.503269 -0.832781
v 0.000000 -0.631882 -0.741734
v 0.000000 -0.922511 -0.338354
v 0.000000 -0.956158 -0.228629
v 0.000000 -0.957412 -0.223966
v 0.000000 -0.975001 0.111771
v 0.000000 -0.942823 0.278411
v 0.000000 -0.942561 0.279268
v 0.000000 -0.853958 0.483228
v 0.000000 -0.797914 0.568015
v 0.000000 -0.779888 0.589931
v 0.000000 0.057457 0.956328
v 0.000000 0.069590 0.955355
v 0.000000 0.645233 0.683900
v 0.000000 0.695400 0.631909
v 0.000000 0.772890 0.530786
v 0.000000 0.823986 0.450364
v 0.000000 0.886759 0.309558
v 0.000000 0.887059 0.308757
v 0.000000 0.924995 0.150791
v 0.000000 0.926867 -0.113193
v 0.000000 0.885195 -0.299903
v 0.000000 0.857549 -0.373428
v 0.000000 0.413141 -0.853254
v 0.000000 0.368011 -0.876856
v 0.000000 0.136510 -1.026421
v 0.000000 0.338224 -0.973422
v -0.000000 0.672238 -0.771014
v 0.000000 0.797418 -0.634242
v 0.000000 0.856336 -0.551369
v -0.000000 0.895834 -0.479047
v -0.000000 0.967351 -0.306920
v -0.000000 1.004688 -0.138195
v 0.000000 1.014068 -0.037547
v -0.000000 1.011922 0.046706
v 0.000000 1.000663 0.171519
v 0.000000 0.945494 0.372837
v 0.000000 0.920501 0.430437
v 0.000000 0.648019 0.791849
v 0.000000 0.486139 0.904706
v 0.000000 0.033622 1.037773
v -0.000000 -0.190491 1.025465
v -0.000000 -0.389147 0.971743
v 0.000000 -0.470157 0.934596
v 0.000000 -0.597665 0.866626
v 0.000000 -0.670086 0.809763
v 0.000000 -0.838446 0.639685
v -0.000000 -0.961108 0.444150
v 0.000000 -1.057583 0.081460
v 0.000000 -1.060410 -0.026298
v 0.000000 -1.058206 -0.091699
v -0.000000 -1.017906 -0.301730
v -0.000000 -0.939597 -0.489939
v 0.000000 -0.882709 -0.580150
v 0.000000 -0.660654 -0.821982
v 0.000000 -0.426211 -0.958898
v 0.000000 -0.206755 -1.021008
v -0.000000 0.015970 -1.034681
v 0.127497 0.914769 -0.413187
v 0.102904 0.946941 -0.342367
v 0.102854 0.922324 -0.404689
v 0.035267 0.938682 -0.383671
v 0.034686 0.926838 -0.305493
v 0.274039 0.862797 -0.340886
v 0.283385 0.894609 -0.349899
v 0.128571 0.940458 -0.351483
v 0.036083 0.962154 -0.317651
v 0.210224 0.887243 -0.336701
v 0.187101 0.914877 -0.268658
v 0.123657 0.932224 -0.252571
v 0.100086 0.918634 -0.309607
v 0.100119 0.937258 -0.247103
v 0.236433 0.901141 -0.269563
v 0.034846 0.949334 -0.221169
v 0.033711 0.932852 -0.287722
v 0.123266 0.911649 -0.318165
v 0.275487 0.886775 -0.258500
v 0.275012 0.863937 -0.331930
v 0.283198 0.897422 -0.342976
v 0.239838 0.915601 -0.349609
v 0.127789 0.947399 -0.331385
v 0.244821 0.936215 -0.279640
v 0.102939 0.973193 -0.256009
v 0.035828 0.985510 -0.229973
v 0.035385 0.967893 -0.298313
v 0.102884 0.953611 -0.320771
v 0.173502 0.955752 -0.275315
v 0.283304 0.921544 -0.268571
v 0.127583 0.967497 -0.262937
v 0.226432 0.908474 -0.256430
v 0.186492 0.934682 -0.186186
v 0.100063 0.942048 -0.226362
v 0.100016 0.953947 -0.161577
v 0.164747 0.925559 -0.249173
v 0.274997 0.906917 -0.181081
v 0.123343 0.935765 -0.235436
v 0.283347 0.940758 -0.186477
v 0.127515 0.986768 -0.175005
v 0.033817 0.953891 -0.203340
v 0.274926 0.889529 -0.253299
v 0.245048 0.940459 -0.266108
v 0.205626 0.967640 -0.195136
v 0.167212 0.962406 -0.257029
v 0.127550 0.972509 -0.243464
v 0.102940 0.991718 -0.168148
v 0.035378 0.990696 -0.210665
v 0.102911 0.977687 -0.234436
v 0.034427 0.965425 -0.135489
v 0.123639 0.950130 -0.168198
v 0.282932 0.924306 -0.261542
v 0.035893 1.001968 -0.141932
vn -0.1899 0.0123 -0.9817
vn -0.1890 0.0100 -0.9819
vn -0.1920 0.0107 -0.9813
vn -0.9896 -0.1238 -0.0733
vn -0.9556 -0.2397 0.1712
vn -0.9346 0.3498 -0.0641
vn -0.0909 -0.0990 -0.9909
vn -0.0937 -0.1029 -0.9903
vn -0.0961 -0.0944 -0.9909
vn 0.0583 0.8880 -0.4562
vn 0.3066 0.9287 -0.2086
vn 0.3075 0.9260 -0.2188
vn -0.6355 -0.7607 0.1319
vn -0.1111 -0.2062 -0.9722
vn -0.1129 -0.2068 -0.9718
vn -0.1190 -0.2045 -0.9716
vn 0.0909 -0.0988 -0.9909
vn 0.0965 -0.0948 -0.9908
vn 0.0934 -0.1031 -0.9903
vn 0.9915 -0.1286 0.0215
vn 0.9365 0.3001 -0.1813
vn 0.9432 0.3109 -0.1171
vn 0.1315 -0.4698 -0.8729
vn 0.1369 -0.4730 -0.8704
vn 0.1323 -0.4718 -0.8717
vn 0.1687 -0.5316 -0.8300
vn 0.1711 -0.5308 -0.8301
vn 0.1682 -0.5331 -0.8292
vn -0.2024 -0.3987 -0.8945
vn -0.2063 -0.3986 -0.8936
vn -0.2052 -0.3953 -0.8953
vn -0.1333 -0.4698 -0.8727
vn -0.1323 -0.4718 -0.8717
vn -0.1370 -0.4728 -0.8705
vn -0.9917 -0.1253 0.0302
vn -0.9434 -0.2962 0.1493
vn -0.9365 0.2998 -0.1818
vn -0.1687 -0.5316 -0.8300
vn -0.1671 -0.5324 -0.8299
vn -0.1712 -0.5318 -0.8294
vn -0.3495 -0.5376 -0.7673
vn -0.3505 -0.5311 -0.7714
vn -0.3504 -0.5297 -0.7724
vn 0.1090 -0.6731 -0.7315
vn 0.1150 -0.6733 -0.7304
vn 0.1111 -0.6737 -0.7306
vn -0.0694 -0.6328 -0.7712
vn -0.0752 -0.6368 -0.7674
vn -0.0739 -0.6299 -0.7732
vn 0.0703 -0.8079 -0.5852
vn 0.0746 -0.8055 -0.5879
vn 0.0759 -0.8107 -0.5805
vn -0.1106 -0.6720 -0.7322
vn -0.1111 -0.6737 -0.7306
vn -0.1150 -0.6733 -0.7304
vn -0.1777 -0.6561 -0.7334
vn -0.1742 -0.6582 -0.7324
vn -0.1767 -0.6575 -0.7325
vn -0.0860 -0.7071 -0.7018
vn -0.0921 -0.7110 -0.6972
vn -0.0923 -0.7022 -0.7060
vn -0.1630 -0.7654 -0.6226
vn -0.1644 -0.7639 -0.6241
vn -0.0703 -0.8079 -0.5852
vn -0.0762 -0.8106 -0.5806
vn -0.0746 -0.8055 -0.5879
vn -0.2892 -0.3588 0.8875
vn -0.1087 -0.8333 -0.5421
vn -0.1098 -0.8341 -0.5406
vn -0.1134 -0.8331 -0.5414
vn 0.0627 -0.9926 0.1042
vn 0.0665 -0.9926 0.1015
vn 0.0623 -0.9926 0.1046
vn 0.1015 -0.9937 -0.0478
vn 0.1075 -0.9930 -0.0491
vn 0.1038 -0.9935 -0.0478
vn 0.2145 -0.9625 0.1660
vn 0.2223 -0.9614 0.1622
vn 0.2219 -0.9612 0.1639
vn 0.1234 -0.9682 0.2176
vn 0.1307 -0.9674 0.2169
vn 0.1242 -0.9680 0.2181
vn 0.0561 -0.9327 0.3563
vn 0.0565 -0.9328 0.3560
vn -0.0868 -0.9393 -0.3320
vn -0.0849 -0.9402 -0.3300
vn -0.0897 -0.9411 -0.3259
vn -0.2721 -0.9564 0.1065
vn -0.2780 -0.9537 0.1147
vn -0.2747 -0.9559 0.1036
vn -0.1026 -0.9935 -0.0497
vn -0.1038 -0.9935 -0.0478
vn -0.1075 -0.9930 -0.0489
vn 0.2404 -0.6672 0.7050
vn 0.2439 -0.6632 0.7076
vn 0.2430 -0.6598 0.7111
vn -0.0627 -0.9926 0.1042
vn -0.0625 -0.9925 0.1047
vn -0.0664 -0.9926 0.1014
vn -0.2144 -0.9634 0.1612
vn -0.2224 -0.9611 0.1636
vn -0.2218 -0.9615 0.1620
vn 0.1627 -0.4872 0.8580
vn 0.1630 -0.4869 0.8581
vn 0.1624 -0.4871 0.8581
vn -0.1234 -0.9682 0.2176
vn -0.1242 -0.9680 0.2181
vn -0.1307 -0.9674 0.2170
vn 0.2109 -0.3535 0.9114
vn 0.2174 -0.3479 0.9120
vn 0.2151 -0.3426 0.9145
vn 0.1116 -0.2828 0.9527
vn 0.1183 -0.2808 0.9525
vn 0.1121 -0.2814 0.9530
vn 0.1137 -0.1641 0.9799
vn 0.1138 -0.1661 0.9795
vn 0.1150 -0.1642 0.9797
vn -0.0561 -0.9327 0.3563
vn -0.0565 -0.9328 0.3560
vn -0.1209 -0.8779 0.4632
vn -0.1220 -0.8779 0.4630
vn -0.2447 -0.8587 0.4504
vn -0.2439 -0.8538 0.4598
vn -0.2459 -0.8552 0.4562
vn -0.1931 -0.8411 0.5052
vn -0.1994 -0.8379 0.5082
vn -0.1990 -0.8383 0.5076
vn -0.2115 -0.7799 0.5891
vn -0.2182 -0.7811 0.5851
vn -0.2177 -0.7815 0.5846
vn 0.2244 0.0366 0.9738
vn 0.2324 0.0381 0.9719
vn 0.2318 0.0382 0.9720
vn -0.0672 -0.8045 0.5902
vn -0.0673 -0.8040 0.5908
vn -0.0709 -0.8054 0.5885
vn -0.1853 -0.7685 0.6124
vn -0.1869 -0.7676 0.6131
vn -0.1872 -0.7683 0.6121
vn -0.1155 -0.7242 0.6798
vn -0.1154 -0.7232 0.6809
vn -0.1213 -0.7226 0.6805
vn -0.1690 -0.7259 0.6668
vn -0.1700 -0.7253 0.6672
vn -0.1698 -0.7261 0.6663
vn 0.2641 0.5437 0.7967
vn 0.2702 0.5465 0.7927
vn 0.2691 0.5530 0.7886
vn -0.2427 -0.6676 0.7038
vn -0.2412 -0.6607 0.7109
vn -0.2439 -0.6632 0.7076
vn 0.1269 0.6764 0.7255
vn 0.1304 0.9334 0.3343
vn -0.1098 -0.6366 0.7634
vn 0.1344 0.9863 0.0955
vn 0.1349 0.9862 0.0960
vn 0.1350 0.9862 0.0957
vn 0.2872 0.9500 0.1224
vn 0.2918 0.9493 0.1169
vn 0.2907 0.9506 0.1088
vn -0.1627 -0.4872 0.8580
vn -0.1624 -0.4870 0.8581
vn -0.1630 -0.4869 0.8581
vn 0.3570 0.8772 -0.3210
vn 0.3574 0.8756 -0.3249
vn 0.3570 0.8745 -0.3282
vn 0.0668 0.9097 -0.4098
vn 0.0703 0.9099 -0.4088
vn 0.0703 0.9089 -0.4110
vn -0.0596 -0.4108 0.9098
vn -0.0599 -0.4093 0.9105
vn -0.0650 -0.4127 0.9086
vn -0.2144 -0.3554 0.9098
vn -0.2119 -0.3447 0.9145
vn -0.2174 -0.3484 0.9118
vn -0.1117 -0.2828 0.9526
vn -0.1120 -0.2814 0.9530
vn -0.1183 -0.2806 0.9525
vn -0.3767 -0.9237 0.0695
vn -0.4605 -0.6940 0.5534
vn -0.4595 -0.7920 -0.4020
vn -0.2339 -0.2261 0.9456
vn -0.2303 -0.2158 0.9489
vn -0.2351 -0.2204 0.9466
vn -0.1133 -0.1646 0.9798
vn -0.1154 -0.1650 0.9795
vn -0.1145 -0.1662 0.9794
vn -0.1624 -0.0240 0.9864
vn -0.1632 -0.0237 0.9863
vn -0.1630 -0.0249 0.9863
vn 0.1049 0.7330 -0.6721
vn 0.1126 0.7330 -0.6708
vn 0.1056 0.7318 -0.6733
vn -0.1438 -0.0206 0.9894
vn -0.1440 -0.0190 0.9894
vn -0.1481 -0.0180 0.9888
vn 0.2368 0.6795 -0.6944
vn 0.2401 0.6755 -0.6972
vn 0.2388 0.6721 -0.7009
vn -0.0850 0.0786 0.9933
vn -0.0849 0.0795 0.9932
vn -0.2256 0.0338 0.9736
vn -0.2318 0.0382 0.9720
vn -0.2319 0.0377 0.9720
vn 0.2079 0.5736 -0.7923
vn 0.2117 0.5688 -0.7947
vn 0.2106 0.5636 -0.7988
vn -0.1159 0.2195 0.9687
vn -0.1169 0.2190 0.9687
vn -0.1159 0.2179 0.9691
vn -0.1228 0.2169 0.9684
vn -0.1233 0.2170 0.9684
vn 0.1803 0.3006 -0.9366
vn 0.1882 0.3010 -0.9349
vn 0.1890 0.2970 -0.9360
vn -0.6232 0.0230 0.7817
vn -0.3197 0.1058 0.9416
vn -0.1818 0.4166 0.8907
vn -0.1892 0.4180 0.8885
vn -0.1892 0.4173 0.8888
vn -0.6300 0.3352 0.7005
vn -0.2679 0.5407 0.7974
vn -0.2671 0.5528 0.7893
vn -0.2702 0.5465 0.7927
vn -0.0245 -0.5046 -0.8630
vn 0.3118 -0.5335 -0.7862
vn 0.3128 -0.5444 -0.7783
vn -0.1269 0.6764 0.7255
vn -0.6317 0.4904 0.6004
vn -0.1632 0.8603 0.4829
vn 0.0052 0.9099 0.4149
vn 0.0051 0.9560 0.2932
vn -0.1304 0.9334 0.3343
vn -0.6542 0.7520 0.0811
vn -0.3700 0.8164 -0.4434
vn -0.7302 0.4889 -0.4773
vn -0.3867 0.9192 0.0746
vn -0.6146 0.7860 -0.0673
vn -0.1108 -0.9844 0.1367
vn 0.2338 -0.9676 0.0954
vn 0.2365 -0.9654 0.1098
vn -0.1266 0.9873 0.0959
vn -0.1345 0.9862 0.0966
vn -0.1349 0.9862 0.0957
vn -0.1349 0.9862 0.0960
vn -0.2898 0.9491 0.1235
vn -0.2893 0.9510 0.1091
vn -0.2921 0.9494 0.1154
vn -0.5566 -0.7563 -0.3438
vn -0.3033 -0.9497 -0.0785
vn -0.0106 0.9784 -0.2066
vn -0.3329 0.7687 -0.5461
vn -0.0714 0.9933 -0.0909
vn -0.0727 0.9930 -0.0926
vn -0.0741 0.9932 -0.0899
vn 0.4135 -0.8842 0.2172
vn 0.4970 -0.7088 0.5007
vn 0.3804 -0.5143 0.7686
vn -0.9941 -0.1018 -0.0380
vn -0.0777 0.9878 -0.1351
vn -0.0788 0.9878 -0.1347
vn -0.0790 0.9878 -0.1345
vn -0.6206 0.4114 -0.6675
vn -0.1175 0.9321 -0.3425
vn -0.1184 0.9313 -0.3445
vn -0.1200 0.9310 -0.3448
vn -0.3575 0.8771 -0.3209
vn -0.3566 0.8747 -0.3282
vn -0.3574 0.8756 -0.3249
vn 0.0169 -0.5529 0.8331
vn 0.3454 -0.4428 0.8274
vn 0.3473 -0.4384 0.8289
vn 0.0517 -0.4377 0.8976
vn 0.3793 -0.3373 0.8616
vn 0.3796 -0.3248 0.8663
vn -0.0668 0.9097 -0.4098
vn -0.0699 0.9089 -0.4112
vn -0.0696 0.9101 -0.4085
vn -0.1616 0.8654 -0.4743
vn -0.1583 0.8648 -0.4765
vn -0.1611 0.8643 -0.4765
vn -0.2442 0.8284 -0.5041
vn -0.2439 0.8213 -0.5158
vn -0.2486 0.8240 -0.5091
vn -0.1072 0.2145 -0.9708
vn -0.6322 0.1235 -0.7649
vn -0.3167 0.0882 -0.9444
vn -0.1046 0.8044 -0.5848
vn -0.1077 0.8033 -0.5857
vn -0.2217 0.7849 -0.5785
vn -0.2283 0.7846 -0.5764
vn -0.0013 -0.0293 -0.9996
vn -0.0587 0.7694 -0.6360
vn -0.0608 0.7654 -0.6407
vn -0.0624 0.7731 -0.6312
vn -0.3337 -0.0869 -0.9387
vn -0.1049 0.7330 -0.6721
vn -0.1050 0.7320 -0.6731
vn -0.1126 0.7330 -0.6708
vn -0.1733 0.7365 -0.6539
vn -0.1733 0.7363 -0.6541
vn -0.1734 0.7361 -0.6543
vn -0.2393 0.6798 -0.6933
vn -0.2370 0.6731 -0.7006
vn -0.2401 0.6755 -0.6972
vn -0.8502 0.4550 0.2650
vn -0.9179 -0.3868 -0.0890
vn -0.8938 -0.1397 0.4261
vn -0.1614 0.6209 -0.7671
vn -0.1619 0.6212 -0.7668
vn -0.2096 0.5741 -0.7915
vn -0.2074 0.5650 -0.7986
vn -0.2117 0.5691 -0.7945
vn 0.3745 0.9265 0.0369
vn 0.3915 0.9195 0.0359
vn 0.3855 0.9226 0.0140
vn 0.0498 0.5170 0.8545
vn 0.3516 0.3407 0.8719
vn 0.3565 0.3522 0.8654
vn -0.1675 0.5353 -0.8279
vn -0.1677 0.5350 -0.8280
vn -0.1251 -0.3928 -0.9111
vn -0.2177 -0.9758 -0.0202
vn -0.0337 -0.6944 -0.7188
vn -0.3140 -0.5609 -0.7660
vn -0.1130 0.2999 -0.9472
vn -0.1135 0.2980 -0.9478
vn -0.1141 0.2981 -0.9477
vn -0.1366 0.3042 -0.9428
vn -0.1354 0.3001 -0.9443
vn -0.1366 0.3023 -0.9434
vn -0.1818 0.3042 -0.9351
vn -0.1883 0.2968 -0.9362
vn -0.1896 0.2997 -0.9350
vn 0.0017 -0.9148 -0.4039
vn -0.6434 -0.6553 -0.3958
vn 0.6232 0.0230 0.7817
vn 0.0462 0.1016 0.9938
vn 0.3197 0.1058 0.9416
vn 0.1226 0.1502 0.9810
vn 0.2411 -0.5810 0.7774
vn 0.2445 -0.5690 0.7852
vn -0.6378 -0.7080 0.3033
vn -0.0471 -0.9563 0.2885
vn -0.3394 -0.6890 0.6404
vn 0.0120 0.4187 0.9080
vn 0.6300 0.3352 0.7005
vn 0.1283 0.4680 0.8743
vn 0.1718 0.6996 -0.6935
vn 0.3465 0.4373 -0.8299
vn 0.3470 0.4320 -0.8324
vn 0.0244 -0.5040 -0.8634
vn -0.3111 -0.5450 -0.7786
vn -0.3138 -0.5340 -0.7851
vn 0.0353 0.5776 0.8156
vn 0.9947 -0.1029 0.0052
vn 0.0883 0.6096 0.7878
vn 0.6317 0.4904 0.6004
vn 0.6461 -0.2576 -0.7184
vn 0.7165 -0.6909 -0.0967
vn -0.0248 -0.8055 -0.5921
vn -0.6397 -0.1303 0.7575
vn 0.3194 0.6413 0.6976
vn 0.0149 0.7372 0.6755
vn 0.9858 -0.1518 0.0723
vn 0.9878 -0.1493 -0.0453
vn 0.9900 -0.0482 -0.1328
vn 0.9906 -0.1298 0.0437
vn 0.9914 -0.0992 -0.0853
vn 0.9895 -0.0500 0.1354
vn 0.3657 0.7562 0.5426
vn 0.9917 0.0612 0.1135
vn 1.0000 0.0044 0.0002
vn 0.9879 0.1527 0.0265
vn 0.1632 0.8603 0.4829
vn 0.6501 0.6670 0.3641
vn 0.9829 -0.0435 0.1791
vn 0.9852 -0.1352 0.1058
vn 0.9893 -0.1436 -0.0269
vn -0.0052 0.9099 0.4149
vn 0.1204 0.9258 0.3582
vn -0.0051 0.9560 0.2932
vn 0.3522 0.9136 0.2031
vn -0.0602 -0.9172 -0.3938
vn -0.3702 -0.8992 -0.2334
vn -0.3750 -0.8942 -0.2444
vn 0.9891 0.1055 -0.1031
vn 0.9990 0.0446 0.0023
vn 0.9851 0.0013 -0.1718
vn 0.9889 0.0319 -0.1449
vn 0.9880 0.1329 -0.0792
vn 0.9898 0.1354 0.0451
vn -0.8643 -0.2651 0.4275
vn -0.8421 -0.5368 0.0509
vn 0.6542 0.7520 0.0811
vn -0.8617 0.5074 0.0030
vn -0.9214 -0.3669 -0.1284
vn -0.9175 -0.0786 0.3899
vn 0.6146 0.7860 -0.0673
vn 0.1108 -0.9845 0.1358
vn -0.2341 -0.9659 0.1107
vn -0.2355 -0.9671 0.0958
vn -0.8515 0.2600 -0.4553
vn -0.8644 0.5023 -0.0201
vn -0.8468 -0.3490 -0.4014
vn -0.8481 0.4756 0.2336
vn -0.9188 -0.3910 -0.0549
vn -0.8926 -0.1039 0.4388
vn 0.0106 0.9784 -0.2066
vn 0.6398 0.7445 -0.1908
vn -0.8503 0.2438 0.4664
vn 0.1136 0.9447 -0.3077
vn -0.8744 0.3556 0.3301
vn 0.0114 -0.8050 0.5931
vn -0.3045 -0.8381 0.4525
vn -0.3067 -0.8426 0.4427
vn -0.9949 0.0792 -0.0618
vn 0.3388 -0.8210 0.4595
vn 0.3570 -0.8039 0.4757
vn 0.3319 -0.8065 0.4894
vn 0.7703 -0.5985 -0.2201
vn 0.9315 -0.3488 -0.1028
vn 0.7701 -0.5997 -0.2177
vn 0.7944 0.3891 0.4663
vn 0.9272 0.2743 0.2549
vn 0.3329 0.7687 -0.5461
vn -0.9185 -0.3419 0.1988
vn -0.9231 -0.3299 0.1979
vn -0.4160 -0.8834 0.2160
vn -0.3805 -0.5143 0.7686
vn -0.4962 -0.7043 0.5077
vn 0.9941 -0.1018 -0.0380
vn -0.9334 -0.1115 -0.3412
vn -0.9318 -0.1103 -0.3458
vn 0.7960 0.5791 -0.1762
vn 0.9203 0.3908 -0.0159
vn 0.7960 0.5785 -0.1782
vn 0.8018 0.5265 -0.2828
vn 0.9359 0.3180 -0.1517
vn 0.8015 0.5241 -0.2878
vn 0.1123 0.6978 -0.7074
vn 0.9876 0.1497 -0.0480
vn 0.9874 0.1472 -0.0587
vn 0.9872 0.1549 -0.0371
vn -0.9939 0.0018 0.1104
vn 0.6227 0.5104 -0.5930
vn -0.3123 0.6671 0.6764
vn -0.6015 0.7910 0.1120
vn -0.4821 0.1811 0.8572
vn -0.9946 -0.0777 0.0689
vn 0.6206 0.4114 -0.6675
vn 0.9924 -0.0102 0.1225
vn 0.9923 0.0019 0.1235
vn 0.9917 -0.0215 0.1268
vn 0.0364 0.5113 -0.8586
vn -0.9950 0.0137 0.0987
vn -0.1807 -0.1685 0.9690
vn -0.3466 -0.4380 0.8295
vn -0.3464 -0.4425 0.8272
vn -0.9939 0.1085 0.0187
vn 0.3005 0.3996 -0.8660
vn -0.0549 -0.4482 0.8922
vn -0.3781 -0.3246 0.8670
vn -0.3825 -0.3350 0.8611
vn 0.1382 0.3759 -0.9163
vn 0.6273 0.2793 -0.7270
vn 0.3106 0.2639 -0.9132
vn -0.2459 -0.1790 -0.9526
vn -0.7915 0.1202 -0.5993
vn -0.7914 0.1345 -0.5963
vn 0.1072 0.2145 -0.9708
vn 0.6322 0.1235 -0.7649
vn 0.4468 -0.7362 0.5082
vn -0.2672 -0.6562 0.7057
vn -0.3548 -0.8777 0.3222
vn 0.3167 0.0882 -0.9444
vn 0.6652 0.6001 0.4443
vn 0.8716 -0.1609 0.4631
vn 0.6630 -0.3115 -0.6807
vn -0.7970 0.6039 0.0025
vn -0.4170 0.7227 0.5512
vn -0.7977 0.6028 -0.0183
vn 0.0013 -0.0293 -0.9996
vn -0.9909 0.0416 0.1282
vn -0.9915 0.0605 0.1153
vn -0.9918 0.0488 0.1185
vn 0.1536 -0.8899 -0.4296
vn -0.0384 -0.9310 0.3629
vn -0.1111 -0.9938 -0.0034
vn 0.3337 -0.0869 -0.9387
vn 0.0558 -0.1703 -0.9838
vn 0.6411 -0.1817 -0.7456
vn 0.3509 -0.2864 -0.8915
vn -0.0243 0.4593 0.8879
vn -0.3532 0.3547 0.8657
vn -0.3528 0.3407 0.8715
vn 0.9938 -0.0818 -0.0753
vn 0.0076 -0.3391 -0.9407
vn -0.9897 0.0955 -0.1069
vn -0.9893 0.0785 -0.1227
vn -0.9900 0.0848 -0.1124
vn 0.8621 -0.0807 -0.5003
vn 0.8111 -0.1972 -0.5507
vn 0.8110 -0.1953 -0.5515
vn 0.1251 -0.3928 -0.9111
vn 0.6525 -0.3647 -0.6643
vn -0.3105 0.2141 0.9262
vn 0.3505 0.6483 0.6759
vn -0.2704 0.4511 0.8505
vn -0.2997 0.9321 -0.2036
vn 0.3106 0.6737 -0.6705
vn -0.3394 0.7089 -0.6182
vn 0.3853 0.7955 -0.4677
vn -0.2282 0.9462 -0.2296
vn -0.2418 0.9465 0.2136
vn 0.0074 0.4533 0.8913
vn -0.3095 0.5466 0.7781
vn -0.3145 0.5349 0.7842
vn 0.4312 -0.7564 -0.4918
vn -0.2380 -0.8007 -0.5498
vn -0.2453 -0.3165 -0.9163
vn 0.3140 -0.5609 -0.7660
vn 0.6436 -0.5255 -0.5563
vn 0.0337 -0.6944 -0.7188
vn 0.3149 -0.7040 -0.6366
vn -0.0575 -0.1955 -0.9790
vn 0.7572 -0.3640 -0.5424
vn 0.3300 -0.7910 -0.5152
vn -0.2389 -0.2604 0.9355
vn 0.2247 -0.6791 0.6988
vn -0.2410 0.1704 0.9555
vn 0.9069 -0.2506 0.3386
vn -0.5252 -0.1020 -0.8448
vn -0.8146 -0.4778 -0.3290
vn -0.8167 -0.4687 -0.3366
vn 0.9048 0.4203 -0.0690
vn 0.6434 -0.6553 -0.3958
vn 0.3254 -0.8261 -0.4601
vn -0.2723 -0.7467 0.6068
vn -0.7936 -0.5731 0.2046
vn -0.7963 -0.5761 0.1846
vn -0.7818 -0.3951 0.4824
vn -0.2111 -0.4576 0.8637
vn -0.7804 -0.3820 0.4950
vn -0.0017 -0.9148 -0.4039
vn 0.2004 0.9778 -0.0619
vn -0.0785 0.9077 -0.4121
vn -0.0914 0.9075 -0.4100
vn 0.9936 -0.0524 -0.1002
vn 0.1231 -0.9242 -0.3615
vn 0.3305 -0.9021 -0.2775
vn -0.7563 0.2851 0.5889
vn -0.1477 0.4917 0.8581
vn -0.7546 0.3089 0.5790
vn -0.0104 0.4697 0.8828
vn -0.0907 0.8397 0.5353
vn -0.0541 0.4751 0.8783
vn -0.1411 0.9730 0.1827
vn -0.0641 0.5177 0.8532
vn 0.0487 0.8050 -0.5913
vn 0.1226 -0.9788 -0.1643
vn -0.1240 0.9268 0.3545
vn -0.3721 0.9221 0.1060
vn -0.3786 0.9184 0.1147
vn -0.1534 0.7508 0.6424
vn -0.0752 0.0220 0.9969
vn 0.0421 0.9931 -0.1098
vn 0.6343 -0.7727 -0.0232
vn 0.1144 -0.9933 0.0148
vn -0.0175 0.5907 0.8067
vn 0.0157 -0.2040 0.9788
vn 0.4797 0.8503 0.2166
vn -0.1762 -0.8120 0.5564
vn -0.0195 -0.9738 -0.2267
vn -0.0515 -0.1216 0.9912
vn 0.8689 -0.4181 0.2649
vn 0.6623 -0.7424 -0.1009
vn 0.6672 0.7127 -0.2163
vn 0.6355 -0.7607 0.1319
vn -0.3438 0.8891 -0.3022
vn -0.1049 0.7413 -0.6629
vn -0.0943 0.3649 -0.9262
vn -0.1423 0.9858 0.0890
vn -0.3064 0.9263 -0.2192
vn -0.3083 0.9280 -0.2092
vn 0.3099 -0.9223 0.2309
vn 0.0471 -0.9563 0.2885
vn 0.6639 -0.0964 0.7416
vn 0.8726 -0.4832 0.0705
vn 0.6685 0.5151 -0.5364
vn 0.6378 -0.7080 0.3033
vn 0.6675 -0.6750 0.3143
vn 0.8698 0.2531 -0.4235
vn 0.6695 0.7338 -0.1153
vn -0.9942 0.0942 0.0518
vn 0.3334 -0.8338 0.4401
vn 0.6612 -0.2544 0.7058
vn 0.8691 -0.4004 -0.2904
vn 0.6692 0.7402 0.0650
vn 0.8717 0.4898 -0.0150
vn 0.6631 -0.5684 0.4871
vn 0.6635 0.2731 -0.6966
vn 0.6433 -0.6178 0.4523
vn 0.8706 0.4349 0.2300
vn 0.6659 -0.7354 0.1260
vn 0.6627 0.5112 -0.5473
vn 0.3394 -0.6890 0.6404
vn 0.1417 -0.6887 0.7110
vn 0.6122 -0.5527 0.5655
vn 0.9942 -0.0163 -0.1059
vn 0.3250 -0.5400 0.7764
vn -0.0382 0.4579 -0.8882
vn -0.3450 0.5516 -0.7595
vn -0.3439 0.5617 -0.7525
vn -0.2226 -0.9625 0.1552
vn -0.2262 -0.9609 0.1598
vn 0.1174 -0.5385 0.8344
vn -0.2893 0.7397 -0.6075
vn -0.3830 0.1833 -0.9054
vn -0.4743 0.4680 -0.7456
vn -0.0068 0.4398 -0.8981
vn -0.3466 0.4320 -0.8326
vn -0.3486 0.4353 -0.8301
vn 0.2608 0.9582 -0.1179
vn 0.2458 0.9590 -0.1412
vn 0.2320 0.9648 -0.1241
vn -0.2541 -0.2147 -0.9431
vn -0.4598 -0.5864 -0.6669
vn 0.1207 -0.3931 0.9115
vn 0.6308 -0.3167 0.7084
vn 0.2892 -0.3588 0.8875
vn 0.3382 0.9002 0.2741
vn 0.4328 0.8942 -0.1142
vn 0.3294 0.8024 -0.4976
vn 0.2955 -0.2167 0.9304
vn 0.2172 0.9744 -0.0576
vn 0.2071 0.9762 -0.0643
vn 0.6397 -0.1303 0.7575
vn -0.9882 0.0078 -0.1528
vn -0.9858 -0.1168 -0.1208
vn -0.9890 0.1149 -0.0930
vn -0.0214 -0.0674 -0.9975
vn 0.0508 -0.5329 -0.8446
vn -0.0442 -0.0633 -0.9970
vn -0.3209 0.5305 0.7846
vn -0.4483 0.8271 0.3390
vn -0.3932 0.5096 0.7654
vn -0.9879 -0.0326 -0.1515
vn -0.9975 -0.0649 -0.0271
vn -0.9858 0.0892 -0.1421
vn -0.9894 -0.0522 -0.1355
vn -0.9869 -0.1545 -0.0464
vn -0.9899 0.0619 -0.1276
vn -0.9868 -0.1176 -0.1114
vn -0.9949 -0.1001 0.0112
vn -0.9843 -0.0073 -0.1763
vn -0.9997 0.0058 -0.0236
vn -0.9868 -0.0240 -0.1603
vn -0.9913 -0.1123 -0.0688
vn 0.7995 -0.0581 0.5979
vn 0.8807 0.1591 0.4462
vn 0.7994 -0.0569 0.5982
vn -0.9929 -0.0981 0.0666
vn -0.9846 -0.0787 -0.1560
vn -0.9876 -0.1474 -0.0545
vn -0.9898 -0.1048 0.0964
vn -0.9878 -0.0919 -0.1260
vn -0.9892 -0.1445 -0.0260
vn 0.8586 -0.4698 -0.2052
vn 0.8401 0.2705 -0.4701
vn 0.8913 0.3694 0.2629
vn -0.9909 -0.1257 0.0478
vn -0.9988 -0.0002 0.0498
vn -0.9877 -0.1301 -0.0865
vn -0.9919 -0.1239 0.0291
vn -0.9910 -0.0345 0.1296
vn -0.9924 -0.0945 -0.0785
vn 0.2136 0.9690 -0.1241
vn -0.0772 0.8710 -0.4852
vn -0.1012 0.8696 -0.4832
vn -0.9895 -0.0193 0.1429
vn -0.9830 -0.1828 -0.0155
vn -0.9851 -0.1413 0.0977
vn -0.9912 -0.0755 0.1088
vn -0.9999 -0.0155 -0.0006
vn -0.9862 -0.1645 0.0161
vn -0.9864 -0.0705 0.1485
vn -0.9901 0.0597 0.1268
vn -0.9862 -0.1493 0.0713
vn -0.0259 -0.4574 0.8889
vn 0.4015 0.2534 0.8801
vn -0.3295 0.2343 0.9146
vn -0.9970 0.0752 0.0167
vn -0.9866 -0.0592 0.1523
vn -0.9893 0.0631 0.1316
vn 0.8500 0.5190 0.0904
vn 0.9177 0.0046 0.3971
vn 0.9110 -0.3204 -0.2595
vn -0.9919 0.0583 0.1127
vn -0.9914 0.1310 0.0063
vn -0.9929 -0.0542 0.1062
vn -0.9878 0.1087 0.1115
vn -0.9918 0.1275 -0.0131
vn -0.9878 0.0083 0.1553
vn -0.9997 0.0213 0.0076
vn -0.9848 0.0319 0.1710
vn -0.9890 0.1219 0.0842
vn -0.9917 0.1133 -0.0602
vn -0.9868 0.0712 0.1458
vn -0.9881 0.1436 0.0561
vn -0.9876 0.1561 -0.0159
vn -0.9936 0.0577 -0.0973
vn -0.9851 0.1394 0.1006
vn -0.9891 0.0485 -0.1392
vn -0.9894 0.1283 0.0678
vn -0.9887 0.1422 -0.0466
vn -0.9976 0.0067 -0.0687
vn -0.9849 0.1695 0.0362
vn -0.9884 0.1274 -0.0832
vn -0.9895 0.1066 -0.0975
vn -0.9894 -0.0146 -0.1447
vn -0.9908 0.1350 0.0080
vn -0.8783 -0.4754 -0.0503
vn -0.9020 0.4035 0.1535
vn -0.9154 0.2109 -0.3427
vn -0.9962 -0.0340 -0.0796
vn -0.9845 0.1696 -0.0450
vn -0.9877 0.0824 -0.1330
vn -0.9910 -0.0716 -0.1135
vn -0.9865 0.1443 -0.0772
vn -0.9879 0.0441 -0.1484
vn 0.8643 -0.2651 0.4275
vn 0.8483 -0.5010 0.1712
vn 0.8421 -0.5368 0.0509
vn 0.8628 -0.4984 -0.0848
vn 0.8484 -0.4632 -0.2565
vn 0.8468 -0.3490 -0.4014
vn 0.8500 -0.2222 -0.4776
vn 0.8519 0.0222 -0.5232
vn 0.8433 0.1321 -0.5210
vn 0.8515 0.2600 -0.4553
vn 0.8639 0.3811 -0.3294
vn 0.8644 0.5023 -0.0201
vn 0.8808 0.4443 0.1638
vn 0.8744 0.3556 0.3301
vn 0.8503 0.2438 0.4664
vn 0.8674 0.0788 0.4913
vn 0.3413 0.8317 0.4379
vn 0.4240 0.9051 0.0308
vn 0.0785 0.9861 -0.1462
vn -0.0901 -0.9819 -0.1665
vn -0.3864 -0.9143 -0.1211
vn -0.7565 -0.6447 0.1094
vn -0.3985 -0.6994 -0.5934
vn -0.4749 -0.3169 0.8210
vn 0.3843 -0.0671 0.9208
vn -0.2191 0.3106 0.9250
vn -0.4666 -0.8063 -0.3635
vn -0.0831 -0.9848 -0.1527
vn -0.4687 -0.8490 0.2440
vn 0.4361 -0.6283 0.6443
vn 0.7185 0.2425 0.6518
vn -0.0602 -0.1157 0.9915
vn 0.2008 -0.7870 -0.5833
vn -0.0805 -0.9579 -0.2757
vn -0.0899 -0.9574 -0.2745
vn -0.0068 0.2056 -0.9786
vn -0.0253 -0.2893 -0.9569
vn -0.0377 0.2060 -0.9778
vn -0.4835 -0.3973 0.7800
vn 0.3940 -0.1560 0.9058
vn -0.2027 0.2247 0.9531
vn -0.0222 -0.5816 0.8132
vn 0.7514 -0.1310 0.6467
vn 0.3356 0.2121 0.9178
vn -0.8782 -0.4149 0.2378
vn -0.9184 0.2731 0.2862
vn -0.9090 0.1879 -0.3720
vn 0.3160 -0.7001 0.6404
vn 0.6782 0.1283 0.7236
vn -0.1132 -0.1513 0.9820
vn -0.3893 -0.8821 -0.2652
vn -0.6835 -0.7205 0.1165
vn -0.4037 -0.5900 -0.6992
vn -0.1525 -0.7097 0.6878
vn 0.3492 -0.0195 0.9368
vn -0.3503 0.0371 0.9359
vn 0.3115 0.7074 0.6345
vn 0.8055 0.5902 0.0529
vn -0.0727 0.9970 -0.0259
vn 0.3220 -0.7364 0.5950
vn 0.6679 0.0778 0.7402
vn -0.1067 -0.2193 0.9698
vn -0.1839 -0.9021 -0.3905
vn -0.5275 -0.6684 -0.5245
vn 0.1945 -0.7985 -0.5696
vn -0.2217 -0.9034 -0.3671
vn -0.2234 -0.9095 -0.3506
vn -0.8903 -0.4205 -0.1746
vn -0.8888 0.3471 0.2991
vn -0.9162 0.3294 -0.2284
vn 0.1481 0.7962 0.5866
vn 0.1675 0.9852 0.0357
vn 0.1670 0.9852 0.0374
vn 0.2977 -0.5231 0.7986
vn 0.6703 0.3036 0.6771
vn -0.1015 0.0812 0.9915
vn -0.1713 -0.9754 -0.1390
vn -0.0362 0.0273 -0.9990
vn -0.4647 -0.1890 -0.8651
vn -0.4575 0.3322 -0.8248
vn -0.3094 -0.6062 -0.7327
vn -0.2150 -0.8859 -0.4110
vn 0.8409 -0.5355 -0.0789
vn 0.9038 0.2210 -0.3666
vn 0.9266 0.3286 0.1831
vn -0.2530 0.3695 -0.8941
vn -0.4660 -0.0897 -0.8802
vn 0.1437 0.4602 0.8761
vn 0.1745 0.8724 0.4566
vn 0.1724 0.8695 0.4629
vn -0.1558 0.9443 0.2900
vn 0.3181 0.7933 0.5192
vn 0.7219 0.6589 0.2115
vn -0.1609 0.6050 0.7798
vn 0.1377 0.8677 0.4775
vn 0.1119 0.8845 0.4530
vn -0.0138 0.7551 -0.6555
vn -0.1888 0.0627 -0.9800
vn -0.3590 0.5297 -0.7685
vn -0.8098 -0.2717 -0.5200
vn -0.9076 -0.1518 0.3914
vn -0.8374 0.5442 -0.0506
vn -0.3879 -0.7785 -0.4935
vn -0.7578 -0.6295 -0.1714
vn -0.4020 -0.3833 -0.8315
vn 0.8423 -0.5255 -0.1196
vn 0.9043 0.2529 -0.3440
vn 0.9253 0.3152 0.2108
vn -0.8504 0.1378 -0.5078
vn -0.9162 0.0273 0.3997
vn -0.8899 0.4558 0.0157
vn 0.5555 -0.7219 0.4127
vn 0.6661 -0.0779 0.7418
vn -0.1297 -0.4321 0.8925
vn 0.0727 -0.8519 0.5187
vn 0.7289 -0.3503 0.5882
vn 0.3387 -0.0482 0.9396
vn -0.0262 0.8008 -0.5983
vn -0.2006 0.1470 -0.9686
vn -0.3510 0.5918 -0.7256
vn -0.1054 -0.7778 -0.6196
vn -0.3888 -0.7384 -0.5510
vn -0.6830 -0.7162 -0.1432
vn -0.4026 -0.3156 -0.8593
vn 0.1767 0.9061 0.3845
vn 0.1728 0.9091 0.3791
vn 0.2492 0.8951 0.3696
vn 0.2343 0.9051 0.3547
vn 0.2275 0.9019 0.3671
vn -0.9928 0.0978 0.0696
vn -0.9926 0.0915 0.0799
vn -0.9923 0.1070 0.0618
vn 0.9220 -0.1110 0.3709
vn 0.8184 -0.5242 -0.2356
vn 0.8812 0.2633 -0.3926
vn -0.1485 0.8875 0.4363
vn 0.3150 0.7140 0.6252
vn 0.7540 0.5481 0.3620
vn 0.9934 0.0187 -0.1128
vn 0.5453 -0.7916 0.2756
vn 0.6876 -0.1791 0.7036
vn -0.1090 -0.5546 0.8249
vn -0.9922 0.1194 0.0355
vn -0.9920 0.1253 0.0124
vn -0.9924 0.1206 0.0235
vn -0.8843 -0.4600 0.0803
vn -0.9055 0.1659 0.3905
vn -0.9088 0.3422 -0.2386
vn 0.6684 0.5175 0.5342
vn 0.8725 -0.3141 0.3743
vn 0.6622 -0.3949 -0.6368
vn 0.9927 0.0657 -0.1016
vn -0.9927 -0.1188 -0.0190
vn -0.9925 -0.1179 -0.0310
vn -0.9923 -0.1235 -0.0079
vn -0.0407 0.6159 -0.7868
vn -0.3488 0.2509 -0.9030
vn -0.0566 0.6231 -0.7801
vn 0.9949 0.0792 -0.0618
vn -0.2130 -0.9165 0.3385
vn 0.3998 -0.4883 0.7757
vn -0.3265 -0.3338 0.8843
vn -0.7944 0.3891 0.4663
vn -0.8910 0.1339 0.4339
vn 0.9185 -0.0786 0.3875
vn 0.9143 -0.0765 0.3978
vn -0.9536 -0.0080 -0.3011
vn -0.8152 0.2132 -0.5385
vn -0.8153 0.2107 -0.5394
vn -0.0813 -0.8854 -0.4576
vn -0.1907 -0.6485 -0.7369
vn 0.0049 -0.4144 -0.9101
vn -0.9095 -0.3745 0.1803
vn -0.7831 -0.5951 0.1804
vn 0.9190 -0.3340 0.2095
vn 0.9231 -0.3299 0.1979
vn -0.1920 -0.9490 0.2502
vn 0.3933 -0.5427 0.7422
vn -0.3324 -0.4135 0.8477
vn -0.9184 0.3513 -0.1819
vn -0.8686 -0.3307 -0.3691
vn -0.9099 0.0326 0.4136
vn 0.3015 -0.4874 0.8195
vn 0.4433 -0.1087 0.8898
vn 0.0863 0.0713 0.9937
vn -0.9226 0.1577 -0.3521
vn -0.8019 0.3837 -0.4580
vn -0.8019 0.3826 -0.4589
vn -0.2732 -0.9134 -0.3016
vn 0.3773 -0.8731 0.3088
vn -0.3420 -0.8175 0.4633
vn 0.0679 -0.5566 -0.8280
vn -0.3549 -0.5667 -0.7436
vn -0.6097 -0.2073 -0.7650
vn 0.9092 -0.3790 -0.1722
vn 0.9071 -0.3849 -0.1704
vn -0.1633 0.9814 0.1011
vn -0.3621 0.8652 -0.3469
vn -0.1757 0.9782 0.1106
vn -0.7878 0.5003 -0.3593
vn -0.7879 0.4993 -0.3605
vn -0.9253 0.2867 -0.2482
vn -0.7700 -0.5988 -0.2201
vn -0.7703 -0.5994 -0.2174
vn -0.9311 -0.3523 -0.0949
vn -0.8010 0.5271 -0.2837
vn -0.8020 0.5235 -0.2877
vn -0.9359 0.3173 -0.1529
vn 0.9334 -0.1115 -0.3412
vn 0.9319 -0.1155 -0.3439
vn 0.9210 -0.0177 -0.3893
vn 0.9198 -0.0213 -0.3918
vn 0.8610 -0.4668 0.2020
vn 0.8476 -0.0240 -0.5301
vn 0.9419 0.3249 0.0853
vn -0.7956 0.5795 -0.1767
vn -0.7961 0.5784 -0.1781
vn -0.9203 0.3908 -0.0159
vn 0.0201 -0.7392 0.6732
vn 0.7406 -0.2385 0.6281
vn 0.3359 0.0685 0.9394
vn -0.9929 -0.1143 0.0325
vn -0.9927 -0.1187 0.0212
vn -0.9921 -0.1172 0.0442
vn 0.9940 -0.1010 0.0419
vn -0.9876 0.1497 -0.0480
vn -0.9872 0.1549 -0.0371
vn -0.9870 0.1497 -0.0590
vn 0.0743 0.6340 0.7697
vn 0.1986 0.0764 0.9771
vn 0.2747 0.8852 0.3756
vn 0.9946 -0.0777 0.0689
vn 0.8506 -0.0023 -0.5258
vn 0.9129 0.4014 -0.0746
vn 0.9080 -0.1927 0.3720
vn 0.9933 -0.0573 0.1007
vn -0.9907 -0.1047 0.0867
vn -0.9903 -0.1142 0.0793
vn -0.9901 -0.1013 0.0971
vn 0.9948 -0.0251 0.0989
vn 0.3349 -0.9090 0.2481
vn 0.6871 -0.1922 0.7007
vn -0.1047 -0.5806 0.8074
vn -0.3072 -0.0777 -0.9485
vn 0.3938 -0.3495 -0.8501
vn -0.2970 -0.6677 -0.6826
vn -0.9930 -0.0633 -0.1002
vn -0.9922 -0.0575 -0.1109
vn -0.9925 -0.0748 -0.0964
vn 0.9939 0.0018 0.1104
vn -0.9924 0.0265 -0.1202
vn -0.9920 0.0385 -0.1199
vn -0.9914 0.0192 -0.1298
vn -0.9934 0.0187 -0.1128
vn -0.9927 0.0657 -0.1016
vn 0.9950 0.0137 0.0987
vn 0.8559 -0.4440 0.2654
vn 0.8472 -0.0911 -0.5234
vn 0.9489 0.3112 0.0512
vn -0.9924 -0.0102 0.1225
vn -0.9921 -0.0223 0.1234
vn -0.9916 -0.0000 0.1290
vn 0.9936 0.0737 0.0856
vn 0.1919 0.5256 0.8288
vn 0.1859 0.5282 0.8285
vn 0.1675 0.5241 0.8350
vn -0.8635 0.1276 -0.4879
vn -0.9211 -0.2210 0.3204
vn -0.9173 0.3551 0.1804
vn 0.9942 0.0942 0.0518
vn -0.9920 -0.0551 0.1138
vn -0.9917 -0.0666 0.1098
vn -0.9912 -0.0476 0.1232
vn -0.4419 -0.8756 0.1951
vn 0.4052 -0.7561 0.5139
vn -0.2045 -0.5191 0.8299
vn -0.1784 0.9602 0.2149
vn 0.1743 0.7070 0.6854
vn -0.0982 0.9947 -0.0317
vn 0.9939 0.1085 0.0187
vn -0.9923 -0.1039 -0.0671
vn -0.9919 -0.0996 -0.0785
vn -0.9919 -0.1127 -0.0589
vn 0.9946 0.1034 -0.0105
vn 0.3826 0.4920 0.7820
vn 0.3936 0.4979 0.7728
vn 0.3900 0.5140 0.7640
vn 0.1263 0.9629 0.2385
vn 0.1238 0.9919 -0.0295
vn -0.4867 0.8381 -0.2463
vn -0.0830 -0.7282 -0.6803
vn 0.4602 -0.8718 -0.1681
vn -0.3410 -0.9399 -0.0194
vn 0.0148 0.9383 0.3454
vn -0.0565 0.9513 -0.3032
vn -0.3720 0.9124 0.1707
vn 0.1512 -0.4438 0.8833
vn 0.1460 -0.0268 0.9889
vn -0.0651 -0.8759 0.4781
vn -0.8175 0.1391 -0.5588
vn -0.9109 -0.3601 0.2014
vn -0.8293 0.4635 0.3122
vn 0.4735 -0.8793 -0.0511
vn 0.7166 -0.3356 0.6114
vn -0.0519 -0.8316 0.5529
vn 0.3459 -0.0782 -0.9350
vn 0.3318 -0.6598 -0.6742
vn -0.3938 -0.3489 -0.8504
vn -0.4159 0.0220 0.9091
vn 0.0917 -0.7351 0.6717
vn 0.2110 -0.4365 0.8746
vn 0.3569 -0.9329 -0.0483
vn 0.6786 -0.4192 0.6031
vn -0.1219 -0.8059 0.5794
vn 0.9174 -0.3976 -0.0179
vn 0.8128 0.1169 -0.5707
vn 0.8853 0.4414 0.1467
vn -0.3406 0.9102 0.2356
vn -0.4023 0.8722 -0.2784
vn -0.3710 0.8976 0.2382
vn 0.8444 0.2565 -0.4703
vn 0.9327 0.0999 0.3465
vn 0.8987 -0.4384 -0.0065
vn 0.2552 0.5728 -0.7789
vn 0.7914 0.1345 -0.5963
vn 0.7916 0.1202 -0.5991
vn -0.5692 -0.4590 0.6822
vn 0.1315 -0.8452 0.5180
vn 0.1687 -0.5246 0.8345
vn 0.0471 0.9914 -0.1221
vn 0.2433 0.7365 0.6312
vn 0.2865 0.8679 0.4058
vn 0.4656 0.8401 -0.2784
vn 0.8087 0.2624 -0.5264
vn 0.8090 0.2487 -0.5327
vn 0.3714 0.2591 -0.8916
vn 0.3962 -0.4128 -0.8201
vn -0.3218 0.0117 -0.9467
vn -0.2234 -0.9746 0.0128
vn 0.3972 -0.7192 0.5701
vn -0.3358 -0.6054 0.7216
vn 0.8167 0.3775 -0.4364
vn 0.8161 0.3636 -0.4491
vn 0.2545 0.6734 -0.6940
vn -0.4472 -0.7334 0.5119
vn 0.2821 -0.9044 0.3202
vn 0.2865 -0.6540 0.7002
vn -0.3192 0.8672 -0.3822
vn -0.6208 0.3891 -0.6806
vn -0.4885 0.8620 0.1353
vn 0.1852 0.8342 -0.5195
vn 0.7736 0.5204 -0.3616
vn 0.7728 0.5111 -0.3763
vn 0.1664 0.5866 0.7926
vn 0.1815 0.7679 0.6143
vn -0.2485 0.9542 0.1665
vn 0.0025 0.9768 0.2141
vn -0.4516 0.8907 -0.0532
vn -0.4293 0.7722 0.4683
vn 0.0853 -0.2554 -0.9631
vn -0.3313 -0.3388 -0.8806
vn -0.6557 -0.0623 -0.7524
vn 0.7970 0.6039 0.0025
vn 0.7979 0.6026 -0.0182
vn 0.4823 0.6232 -0.6157
vn 0.2180 0.3320 -0.9177
vn 0.2250 -0.1251 -0.9663
vn -0.4695 0.3673 -0.8029
vn -0.5736 0.6741 -0.4654
vn -0.3013 0.5446 -0.7827
vn -0.3073 0.5414 -0.7826
vn -0.1773 0.2135 -0.9607
vn -0.4401 0.5121 -0.7376
vn 0.2087 0.4114 -0.8872
vn 0.1646 0.4112 0.8966
vn 0.1865 0.6225 0.7601
vn -0.5489 0.4115 0.7276
vn 0.7516 0.6225 0.2180
vn 0.7512 0.6310 0.1938
vn 0.2642 0.9495 -0.1693
vn -0.3474 0.6128 -0.7097
vn -0.1060 0.3030 -0.9471
vn -0.0932 -0.1549 -0.9835
vn 0.0864 0.5223 -0.8484
vn 0.1193 0.0657 -0.9907
vn -0.5881 0.4698 -0.6584
vn -0.1737 -0.2759 0.9454
vn 0.3108 -0.4990 0.8090
vn 0.6867 -0.1387 0.7136
vn -0.6153 -0.7266 0.3058
vn 0.2382 -0.9670 0.0899
vn 0.0513 -0.9310 0.3615
vn -0.0276 -0.9968 -0.0748
vn 0.7444 -0.6297 0.2221
vn 0.3211 -0.6862 0.6527
vn 0.9259 0.0640 0.3723
vn 0.9304 0.0575 0.3621
vn -0.7758 0.0275 -0.6304
vn -0.7763 0.0216 -0.6300
vn -0.8914 0.1706 -0.4199
vn 0.9397 0.1498 0.3075
vn 0.9384 0.1624 0.3050
vn 0.0647 0.1733 -0.9827
vn -0.3277 0.0654 -0.9425
vn -0.6720 0.2725 -0.6886
vn 0.8627 -0.4190 0.2832
vn 0.8375 -0.3011 -0.4559
vn 0.8974 0.4139 -0.1530
vn -0.7737 0.4949 0.3956
vn -0.8853 0.2438 0.3961
vn 0.2054 0.3597 0.9102
vn -0.2955 0.4565 0.8392
vn 0.1994 0.3303 0.9226
vn 0.9196 0.3009 0.2527
vn 0.9242 0.2955 0.2419
vn -0.3916 -0.3638 -0.8451
vn -0.6828 -0.5536 -0.4768
vn -0.4042 0.1564 -0.9012
vn 0.8488 0.3666 -0.3810
vn 0.9157 0.3352 0.2217
vn 0.9076 -0.4026 0.1190
vn -0.3536 -0.0393 -0.9346
vn -0.3548 -0.0453 -0.9338
vn -0.0425 0.9418 0.3334
vn -0.2325 0.8995 -0.3700
vn -0.3516 0.9267 0.1330
vn -0.8959 0.3099 0.3184
vn -0.7889 0.5565 0.2607
vn -0.8819 -0.1775 -0.4367
vn -0.8111 -0.1952 -0.5514
vn -0.8110 -0.1972 -0.5507
vn -0.4465 -0.8875 -0.1137
vn 0.4038 -0.8860 0.2281
vn -0.2055 -0.7712 0.6025
vn -0.2565 0.9623 -0.0908
vn -0.0991 0.8368 -0.5384
vn -0.3048 0.9482 -0.0890
vn -0.7845 0.6036 0.1423
vn -0.9116 0.3645 0.1900
vn -0.0302 -0.9933 0.1114
vn 0.7436 -0.5724 0.3455
vn 0.3213 -0.5423 0.7763
vn -0.8036 -0.2845 -0.5228
vn -0.8033 -0.2873 -0.5217
vn -0.9051 -0.3709 -0.2080
vn 0.8544 -0.4258 -0.2980
vn 0.8421 0.4344 -0.3196
vn 0.9579 0.0650 0.2797
vn -0.8012 -0.1717 0.5732
vn -0.8011 -0.1695 0.5740
vn -0.9277 -0.1788 0.3276
vn 0.9165 0.3061 -0.2575
vn 0.9126 0.3132 -0.2628
vn 0.9117 0.1528 -0.3813
vn 0.9096 0.1542 -0.3858
vn -0.7995 -0.0581 0.5979
vn -0.7994 -0.0568 0.5981
vn -0.9334 -0.0413 0.3566
vn 0.2024 -0.0643 -0.9772
vn -0.0818 -0.4083 -0.9092
vn -0.7897 -0.4535 -0.4132
vn -0.7897 -0.4551 -0.4114
vn -0.8995 -0.1316 -0.4166
vn -0.3159 -0.1591 -0.9353
vn -0.2141 -0.5636 -0.7978
vn -0.3232 -0.3415 0.8826
vn 0.2174 -0.0222 0.9758
vn 0.2087 0.2173 0.9535
vn 0.2630 0.2096 0.9418
vn 0.2861 0.4476 0.8472
vn -0.2980 -0.1222 0.9467
vn -0.2151 -0.6867 -0.6944
vn -0.9097 0.3315 0.2502
vn -0.9121 0.3957 0.1069
vn -0.3754 0.8703 0.3188
vn 0.2880 0.9349 0.2073
vn 0.2652 0.9380 -0.2233
vn 0.2712 0.9408 -0.2035
vn 0.3381 0.7092 -0.6187
vn -0.3968 0.9113 -0.1103
vn 0.1564 0.6343 -0.7571
vn 0.1927 0.2397 -0.9515
vn -0.5447 0.5759 -0.6096
vn 0.8556 -0.5176 0.0068
vn 0.8467 0.1826 -0.4998
vn 0.9493 0.2439 0.1984
vn -0.8959 -0.0754 -0.4377
vn -0.8999 -0.2571 -0.3522
vn -0.4246 -0.3135 -0.8494
vn 0.2461 -0.3165 -0.9161
vn 0.2380 -0.8007 -0.5498
vn -0.2880 -0.9503 -0.1184
vn 0.2115 -0.5327 -0.8195
vn 0.4156 -0.8469 -0.3318
vn 0.2619 -0.8136 -0.5190
vn 0.0009 -0.9887 -0.1497
vn -0.3456 -0.4204 -0.8389
vn 0.3900 -0.8931 -0.2241
vn 0.6864 -0.5225 0.5059
vn -0.1155 -0.9046 0.4103
vn -0.9069 -0.2506 0.3386
vn -0.9180 -0.0973 0.3845
vn 0.2117 -0.2672 0.9401
vn 0.2064 0.1735 0.9630
vn -0.3277 0.3754 0.8670
vn -0.9184 0.0202 0.3952
vn -0.2051 0.6241 -0.7539
vn -0.1755 0.1456 -0.9737
vn -0.2391 0.6145 -0.7518
vn -0.8194 0.1889 -0.5413
vn -0.9138 -0.3686 0.1706
vn -0.8271 0.4320 0.3595
vn 0.0031 0.9793 -0.2024
vn -0.0755 0.7481 -0.6592
vn -0.0552 0.9763 -0.2093
vn -0.9048 0.4203 -0.0690
vn 0.3912 -0.8488 -0.3557
vn 0.6828 -0.6013 0.4151
vn -0.1270 -0.9538 0.2724
vn -0.2173 -0.1498 -0.9646
vn -0.9049 0.1203 -0.4082
vn 0.1127 0.2511 0.9614
vn 0.2938 -0.2875 0.9116
vn 0.3961 0.6198 0.6774
vn 0.2615 0.0439 0.9642
vn 0.2485 0.0503 0.9673
vn 0.2484 0.0400 0.9678
vn -0.8566 0.4811 -0.1863
vn -0.9121 -0.3189 0.2575
vn -0.8925 0.2418 0.3809
vn -0.9165 0.3607 -0.1728
vn -0.8506 -0.2982 -0.4330
vn -0.9198 -0.0185 0.3919
vn -0.3178 0.9163 -0.2438
vn -0.5952 0.4940 -0.6338
vn -0.4923 0.8312 0.2583
vn -0.3873 0.0276 -0.9215
vn -0.6792 -0.3022 -0.6689
vn -0.4022 0.5226 -0.7518
vn 0.3134 -0.9316 -0.1839
vn 0.8152 -0.4697 -0.3389
vn 0.8150 -0.4772 -0.3287
vn -0.3168 0.9445 0.0870
vn -0.6037 0.6755 -0.4234
vn -0.4950 0.6896 0.5286
vn -0.3846 0.5487 -0.7423
vn -0.6800 0.1401 -0.7197
vn -0.3973 0.8592 -0.3224
vn -0.8947 0.1604 -0.4169
vn -0.8839 -0.3157 0.3451
vn -0.9140 0.1970 0.3546
vn 0.5330 -0.5284 -0.6609
vn 0.6960 -0.7159 0.0549
vn -0.1087 -0.9660 -0.2346
vn 0.7955 -0.5970 -0.1036
vn 0.7969 -0.5974 -0.0895
vn 0.4737 -0.7190 0.5086
vn -0.8581 0.1599 -0.4879
vn -0.9054 -0.3760 0.1972
vn -0.9240 0.1679 0.3435
vn 0.2426 -0.8788 0.4109
vn 0.7988 -0.6001 0.0425
vn 0.8000 -0.5971 0.0589
vn 0.3690 -0.8993 -0.2346
vn 0.7944 -0.5788 0.1844
vn 0.7943 -0.5722 0.2041
vn 0.3989 -0.4871 -0.7769
vn 0.6908 -0.7229 -0.0163
vn -0.1112 -0.9404 -0.3213
vn 0.8298 -0.4658 0.3074
vn 0.8300 -0.4520 0.3270
vn 0.3712 -0.9250 0.0808
vn -0.9184 -0.3885 -0.0749
vn 0.6880 -0.3410 -0.6406
vn 0.7124 -0.7001 -0.0492
vn -0.0414 -0.8533 -0.5199
vn 0.7805 -0.3965 0.4833
vn 0.7814 -0.3814 0.4939
vn 0.2499 -0.8246 0.5076
vn 0.7753 -0.2069 0.5968
vn 0.7757 -0.1868 0.6028
vn 0.1917 -0.2223 0.9560
vn -0.8756 0.4065 -0.2610
vn -0.9185 -0.3726 0.1326
vn -0.9268 0.3391 0.1613
vn -0.3480 0.8217 0.4514
vn -0.7322 0.6709 0.1172
vn -0.3719 0.8122 0.4495
vn -0.0614 -0.1285 0.9898
vn 0.2575 -0.5462 0.7971
vn 0.6364 -0.1892 0.7478
vn 0.1148 -0.1648 0.9796
vn 0.7150 0.0289 0.6986
vn 0.7165 0.0545 0.6955
vn -0.1122 0.4741 -0.8733
vn -0.1053 0.4764 -0.8729
vn 0.3774 0.3512 0.8569
vn 0.3920 0.3545 0.8489
vn 0.3894 0.3719 0.8427
vn 0.7547 0.2857 0.5906
vn 0.7575 0.3067 0.5763
vn 0.1477 0.4912 0.8584
vn 0.0724 -0.1355 0.9881
vn 0.0800 -0.1624 0.9835
vn 0.0957 -0.1424 0.9852
vn -0.1930 -0.2486 0.9492
vn 0.3177 -0.3767 0.8702
vn 0.7459 -0.1536 0.6481
vn -0.9119 -0.4027 0.0789
vn -0.8977 0.1932 0.3959
vn -0.1164 0.8241 0.5544
vn -0.5724 0.7775 0.2606
vn -0.1895 0.8121 0.5519
vn 0.1411 0.9730 0.1827
vn 0.0474 0.7939 -0.6063
vn 0.0021 0.5273 0.8497
vn 0.1456 -0.9865 0.0749
vn 0.1471 -0.9859 0.0797
vn 0.1002 -0.6043 0.7905
vn 0.1452 -0.9314 0.3338
vn -0.0918 -0.3996 0.9121
vn -0.0167 -0.8871 -0.4612
vn -0.0101 -0.4130 0.9107
vn -0.0054 -0.4068 0.9135
vn -0.1345 0.3847 0.9132
vn 0.1467 0.8940 0.4233
vn 0.0706 0.9195 -0.3867
vn -0.0391 0.3036 0.9520
vn 0.1534 0.7508 0.6424
vn 0.0548 0.9901 -0.1294
vn 0.0182 0.0316 0.9993
vn 0.0512 0.6456 -0.7620
vn 0.0524 0.6441 -0.7632
vn -0.0375 -0.1290 -0.9909
vn 0.1762 -0.8120 0.5565
vn -0.0146 -0.1361 0.9906
vn 0.0890 -0.9670 -0.2386
vn 0.0175 0.5907 0.8067
vn 0.0118 0.9949 0.1000
vn -0.0717 -0.2001 0.9772
vn -0.2041 0.1627 0.9653
vn -0.1847 0.6374 0.7481
vn -0.2909 0.1521 0.9446
vn 0.0279 0.1829 0.9827
vn -0.4081 0.4346 0.8029
vn -0.4040 -0.1307 0.9054
vn 0.5150 0.3397 -0.7870
vn 0.7117 -0.4631 -0.5282
vn -0.0417 -0.2310 -0.9721
vn -0.8895 0.4440 -0.1084
vn -0.8890 -0.4570 -0.0299
vn -0.9131 -0.1314 0.3859
vn -0.8625 0.4114 0.2946
vn -0.9198 -0.2256 -0.3211
vn -0.9147 -0.2958 0.2753
vn -0.0169 -0.0694 0.9974
vn 0.0233 0.5249 0.8508
vn -0.3916 0.1334 0.9104
vn 0.7281 0.6836 -0.0501
vn 0.6755 0.3096 0.6693
vn 0.9280 -0.1215 0.3522
vn -0.3505 0.9262 0.1387
vn -0.3459 0.9315 0.1122
vn -0.3705 0.9205 0.1238
vn 0.3191 0.5788 -0.7505
vn 0.6688 -0.2582 -0.6972
vn -0.1044 -0.0206 -0.9943
vn -0.0908 -0.0416 -0.9950
vn 0.4518 -0.5824 -0.6758
vn -0.3189 -0.6393 -0.6997
vn 0.1116 -0.9923 -0.0542
vn 0.1121 -0.9914 -0.0673
vn 0.1204 -0.9905 -0.0662
vn 0.1972 -0.8774 0.4373
vn -0.2614 -0.7273 0.6346
vn 0.1922 -0.8869 0.4202
vn -0.9304 0.0404 0.3644
vn -0.8620 0.4188 -0.2856
vn -0.9130 -0.4079 -0.0094
vn 0.2039 -0.9103 0.3603
vn -0.2790 -0.8149 0.5081
vn 0.1969 -0.9216 0.3345
vn -0.2074 0.9614 0.1806
vn -0.0944 0.9540 -0.2846
vn -0.2920 0.7446 -0.6002
vn -0.8706 0.4331 0.2335
vn -0.6672 0.7102 -0.2245
vn -0.6624 -0.7173 -0.2161
vn -0.8718 -0.2135 0.4409
vn -0.6624 0.7444 0.0842
vn -0.6706 -0.6055 -0.4286
vn -0.8684 -0.4131 0.2742
vn -0.6713 0.6913 0.2672
vn -0.6610 -0.5372 -0.5239
vn -0.8713 -0.4671 0.1507
vn -0.6685 0.6203 0.4104
vn -0.6659 -0.4085 -0.6243
vn -0.0922 0.8427 -0.5304
vn -0.1773 0.9644 -0.1959
vn 0.0125 0.9932 0.1160
vn -0.6652 0.6012 0.4428
vn -0.6631 -0.3180 -0.6776
vn -0.8718 -0.4863 0.0587
vn -0.6684 0.5196 0.5321
vn -0.6618 0.1595 -0.7325
vn -0.8716 -0.4872 -0.0538
vn -0.6703 0.2271 0.7065
vn -0.6634 0.0323 -0.7476
vn -0.8730 -0.4717 0.1239
vn -0.6686 0.1129 0.7350
vn -0.6665 -0.0990 -0.7389
vn -0.8742 -0.4539 -0.1722
vn -0.6681 0.3106 0.6762
vn -0.6645 0.3516 -0.6594
vn -0.8721 -0.4005 -0.2813
vn -0.6678 -0.0673 0.7413
vn -0.6661 0.3282 -0.6698
vn -0.8738 -0.3313 -0.3559
vn -0.6675 -0.2257 0.7096
vn -0.6673 0.4393 -0.6015
vn -0.8742 -0.2913 -0.3885
vn -0.6667 -0.3651 0.6498
vn -0.6677 0.5657 -0.4839
vn -0.8744 -0.2677 -0.4046
vn -0.6686 -0.6550 0.3521
vn -0.6662 0.7392 -0.0992
vn -0.8741 -0.2254 -0.4302
vn -0.6704 -0.7007 0.2442
vn -0.6640 0.7418 0.0938
vn -0.8744 0.1321 -0.4669
vn -0.6677 -0.7352 0.1169
vn -0.6676 -0.2534 0.7001
vn -0.8698 0.3996 -0.2894
vn -0.6625 -0.7483 0.0331
vn -0.6692 0.7405 0.0619
vn -0.8693 -0.0352 -0.4931
vn -0.6599 -0.7353 -0.1544
vn -0.6710 0.7193 0.1801
vn -0.8708 0.3234 -0.3704
vn -0.6720 -0.7389 0.0486
vn -0.6606 0.5939 0.4592
vn -0.8717 0.3491 -0.3441
vn -0.6717 -0.7101 -0.2110
vn -0.6568 0.2243 0.7199
vn -0.8727 0.4736 -0.1188
vn 0.1262 -0.9607 -0.2473
vn 0.4172 -0.9085 0.0260
vn 0.2356 -0.8861 0.3991
vn -0.6699 -0.2093 -0.7123
vn -0.6584 -0.1840 0.7299
vn -0.8738 0.4281 0.2307
vn 0.4448 0.3027 -0.8429
vn 0.7193 -0.5084 -0.4734
vn -0.0231 -0.3157 -0.9486
vn -0.8644 0.2987 0.4044
vn -0.6701 0.1036 -0.7350
vn -0.6609 -0.3047 0.6858
vn -0.8711 0.2159 0.4411
vn -0.6632 0.1395 -0.7353
vn -0.6634 -0.4179 0.6207
vn -0.8715 0.0783 0.4840
vn -0.6615 0.2501 -0.7070
vn -0.6661 -0.5931 0.4523
vn -0.8707 0.0557 0.4886
vn -0.6628 0.3552 -0.6591
vn -0.6658 -0.6530 0.3611
vn -0.8705 -0.0792 0.4857
vn -0.6646 0.5194 -0.5372
vn -0.6637 -0.7464 0.0491
vn 0.2193 -0.8935 0.3919
vn 0.2103 -0.8928 0.3984
vn -0.3179 0.3873 0.8654
vn -0.6045 0.6998 0.3806
vn -0.4960 -0.1230 0.8595
vn -0.2238 -0.0890 0.9706
vn 0.1117 0.3308 0.9371
vn -0.2804 -0.0565 0.9582
vn -0.4224 0.3779 -0.8239
vn 0.3907 0.0032 -0.9205
vn -0.2261 -0.3830 -0.8957
vn 0.8154 0.5749 0.0679
vn 0.8705 -0.1575 0.4663
vn 0.8694 0.1472 -0.4718
vn -0.8904 0.4528 0.0461
vn -0.8897 -0.4165 -0.1870
vn -0.9148 -0.2573 0.3112
vn -0.3128 0.2361 0.9200
vn -0.6023 0.6259 0.4955
vn -0.4880 -0.2699 0.8301
vn 0.9008 -0.0216 -0.4338
vn 0.8458 0.4187 -0.3306
vn 0.8990 0.0576 0.4341
vn -0.1616 0.2287 -0.9600
vn 0.4457 -0.3591 -0.8200
vn -0.3166 -0.4211 -0.8500
vn -0.2255 0.1616 0.9607
vn 0.1190 0.5537 0.8242
vn -0.2798 0.1908 0.9409
vn -0.1082 0.9759 -0.1896
vn 0.3057 0.9201 -0.2447
vn -0.1319 0.9641 -0.2305
vn 0.0638 0.9954 -0.0711
vn -0.3548 0.9266 -0.1246
vn -0.6121 0.7637 0.2053
vn -0.8573 0.4580 -0.2350
vn -0.9086 -0.3964 -0.1316
vn -0.9262 -0.1246 0.3557
vn 0.3704 -0.9180 0.1414
vn 0.3750 -0.9160 0.1429
vn 0.3647 -0.9157 0.1687
vn 0.2260 -0.9619 0.1539
vn 0.2262 -0.9609 0.1598
vn -0.3230 -0.3404 0.8831
vn -0.4555 0.1940 0.8688
vn -0.3934 -0.3381 0.8549
vn -0.1185 0.9359 0.3318
vn -0.0635 0.9465 0.3163
vn -0.1114 0.9526 0.2832
vn -0.1057 0.9090 0.4032
vn 0.3077 0.8941 0.3253
vn -0.1295 0.9227 0.3630
vn 0.3818 -0.9153 0.1283
vn 0.7485 -0.6508 -0.1273
vn 0.4518 -0.6832 0.5736
vn 0.8488 0.3088 0.4291
vn 0.9187 -0.2722 0.2863
vn 0.9112 -0.0430 -0.4096
vn -0.0780 0.9261 0.3691
vn 0.0151 0.9997 0.0187
vn -0.0928 0.9318 0.3508
vn -0.9299 0.2258 0.2904
vn -0.8613 -0.2016 -0.4665
vn -0.8380 -0.4153 0.3539
vn -0.2720 0.9528 -0.1347
vn -0.2240 0.9648 -0.1377
vn -0.2458 0.9590 -0.1412
vn -0.4225 -0.2875 0.8596
vn 0.2362 0.3364 0.9116
vn -0.4960 0.2866 0.8197
vn 0.0581 -0.4074 0.9114
vn 0.3945 0.4058 0.8244
vn -0.3350 0.1358 0.9324
vn 0.8890 -0.4568 0.0317
vn 0.8982 0.2927 -0.3281
vn 0.9277 0.1896 0.3215
vn 0.2541 -0.2147 -0.9431
vn 0.0410 -0.6396 -0.7676
vn -0.2635 0.9563 -0.1269
vn -0.2503 0.9621 -0.1086
vn -0.8899 0.4395 0.1217
vn -0.8903 -0.3778 -0.2541
vn -0.9149 -0.3057 0.2635
vn -0.2219 -0.2600 0.9398
vn 0.1226 0.1534 0.9805
vn -0.2763 -0.2255 0.9342
vn 0.2470 0.8284 0.5028
vn 0.1316 0.9897 -0.0558
vn -0.1064 0.9607 0.2565
vn -0.3846 0.7096 -0.5904
vn -0.1645 0.9785 -0.1243
vn -0.1533 0.9796 -0.1299
vn 0.9163 0.1333 -0.3776
vn 0.9225 0.2901 0.2548
vn 0.8551 -0.5160 0.0503
vn -0.2124 0.9198 0.3298
vn -0.8622 0.1627 0.4797
vn -0.9196 -0.0060 -0.3928
vn -0.9161 -0.3977 0.0502
vn -0.4314 -0.4433 0.7858
vn -0.0022 0.2301 0.9732
vn -0.7054 0.4119 0.5768
vn -0.8623 0.2089 0.4612
vn -0.9214 -0.0367 -0.3870
vn -0.9153 -0.3930 0.0877
vn -0.2594 0.9332 0.2486
vn -0.0333 0.9718 -0.2335
vn -0.4261 0.8954 -0.1289
vn 0.3275 -0.0956 -0.9400
vn 0.7092 0.2362 -0.6643
vn 0.6039 -0.5147 -0.6086
vn -0.3072 -0.4662 0.8297
vn 0.0181 0.2939 0.9557
vn -0.6866 0.3676 0.6273
vn 0.0551 0.2629 -0.9633
vn 0.3552 -0.0096 -0.9347
vn -0.0186 -0.3870 -0.9219
vn 0.6345 -0.7682 -0.0856
vn 0.3130 -0.9494 0.0267
vn 0.3022 -0.9532 0.0052
vn 0.2242 -0.9732 0.0505
vn 0.2189 -0.9741 0.0564
vn -0.2482 0.5663 -0.7859
vn 0.6222 0.2540 -0.7405
vn -0.1129 0.1452 -0.9829
vn -0.0213 0.7171 -0.6966
vn 0.7398 0.2302 -0.6323
vn 0.3226 -0.0477 -0.9453
vn -0.3145 -0.4913 0.8122
vn -0.6008 0.0873 0.7946
vn -0.4925 -0.7786 0.3887
vn -0.2186 0.8758 0.4303
vn 0.0188 -0.0726 -0.9972
vn 0.0377 -0.0554 -0.9978
vn -0.0570 -0.5319 -0.8449
vn 0.0154 -0.8407 -0.5412
vn 0.4033 -0.7807 -0.4773
vn 0.3204 -0.9411 -0.1080
vn 0.0869 -0.8096 -0.5805
vn 0.0883 -0.3667 -0.9261
vn 0.4846 -0.8547 -0.1861
vn -0.8475 -0.4296 0.3117
vn -0.8918 -0.0550 0.4492
vn -0.9061 0.0449 -0.4206
vn -0.2172 0.9744 -0.0576
vn -0.2213 0.9728 -0.0690
vn 0.9176 0.1499 -0.3682
vn 0.9227 0.2310 0.3085
vn 0.8800 -0.4370 0.1864
vn -0.2173 0.7861 0.5787
vn 0.2380 0.6756 0.6977
vn 0.1213 0.9683 0.2182
vn -0.1077 0.8618 0.4957
vn -0.8517 -0.0868 0.5168
vn -0.9177 -0.0388 -0.3954
vn -0.8980 -0.4400 0.0020
vn -0.2099 -0.4284 0.8789
vn -0.0285 0.0431 0.9987
vn -0.2858 -0.4156 0.8635
vn -0.2229 0.8263 0.5173
vn -0.2734 -0.3949 0.8771
vn 0.2887 0.3041 0.9078
vn -0.4058 0.2440 0.8808
vn 0.3791 -0.9223 0.0746
vn 0.4845 -0.7809 -0.3942
vn 0.7876 -0.5830 0.1995
vn -0.3254 0.7923 -0.5162
vn 0.3386 0.4112 -0.8463
vn -0.2567 -0.1002 -0.9613
vn -0.2011 0.9791 -0.0308
vn -0.2076 0.9782 -0.0016
vn 0.3128 0.9496 -0.0180
vn 0.1164 -0.9928 0.0280
vn 0.1126 -0.9931 0.0336
vn -0.3029 -0.9514 0.0557
vn -0.7860 -0.4911 0.3755
vn -0.8709 -0.0135 0.4912
vn -0.8739 -0.1249 -0.4698
vn 0.0516 0.3774 -0.9246
vn 0.3670 0.0912 -0.9258
vn -0.0206 -0.3088 -0.9509
vn -0.1014 0.7144 0.6923
vn 0.3113 0.7259 0.6133
vn -0.1196 0.7355 0.6669
vn 0.0132 -0.6280 0.7781
vn -0.0826 -0.1594 0.9837
vn -0.0455 -0.6182 0.7847
vn 0.1088 -0.9921 -0.0619
vn 0.1042 -0.9925 -0.0637
vn 0.6516 -0.7409 -0.1625
vn 0.3033 -0.9497 -0.0785
vn 0.2177 -0.9758 -0.0202
vn 0.1849 0.9233 -0.3367
vn 0.4119 0.2382 -0.8795
vn -0.1861 0.4910 -0.8510
vn -0.3610 0.8683 -0.3400
vn 0.3653 0.5686 -0.7370
vn -0.3063 0.4098 -0.8592
vn -0.0787 0.7499 0.6568
vn 0.0214 0.9376 0.3472
vn -0.0906 0.7592 0.6446
vn -0.3781 0.9247 0.0434
vn -0.3961 0.9181 0.0155
vn -0.3928 0.9190 0.0341
vn 0.8571 -0.2140 0.4686
vn 0.9179 0.1846 -0.3513
vn 0.9227 0.1991 0.3301
vn 0.2492 -0.0356 -0.9678
vn 0.2511 -0.0342 -0.9674
vn 0.0451 -0.4894 -0.8709
vn 0.9053 0.3054 -0.2954
vn 0.8446 0.3081 0.4378
vn 0.8689 -0.3351 0.3642
vn 0.9276 0.1506 -0.3419
vn 0.8494 0.5218 0.0795
vn 0.8811 -0.2992 0.3663
vn -0.2177 0.7016 0.6785
vn -0.1918 0.9134 -0.3589
vn 0.2508 0.3389 -0.9068
vn -0.3752 0.2846 -0.8822
vn -0.2270 -0.7408 0.6322
vn 0.1155 -0.4405 0.8903
vn -0.2685 -0.7170 0.6432
vn -0.0494 -0.4784 0.8767
vn 0.2116 0.3493 0.9128
vn -0.4590 0.0280 0.8880
vn -0.6544 0.7388 -0.1613
vn -0.1670 0.9852 0.0374
vn -0.1674 0.9852 0.0357
vn 0.0438 -0.6982 0.7146
vn -0.3390 -0.3639 0.8676
vn -0.3897 -0.8170 0.4250
vn -0.4328 -0.5621 0.7048
vn -0.0006 0.0729 0.9973
vn -0.7142 0.3075 0.6287
vn -0.2504 0.8745 0.4154
vn -0.2572 0.9131 -0.3164
vn -0.4323 0.9004 0.0491
vn -0.5524 -0.4200 0.7200
vn 0.0549 0.1875 0.9807
vn -0.6837 0.2845 0.6720
vn -0.0133 -0.9049 0.4254
vn 0.0222 -0.4735 0.8805
vn -0.3741 -0.7262 0.5768
vn 0.8171 0.2114 0.5363
vn 0.8815 -0.4272 0.2012
vn 0.8646 0.4551 -0.2131
vn -0.8803 0.3515 0.3186
vn -0.9086 0.2043 -0.3642
vn -0.8455 -0.4827 0.2282
vn 0.2044 -0.8332 -0.5138
vn 0.2392 -0.9652 -0.1058
vn 0.1713 -0.9754 -0.1390
vn 0.0901 -0.9819 -0.1665
vn 0.0318 -0.8936 -0.4477
vn 0.6325 -0.6941 -0.3437
vn 0.3370 -0.9286 -0.1556
vn 0.3206 0.9467 -0.0299
vn 0.6843 0.3596 -0.6344
vn -0.0792 0.7494 -0.6574
vn 0.0364 0.0178 -0.9992
vn 0.0709 0.5356 -0.8415
vn 0.1953 -0.4220 -0.8853
vn 0.3864 -0.9143 -0.1211
vn 0.5197 -0.6539 -0.5498
vn 0.5085 -0.7827 0.3591
vn 0.3217 0.9400 -0.1138
vn 0.6736 0.3093 -0.6712
vn -0.0922 0.6953 -0.7128
vn 0.0266 0.9903 -0.1367
vn 0.7228 0.5679 -0.3938
vn 0.3242 0.4645 -0.8241
vn -0.1137 0.5863 0.8021
vn 0.2978 0.6113 0.7333
vn -0.1264 0.6107 0.7817
vn 0.3503 0.2094 -0.9129
vn 0.3517 0.2090 -0.9125
vn 0.4759 -0.2745 -0.8356
vn 0.2776 -0.5170 0.8097
vn 0.2540 0.2893 0.9229
vn -0.3738 -0.1563 0.9142
vn -0.0363 -0.9574 0.2865
vn 0.0034 -0.6081 0.7938
vn -0.3796 -0.8083 0.4502
vn -0.2217 0.6011 0.7678
vn -0.9283 -0.3561 0.1067
vn -0.8652 0.3664 0.3423
vn -0.9107 -0.0655 -0.4078
vn 0.2415 -0.6023 -0.7608
vn 0.2434 -0.6060 -0.7573
vn -0.9483 0.2598 0.1825
vn -0.8576 -0.0652 -0.5102
vn -0.8475 -0.4732 0.2404
vn 0.8496 -0.0085 0.5273
vn 0.9018 -0.4155 0.1189
vn 0.8397 0.5200 -0.1563
vn -0.9307 -0.3489 0.1100
vn -0.8551 -0.3161 0.4110
vn -0.9225 0.2027 -0.3285
vn 0.0941 -0.8124 -0.5755
vn 0.2933 -0.8849 0.3619
vn 0.0841 -0.9862 -0.1427
vn 0.1842 0.9814 0.0535
vn -0.6196 0.7560 -0.2112
vn -0.3019 0.9300 0.2095
vn -0.0207 -0.8379 0.5455
vn -0.3461 -0.4934 0.7980
vn -0.0761 -0.8314 0.5504
vn -0.6370 -0.5002 0.5865
vn 0.0279 -0.0150 0.9995
vn -0.7135 0.2482 0.6552
vn 0.8925 -0.4365 0.1134
vn 0.9047 0.2748 -0.3255
vn 0.9023 0.2913 0.3178
vn -0.9161 -0.3674 0.1604
vn -0.8648 0.2592 0.4301
vn -0.9188 -0.0345 -0.3933
vn -0.3475 -0.6495 0.6763
vn 0.0740 0.0138 0.9972
vn -0.6712 0.2208 0.7076
vn -0.3940 0.9100 -0.1288
vn 0.2917 0.7435 -0.6017
vn -0.2902 0.2957 -0.9102
vn 0.1751 0.8389 0.5154
vn -0.1029 0.9865 0.1275
vn -0.1393 0.9807 0.1369
vn -0.0190 0.7118 0.7022
vn -0.1971 0.4399 0.8762
vn -0.1646 0.0993 0.9813
vn 0.1183 -0.9643 -0.2369
vn 0.1088 -0.9673 -0.2292
vn -0.1313 -0.7690 -0.6256
vn 0.0897 -0.9565 -0.2778
vn 0.0805 -0.9579 -0.2757
vn 0.2162 -0.9615 -0.1699
vn -0.2196 0.4650 0.8576
vn -0.3713 0.4438 0.8156
vn -0.3672 0.4520 0.8129
vn -0.3833 0.4403 0.8119
vn 0.2310 -0.3605 -0.9037
vn 0.0509 -0.7808 -0.6228
vn 0.2264 -0.3493 -0.9092
vn 0.0005 0.1942 -0.9810
vn 0.0310 0.2145 -0.9762
vn -0.1786 -0.2493 -0.9518
vn -0.8605 -0.1872 0.4738
vn -0.9224 0.2447 -0.2990
vn -0.9178 -0.3381 -0.2081
vn -0.3834 0.9006 0.2049
vn -0.3819 0.9076 0.1743
vn -0.4014 0.8960 0.1901
vn 0.3234 -0.5721 0.7537
vn 0.2421 0.2032 0.9487
vn -0.3825 -0.2478 0.8901
vn 0.2503 0.1251 -0.9600
vn 0.2554 0.1274 -0.9584
vn 0.0687 -0.3407 -0.9376
vn -0.4918 0.8613 -0.1280
vn 0.3261 0.7829 -0.5298
vn -0.2362 0.5878 -0.7737
vn -0.2571 -0.8942 0.3665
vn -0.1060 -0.6281 0.7708
vn -0.2892 -0.8844 0.3663
vn -0.1944 -0.7146 0.6719
vn 0.1134 -0.2361 0.9651
vn -0.7561 -0.1629 0.6338
vn 0.2235 0.9661 0.1295
vn -0.6831 0.7291 -0.0423
vn -0.2941 0.9174 0.2682
vn -0.0990 -0.7032 -0.7041
vn 0.3097 -0.3966 -0.8642
vn 0.7517 -0.3098 -0.5822
vn 0.8778 -0.4783 0.0269
vn 0.9049 0.2694 -0.3296
vn 0.9224 0.2200 0.3176
vn 0.3363 0.2376 -0.9113
vn 0.7131 0.4542 -0.5341
vn 0.6004 -0.2700 -0.7527
vn -0.5671 -0.5667 0.5977
vn 0.0800 -0.0675 0.9945
vn -0.6583 0.1539 0.7369
vn 0.2358 -0.4518 -0.8604
vn 0.4355 -0.7607 -0.4813
vn 0.2311 -0.4495 -0.8628
vn 0.1028 -0.9437 -0.3146
vn 0.1140 -0.9445 -0.3080
vn 0.0984 -0.9437 -0.3159
vn 0.3178 -0.7288 -0.6065
vn 0.2138 -0.9408 -0.2631
vn 0.0489 -0.7981 -0.6006
vn 0.6412 -0.6158 -0.4579
vn 0.3387 -0.8910 -0.3023
vn -0.5111 0.8594 -0.0130
vn 0.3095 0.8699 -0.3840
vn -0.2447 0.7048 -0.6658
vn -0.9172 -0.3913 0.0750
vn -0.8518 0.1900 0.4882
vn -0.9195 0.1212 -0.3740
vn -0.8606 -0.3047 0.4080
vn -0.9223 0.3143 -0.2249
vn -0.9178 -0.2745 -0.2870
vn 0.3881 -0.8819 -0.2676
vn 0.5283 -0.5507 -0.6463
vn 0.6357 -0.7551 0.1602
vn -0.8608 -0.2650 0.4345
vn -0.9221 0.2911 -0.2548
vn -0.9176 -0.2986 -0.2625
vn 0.7414 0.3174 0.5912
vn 0.8692 -0.4413 0.2229
vn 0.9553 0.0555 -0.2905
vn -0.2181 0.2309 0.9482
vn -0.9305 0.0784 0.3579
vn -0.8570 0.0196 -0.5149
vn -0.8411 -0.5227 0.1393
vn -0.0247 0.9995 0.0213
vn 0.7405 0.6169 -0.2667
vn 0.3274 0.6437 -0.6917
vn 0.3529 0.3080 -0.8835
vn 0.3583 0.3181 -0.8777
vn 0.4050 -0.2171 -0.8882
vn -0.0482 -0.7238 0.6883
vn 0.3609 0.0231 0.9323
vn -0.3988 -0.2407 0.8849
vn 0.2487 0.2094 -0.9457
vn 0.2554 0.2125 -0.9432
vn 0.0933 -0.2666 -0.9593
vn 0.2182 -0.3110 -0.9250
vn 0.4275 -0.6820 -0.5934
vn 0.2155 -0.3094 -0.9262
vn -0.5019 0.8630 0.0581
vn 0.3323 0.8957 -0.2954
vn -0.2315 0.7689 -0.5959
vn 0.2199 0.1294 -0.9669
vn 0.4055 -0.2153 -0.8884
vn 0.2547 -0.5798 -0.7740
vn -0.0118 -0.9734 0.2289
vn 0.0902 -0.7431 0.6631
vn -0.0280 -0.9727 0.2303
vn -0.9286 -0.3701 -0.0287
vn -0.8883 0.0968 0.4489
vn -0.9054 0.2057 -0.3715
vn -0.1834 0.7746 0.6053
vn -0.0673 0.9826 -0.1729
vn -0.7582 0.6492 -0.0613
vn -0.6554 -0.5756 0.4889
vn 0.0219 -0.1855 0.9824
vn -0.7106 0.1448 0.6885
vn 0.8771 -0.4800 -0.0155
vn 0.9052 0.2968 -0.3042
vn 0.9226 0.1897 0.3358
vn -0.5666 -0.6028 0.5618
vn 0.0748 -0.1385 0.9875
vn -0.6594 0.0883 0.7466
vn -0.0517 0.9389 0.3403
vn -0.2514 0.9491 -0.1897
vn -0.0729 0.6164 0.7840
vn -0.2429 0.9286 0.2805
vn -0.2340 0.9303 0.2824
vn 0.1168 0.9878 -0.1027
vn 0.0210 0.4151 0.9095
vn -0.2040 0.1276 0.9706
vn 0.1620 0.0191 0.9866
vn 0.1839 -0.9021 -0.3905
vn -0.0608 -0.7175 -0.6939
vn 0.5852 -0.7456 -0.3189
vn -0.3717 0.1484 0.9164
vn -0.3820 0.1804 0.9064
vn -0.3739 0.1450 0.9161
vn -0.1567 -0.9205 -0.3580
vn 0.0994 -0.7030 -0.7042
vn 0.1900 -0.9038 -0.3834
vn 0.1007 -0.9080 -0.4067
vn 0.1071 -0.9120 -0.3958
vn 0.1000 -0.9102 -0.4019
vn 0.0933 -0.7462 -0.6592
vn 0.6500 -0.5699 -0.5027
vn 0.3466 -0.8582 -0.3786
vn 0.2321 -0.9020 -0.3641
vn 0.2234 -0.9095 -0.3506
vn 0.3827 -0.8541 -0.3521
vn 0.5245 -0.4741 -0.7072
vn 0.5059 -0.8535 0.1247
vn -0.3289 -0.9444 -0.0039
vn -0.5964 -0.6501 0.4707
vn -0.5073 -0.7241 -0.4673
vn 0.8395 0.1595 0.5194
vn 0.9029 -0.4290 0.0247
vn 0.9306 -0.0393 -0.3640
vn 0.7503 0.2202 0.6234
vn 0.8733 -0.4647 0.1463
vn 0.9500 0.1108 -0.2919
vn -0.2568 0.8989 0.3551
vn -0.2204 0.9072 0.3585
vn -0.2343 0.9051 0.3547
vn -0.8971 -0.2338 0.3750
vn -0.9010 0.2297 -0.3681
vn -0.8443 -0.5341 0.0431
vn -0.1767 0.9061 0.3845
vn -0.1713 0.9088 0.3804
vn 0.8535 -0.3461 0.3895
vn 0.9194 0.3073 -0.2454
vn 0.9112 0.0941 0.4011
vn -0.8553 -0.3356 0.3947
vn -0.9150 0.3523 -0.1968
vn -0.9160 -0.2415 -0.3203
vn 0.0014 -0.9930 0.1185
vn -0.2293 -0.7955 0.5608
vn -0.0589 -0.9903 0.1261
vn -0.2407 0.0572 0.9689
vn 0.6657 -0.2417 -0.7060
vn 0.1693 -0.1042 -0.9800
vn 0.1710 -0.1037 -0.9798
vn -0.9500 0.1702 0.2617
vn -0.8546 0.0673 -0.5150
vn -0.8431 -0.5302 0.0897
vn -0.1389 -0.7988 0.5854
vn 0.1181 -0.3868 0.9146
vn -0.7454 -0.2676 0.6105
vn -0.3815 0.0354 0.9237
vn -0.5279 0.4695 0.7077
vn -0.5000 -0.4143 0.7605
vn 0.3280 0.8030 0.4976
vn 0.6668 0.6638 -0.3387
vn -0.0711 0.9900 -0.1221
vn -0.8625 0.1652 0.4783
vn -0.9152 0.1434 -0.3767
vn -0.9253 -0.3496 -0.1468
vn -0.8542 -0.1929 0.4828
vn -0.9204 0.3835 -0.0765
vn -0.8116 -0.3301 -0.4820
vn -0.8704 -0.3730 0.3212
vn -0.9207 0.3457 -0.1811
vn -0.9278 -0.3612 -0.0938
vn -0.9282 -0.3670 -0.0617
vn -0.8556 -0.4645 0.2283
vn -0.9218 0.3196 -0.2195
vn 0.3203 -0.6054 -0.7286
vn 0.2150 -0.8859 -0.4110
vn -0.3192 -0.9076 -0.2727
vn -0.4420 -0.8588 0.2590
vn -0.3863 -0.8811 -0.2728
vn -0.8608 -0.4010 0.3134
vn -0.9197 0.3671 -0.1389
vn -0.9175 -0.1909 -0.3489
vn -0.3342 -0.9383 -0.0889
vn -0.4291 -0.8083 0.4031
vn -0.3747 -0.9226 -0.0921
vn 0.0349 0.3956 -0.9177
vn 0.0377 0.4155 -0.9088
vn 0.3244 0.0044 -0.9459
vn 0.0074 0.2792 -0.9602
vn 0.3975 0.1235 -0.9092
vn 0.2837 -0.2517 -0.9253
vn 0.1931 0.7792 0.5962
vn 0.4579 0.8553 -0.2426
vn -0.1412 0.9899 0.0118
vn 0.0477 -0.7370 0.6742
vn -0.1290 -0.1810 0.9750
vn -0.7438 -0.3487 0.5702
vn -0.8461 -0.5303 0.0534
vn -0.8916 -0.2670 0.3657
vn -0.9066 0.2482 -0.3413
vn 0.2971 -0.7602 0.5778
vn 0.2540 -0.0457 0.9661
vn -0.3826 -0.4698 0.7955
vn 0.2530 0.3695 -0.8941
vn 0.0571 -0.0866 -0.9946
vn 0.0853 0.0840 -0.9928
vn 0.1813 0.6034 -0.7765
vn 0.5539 -0.1342 -0.8217
vn -0.8950 -0.1097 0.4324
vn -0.8852 0.2409 -0.3979
vn -0.9143 -0.2808 -0.2920
vn -0.0214 -0.9940 -0.1068
vn 0.0699 -0.9263 0.3701
vn -0.0332 -0.9924 -0.1183
vn -0.8646 0.0816 0.4958
vn -0.9105 0.2123 -0.3548
vn -0.9264 -0.3136 -0.2083
vn -0.9470 0.1676 0.2739
vn -0.8606 0.1170 -0.4956
vn -0.8461 -0.5290 0.0661
vn -0.6594 0.7310 0.1754
vn -0.1724 0.8695 0.4629
vn -0.1738 0.8726 0.4565
vn 0.1993 0.9018 0.3833
vn -0.6993 0.6946 0.1687
vn -0.2956 0.7997 0.5226
vn 0.9144 0.3262 -0.2397
vn 0.9200 0.0945 0.3803
vn 0.8537 -0.4367 0.2836
vn 0.9076 0.3220 -0.2695
vn 0.9345 0.1167 0.3364
vn 0.8667 -0.4147 0.2772
vn 0.0301 -0.3312 0.9431
vn -0.3401 -0.2193 0.9145
vn -0.6522 -0.3745 0.6591
vn -0.5587 -0.7079 0.4321
vn 0.0809 -0.3294 0.9407
vn -0.6544 -0.0544 0.7542
vn -0.3740 -0.0151 0.9273
vn -0.4731 0.4818 0.7376
vn -0.4499 -0.4550 0.7685
vn 0.1759 0.6115 0.7714
vn -0.1027 0.8830 0.4581
vn -0.1391 0.8743 0.4650
vn -0.0676 0.8618 0.5026
vn -0.2565 0.9665 -0.0048
vn -0.5300 0.5357 0.6573
vn 0.0443 0.7797 -0.6246
vn 0.3591 0.5295 -0.7686
vn -0.0169 0.2012 -0.9794
vn -0.0720 -0.4631 0.8834
vn 0.0245 -0.1113 0.9935
vn -0.0842 -0.4475 0.8903
vn 0.3164 0.6776 0.6639
vn 0.6768 0.7146 -0.1767
vn -0.0936 0.9906 0.0999
vn 0.0831 -0.8143 -0.5745
vn 0.0928 -0.8161 -0.5704
vn 0.0821 -0.8164 -0.5716
vn 0.8099 -0.1868 -0.5559
vn 0.8381 0.5398 -0.0785
vn 0.9071 -0.1243 0.4021
vn 0.0445 -0.6192 -0.7840
vn 0.6246 -0.4943 -0.6047
vn 0.3340 -0.7762 -0.5348
vn -0.3172 -0.2936 0.9018
vn -0.3312 -0.2823 0.9003
vn -0.3554 -0.2922 0.8879
vn 0.3879 -0.7785 -0.4935
vn 0.5253 -0.3603 -0.7709
vn 0.5091 -0.8607 -0.0023
vn 0.7876 0.0891 0.6097
vn 0.8993 -0.4272 -0.0931
vn 0.8689 0.4923 -0.0510
vn 0.0311 0.4785 -0.8775
vn 0.0345 0.4991 -0.8659
vn 0.3072 0.0829 -0.9480
vn -0.8472 -0.5311 0.0125
vn -0.8912 -0.2954 0.3444
vn -0.9070 0.2778 -0.3166
vn 0.0133 -0.8664 0.4992
vn 0.3212 -0.1841 0.9289
vn -0.3843 -0.4764 0.7908
vn 0.8920 -0.3874 -0.2328
vn 0.8968 0.4371 -0.0682
vn 0.9273 -0.0576 0.3700
vn 0.2515 0.4403 -0.8619
vn 0.0486 -0.0032 -0.9988
vn 0.0083 -0.8048 -0.5935
vn -0.0523 -0.9985 0.0160
vn -0.3623 -0.8355 -0.4132
vn 0.0029 -0.0482 0.9988
vn -0.1800 -0.3658 0.9131
vn -0.0980 -0.6635 0.7417
vn 0.0071 0.7184 0.6956
vn 0.7364 0.6424 0.2124
vn 0.3438 0.9331 -0.1059
vn -0.8606 -0.4679 0.2009
vn -0.9221 0.3848 -0.0405
vn -0.9177 -0.0925 -0.3864
vn 0.8547 0.5191 -0.0095
vn 0.8444 0.1183 0.5225
vn 0.9053 -0.4112 -0.1064
vn -0.1899 0.6917 0.6968
vn 0.2879 0.9575 0.0175
vn -0.3482 0.9370 -0.0267
vn 0.2336 0.2854 -0.9295
vn 0.2139 -0.2525 -0.9437
vn 0.2310 0.2847 -0.9304
vn -0.3719 -0.2569 0.8920
vn -0.4516 0.2727 0.8495
vn -0.4473 -0.6593 0.6044
vn 0.7682 -0.0219 0.6398
vn 0.8880 -0.4579 -0.0425
vn 0.9372 0.2260 -0.2655
vn -0.1029 -0.8634 0.4939
vn 0.1570 -0.5314 0.8325
vn -0.7335 -0.3758 0.5663
vn 0.0117 0.4422 -0.8968
vn 0.3995 0.2755 -0.8744
vn 0.3107 -0.0963 -0.9456
vn -0.0135 -0.8264 -0.5629
vn 0.0342 -0.9988 0.0357
vn -0.3660 -0.8711 -0.3274
vn -0.0354 -0.8775 -0.4782
vn -0.2400 -0.9509 0.1955
vn -0.3591 -0.8839 -0.2995
vn -0.3276 -0.8487 0.4152
vn 0.0948 -0.3508 0.9316
vn -0.6735 -0.0854 0.7343
vn -0.0559 0.8178 0.5727
vn -0.2509 0.9647 0.0802
vn -0.5237 0.4827 0.7020
vn 0.0548 0.8214 -0.5677
vn 0.3510 0.5918 -0.7256
vn -0.0209 0.2945 -0.9554
vn -0.9177 -0.2436 -0.3139
vn -0.8706 0.2240 0.4380
vn -0.8953 0.2836 -0.3436
vn 0.1818 -0.7686 -0.6133
vn 0.1830 -0.7617 -0.6216
vn 0.1833 -0.7663 -0.6158
vn 0.1054 -0.7778 -0.6196
vn 0.0233 -0.5364 -0.8436
vn 0.6375 -0.4189 -0.6466
vn 0.3296 -0.7329 -0.5952
vn -0.8610 -0.4844 0.1552
vn -0.9225 0.3860 -0.0053
vn -0.9162 -0.0542 -0.3972
vn 0.2383 0.3556 -0.9038
vn 0.2373 0.3543 -0.9045
vn 0.0762 0.4147 -0.9068
vn 0.1737 0.8312 -0.5282
vn 0.5466 0.1516 -0.8235
vn -0.0026 0.5433 0.8396
vn 0.7302 0.5888 0.3466
vn 0.3358 0.9351 0.1129
vn 0.3875 -0.7374 -0.5532
vn 0.5275 -0.2967 -0.7960
vn 0.6348 -0.7644 -0.1132
vn -0.0002 0.5601 -0.8284
vn 0.0157 0.8993 -0.4370
vn 0.2580 0.1259 -0.9579
vn -0.9333 -0.0361 0.3573
vn -0.8578 0.1929 -0.4765
vn -0.8426 -0.5374 -0.0363
vn -0.8468 -0.5307 -0.0360
vn -0.8917 -0.3318 0.3079
vn -0.9021 0.3149 -0.2950
vn 0.3383 -0.8326 0.4386
vn 0.2571 -0.2125 0.9427
vn -0.3894 -0.5995 0.6993
vn 0.2379 0.5778 -0.7808
vn 0.2400 0.5783 -0.7797
vn -0.1143 0.2598 -0.9589
vn -0.8633 -0.0978 0.4951
vn -0.9122 0.3189 -0.2572
vn -0.9226 -0.2314 -0.3086
vn -0.0284 -0.8966 -0.4420
vn -0.0993 -0.9941 0.0436
vn -0.0569 -0.8976 -0.4370
vn 0.1635 0.8712 0.4628
vn -0.5768 0.8027 0.1519
vn -0.3010 0.7172 0.6285
vn -0.8873 -0.2075 0.4119
vn -0.8919 0.3197 -0.3198
vn -0.9169 -0.2061 -0.3418
vn -0.6438 -0.7230 0.2506
vn 0.0067 -0.5133 0.8582
vn -0.7176 -0.0998 0.6892
vn 0.1727 0.4604 -0.8708
vn 0.1676 0.4555 -0.8743
vn 0.8887 -0.4398 -0.1292
vn 0.9022 0.3976 -0.1673
vn 0.9115 0.0895 0.4014
vn -0.3461 -0.9009 0.2618
vn 0.0756 -0.4856 0.8709
vn -0.6716 -0.1649 0.7223
vn -0.0652 0.7644 0.6414
vn -0.2474 0.9551 0.1631
vn -0.5191 0.4177 0.7457
vn -0.3601 -0.4927 0.7922
vn -0.3560 -0.4863 0.7980
vn -0.3722 -0.4913 0.7875
vn 0.8193 -0.1043 -0.5637
vn 0.8287 0.5583 0.0390
vn 0.9099 -0.1827 0.3723
vn 0.2156 -0.7472 -0.6287
vn 0.2610 0.4575 -0.8500
vn 0.1130 -0.0264 -0.9932
vn 0.2566 0.4597 -0.8502
vn -0.0279 -0.8646 -0.5017
vn 0.0067 -0.9997 -0.0251
vn -0.0464 -0.8639 -0.5015
vn 0.8341 0.3410 0.4336
vn 0.6908 -0.6372 0.3418
vn 0.9015 -0.2547 -0.3500
vn 0.0407 0.6159 -0.7868
vn 0.0403 0.6305 -0.7751
vn 0.3600 0.2586 -0.8964
vn -0.2375 0.7004 0.6730
vn 0.6102 0.7294 0.3093
vn -0.1303 0.9502 0.2830
vn -0.8426 -0.2847 -0.4572
vn -0.8921 -0.3506 0.2849
vn -0.9224 0.3862 0.0049
vn 0.1560 -0.9320 0.3273
vn 0.3419 -0.3471 0.8733
vn -0.4074 -0.6221 0.6686
vn 0.9201 0.3549 -0.1657
vn 0.9274 -0.0708 0.3673
vn 0.8723 -0.4326 -0.2278
vn -0.5075 0.5639 0.6515
vn 0.3134 0.8506 0.4221
vn -0.2363 0.9645 0.1178
vn -0.0770 -0.6669 0.7412
vn 0.0209 -0.3551 0.9346
vn -0.0915 -0.6511 0.7535
vn -0.1761 -0.6049 0.7766
vn -0.1949 -0.6128 0.7658
vn -0.1686 -0.6220 0.7647
vn -0.8801 -0.3500 0.3208
vn -0.8896 0.3130 -0.3326
vn -0.8122 -0.3645 -0.4554
vn 0.2036 0.6171 -0.7601
vn 0.2370 0.6180 -0.7496
vn 0.3181 0.1360 -0.9383
vn -0.0886 0.7002 0.7084
vn -0.0717 0.9693 0.2354
vn -0.4682 0.2933 0.8335
vn -0.2318 0.6857 0.6900
vn -0.1951 0.7059 0.6809
vn -0.5354 0.7981 0.2764
vn -0.0180 -0.5181 -0.8551
vn 0.0331 -0.9207 -0.3889
vn -0.3605 -0.6593 -0.6598
vn 0.3151 0.6662 -0.6760
vn 0.7031 0.6611 -0.2618
vn 0.6187 0.1144 -0.7773
vn -0.0264 -0.5936 -0.8043
vn -0.1901 -0.9692 -0.1564
vn -0.3507 -0.7213 -0.5973
vn -0.5656 -0.7804 0.2665
vn 0.0728 -0.5113 0.8563
vn -0.6721 -0.1796 0.7183
vn -0.8602 -0.5043 0.0755
vn -0.9201 0.3868 0.0626
vn -0.9169 0.0096 -0.3989
vn -0.3777 -0.6063 0.6998
vn -0.6780 -0.1820 0.7121
vn -0.4031 -0.8744 0.2699
vn -0.0902 -0.8339 -0.5445
vn -0.0600 -0.4536 -0.8892
vn 0.1896 -0.6426 -0.7423
vn 0.0875 -0.6404 -0.7631
vn 0.0821 -0.6441 -0.7605
vn -0.0320 -0.3161 -0.9482
vn 0.2151 -0.6867 -0.6944
vn -0.0749 -0.3564 0.9313
vn -0.1870 -0.6598 0.7278
vn 0.0044 -0.8597 0.5108
vn -0.9174 -0.1978 -0.3453
vn -0.8537 0.1201 0.5068
vn -0.9172 0.3982 -0.0142
vn -0.4214 -0.8882 0.1833
vn 0.1204 -0.5779 0.8072
vn -0.6594 -0.4860 0.5737
vn -0.2728 -0.7457 0.6079
vn -0.2675 -0.7409 0.6160
vn -0.0824 -0.7219 0.6871
vn -0.0825 -0.7022 0.7072
vn -0.0895 -0.7027 0.7058
vn -0.8411 -0.2397 -0.4849
vn -0.8919 -0.3784 0.2477
vn -0.9191 0.3910 0.0480
vn 0.1350 -0.9614 0.2396
vn 0.3469 -0.4255 0.8358
vn -0.4066 -0.6753 0.6153
vn 0.9191 0.3706 -0.1336
vn 0.9272 -0.1000 0.3610
vn 0.8731 -0.4113 -0.2619
vn 0.2323 0.6676 -0.7074
vn 0.2605 0.6695 -0.6956
vn 0.4402 0.2386 -0.8656
vn -0.1648 -0.6656 -0.7279
vn -0.0193 -0.9430 -0.3323
vn -0.1700 -0.6652 -0.7271
vn -0.0006 0.3948 0.9187
vn 0.7280 0.5279 0.4375
vn 0.3307 0.9056 0.2656
vn 0.0150 -0.6153 -0.7882
vn 0.0324 -0.9482 -0.3161
vn -0.3596 -0.6965 -0.6209
vn 0.6595 0.3755 -0.6512
vn 0.1667 0.6818 -0.7123
vn 0.1683 0.6820 -0.7118
vn -0.3192 -0.6432 -0.6960
vn -0.6040 -0.7428 -0.2888
vn -0.3227 -0.6423 -0.6953
vn -0.9132 -0.1548 -0.3770
vn -0.8899 -0.3348 0.3097
vn -0.8957 0.4362 -0.0860
vn -0.0736 0.6276 0.7751
vn -0.4067 0.8097 0.4231
vn -0.4708 0.1799 0.8637
vn -0.1822 -0.9711 0.1544
vn 0.1100 -0.7352 0.6688
vn -0.7561 -0.4932 0.4303
vn 0.9143 0.3944 -0.0919
vn 0.9121 -0.0436 0.4076
vn 0.8571 -0.5003 0.1228
vn 0.3113 0.2007 0.9289
vn 0.6648 0.6980 0.2663
vn -0.1018 0.7682 0.6320
vn 0.3146 0.7228 -0.6153
vn 0.7041 0.6800 -0.2047
vn 0.6167 0.1815 -0.7660
vn -0.0080 -0.4071 -0.9133
vn 0.5786 -0.1898 -0.7932
vn 0.3549 -0.5667 -0.7436
vn -0.2371 -0.6335 -0.7365
vn -0.0017 -0.9176 -0.3976
vn -0.2593 -0.6313 -0.7309
vn -0.3370 -0.4032 -0.8508
vn -0.6059 -0.6276 -0.4889
vn -0.3455 -0.4014 -0.8483
vn 0.8448 -0.5338 0.0363
vn 0.9280 0.1996 -0.3146
vn 0.9016 0.2816 0.3283
vn -0.0397 -0.5678 -0.8222
vn -0.0175 -0.8999 -0.4358
vn -0.0637 -0.5709 -0.8185
vn 0.3865 -0.8976 0.2117
vn 0.2756 -0.4373 0.8560
vn -0.3570 -0.7704 0.5282
vn -0.3838 0.5595 0.7346
vn -0.3804 0.5851 0.7162
vn -0.3881 0.5700 0.7242
vn -0.1168 -0.8032 0.5842
vn 0.3019 -0.7367 0.6050
vn -0.1146 -0.7983 0.5913
vn 0.5704 0.0203 0.8211
vn 0.6620 0.6088 0.4372
vn -0.1286 0.5736 0.8090
vn -0.3467 -0.4913 -0.7990
vn -0.5660 -0.7668 -0.3026
vn -0.5141 0.0250 -0.8574
vn 0.0791 0.8602 -0.5037
vn 0.1734 0.9838 0.0451
vn 0.5483 0.5963 -0.5863
vn -0.8843 -0.3782 0.2739
vn -0.8859 0.3704 -0.2793
vn -0.8208 -0.2824 -0.4964
vn 0.2208 0.6527 0.7247
vn -0.6832 0.5892 0.4314
vn -0.2986 0.5290 0.7943
vn 0.9150 0.3962 -0.0768
vn 0.9211 -0.0884 0.3792
vn 0.8495 -0.5254 0.0482
vn -0.1840 -0.5255 -0.8306
vn -0.5163 -0.7052 -0.4859
vn -0.1902 -0.5170 -0.8346
vn 0.1124 0.9441 -0.3099
vn 0.4212 0.7601 -0.4949
vn 0.2326 0.5519 -0.8008
vn -0.6100 -0.7912 0.0433
vn 0.0286 -0.7234 0.6899
vn -0.7103 -0.2848 0.6437
vn 0.8819 -0.3875 -0.2685
vn 0.9033 0.4223 -0.0762
vn 0.9195 -0.0243 0.3924
vn 0.8578 0.1877 0.4784
vn 0.7241 -0.6869 0.0631
vn 0.8861 -0.1768 -0.4285
vn -0.1196 -0.8924 0.4351
vn 0.2998 -0.8304 0.4696
vn -0.1224 -0.8848 0.4496
vn 0.3264 -0.1606 -0.9315
vn 0.2141 -0.5636 -0.7978
vn 0.0827 0.9035 -0.4205
vn 0.1855 0.9730 0.1373
vn 0.5519 0.6465 -0.5267
vn 0.3314 -0.0797 0.9401
vn 0.6914 0.5836 0.4258
vn -0.0949 0.5609 0.8224
vn -0.1802 -0.9108 0.3716
vn -0.5478 -0.8219 0.1559
vn 0.1699 -0.9766 0.1317
vn 0.0145 0.8081 -0.5889
vn 0.0348 0.8260 -0.5626
vn 0.1934 0.4605 -0.8663
vn -0.3053 -0.8924 0.3322
vn -0.2947 -0.8890 0.3504
vn -0.1924 0.5276 0.8274
vn -0.1889 0.5111 0.8385
vn -0.1859 0.5282 0.8285
vn 0.8658 -0.0915 -0.4919
vn 0.9204 0.3789 0.0964
vn 0.9244 -0.2846 0.2539
vn -0.8500 -0.4977 -0.1725
vn -0.8926 -0.4150 0.1762
vn -0.9019 0.3992 -0.1652
vn 0.4088 -0.8976 0.1648
vn 0.2455 -0.5310 0.8110
vn -0.3923 -0.8102 0.4354
vn 0.8562 -0.5083 0.0929
vn 0.9186 0.3920 -0.0507
vn 0.9228 -0.1590 0.3509
vn -0.3906 0.4858 0.7820
vn -0.3837 0.5130 0.7679
vn -0.3936 0.4979 0.7728
vn 0.2472 0.7613 -0.5994
vn 0.2583 0.7598 -0.5967
vn 0.0674 0.4102 -0.9095
vn 0.1794 0.6208 0.7631
vn -0.7110 0.4907 0.5037
vn -0.2964 0.4219 0.8568
vn -0.3971 -0.8756 0.2750
vn -0.5212 -0.5681 0.6369
vn -0.5085 -0.8250 -0.2466
vn 0.0110 -0.4660 -0.8847
vn -0.4080 -0.6397 -0.6514
vn -0.4181 -0.1320 -0.8988
vn -0.2503 -0.4466 -0.8590
vn -0.4284 -0.7524 -0.5004
vn -0.2578 -0.4453 -0.8575
vn -0.6157 -0.7879 -0.0091
vn 0.0201 -0.7707 0.6368
vn -0.7136 -0.3350 0.6153
vn -0.5372 -0.8435 -0.0006
vn 0.0889 -0.7559 0.6486
vn -0.6632 -0.4128 0.6242
vn -0.2740 -0.2999 -0.9138
vn -0.1122 -0.7167 -0.6883
vn -0.2998 -0.2958 -0.9070
vn -0.8177 -0.2585 -0.5144
vn -0.8810 -0.4110 0.2343
vn -0.9059 0.4218 0.0384
vn 0.0609 0.9682 -0.2427
vn 0.0769 0.9463 0.3141
vn 0.4539 0.6962 -0.5561
vn 0.2804 -0.0263 -0.9595
vn 0.5109 -0.5233 -0.6820
vn 0.1077 -0.4457 -0.8887
vn -0.1314 -0.0190 -0.9911
vn 0.0818 -0.4083 -0.9092
vn 0.0143 -0.7237 -0.6900
vn -0.1541 -0.3475 -0.9249
vn 0.1827 -0.4336 -0.8824
vn 0.2131 -0.4877 -0.8466
vn 0.1169 0.9926 -0.0321
vn 0.4186 0.8676 -0.2686
vn 0.2404 0.7451 -0.6221
vn -0.0256 0.0645 -0.9976
vn -0.2065 -0.6457 -0.7352
vn -0.3529 -0.1671 -0.9206
vn 0.2521 0.1277 -0.9592
vn 0.1137 -0.4430 -0.8893
vn -0.0969 -0.1576 -0.9827
vn -0.0080 0.9780 -0.2083
vn 0.4129 0.8911 -0.1884
vn 0.2525 0.8045 -0.5376
vn 0.0248 -0.1350 0.9905
vn 0.7483 0.2177 0.6266
vn 0.3438 0.6498 0.6779
vn -0.8501 -0.4819 -0.2126
vn -0.8930 -0.4281 0.1389
vn -0.9009 0.4126 -0.1343
vn 0.1415 -0.9899 -0.0090
vn 0.3494 -0.6135 0.7082
vn -0.4049 -0.8093 0.4256
vn 0.2540 0.8095 -0.5293
vn 0.0539 0.4916 -0.8692
vn -0.3378 -0.1718 -0.9254
vn -0.6165 -0.4807 -0.6236
vn -0.3483 -0.1731 -0.9212
vn -0.1124 -0.9782 0.1744
vn 0.3000 -0.9274 0.2236
vn -0.1145 -0.9768 0.1811
vn -0.1031 -0.9844 0.1425
vn -0.1006 -0.9800 0.1717
vn -0.1102 -0.9794 0.1690
vn 0.3321 0.9316 -0.1477
vn 0.7399 0.5967 -0.3106
vn -0.1332 0.8778 -0.4602
vn 0.9239 0.3782 -0.0586
vn 0.9173 -0.2000 0.3444
vn 0.8929 -0.2227 -0.3912
vn -0.0817 -0.8990 -0.4302
vn -0.5356 -0.8197 -0.2031
vn 0.1983 -0.6834 -0.7026
vn -0.1865 -0.9794 -0.0779
vn 0.1252 -0.8731 0.4713
vn -0.7488 -0.5842 0.3130
vn -0.0374 -0.2637 -0.9639
vn -0.0038 -0.6933 -0.7207
vn -0.0594 -0.2586 -0.9641
vn 0.8635 -0.0403 0.5028
vn 0.8074 -0.5856 0.0720
vn 0.9515 0.2153 -0.2200
vn -0.4631 0.8814 -0.0928
vn 0.0945 0.9925 0.0770
vn -0.0748 0.9655 -0.2496
vn -0.3819 0.3036 0.8729
vn -0.4735 0.7028 0.5310
vn -0.4595 -0.1810 0.8695
vn 0.3178 0.8629 -0.3929
vn 0.7129 0.7012 -0.0087
vn 0.6086 0.3894 -0.6913
vn -0.3408 -0.9364 -0.0839
vn 0.0789 -0.7729 0.6296
vn -0.6733 -0.4194 0.6089
vn 0.8185 0.1425 -0.5566
vn 0.8271 0.4945 0.2673
vn 0.9110 -0.3229 0.2565
vn 0.0308 -0.0453 -0.9985
vn 0.6401 -0.0384 -0.7674
vn 0.3344 -0.3385 -0.8795
vn 0.2159 -0.3999 -0.8908
vn 0.0863 -0.1257 -0.9883
vn 0.0884 -0.1352 -0.9869
vn 0.0818 -0.1323 -0.9878
vn 0.0832 -0.1309 -0.9879
vn 0.2738 -0.0471 -0.9606
vn 0.2706 -0.0381 -0.9619
vn 0.2743 -0.0425 -0.9607
vn -0.3714 -0.7689 0.5204
vn -0.4510 -0.3383 0.8259
vn -0.4570 -0.8885 0.0416
vn 0.2426 -0.2733 -0.9308
vn 0.2431 -0.2733 -0.9307
vn 0.2404 -0.2787 -0.9298
vn 0.2371 -0.2705 -0.9331
vn 0.1543 -0.1612 -0.9748
vn 0.1589 -0.1575 -0.9746
vn 0.1589 -0.1615 -0.9740
vn 0.3904 -0.3618 -0.8466
vn 0.5274 0.1420 -0.8377
vn 0.6346 -0.6092 -0.4755
vn 0.0851 -0.3810 -0.9206
vn 0.0861 -0.3878 -0.9177
vn 0.0813 -0.3866 -0.9187
vn 0.0828 -0.3851 -0.9192
vn 0.1946 -0.1624 -0.9673
vn 0.1940 -0.1587 -0.9681
vn 0.1949 -0.1611 -0.9675
vn -0.9312 -0.2211 0.2897
vn -0.8574 0.4050 -0.3176
vn -0.8410 -0.4460 -0.3062
vn 0.1648 -0.5757 -0.8008
vn 0.1635 -0.5778 -0.7996
vn 0.1617 -0.5772 -0.8004
vn -0.8453 -0.4416 -0.3008
vn -0.8916 -0.4424 0.0969
vn -0.9021 0.4193 -0.1022
vn -0.2179 0.3858 0.8965
vn -0.2056 0.3939 0.8959
vn -0.3866 0.3406 0.8571
vn -0.3847 0.3712 0.8451
vn -0.3920 0.3545 0.8489
vn 0.1166 -0.2626 -0.9578
vn 0.1092 -0.2593 -0.9596
vn 0.1112 -0.2588 -0.9595
vn 0.1148 -0.2552 -0.9601
vn 0.2148 -0.3934 -0.8939
vn 0.2128 -0.3910 -0.8954
vn 0.2146 -0.3924 -0.8944
vn 0.0893 -0.9019 -0.4227
vn 0.0957 -0.8995 -0.4262
vn 0.0943 -0.9043 -0.4164
vn 0.2379 -0.8626 -0.4465
vn 0.2397 -0.8624 -0.4458
vn 0.2349 -0.8661 -0.4412
vn 0.2354 -0.8616 -0.4498
vn -0.0792 0.3321 0.9399
vn -0.0645 0.7768 0.6264
vn -0.4668 -0.0824 0.8805
vn -0.2021 0.3623 0.9099
vn -0.2086 0.3346 0.9190
vn 0.3120 0.3410 0.8868
vn 0.1107 -0.3626 -0.9253
vn 0.1171 -0.3720 -0.9208
vn -0.2945 -0.3653 -0.8831
vn 0.8776 -0.2941 -0.3785
vn 0.9022 0.4305 0.0248
vn 0.9245 -0.1300 0.3584
vn -0.5562 -0.8194 -0.1384
vn 0.0802 -0.8554 0.5117
vn -0.6677 -0.5080 0.5442
vn 0.0935 -0.6055 -0.7903
vn 0.0917 -0.6041 -0.7916
vn 0.0995 -0.6040 -0.7908
vn 0.2226 -0.6810 -0.6976
vn 0.2199 -0.6769 -0.7024
vn 0.2244 -0.6774 -0.7005
vn 0.0589 -0.2367 -0.9698
vn 0.0787 -0.2469 -0.9658
vn 0.8176 0.1907 -0.5433
vn 0.8294 0.4660 0.3081
vn 0.9103 -0.3457 0.2277
vn 0.2148 -0.3300 -0.9192
vn 0.1180 -0.9544 0.2744
vn 0.1150 -0.9552 0.2726
vn 0.1155 -0.9553 0.2722
vn 0.1160 -0.9553 0.2718
vn 0.0727 -0.3972 0.9149
vn 0.0761 -0.4014 0.9128
vn 0.0754 -0.3932 0.9163
vn -0.0118 0.9520 -0.3060
vn 0.0339 0.9551 -0.2944
vn -0.1120 0.6803 -0.7243
vn 0.1811 -0.9792 -0.0919
vn 0.1799 -0.9790 -0.0962
vn 0.1810 -0.9790 -0.0938
vn 0.1449 -0.9715 -0.1874
vn 0.3411 -0.7391 0.5808
vn -0.4062 -0.8730 0.2701
vn 0.1798 -0.9439 0.2769
vn 0.1807 -0.9437 0.2771
vn 0.1176 -0.8568 0.5020
vn 0.1160 -0.8575 0.5012
vn 0.1164 -0.8576 0.5010
vn 0.1182 -0.8582 0.4996
vn 0.0727 -0.9907 0.1148
vn 0.0754 -0.9910 0.1110
vn 0.0736 -0.9905 0.1159
vn -0.8801 -0.4637 0.1020
vn -0.8896 0.4369 -0.1328
vn -0.8114 -0.0896 -0.5776
vn -0.1538 -0.2079 0.9660
vn -0.1053 -0.8590 0.5010
vn -0.0790 0.6047 0.7925
vn 0.1821 -0.2921 0.9389
vn 0.1890 -0.2944 0.9368
vn 0.1890 -0.2927 0.9373
vn -0.1127 0.2511 0.9614
vn -0.0929 0.7212 0.6865
vn -0.6376 0.1881 0.7470
vn 0.0999 0.1705 -0.9803
vn 0.2850 -0.7126 -0.6411
vn 0.0748 -0.3000 -0.9510
vn -0.2017 -0.9415 -0.2702
vn 0.1111 -0.9473 0.3004
vn -0.7490 -0.6347 0.1901
vn 0.2218 -0.9704 -0.0953
vn 0.2226 -0.9706 -0.0919
vn 0.2190 -0.9718 -0.0873
vn 0.2152 -0.9718 -0.0968
vn 0.0673 -0.9277 0.3673
vn 0.0676 -0.9279 0.3666
vn 0.0675 -0.9275 0.3677
vn 0.8758 -0.2575 -0.4082
vn 0.9016 0.4289 0.0556
vn 0.9270 -0.1559 0.3411
vn 0.3165 0.9141 -0.2537
vn 0.6994 0.7077 0.1006
vn 0.6105 0.4917 -0.6209
vn -0.5139 -0.8384 -0.1816
vn 0.0826 -0.8682 0.4893
vn -0.6713 -0.5204 0.5278
vn 0.0516 0.9930 0.1062
vn 0.3674 0.9140 -0.1720
vn -0.0255 0.8288 -0.5589
vn -0.8801 -0.1861 0.4368
vn -0.9142 0.4010 0.0591
vn -0.8413 -0.3751 -0.3892
vn 0.1256 0.9181 0.3759
vn 0.1256 0.9184 0.3753
vn 0.1218 -0.1797 -0.9761
vn 0.1125 -0.1881 -0.9757
vn 0.8192 0.2343 -0.5234
vn 0.8276 0.4416 0.3464
vn 0.9130 -0.3566 0.1981
vn 0.2161 -0.2534 -0.9429
vn 0.1072 -0.1605 0.9812
vn 0.1063 -0.1611 0.9812
vn 0.2068 -0.8306 0.5171
vn 0.0924 0.4668 0.8795
vn 0.0913 0.4671 0.8795
vn 0.0908 0.4659 0.8802
vn 0.0924 0.4656 0.8801
vn 0.0725 0.1579 0.9848
vn 0.0713 0.1576 0.9849
vn 0.0714 0.1572 0.9850
vn 0.0723 0.1568 0.9850
vn 0.9912 0.1050 0.0809
vn 0.9910 -0.1265 0.0428
vn 0.9572 -0.0120 -0.2893
vn -0.0180 0.9731 -0.2299
vn 0.0460 0.9791 -0.1979
vn -0.2112 0.7650 -0.6084
vn 0.1755 0.9585 0.2249
vn 0.1828 0.9565 0.2273
vn 0.1826 0.9567 0.2264
vn 0.0573 0.5989 0.7988
vn 0.1233 0.5187 0.8460
vn 0.1240 0.5189 0.8458
vn 0.1227 0.5194 0.8457
vn -0.0798 0.1760 0.9811
vn -0.0921 0.1773 0.9798
vn -0.1041 0.1633 0.9811
vn 0.4077 -0.8997 -0.1559
vn 0.2448 -0.7758 0.5815
vn -0.3912 -0.9101 0.1363
vn -0.2132 0.2197 0.9520
vn -0.2220 0.2341 0.9465
vn 0.2088 0.9520 -0.2239
vn 0.2678 0.9424 -0.2003
vn 0.1159 0.7414 -0.6610
vn 0.0808 0.3002 0.9505
vn 0.0824 0.2991 0.9507
vn 0.0830 0.3011 0.9500
vn 0.2116 0.3635 0.9072
vn 0.2086 0.3705 0.9051
vn 0.2058 0.3593 0.9103
vn 0.1564 0.7669 0.6225
vn 0.1638 0.7647 0.6232
vn 0.2207 0.9651 0.1413
vn 0.2242 0.9632 0.1479
vn 0.2245 0.9633 0.1473
vn 0.1021 0.7757 0.6227
vn 0.1154 0.9628 0.2444
vn 0.1152 0.9628 0.2446
vn 0.1439 -0.9649 0.2199
vn -0.7400 -0.6576 0.1412
vn -0.0022 -0.9790 -0.2038
vn 0.2130 0.2981 0.9305
vn -0.6878 0.3394 0.6417
vn -0.3001 0.1369 0.9440
vn 0.8870 -0.2403 -0.3943
vn 0.9038 0.4066 0.1337
vn 0.9094 -0.1898 0.3701
vn -0.0056 0.0462 0.9989
vn -0.0068 0.0432 0.9990
vn -0.0038 -0.7097 0.7045
vn -0.5043 -0.8065 -0.3088
vn 0.0932 -0.9302 0.3551
vn -0.6603 -0.6030 0.4477
vn 0.1613 0.4758 -0.8646
vn 0.1620 0.4746 -0.8651
vn 0.1607 0.4751 -0.8651
vn 0.1613 0.4752 -0.8650
vn 0.0666 0.9764 0.2055
vn 0.3796 0.9232 -0.0606
vn 0.2184 0.7984 -0.5611
vn 0.1937 0.2091 -0.9585
vn 0.2000 0.2131 -0.9563
vn 0.2020 0.2130 -0.9560
vn 0.1110 0.4725 -0.8743
vn 0.1088 0.4735 -0.8741
vn 0.1091 0.4748 -0.8733
vn 0.1110 0.4753 -0.8728
vn 0.3722 -0.1180 -0.9206
vn 0.3778 -0.1190 -0.9182
vn 0.1062 -0.1101 -0.9882
vn 0.2173 -0.1498 -0.9646
vn 0.0692 0.3580 -0.9312
vn 0.0694 0.3562 -0.9318
vn 0.0668 0.3564 -0.9319
vn 0.0686 0.3571 -0.9315
vn 0.1023 0.9946 -0.0150
vn 0.1027 0.9946 -0.0171
vn 0.1013 0.9947 -0.0175
vn 0.1012 0.9947 -0.0154
vn 0.0789 0.9872 -0.1384
vn 0.0802 0.9868 -0.1405
vn 0.0786 0.9871 -0.1398
vn 0.0778 0.9871 -0.1399
vn 0.2588 0.1357 -0.9564
vn 0.2576 0.1504 -0.9545
vn 0.2623 0.1432 -0.9543
vn 0.1048 0.9760 -0.1910
vn 0.1057 0.9761 -0.1899
vn 0.1061 0.9759 -0.1905
vn -0.4244 -0.8336 -0.3536
vn 0.1225 -0.9351 0.3327
vn -0.6602 -0.7256 0.1941
vn 0.1091 0.6202 -0.7768
vn 0.1079 0.6211 -0.7763
vn 0.1068 0.6209 -0.7766
vn 0.1093 0.6222 -0.7752
vn 0.8522 0.1647 -0.4967
vn 0.9207 0.3052 0.2431
vn 0.9141 -0.3920 0.1037
vn 0.0631 -0.9312 -0.3591
vn 0.3565 -0.8204 0.4471
vn -0.3941 -0.9102 0.1277
vn 0.9184 0.3755 0.1251
vn 0.9201 -0.2897 0.2637
vn 0.8821 -0.1930 -0.4297
vn 0.1898 0.9724 -0.1359
vn 0.1963 0.9711 -0.1355
vn 0.1958 0.9712 -0.1360
vn 0.2515 0.9417 -0.2236
vn 0.2484 0.9445 -0.2152
vn 0.2524 0.9428 -0.2179
vn 0.0392 -0.0432 0.9983
vn -0.2838 0.4989 0.8189
vn -0.4324 0.1278 0.8926
vn -0.8826 -0.4694 0.0273
vn -0.8881 0.4559 -0.0592
vn -0.8141 0.0300 -0.5800
vn 0.3568 -0.0360 -0.9335
vn 0.3600 -0.0424 -0.9320
vn 0.2030 -0.3608 -0.9103
vn 0.0850 0.1541 -0.9844
vn 0.0850 0.6839 -0.7246
vn 0.0855 0.6847 -0.7238
vn 0.0886 0.6814 -0.7265
vn 0.1102 0.9757 -0.1895
vn 0.1099 0.9759 -0.1887
vn 0.1111 0.9758 -0.1886
vn 0.0833 0.4385 -0.8949
vn 0.0860 0.4382 -0.8948
vn 0.0856 0.4362 -0.8958
vn 0.2137 0.4193 -0.8823
vn 0.2212 0.4205 -0.8799
vn 0.2198 0.4197 -0.8807
vn 0.2226 0.4429 -0.8685
vn 0.2253 0.4414 -0.8685
vn 0.2252 0.4410 -0.8688
vn -0.2380 0.7253 0.6460
vn -0.8777 -0.2385 0.4157
vn -0.9088 0.3919 0.1428
vn -0.8495 -0.3495 -0.3953
vn 0.2504 -0.4187 -0.8729
vn 0.3231 0.1143 -0.9394
vn 0.4962 -0.1723 -0.8510
vn 0.3536 -0.0393 -0.9346
vn 0.3591 -0.0407 -0.9324
vn 0.0851 0.0075 -0.9963
vn 0.0838 0.0017 -0.9965
vn 0.9952 0.0057 0.0977
vn 0.9940 0.0090 0.1092
vn -0.6372 -0.7281 -0.2525
vn 0.1113 -0.9606 0.2546
vn -0.6576 -0.7410 0.1355
vn -0.9958 -0.0912 0.0086
vn 0.0992 -0.6628 -0.7422
vn 0.2749 -0.3925 -0.8777
vn 0.2761 -0.3970 -0.8753
vn -0.2628 0.0495 0.9636
vn -0.2391 0.0472 0.9699
vn -0.2485 0.0503 0.9673
vn 0.2563 0.9622 -0.0918
vn 0.2984 0.9514 -0.0766
vn 0.4870 0.7289 -0.4812
vn 0.8659 0.1626 -0.4730
vn 0.9208 0.2809 0.2705
vn 0.9235 -0.3745 0.0833
vn 0.1423 -0.8945 -0.4238
vn 0.3495 -0.8576 0.3774
vn -0.4111 -0.9101 0.0514
vn 0.8920 -0.0446 -0.4499
vn 0.9001 0.2992 0.3168
vn 0.9231 -0.3450 0.1701
vn -0.5535 0.0931 0.8276
vn -0.5722 0.3903 0.7213
vn 0.3634 -0.2640 -0.8934
vn 0.3619 -0.2738 -0.8911
vn 0.3133 -0.5845 -0.7485
vn 0.2040 0.0218 -0.9787
vn -0.8828 -0.4695 -0.0167
vn -0.8874 0.4607 -0.0185
vn -0.8129 0.0610 -0.5792
vn -0.3143 -0.3393 0.8866
vn -0.2681 0.4087 0.8724
vn -0.4417 0.0587 0.8953
vn 0.0996 0.4203 -0.9019
vn 0.2894 -0.5186 -0.8045
vn 0.0773 -0.0407 -0.9962
vn -0.2813 0.8956 0.3446
vn 0.1193 -0.9825 -0.1429
vn 0.2627 -0.8585 -0.4404
vn 0.2653 -0.8626 -0.4308
vn -0.6466 -0.6630 -0.3773
vn 0.0261 -0.9857 0.1667
vn -0.7146 -0.5996 0.3603
vn -0.2186 0.6119 0.7601
vn 0.3156 0.9488 -0.0126
vn 0.6979 0.6598 0.2785
vn 0.6132 0.6329 -0.4727
vn -0.5471 0.5674 0.6154
vn -0.2503 0.5523 -0.7952
vn 0.2759 0.4571 -0.8456
vn 0.5097 -0.1092 -0.8534
vn 0.1051 0.0582 -0.9928
vn 0.8233 0.3811 -0.4206
vn 0.8257 0.3378 0.4518
vn 0.9180 -0.3831 0.1023
vn 0.0477 0.3684 -0.9284
vn 0.6571 0.2993 -0.6918
vn 0.3338 0.0649 -0.9404
vn 0.2189 0.0226 -0.9755
vn 0.2133 0.0172 -0.9768
vn -0.5739 0.8072 -0.1381
vn -0.0339 0.9078 -0.4180
vn -0.5938 0.7356 -0.3260
vn 0.3861 0.0301 -0.9220
vn 0.5291 0.4805 -0.6995
vn 0.6310 -0.3527 -0.6909
vn -0.2780 0.9463 -0.1653
vn 0.0201 0.9997 0.0159
vn 0.0406 0.9988 0.0284
vn -0.1161 0.8876 -0.4457
vn 0.4293 -0.8982 -0.0944
vn 0.4314 -0.8979 -0.0871
vn 0.4022 -0.8776 0.2609
vn 0.2784 -0.8756 -0.3947
vn -0.0461 0.7715 -0.6346
vn -0.8376 0.1636 -0.5213
vn -0.8899 -0.4454 -0.0988
vn -0.9221 0.2454 0.2992
vn 0.1714 -0.8488 -0.5001
vn 0.3571 -0.8853 0.2980
vn -0.3949 -0.9181 -0.0351
vn -0.3074 0.8718 -0.3814
vn 0.4796 -0.8754 0.0604
vn 0.4238 -0.6878 -0.5894
vn 0.5161 -0.8067 -0.2880
vn 0.1605 -0.4089 0.8984
vn 0.3091 -0.6540 0.6905
vn 0.3117 -0.6466 0.6963
vn 0.5104 -0.6132 0.6029
vn 0.4024 -0.9152 0.0216
vn 0.5491 -0.7794 0.3016
vn -0.2519 0.8078 -0.5329
vn -0.0885 -0.0940 0.9916
vn -0.0725 0.4418 0.8942
vn -0.4651 -0.4544 0.7597
vn -0.2531 -0.0932 0.9629
vn -0.2121 -0.0912 0.9730
vn -0.5049 0.3308 0.7973
vn 0.4269 -0.2556 0.8674
vn 0.3499 -0.8038 0.4811
vn 0.4590 -0.5589 0.6907
vn -0.6519 -0.6223 -0.4334
vn 0.0104 -0.9967 0.0809
vn -0.7120 -0.6236 0.3229
vn 0.3153 0.9459 0.0760
vn 0.7034 0.6255 0.3378
vn 0.6192 0.6687 -0.4117
vn -0.0787 0.9848 0.1549
vn -0.4943 -0.7379 -0.4595
vn 0.0898 -0.9813 0.1702
vn -0.6766 -0.6675 0.3108
vn -0.9961 -0.0799 -0.0375
vn 0.0866 0.4600 -0.8837
vn 0.6646 0.3468 -0.6619
vn 0.3454 0.1355 -0.9286
vn 0.2403 0.1188 -0.9634
vn 0.2367 0.1119 -0.9651
vn 0.1626 0.1383 -0.9769
vn 0.1735 0.1476 -0.9737
vn 0.1809 0.1325 -0.9745
vn 0.0340 0.9094 0.4144
vn 0.3709 0.9124 0.1729
vn 0.2556 0.8912 -0.3746
vn 0.0529 -0.0702 0.9961
vn 0.3642 -0.2103 0.9073
vn 0.3640 -0.1983 0.9100
vn -0.2159 0.3709 -0.9032
vn -0.5794 0.3426 -0.7396
vn -0.0473 0.5117 -0.8579
vn -0.6249 -0.6807 -0.3822
vn 0.1237 -0.9893 0.0778
vn -0.6406 -0.7679 0.0002
vn 0.9213 0.3201 0.2207
vn 0.9103 -0.4012 0.1023
vn 0.8573 -0.0425 -0.5130
vn 0.0425 0.4246 -0.9044
vn -0.5536 0.0736 -0.8296
vn -0.2432 -0.1253 0.9619
vn -0.2129 -0.1328 0.9680
vn -0.2268 -0.1273 0.9656
vn -0.0641 -0.1477 0.9869
vn -0.0911 -0.1366 0.9864
vn -0.0735 -0.1604 0.9843
vn -0.8504 0.3535 -0.3896
vn -0.8957 -0.4425 -0.0442
vn -0.9154 0.3733 0.1510
vn 0.0907 -0.7990 -0.5944
vn 0.3669 -0.9049 0.2158
vn -0.3817 -0.9182 -0.1059
vn -0.0618 0.4262 -0.9025
vn 0.2309 0.0393 0.9722
vn 0.3571 -0.5432 0.7599
vn 0.4375 -0.2245 0.8708
vn -0.0311 0.0085 0.9995
vn 0.3098 0.0396 0.9500
vn 0.3119 0.0544 0.9485
vn -0.5999 -0.0702 -0.7970
vn 0.8881 0.2029 -0.4124
vn 0.8834 -0.0480 0.4661
vn 0.9154 -0.3692 0.1605
vn -0.2407 -0.3925 -0.8877
vn 0.1632 0.9817 0.0980
vn 0.1872 0.9771 0.1015
vn 0.4955 0.8316 -0.2509
vn -0.3069 -0.4886 0.8168
vn -0.2664 0.2508 0.9307
vn -0.4387 -0.0988 0.8932
vn -0.5601 -0.2552 -0.7881
vn -0.1033 -0.1644 -0.9810
vn -0.1890 -0.5259 -0.8293
vn -0.6535 -0.5818 -0.4841
vn -0.0015 -1.0000 -0.0049
vn -0.7155 -0.6457 0.2667
vn 0.3172 0.9340 0.1644
vn 0.7043 0.5895 0.3956
vn 0.6199 0.7035 -0.3476
vn 0.1817 0.2137 -0.9598
vn -0.1042 0.5337 -0.8392
vn 0.5884 0.2195 -0.7782
vn -0.8783 -0.3428 0.3333
vn -0.9083 0.3443 0.2376
vn -0.8497 -0.2365 -0.4712
vn 0.0982 0.2290 -0.9685
vn 0.1163 0.2175 -0.9691
vn 0.0861 0.2279 -0.9699
vn 0.3212 0.2315 -0.9183
vn 0.3053 0.2322 -0.9235
vn -0.0637 -0.0031 -0.9980
vn 0.1732 0.5760 -0.7989
vn 0.1951 0.2224 -0.9552
vn 0.0659 0.9287 0.3648
vn 0.3517 0.9266 0.1328
vn 0.0790 0.9479 -0.3086
vn -0.0721 -0.5780 -0.8128
vn -0.5513 -0.8236 -0.1332
vn -0.2166 -0.6638 -0.7159
vn 0.2065 0.9090 -0.3620
vn 0.3333 0.9422 -0.0331
vn 0.3382 0.9401 -0.0427
vn 0.9944 -0.0663 0.0818
vn 0.9955 -0.0555 0.0765
vn -0.0359 0.9698 0.2414
vn -0.0066 0.9668 0.2556
vn -0.1423 0.9614 -0.2355
vn 0.3406 0.9103 0.2354
vn 0.3552 0.8998 0.2534
vn 0.7098 0.7004 -0.0743
vn -0.4006 -0.5963 -0.6957
vn 0.0277 -0.9886 -0.1477
vn -0.7337 -0.6760 -0.0678
vn -0.5663 -0.4891 -0.6634
vn -0.2600 -0.9652 0.0289
vn -0.5950 -0.7028 -0.3898
vn 0.3282 0.9039 0.2742
vn 0.4251 0.4884 0.7621
vn 0.5029 0.7034 0.5024
vn 0.0350 -0.8892 -0.4563
vn -0.0822 -0.2631 0.9613
vn -0.0665 0.2818 0.9571
vn -0.4642 -0.5747 0.6740
vn 0.1768 -0.0224 0.9840
vn -0.6919 0.0399 0.7209
vn -0.2848 -0.2714 0.9194
vn 0.4613 0.7752 -0.4316
vn 0.3896 0.8918 0.2301
vn 0.4955 0.8637 -0.0926
vn 0.2799 0.6518 -0.7048
vn 0.5092 0.1032 -0.8544
vn 0.1060 0.3030 -0.9471
vn 0.8188 0.4687 -0.3315
vn 0.8283 0.2066 0.5207
vn 0.9129 -0.4080 -0.0084
vn 0.0709 -0.6244 0.7779
vn -0.0016 0.9791 0.2033
vn 0.0464 0.7399 0.6711
vn 0.2750 0.9339 -0.2286
vn -0.2444 -0.8816 0.4037
vn -0.0570 -0.8028 0.5935
vn -0.1907 -0.2967 0.9358
vn -0.1680 -0.3034 0.9379
vn -0.1813 -0.2971 0.9375
vn -0.2202 -0.3091 0.9252
vn -0.2082 -0.2951 0.9325
vn -0.2198 -0.2950 0.9299
vn 0.2770 0.9367 0.2142
vn 0.2953 0.9309 0.2150
vn 0.1680 0.9456 -0.2785
vn -0.0642 -0.5800 0.8121
vn -0.8492 -0.1788 -0.4968
vn -0.8934 -0.4021 -0.2005
vn -0.9005 0.3908 0.1906
vn 0.9220 0.2724 0.2752
vn 0.9103 -0.3915 0.1345
vn 0.8860 -0.0238 -0.4630
vn 0.4341 0.8431 -0.3173
vn 0.4356 0.8411 -0.3206
vn 0.1801 0.8084 -0.5604
vn 0.1226 0.9628 -0.2409
vn 0.9933 0.0388 -0.1084
vn 0.9942 0.0293 -0.1031
vn 0.0195 -0.7287 0.6846
vn -0.2462 -0.5262 0.8140
vn 0.3629 0.3700 -0.8552
vn 0.3351 0.8577 -0.3900
vn 0.4175 0.6445 -0.6405
vn -0.8790 -0.4331 -0.1997
vn -0.8910 0.4395 0.1137
vn -0.8007 0.2675 -0.5360
vn 0.1263 -0.7328 -0.6686
vn 0.2518 -0.9629 0.0975
vn -0.4606 -0.8702 -0.1750
vn -0.0816 -0.3466 0.9344
vn -0.0663 0.1957 0.9784
vn -0.4594 -0.6361 0.6199
vn -0.2798 -0.6307 0.7239
vn -0.2572 0.0695 0.9639
vn -0.4324 -0.2660 0.8615
vn -0.1869 -0.6346 -0.7499
vn 0.1325 -0.9467 -0.2937
vn -0.7443 -0.6368 -0.2015
vn 0.0276 -0.4725 0.8809
vn -0.5425 -0.7425 0.3929
vn -0.3458 -0.5562 -0.7557
vn 0.0648 -0.9880 -0.1405
vn -0.6796 -0.7297 0.0752
vn 0.4269 -0.0805 -0.9007
vn 0.3735 0.5570 -0.7418
vn 0.5095 0.2524 -0.8226
vn 0.6640 0.4013 -0.6310
vn 0.2941 0.3811 -0.8765
vn 0.2923 0.4090 -0.8644
vn 0.9980 0.0002 -0.0627
vn 0.9925 0.1143 -0.0444
vn 0.9921 0.1233 -0.0232
vn -0.5805 -0.1833 0.7933
vn -0.5800 -0.0283 0.8141
vn 0.9999 0.0080 0.0146
vn 0.9924 0.0841 -0.0900
vn 0.9915 0.1299 0.0088
vn 0.9914 0.1266 0.0317
vn 0.9942 0.0710 -0.0805
vn 0.9936 0.0824 -0.0768
vn 0.3891 0.3314 -0.8595
vn 0.5304 0.6825 -0.5028
vn 0.6256 -0.1050 -0.7730
vn -0.8280 -0.3198 0.4607
vn 0.0476 0.9515 0.3040
vn 0.0855 0.9425 0.3230
vn -0.1027 0.9835 -0.1492
vn 0.9922 0.0431 -0.1171
vn 0.9916 0.0650 -0.1119
vn 0.9991 -0.0318 -0.0273
vn -0.9288 -0.3673 0.0495
vn -0.8612 0.5054 0.0545
vn -0.8392 -0.1121 -0.5322
vn -0.8435 -0.0932 0.5290
vn 0.8556 -0.3779 -0.3538
vn 0.9191 0.2628 0.2937
vn 0.9208 -0.3826 0.0758
vn -0.8453 -0.4310 0.3158
vn 0.9975 0.0024 0.0700
vn 0.9918 -0.1174 0.0501
vn 0.9918 -0.1247 0.0296
vn 0.9920 -0.1252 -0.0123
vn 0.9921 -0.1201 -0.0356
vn 0.9978 -0.0347 0.0563
vn 0.9974 0.0711 -0.0154
vn 0.9922 0.0745 0.0999
vn 0.9923 0.0553 0.1111
vn -0.2180 -0.5202 -0.8257
vn 0.1034 -0.9188 -0.3809
vn -0.7544 -0.5995 -0.2674
vn 0.1955 -0.2577 0.9462
vn -0.3021 0.1699 0.9380
vn -0.3060 -0.3852 0.8707
vn -0.1987 -0.1779 0.9638
vn -0.4819 -0.4791 -0.7336
vn 0.0695 -0.9705 -0.2311
vn -0.6650 -0.7467 0.0132
vn 0.3538 0.4334 -0.8289
vn 0.3594 0.4311 -0.8276
vn 0.0828 0.5153 -0.8530
vn 0.0968 0.5154 -0.8515
vn -0.1709 0.2690 -0.9478
vn 0.1122 0.4741 -0.8733
vn 0.1058 0.4714 -0.8756
vn 0.8179 0.5170 -0.2524
vn 0.8314 0.1151 0.5437
vn 0.9124 -0.4002 -0.0862
vn 0.1683 0.4603 -0.8716
vn 0.1717 0.4690 -0.8664
vn 0.1837 0.4646 -0.8662
vn 0.9953 -0.0857 0.0456
vn 0.9942 -0.0977 0.0451
vn -0.7799 0.6222 0.0687
vn -0.8092 0.4753 -0.3454
vn -0.7822 0.5459 0.3002
vn -0.7870 0.6015 0.1374
vn 0.2678 0.8714 0.4110
vn 0.2996 0.8601 0.4129
vn 0.1707 0.9835 -0.0605
vn -0.8399 0.4959 -0.2206
vn 0.3482 0.8211 0.4523
vn 0.3598 0.8111 0.4612
vn 0.3827 0.9219 -0.0613
vn 0.3538 -0.5790 -0.7345
vn 0.2535 -0.9664 -0.0418
vn -0.3902 -0.7903 -0.4724
vn 0.8548 -0.3674 -0.3665
vn 0.9175 0.2154 0.3343
vn 0.9080 -0.4115 0.0783
vn -0.7772 0.6093 -0.1572
vn -0.7835 -0.0584 -0.6187
vn -0.0809 -0.5062 0.8586
vn -0.0658 0.0207 0.9976
vn -0.4579 -0.7373 0.4967
vn -0.5320 -0.7059 0.4676
vn -0.1726 -0.4763 0.8622
vn -0.1793 -0.4663 0.8663
vn -0.1537 -0.5163 -0.8425
vn 0.1169 -0.8817 -0.4570
vn -0.7468 -0.5861 -0.3144
vn 0.1741 -0.2766 0.9451
vn -0.6926 -0.1481 0.7059
vn -0.2863 -0.5021 0.8160
vn 0.9163 -0.2392 0.3212
vn 0.8257 -0.4978 0.2654
vn 0.8258 -0.4993 0.2621
vn 0.8719 -0.4863 -0.0576
vn -0.9966 0.0303 -0.0769
vn -0.7886 0.1764 0.5890
vn -0.5176 -0.4214 -0.7447
vn 0.0921 -0.9404 -0.3273
vn -0.6745 -0.7355 -0.0639
vn -0.8180 0.3028 -0.4891
vn -0.8914 -0.3950 -0.2225
vn -0.8976 0.1761 0.4040
vn 0.8457 0.5241 -0.1001
vn 0.8104 0.0548 0.5833
vn 0.9033 -0.4270 0.0410
vn 0.1139 0.5534 -0.8251
vn 0.1125 0.5415 -0.8331
vn 0.1070 0.5401 -0.8348
vn 0.6711 0.4993 -0.5481
vn 0.3073 0.5414 -0.7826
vn 0.3022 0.5458 -0.7816
vn 0.0552 0.7302 0.6810
vn 0.3695 0.8029 0.4677
vn 0.1029 0.9941 0.0332
vn 0.8361 0.1136 -0.5367
vn 0.8365 0.1142 -0.5360
vn 0.8924 0.2988 -0.3381
vn 0.8649 -0.2068 -0.4574
vn 0.8522 0.3599 -0.3797
vn 0.8755 0.4757 -0.0853
vn 0.8474 0.1184 -0.5175
vn 0.8248 0.0600 0.5622
vn 0.8876 -0.1711 0.4277
vn 0.9030 0.2314 0.3621
vn -0.9548 -0.1304 -0.2671
vn -0.9545 -0.1262 -0.2702
vn -0.9532 -0.1403 -0.2677
vn 0.8706 0.4265 0.2453
vn 0.8208 0.3011 0.4855
vn 0.9095 0.0520 0.4125
vn 0.8655 0.3983 -0.3038
vn 0.9200 0.0772 0.3842
vn 0.9231 -0.3549 -0.1481
vn -0.8424 0.4668 -0.2692
vn -0.8991 -0.3790 -0.2191
vn -0.9067 0.2861 0.3098
vn 0.1147 0.8391 0.5317
vn 0.1708 0.8075 0.5646
vn 0.2330 0.9703 0.0655
vn -0.9426 -0.2750 0.1892
vn -0.9413 -0.2841 0.1825
vn -0.9412 -0.2711 0.2015
vn 0.8952 0.3550 -0.2696
vn 0.8267 -0.1313 -0.5471
vn 0.8371 0.2169 -0.5021
vn -0.9546 -0.2825 0.0945
vn -0.9538 -0.2883 0.0847
vn -0.9529 -0.2850 0.1038
vn -0.9409 -0.3174 -0.1185
vn -0.9396 -0.3186 -0.1247
vn -0.9403 -0.3210 -0.1132
vn -0.9168 -0.3983 0.0280
vn -0.9204 -0.3898 0.0320
vn -0.9188 -0.3939 0.0270
vn 0.8136 -0.5793 0.0490
vn 0.8137 -0.5793 0.0481
vn 0.9126 -0.3887 -0.1270
vn 0.9360 -0.2860 0.2054
vn -0.8781 -0.3746 -0.2975
vn -0.8981 0.3785 0.2238
vn -0.8067 0.4033 -0.4319
vn -0.9514 -0.2514 -0.1776
vn -0.9511 -0.2485 -0.1833
vn -0.9500 -0.2576 -0.1764
vn -0.0900 -0.5750 0.8132
vn -0.0736 -0.0619 0.9954
vn -0.4607 -0.7773 0.4284
vn 0.2623 -0.3812 0.8865
vn -0.6413 -0.1958 0.7419
vn -0.2447 -0.5460 0.8013
vn -0.9300 -0.2267 0.2893
vn -0.9341 -0.2209 0.2804
vn -0.9330 -0.2277 0.2785
vn 0.8310 -0.4915 -0.2604
vn 0.8317 -0.4903 -0.2605
vn 0.8224 -0.4261 -0.3769
vn 0.7959 -0.6043 0.0351
vn -0.3722 -0.3410 -0.8632
vn 0.0114 -0.9007 -0.4344
vn -0.7125 -0.7000 -0.0493
vn 0.3147 0.7818 0.5383
vn 0.7012 0.3722 0.6081
vn 0.6194 0.7848 -0.0221
vn -0.9959 -0.0166 0.0889
vn -0.9964 -0.0728 0.0437
vn -0.6019 0.7941 0.0847
vn -0.6337 -0.1921 -0.7493
vn -0.8719 0.3398 -0.3525
vn 0.1069 0.6286 -0.7703
vn 0.1319 0.6047 -0.7855
vn 0.0646 0.6210 -0.7812
vn 0.2237 0.5787 -0.7842
vn 0.2178 0.5755 -0.7883
vn 0.9928 -0.1160 -0.0288
vn 0.9941 -0.1066 -0.0212
vn 0.3833 0.5510 -0.7413
vn 0.5217 0.7974 -0.3033
vn 0.6318 0.1100 -0.7673
vn 0.1618 0.8157 0.5554
vn 0.2085 0.1592 0.9650
vn 0.3390 0.9389 -0.0597
vn 0.1068 -0.0148 -0.9942
vn 0.1047 -0.0195 -0.9943
vn 0.1017 -0.0191 -0.9946
vn 0.1030 -0.0174 -0.9945
vn 0.0601 0.9693 0.2382
vn 0.0101 0.9548 0.2971
vn 0.1010 0.4772 0.8730
vn 0.5806 0.7964 -0.1691
vn -0.9270 -0.3718 -0.0490
vn -0.8633 0.4691 0.1860
vn -0.8398 0.0281 -0.5421
vn -0.9961 0.0839 0.0290
vn 0.8498 -0.0595 -0.5238
vn 0.9255 0.1927 0.3261
vn 0.9112 -0.4019 -0.0901
vn 0.3243 0.7158 0.6184
vn 0.3678 0.6849 0.6290
vn 0.7081 0.6758 0.2045
vn -0.8966 -0.3013 -0.3246
vn -0.9188 0.0240 0.3941
vn -0.8445 0.4906 -0.2149
vn -0.2411 -0.5810 0.7774
vn -0.2319 -0.5732 0.7859
vn 0.9211 0.1765 0.3470
vn 0.9199 -0.3913 -0.0273
vn 0.8793 0.1820 -0.4401
vn 0.2025 0.8168 0.5401
vn 0.2868 0.7804 0.5556
vn 0.4507 0.8893 0.0778
vn -0.8810 0.2435 -0.4057
vn -0.6010 0.7949 -0.0831
vn -0.6019 -0.3007 -0.7398
vn -0.0192 -0.8276 0.5610
vn -0.0906 -0.9767 0.1948
vn 0.6995 -0.6141 0.3656
vn 0.1124 -0.3640 0.9246
vn -0.2293 0.3193 -0.9195
vn 0.2121 0.8517 -0.4793
vn 0.2500 -0.3457 -0.9044
vn -0.6527 -0.3071 0.6926
vn -0.1631 -0.6108 0.7748
vn -0.1662 -0.5974 0.7845
vn -0.9956 0.0419 0.0843
vn -0.3618 -0.5887 0.7229
vn 0.1171 -0.3566 0.9269
vn -0.7190 -0.1821 0.6708
vn -0.4476 -0.2445 -0.8602
vn -0.0035 -0.8580 -0.5136
vn -0.7093 -0.6988 -0.0922
vn -0.8955 0.3925 -0.2100
vn -0.5807 0.7513 0.3136
vn -0.6390 0.0831 -0.7647
vn -0.2054 -0.6093 0.7659
vn -0.2018 -0.6335 0.7469
vn 0.3109 -0.5675 0.7624
vn 0.9951 -0.0585 -0.0798
vn 0.9942 -0.0704 -0.0816
vn 0.2319 -0.8249 0.5155
vn 0.2623 0.3863 0.8843
vn 0.1044 -0.1555 0.9823
vn 0.9420 0.3338 0.0358
vn -0.8771 -0.4607 0.1354
vn -0.9080 0.1778 0.3794
vn -0.8498 0.0299 -0.5263
vn 0.0795 0.7185 -0.6909
vn 0.0907 0.7160 -0.6922
vn -0.1650 0.5069 -0.8461
vn 0.1481 0.9286 -0.3403
vn 0.2249 -0.1850 -0.9567
vn -0.0352 0.3916 -0.9195
vn 0.8577 -0.1947 0.4758
vn 0.8238 -0.4402 0.3572
vn 0.8234 -0.4409 0.3571
vn 0.8446 -0.5339 0.0393
vn -0.9418 0.3202 0.1028
vn -0.9382 0.3269 0.1133
vn -0.9389 0.3306 0.0957
vn 0.9243 -0.2760 0.2637
vn 0.8531 0.1467 0.5007
vn 0.8405 -0.1823 0.5102
vn 0.9241 0.2981 0.2389
vn 0.8598 -0.2032 -0.4684
vn 0.8651 0.1138 -0.4885
vn 0.8736 -0.4347 -0.2188
vn -0.9416 0.1523 -0.3004
vn -0.9387 0.1477 -0.3116
vn -0.9419 0.1473 -0.3020
vn 0.8642 0.4472 -0.2306
vn 0.9206 0.0086 0.3905
vn 0.9246 -0.3193 -0.2076
vn 0.1023 -0.3236 -0.9406
vn 0.3416 -0.8760 -0.3404
vn -0.4038 -0.6710 -0.6219
vn 0.8880 0.3269 -0.3233
vn 0.8994 -0.0106 0.4369
vn 0.9281 -0.3503 -0.1259
vn 0.9361 -0.2509 -0.2465
vn 0.8512 -0.0593 -0.5214
vn 0.8508 -0.0571 -0.5223
vn 0.8319 0.2843 -0.4766
vn 0.8608 0.4689 -0.1979
vn 0.8259 0.5609 0.0580
vn 0.8844 0.3858 0.2626
vn 0.1177 0.0658 0.9909
vn 0.2293 -0.4775 0.8482
vn 0.1806 0.7902 0.5857
vn 0.9445 0.0135 -0.3283
vn -0.9507 0.0755 -0.3008
vn -0.9510 0.0619 -0.3030
vn -0.9517 0.0690 -0.2992
vn 0.0857 0.9503 -0.2994
vn 0.2637 0.2401 -0.9342
vn 0.0557 0.6839 -0.7274
vn 0.2628 -0.5358 0.8024
vn -0.6376 -0.3158 0.7027
vn -0.2468 -0.6767 0.6936
vn -0.9406 0.3392 -0.0131
vn -0.9435 0.3313 -0.0055
vn -0.9410 0.3384 0.0007
vn 0.9266 0.3663 0.0853
vn -0.4391 -0.1727 -0.8817
vn 0.0038 -0.8149 -0.5796
vn -0.7116 -0.6862 -0.1510
vn 0.9400 0.3096 0.1434
vn -0.2671 -0.8705 0.4133
vn -0.0415 -0.5665 0.8230
vn -0.4205 -0.6033 0.6776
vn 0.3105 0.6763 0.6679
vn 0.7139 0.2646 0.6483
vn 0.6171 0.7782 0.1166
vn -0.5178 -0.2091 -0.8296
vn 0.0809 -0.8223 -0.5633
vn -0.6688 -0.7017 -0.2455
vn 0.9042 -0.2607 0.3382
vn 0.8134 0.2504 0.5251
vn 0.8405 -0.0780 0.5361
vn 0.9409 -0.1153 -0.3184
vn 0.9373 -0.1673 -0.3059
vn 0.3459 0.8871 -0.3056
vn 0.2141 0.7036 -0.6776
vn 0.0752 0.7731 -0.6299
vn 0.0862 0.7719 -0.6299
vn -0.1763 0.5702 -0.8024
vn 0.2777 0.9193 -0.2789
vn 0.5095 0.5243 -0.6823
vn 0.1049 0.7413 -0.6629
vn 0.8192 0.5727 -0.0325
vn 0.8318 -0.0801 0.5493
vn 0.9130 -0.3501 -0.2095
vn 0.0580 0.9266 -0.3716
vn 0.6463 0.6999 -0.3039
vn 0.3384 0.7044 -0.6240
vn 0.1667 -0.3957 -0.9031
vn 0.5210 -0.8323 0.1895
vn -0.1305 -0.9416 -0.3103
vn 0.0500 -0.8527 -0.5200
vn 0.3701 -0.0722 -0.9262
vn 0.3178 -0.9482 0.0029
vn 0.9454 0.2075 0.2511
vn 0.9338 0.0719 -0.3506
vn -0.6212 -0.2200 -0.7522
vn 0.1140 -0.7753 -0.6212
vn -0.6388 -0.5623 -0.5252
vn 0.9271 -0.2366 0.2906
vn -0.8370 -0.3515 -0.4195
vn -0.8373 -0.3439 -0.4251
vn -0.3857 -0.8801 -0.2769
vn -0.6219 -0.7811 0.0553
vn -0.8427 0.4813 -0.2415
vn -0.8916 -0.2513 -0.3766
vn -0.9192 -0.0465 0.3911
vn -0.0365 -0.2386 -0.9704
vn 0.3749 -0.8194 -0.4335
vn -0.3956 -0.6465 -0.6524
vn 0.8877 0.3480 -0.3015
vn 0.9005 -0.0508 0.4319
vn 0.9275 -0.3381 -0.1594
vn 0.1863 0.6663 0.7220
vn 0.2677 0.6363 0.7235
vn 0.1261 0.9431 0.3078
vn 0.9326 0.1320 -0.3360
vn 0.9279 0.3707 -0.0393
vn 0.9238 -0.2414 -0.2973
vn -0.8780 -0.4632 0.1202
vn -0.6171 -0.5835 -0.5280
vn -0.6274 -0.2840 0.7250
vn 0.9424 0.3199 -0.0982
vn -0.5378 -0.5759 -0.6157
vn -0.5492 -0.6028 0.5788
vn -0.8852 -0.4649 -0.0137
vn -0.0860 -0.7663 0.6367
vn -0.0695 -0.3175 0.9457
vn -0.4642 -0.8580 0.2196
vn 0.3951 0.6655 -0.6333
vn 0.4847 0.8578 -0.1711
vn 0.7819 0.3235 -0.5329
vn 0.9415 0.2941 -0.1646
vn 0.3155 0.6137 0.7238
vn 0.7032 0.2015 0.6819
vn 0.6197 0.7631 0.1834
vn 0.9296 -0.3638 -0.0585
vn -0.6002 -0.7943 -0.0937
vn -0.5918 0.1098 0.7986
vn -0.8821 -0.3207 0.3452
vn 0.8720 0.4007 0.2811
vn 0.8695 -0.4640 -0.1694
vn 0.6640 -0.0914 -0.7421
vn 0.9395 -0.3413 0.0297
vn -0.0192 0.6198 0.7845
vn 0.0452 0.5964 0.8014
vn -0.2080 0.8759 0.4354
vn -0.6253 -0.1753 -0.7605
vn 0.0912 -0.7505 -0.6546
vn -0.6680 -0.5239 -0.5285
vn -0.0209 0.3174 0.9480
vn -0.0126 -0.4976 0.8673
vn 0.1113 0.9052 0.4101
vn 0.3208 0.5309 0.7844
vn 0.3664 0.4954 0.7876
vn 0.7052 0.6038 0.3718
vn -0.9026 -0.2699 -0.3354
vn -0.9072 0.1552 0.3909
vn -0.8466 0.5253 -0.0861
vn 0.0151 -0.1690 -0.9855
vn 0.3347 -0.8078 -0.4853
vn -0.3968 -0.5677 -0.7213
vn 0.8914 0.3485 -0.2897
vn 0.8997 -0.0858 0.4279
vn 0.9254 -0.3316 -0.1833
vn 0.1956 0.6068 0.7704
vn 0.2827 0.5722 0.7699
vn 0.1633 0.9139 0.3717
vn -0.0304 -0.7337 -0.6787
vn 0.2029 -0.0056 -0.9792
vn 0.0414 -0.9946 0.0956
vn -0.8207 0.4326 0.3733
vn -0.8227 0.4134 0.3901
vn -0.4015 0.2079 0.8919
vn -0.4827 0.8756 -0.0202
vn -0.0079 0.2163 -0.9763
vn -0.0123 0.2193 -0.9756
vn 0.2355 0.8314 -0.5032
vn -0.1893 -0.0541 -0.9804
vn 0.0899 -0.6149 -0.7835
vn -0.7486 -0.3926 -0.5343
vn -0.5934 -0.7722 0.2272
vn -0.2975 -0.0370 0.9540
vn -0.8270 -0.1801 0.5325
vn 0.8564 0.0481 -0.5141
vn 0.9242 0.0433 0.3796
vn 0.9079 -0.4089 -0.0922
vn 0.8710 0.3193 0.3734
vn 0.8716 -0.4277 -0.2394
vn 0.6621 0.5081 -0.5509
vn 0.9342 0.0369 0.3549
vn 0.0640 0.2254 0.9722
vn 0.3942 0.4400 0.8069
vn 0.2047 0.8528 0.4805
vn -0.1409 0.9869 -0.0791
vn 0.1004 0.8744 -0.4746
vn 0.0821 0.8693 -0.4875
vn 0.0500 0.6079 -0.7924
vn -0.1583 0.8900 -0.4275
vn 0.1813 0.8397 -0.5118
vn 0.6677 0.3168 0.6736
vn 0.8692 -0.0176 0.4941
vn 0.8701 -0.1598 -0.4662
vn 0.3611 0.7847 -0.5039
vn 0.7431 0.6465 -0.1725
vn 0.3922 0.3925 -0.8319
vn -0.0286 0.5446 0.8382
vn 0.0349 0.5199 0.8535
vn -0.2045 0.8356 0.5098
vn -0.3473 -0.8181 0.4583
vn -0.3252 -0.8144 0.4806
vn -0.3525 -0.8013 0.4833
vn 0.8634 0.4980 -0.0812
vn 0.9193 -0.0958 0.3817
vn 0.9253 -0.2490 -0.2860
vn -0.8396 0.5218 -0.1510
vn -0.8952 -0.1750 -0.4099
vn -0.9240 -0.1105 0.3662
vn -0.2678 -0.0958 -0.9587
vn 0.1963 -0.7716 -0.6051
vn -0.5525 -0.5630 -0.6146
vn 0.1896 0.5312 0.8257
vn 0.2771 0.4975 0.8220
vn 0.1239 0.8753 0.4675
vn 0.6042 0.2826 0.7450
vn 0.0004 0.7925 0.6099
vn -0.1347 -0.0330 0.9903
vn 0.3967 -0.0512 0.9165
vn 0.6665 -0.2449 -0.7041
vn 0.6642 0.4587 -0.5902
vn 0.8705 0.4754 0.1271
vn 0.8706 -0.4427 0.2148
vn 0.6639 0.3562 -0.6576
vn 0.8698 -0.0776 0.4872
vn 0.8706 -0.0335 -0.4909
vn 0.8742 0.4328 -0.2200
vn 0.6641 0.3058 0.6822
vn 0.6620 -0.3685 0.6527
vn 0.8684 -0.3061 -0.3901
vn 0.0395 -0.9238 0.3809
vn -0.2867 -0.5307 0.7976
vn -0.4312 -0.7558 0.4927
vn -0.8849 -0.2238 -0.4085
vn -0.8895 0.2452 0.3857
vn -0.8166 0.5365 -0.2129
vn 0.9248 0.0912 0.3694
vn 0.9169 -0.3581 -0.1762
vn 0.8921 0.4047 -0.2009
vn -0.0863 -0.8671 0.4907
vn -0.0782 -0.4795 0.8740
vn -0.4623 -0.8846 0.0619
vn -0.1583 -0.4159 0.8955
vn -0.1817 -0.8445 0.5038
vn -0.1585 -0.8472 0.5072
vn -0.2202 0.0546 -0.9739
vn 0.0942 -0.5255 -0.8456
vn -0.7619 -0.3321 -0.5561
vn 0.6640 -0.0494 -0.7461
vn 0.6645 0.2583 -0.7012
vn 0.8707 0.4512 -0.1956
vn 0.8708 -0.3295 0.3649
vn 0.1135 0.8492 -0.5157
vn 0.1391 0.8232 -0.5504
vn -0.3049 0.8017 -0.5140
vn 0.6640 0.7418 0.0942
vn 0.8704 -0.4859 0.0794
vn 0.8690 0.4632 -0.1738
vn 0.6631 -0.7475 0.0382
vn 0.8709 -0.0307 -0.4906
vn 0.8715 0.1870 0.4534
vn 0.6644 0.7266 -0.1752
vn 0.8694 -0.3398 0.3586
vn 0.8733 -0.0923 -0.4784
vn 0.8002 -0.2662 0.5375
vn 0.9201 -0.2590 -0.2939
vn 0.8949 0.4460 -0.0150
vn -0.1308 0.9912 -0.0180
vn 0.0912 0.9089 -0.4069
vn 0.0813 0.9069 -0.4135
vn 0.6395 0.7299 -0.2417
vn 0.3052 0.8569 -0.4155
vn 0.2947 0.8663 -0.4034
vn -0.4834 -0.1459 -0.8632
vn -0.3869 0.1662 -0.9070
vn 0.0253 -0.1315 -0.9910
vn 0.0253 -0.5976 -0.8014
vn -0.0096 -0.0367 -0.9993
vn 0.3643 -0.3521 -0.8622
vn -0.4800 -0.0817 -0.8734
vn 0.2239 0.8209 -0.5254
vn 0.0869 0.9937 -0.0701
vn 0.2268 0.8634 0.4507
vn 0.3691 0.8176 -0.4420
vn 0.5234 0.8499 0.0614
vn 0.4955 0.4531 -0.7411
vn -0.5486 -0.2575 0.7954
vn 0.2516 -0.2705 0.9293
vn -0.1910 0.5151 0.8356
vn 0.0012 0.4873 0.8732
vn 0.0456 0.4662 0.8835
vn -0.1563 0.8161 0.5563
vn -0.8404 0.5324 -0.1011
vn -0.8910 -0.1416 -0.4313
vn -0.9206 -0.1489 0.3609
vn -0.2159 -0.8577 0.4667
vn -0.2079 -0.8568 0.4719
vn 0.1071 0.9929 -0.0525
vn 0.0915 0.9956 -0.0224
vn 0.1388 0.9900 -0.0233
vn -0.3563 -0.0130 -0.9343
vn 0.1208 -0.2434 -0.9624
vn -0.7784 -0.0603 -0.6249
vn 0.4567 0.3339 0.8246
vn -0.0873 0.2300 0.9693
vn -0.2294 -0.1626 0.9597
vn 0.3590 -0.5050 0.7849
vn -0.9072 0.2750 0.3185
vn -0.8287 0.4152 -0.3753
vn -0.8179 -0.4636 -0.3408
vn -0.8699 -0.4305 0.2408
vn -0.1541 -0.0989 -0.9831
vn 0.2988 -0.3075 -0.9034
vn -0.3918 -0.4787 -0.7857
vn -0.2629 -0.0539 -0.9633
vn 0.2756 -0.7019 -0.6568
vn -0.4541 -0.5760 -0.6797
vn -0.2190 0.1469 -0.9646
vn 0.0979 -0.4410 -0.8922
vn -0.7645 -0.2735 -0.5838
vn 0.8674 -0.2804 0.4111
vn 0.8112 -0.5847 -0.0063
vn 0.9539 0.2567 -0.1556
vn -0.3424 -0.8561 0.3871
vn 0.1803 -0.7812 0.5977
vn -0.6261 -0.4648 0.6261
vn -0.0678 -0.9474 0.3129
vn -0.2149 -0.6300 0.7463
vn -0.4210 -0.8026 0.4226
vn -0.1955 -0.8771 0.4386
vn -0.1969 -0.8849 0.4221
vn 0.3106 -0.9039 0.2940
vn -0.0947 0.2848 -0.9539
vn 0.1627 -0.1579 -0.9740
vn -0.7936 -0.0299 -0.6077
vn 0.3166 0.3977 0.8612
vn 0.7031 0.0103 0.7111
vn 0.6198 0.6864 0.3803
vn 0.1758 0.8632 0.4732
vn 0.2309 0.7635 -0.6032
vn 0.1680 0.9804 -0.1026
vn -0.4732 0.0119 -0.8809
vn -0.4030 0.3206 -0.8572
vn 0.0131 0.0427 -0.9990
vn 0.2636 -0.3814 -0.8860
vn 0.0967 0.9295 -0.3560
vn 0.1031 0.9247 -0.3665
vn 0.0932 0.9274 -0.3622
vn -0.0131 0.9871 -0.1598
vn 0.5732 0.8193 0.0147
vn 0.3491 0.8685 -0.3518
vn 0.1701 0.9115 -0.3746
vn 0.1782 0.9149 -0.3621
vn 0.2004 0.9097 -0.3638
vn -0.8497 -0.1521 -0.5048
vn -0.8603 -0.1443 0.4890
vn -0.8900 0.4233 -0.1694
vn -0.5735 -0.3132 -0.7569
vn -0.2239 -0.0163 -0.9745
vn -0.2047 0.0005 -0.9788
vn 0.1951 -0.2930 -0.9360
vn -0.3776 -0.1198 0.9182
vn 0.4915 -0.5220 0.6970
vn 0.1975 0.1971 0.9603
vn 0.1842 -0.6348 0.7504
vn 0.7420 -0.3433 0.5759
vn 0.0665 0.1254 0.9899
vn 0.9560 0.2602 -0.1351
vn 0.8648 -0.3212 0.3860
vn 0.8586 -0.3844 -0.3391
vn 0.9271 -0.0476 0.3719
vn 0.9193 -0.2832 -0.2732
vn 0.8543 0.1739 -0.4899
vn 0.8617 -0.3346 -0.3816
vn 0.9527 0.2676 -0.1440
vn 0.8892 -0.0302 0.4565
vn 0.8111 -0.5724 0.1201
vn -0.3498 -0.8816 0.3168
vn -0.3342 -0.8815 0.3335
vn -0.3532 -0.8723 0.3380
vn 0.2597 0.3921 0.8825
vn 0.3107 0.3775 0.8723
vn 0.1815 0.7879 0.5885
vn -0.1009 -0.9217 0.3746
vn -0.1122 -0.9250 0.3630
vn -0.2193 -0.8935 0.3919
vn -0.2224 -0.8885 0.4013
vn 0.0447 0.9060 -0.4209
vn 0.2213 0.9727 0.0707
vn 0.2398 0.9684 0.0678
vn 0.6801 0.7305 -0.0613
vn -0.4079 0.9119 0.0464
vn 0.1087 0.9873 0.1155
vn 0.0975 0.9906 0.0960
vn 0.9114 0.2271 -0.3431
vn 0.9271 0.3746 0.0102
vn 0.8472 -0.4709 0.2459
vn 0.8482 -0.3712 -0.3779
vn -0.3891 -0.8141 -0.4311
vn -0.3668 -0.9296 -0.0358
vn -0.5819 -0.4392 0.6844
vn 0.1576 -0.4979 0.8528
vn -0.2267 0.3259 0.9178
vn 0.8823 0.4707 -0.0003
vn 0.8909 -0.4266 0.1561
vn 0.9180 -0.3092 -0.2482
vn -0.3742 0.0771 -0.9241
vn 0.1049 -0.1582 -0.9818
vn -0.7855 -0.0348 -0.6178
vn -0.1419 0.1510 -0.9783
vn 0.1160 -0.3737 -0.9203
vn -0.7437 -0.2444 -0.6222
vn 0.8648 -0.2576 0.4310
vn 0.8539 -0.3004 -0.4249
vn 0.9259 0.3743 -0.0514
vn -0.2008 -0.9100 0.3628
vn -0.2041 -0.9188 0.3377
vn 0.3102 -0.9082 0.2811
vn -0.0768 -0.9399 0.3328
vn -0.2577 -0.6213 0.7400
vn -0.5274 -0.8495 -0.0135
vn -0.5645 -0.0747 0.8221
vn 0.3872 -0.3092 0.8686
vn -0.2479 0.3321 0.9101
vn 0.1863 0.9418 -0.2798
vn 0.0397 0.9914 0.1245
vn 0.5784 0.7731 -0.2602
vn 0.2171 0.9497 -0.2259
vn 0.0768 0.9571 0.2795
vn 0.2366 0.6453 0.7264
vn 0.4086 0.9094 0.0770
vn 0.3644 0.7516 -0.5499
vn 0.0936 0.9565 -0.2765
vn 0.1015 0.9944 0.0294
vn 0.6616 0.7493 0.0297
vn 0.3451 0.8984 -0.2715
vn 0.2184 0.9244 -0.3126
vn 0.2126 0.9240 -0.3178
vn 0.1185 0.9654 0.2323
vn 0.1067 0.9646 0.2412
vn 0.6068 0.7065 0.3642
vn 0.6695 0.6993 0.2505
vn 0.4063 0.8338 -0.3737
vn 0.1720 0.9753 0.1389
vn 0.1735 0.9612 0.2142
vn 0.1792 0.9584 0.2220
vn 0.1840 0.9587 0.2169
vn -0.5100 -0.0995 0.8544
vn 0.0920 -0.6658 0.7404
vn 0.2604 0.1366 0.9558
vn 0.3726 0.8821 -0.2881
vn 0.5196 0.8328 0.1908
vn 0.6327 0.5236 -0.5705
vn 0.0949 0.9792 0.1791
vn 0.0970 0.9780 0.1849
vn 0.5141 0.8386 -0.1802
vn -0.6297 0.0344 -0.7761
vn 0.1164 -0.4968 -0.8600
vn -0.6340 -0.3315 -0.6987
vn 0.2305 0.9502 0.2098
vn 0.2281 0.9539 0.1951
vn 0.2211 0.9491 0.2245
vn 0.8560 0.2630 -0.4450
vn 0.9247 -0.0290 0.3795
vn 0.9214 -0.2589 -0.2898
vn -0.9198 -0.2845 -0.2702
vn -0.8956 0.1290 0.4257
vn -0.8504 0.3728 -0.3713
vn 0.0185 0.2107 -0.9774
vn 0.3632 -0.5686 -0.7381
vn -0.3706 -0.2947 -0.8808
vn 0.8546 0.0313 -0.5183
vn 0.9197 -0.0612 0.3878
vn 0.9189 -0.3100 -0.2439
vn 0.2032 0.3556 0.9123
vn 0.2876 0.3174 0.9036
vn 0.4439 0.6861 0.5764
vn -0.1184 0.5939 -0.7958
vn -0.2795 -0.2345 -0.9311
vn -0.7760 0.1851 -0.6030
vn 0.2717 0.9509 -0.1482
vn -0.2005 0.9786 0.0461
vn 0.6951 0.7109 -0.1074
vn -0.2245 -0.1956 0.9546
vn 0.6724 -0.4076 0.6179
vn -0.0209 0.0470 0.9987
vn -0.1138 0.5021 -0.8573
vn -0.2921 -0.3396 -0.8941
vn -0.7466 0.0284 -0.6647
vn -0.0865 0.5715 -0.8160
vn 0.1977 0.1740 -0.9647
vn -0.7686 0.1909 -0.6106
vn -0.1153 -0.9926 0.0373
vn -0.3253 -0.7045 0.6307
vn -0.4286 -0.8618 0.2713
vn 0.3854 -0.8523 0.3536
vn -0.2342 -0.7359 0.6353
vn -0.1020 -0.9738 0.2031
vn 0.1627 0.8858 0.4346
vn 0.4133 0.9025 0.1211
vn 0.3956 0.9139 0.0907
vn -0.6481 0.2093 -0.7322
vn -0.0047 -0.4032 -0.9151
vn -0.7127 -0.5170 -0.4741
vn 0.3113 0.2471 0.9176
vn 0.7068 -0.1025 0.7000
vn 0.6105 0.6189 0.4942
vn -0.0856 0.6409 -0.7629
vn 0.1999 0.2608 -0.9445
vn -0.7673 0.2411 -0.5942
vn 0.0615 -0.1274 0.9899
vn 0.3912 0.1324 0.9107
vn 0.2019 0.6327 0.7476
vn -0.0471 0.8801 -0.4724
vn -0.0706 0.9949 0.0720
vn 0.1773 0.9644 -0.1959
vn 0.6352 0.7711 -0.0447
vn 0.3052 0.9347 -0.1819
vn 0.2946 0.9407 -0.1680
vn 0.9285 0.3684 -0.0467
vn 0.9183 0.1894 0.3477
vn 0.8496 -0.4918 0.1906
vn 0.8539 -0.2160 -0.4734
vn -0.3014 -0.3494 0.8872
vn 0.5902 -0.6054 0.5340
vn -0.0044 -0.1019 0.9948
vn -0.4720 0.2605 -0.8422
vn -0.4075 0.5434 -0.7340
vn 0.0037 0.2962 -0.9551
vn 0.2721 -0.1315 -0.9532
vn -0.0396 0.2712 0.9617
vn 0.0275 -0.2456 0.9690
vn 0.2644 0.6358 0.7251
vn 0.3609 0.9069 -0.2174
vn 0.5178 0.8121 0.2690
vn 0.4980 0.6127 -0.6137
vn 0.1706 0.9376 0.3030
vn 0.1741 0.9402 0.2926
vn 0.1610 0.9373 0.3091
vn -0.3515 -0.9228 0.1575
vn -0.3327 -0.9267 0.1748
vn -0.3541 -0.9178 0.1797
vn 0.9558 0.2914 -0.0401
vn 0.8658 -0.4376 0.2427
vn 0.7525 -0.3070 -0.5826
vn 0.8654 0.4934 0.0871
vn 0.9180 -0.2171 0.3320
vn 0.9230 -0.1424 -0.3574
vn -0.9316 -0.3565 0.0702
vn -0.9018 0.0188 0.4318
vn -0.8458 0.4188 -0.3305
vn -0.2145 -0.9494 0.2293
vn -0.2071 -0.9499 0.2339
vn 0.8583 0.0600 -0.5096
vn 0.9163 -0.1032 0.3871
vn 0.9128 -0.3065 -0.2697
vn 0.1897 0.2141 0.9582
vn 0.2772 0.1841 0.9430
vn 0.1176 0.6597 0.7423
vn -0.6220 0.3398 -0.7055
vn -0.1938 0.3658 -0.9103
vn -0.1757 0.3691 -0.9126
vn -0.1471 -0.1505 -0.9776
vn 0.0943 0.9572 0.2736
vn -0.0771 0.7070 0.7030
vn 0.5958 0.7992 0.0793
vn 0.8654 -0.3584 0.3503
vn 0.8529 -0.2026 -0.4812
vn 0.9254 0.3756 0.0500
vn 0.2032 -0.7555 0.6228
vn 0.7458 -0.4323 0.5068
vn 0.0661 -0.0468 0.9967
vn -0.8827 0.4482 0.1409
vn -0.8549 0.0281 -0.5181
vn -0.8562 -0.3080 0.4149
vn -0.2523 0.2267 -0.9407
vn 0.2714 -0.4939 -0.8261
vn -0.4477 -0.3516 -0.8222
vn -0.0851 -0.9824 0.1666
vn -0.0768 -0.7487 0.6584
vn -0.4644 -0.8526 -0.2397
vn -0.5830 0.3053 -0.7530
vn 0.0118 -0.3247 -0.9457
vn -0.7209 -0.4514 -0.5259
vn -0.9097 0.3073 0.2794
vn -0.9135 0.3968 -0.0902
vn -0.8721 -0.0507 -0.4866
vn -0.8268 -0.1759 0.5344
vn 0.1126 0.9749 -0.1919
vn 0.1342 0.9641 -0.2289
vn -0.3097 0.9288 -0.2036
vn -0.5339 0.3117 -0.7860
vn 0.0415 -0.3640 -0.9305
vn -0.6870 -0.4238 -0.5903
vn 0.0827 0.7960 0.5996
vn 0.4014 0.8428 0.3586
vn 0.3871 0.8616 0.3285
vn -0.1012 0.7636 -0.6377
vn 0.1951 0.4189 -0.8868
vn -0.7709 0.3334 -0.5427
vn 0.3203 0.8665 0.3828
vn 0.3251 0.8552 0.4037
vn 0.7269 0.6728 0.1377
vn 0.0764 0.9945 -0.0711
vn 0.0891 0.9936 -0.0698
vn -0.1744 0.9295 -0.3250
vn -0.0035 0.9948 0.1017
vn 0.5801 0.7798 0.2354
vn 0.3572 0.9258 -0.1235
vn -0.3601 0.5269 -0.7699
vn 0.1213 0.3599 -0.9250
vn -0.7797 0.3066 -0.5460
vn 0.8760 -0.4186 0.2394
vn 0.7796 -0.2279 -0.5834
vn 0.9018 0.3816 -0.2030
vn -0.0829 0.8287 -0.5535
vn 0.1727 0.5074 -0.8442
vn -0.7881 0.3698 -0.4921
vn 0.1780 0.8671 0.4652
vn 0.1839 0.8682 0.4609
vn 0.1735 0.8705 0.4606
vn -0.0884 0.5378 -0.8384
vn 0.3417 0.2882 -0.8945
vn -0.5525 0.4320 -0.7128
vn -0.0275 0.1960 0.9802
vn 0.0256 -0.3274 0.9445
vn 0.2411 0.5846 0.7747
vn -0.5796 0.2604 -0.7722
vn 0.1270 -0.3155 -0.9404
vn -0.6403 -0.1912 -0.7439
vn -0.0989 -0.8693 -0.4843
vn -0.0869 -0.8687 -0.4877
vn -0.0735 -0.8807 -0.4680
vn -0.3880 -0.9164 0.0988
vn -0.3734 -0.9200 0.1193
vn -0.3983 -0.9092 0.1213
vn 0.8493 0.3376 -0.4058
vn 0.9276 -0.0953 0.3611
vn 0.9135 -0.2156 -0.3451
vn 0.2033 0.1827 0.9619
vn 0.2799 0.1368 0.9502
vn 0.5634 0.4700 0.6795
vn 0.9249 0.3768 -0.0508
vn 0.8637 -0.4175 0.2824
vn 0.8529 -0.0923 -0.5138
vn -0.8501 0.2663 -0.4543
vn -0.8634 -0.4238 -0.2737
vn -0.9144 0.2628 0.3081
vn -0.0948 -0.9951 -0.0273
vn -0.1081 -0.8721 -0.4771
vn -0.0808 -0.8767 -0.4743
vn 0.2247 0.8641 0.4504
vn 0.2226 0.8696 0.4408
vn 0.2116 0.8604 0.4636
vn -0.8841 0.4101 0.2238
vn -0.8548 0.1180 -0.5055
vn -0.8554 -0.3720 0.3604
vn -0.1475 -0.5294 0.8354
vn 0.7133 -0.6205 0.3258
vn 0.6236 0.0701 0.7786
vn 0.8804 -0.4675 0.0795
vn 0.9163 -0.2506 -0.3123
vn 0.8917 0.4470 -0.0713
vn -0.2098 -0.9742 0.0830
vn -0.1964 -0.9755 0.0986
vn -0.5213 -0.7208 0.4568
vn 0.1678 0.6774 0.7162
vn 0.4096 0.8083 0.4229
vn 0.3938 0.8274 0.4003
vn 0.1655 0.3647 0.9163
vn 0.2208 0.9750 0.0246
vn 0.1520 0.8228 0.5476
vn 0.3130 0.0785 0.9465
vn 0.7129 -0.2256 0.6640
vn 0.6258 0.5067 0.5930
vn -0.5711 -0.6944 0.4378
vn 0.1752 -0.8353 0.5211
vn -0.2057 -0.1346 0.9693
vn 0.0624 -0.2964 0.9530
vn 0.3924 -0.0278 0.9194
vn 0.2027 0.4934 0.8458
vn 0.1358 -0.9177 0.3734
vn 0.7455 -0.5767 0.3342
vn 0.0688 -0.3902 0.9181
vn 0.0717 0.9971 0.0273
vn 0.0923 0.9955 0.0221
vn -0.1630 0.9582 -0.2353
vn 0.1155 0.9930 -0.0227
vn 0.1203 0.9921 -0.0356
vn -0.2490 0.9684 0.0172
vn 0.1607 0.9343 0.3182
vn 0.6801 0.6986 0.2220
vn 0.3662 0.9297 -0.0394
vn 0.0634 -0.1775 0.9821
vn 0.3814 0.0440 0.9234
vn 0.2628 0.5601 0.7857
vn -0.0875 0.6105 -0.7872
vn 0.3447 0.3691 -0.8631
vn -0.5517 0.4899 -0.6751
vn 0.1047 -0.9260 0.3628
vn 0.7146 -0.5552 0.4255
vn -0.0156 -0.3787 0.9254
vn 0.1777 0.7669 0.6166
vn 0.1925 0.7749 0.6021
vn 0.1607 0.7741 0.6123
vn 0.2800 0.9235 0.2623
vn -0.1971 0.8766 0.4389
vn 0.7012 0.6845 0.1995
vn -0.5317 0.3238 -0.7826
vn 0.1381 -0.2888 -0.9474
vn -0.6223 -0.0714 -0.7796
vn 0.0064 0.4791 -0.8777
vn 0.4097 -0.3285 -0.8510
vn -0.3437 -0.0651 -0.9368
vn 0.1097 0.0245 0.9937
vn 0.1608 -0.0289 0.9866
vn 0.3043 0.4634 0.8323
vn -0.9086 0.1992 0.3670
vn -0.9162 0.3984 0.0424
vn -0.8522 0.1487 -0.5017
vn -0.8718 -0.4001 -0.2826
vn 0.8775 0.4507 0.1639
vn 0.9354 -0.0678 0.3469
vn 0.9177 -0.1957 -0.3458
vn -0.1058 -0.9688 -0.2243
vn -0.3231 -0.8463 0.4235
vn -0.4216 -0.9062 0.0342
vn -0.8501 0.1948 -0.4893
vn -0.8608 -0.4219 0.2845
vn -0.8901 0.4354 0.1350
vn 0.2351 0.7814 0.5781
vn 0.2070 0.7834 0.5861
vn -0.4207 0.5142 -0.7474
vn 0.0034 -0.1386 -0.9903
vn -0.7119 -0.3559 -0.6054
vn 0.8653 -0.4372 0.2452
vn 0.8518 -0.0770 -0.5181
vn 0.9261 0.3503 0.1402
vn -0.8045 0.5890 0.0762
vn -0.8884 0.0291 -0.4582
vn -0.9078 -0.2578 0.3307
vn -0.0786 -0.9969 -0.0104
vn -0.2511 -0.8364 0.4872
vn -0.5285 -0.7939 -0.3007
vn -0.8607 0.2267 -0.4559
vn -0.8550 -0.4509 0.2561
vn -0.8890 0.4218 0.1784
vn 0.2148 0.9767 0.0025
vn 0.0291 0.9631 -0.2676
vn 0.1693 0.8980 0.4061
vn 0.2059 0.9770 0.0558
vn -0.0630 0.9620 0.2658
vn 0.5552 0.7615 0.3343
vn 0.3432 0.9391 0.0196
vn 0.1025 0.7357 0.6695
vn 0.0913 0.7135 0.6946
vn 0.1079 0.7214 0.6840
vn -0.0987 -0.9552 -0.2791
vn -0.1134 -0.7219 -0.6827
vn -0.0639 -0.7260 -0.6847
vn -0.0473 0.0206 0.9987
vn 0.0232 -0.4806 0.8766
vn 0.2529 0.4365 0.8634
vn -0.0861 -0.6951 -0.7137
vn -0.0690 -0.6864 -0.7239
vn -0.0732 -0.6939 -0.7163
vn -0.0798 0.9171 -0.3906
vn 0.2162 0.6659 -0.7140
vn -0.7584 0.4976 -0.4209
vn -0.1073 -0.9926 -0.0567
vn -0.1210 -0.9909 -0.0587
vn -0.1083 -0.9920 -0.0647
vn -0.0642 0.4845 -0.8725
vn -0.1417 -0.2440 -0.9594
vn -0.7437 0.0729 -0.6646
vn -0.8483 0.4297 -0.3096
vn -0.8982 0.0976 -0.4286
vn -0.9102 -0.0893 0.4045
vn 0.4417 0.3566 -0.8233
vn 0.2609 -0.3635 -0.8943
vn -0.3796 0.0996 -0.9198
vn 0.1904 -0.0379 0.9810
vn 0.2776 -0.0636 0.9586
vn 0.1379 0.4514 0.8816
vn 0.9384 -0.0229 0.3448
vn 0.8484 -0.5243 -0.0726
vn 0.8868 0.0921 -0.4528
vn -0.3565 -0.6205 -0.6985
vn -0.6137 -0.2695 -0.7421
vn 0.0641 -0.5745 -0.8160
vn -0.3922 -0.7907 0.4701
vn 0.5636 -0.7851 0.2569
vn 0.1401 -0.4912 0.8597
vn 0.6115 -0.3092 0.7283
vn 0.3384 -0.2404 0.9098
vn -0.0577 -0.8542 0.5167
vn 0.7600 -0.5807 0.2919
vn 0.2884 0.8347 0.4691
vn -0.1798 0.7378 0.6506
vn 0.7069 0.5920 0.3871
vn 0.8875 -0.4603 -0.0210
vn 0.9200 -0.1833 -0.3465
vn 0.8882 0.4586 0.0298
vn 0.8725 -0.0415 0.4869
vn 0.7965 -0.6015 -0.0624
vn 0.8705 0.2736 -0.4092
vn -0.1191 -0.9473 -0.2975
vn -0.3259 -0.8739 0.3606
vn -0.4304 -0.9021 -0.0300
vn 0.1473 -0.9793 0.1389
vn -0.5875 -0.7414 0.3242
vn -0.3040 -0.9463 -0.1103
vn -0.1989 -0.9782 -0.0594
vn -0.2029 -0.9757 -0.0826
vn 0.2924 -0.9404 -0.1738
vn -0.5647 0.4556 -0.6881
vn 0.0736 -0.0983 -0.9924
vn -0.6649 -0.2636 -0.6988
vn -0.8507 0.3956 0.3460
vn -0.8920 0.0398 -0.4504
vn -0.9006 -0.2925 0.3215
vn -0.2315 -0.9722 -0.0353
vn -0.2034 -0.9782 -0.0422
vn 0.1341 -0.9269 0.3505
vn 0.3615 0.2743 0.8911
vn 0.3994 0.2969 0.8674
vn 0.3270 0.3143 0.8912
vn 0.3374 0.9332 0.1234
vn 0.3632 0.9215 0.1376
vn 0.3534 0.9290 0.1098
vn 0.7742 0.6008 0.1992
vn 0.7803 0.5963 0.1887
vn 0.5146 0.8510 0.1045
vn 0.2191 0.9682 0.1207
vn 0.2039 0.9721 0.1158
vn -0.1872 -0.5751 -0.7964
vn -0.1885 -0.5836 -0.7898
vn -0.5948 -0.3546 -0.7214
vn -0.1105 -0.5185 -0.8479
vn -0.1035 -0.5170 -0.8497
vn -0.1336 -0.5472 -0.8263
vn -0.3833 -0.8295 0.4062
vn 0.5713 -0.7944 0.2061
vn 0.1308 -0.5465 0.8272
vn -0.0386 -0.0779 0.9962
vn 0.0437 -0.5643 0.8244
vn 0.2685 0.3444 0.8996
vn -0.0905 -0.4804 -0.8724
vn 0.1061 -0.1500 -0.9830
vn 0.0130 -0.7508 -0.6604
vn -0.2220 0.5535 -0.8028
vn 0.0933 -0.2250 -0.9699
vn -0.6305 0.0696 -0.7731
vn -0.3811 -0.9144 -0.1364
vn -0.3735 -0.9213 -0.1082
vn -0.3992 -0.9072 -0.1329
vn 0.7879 0.3275 0.5215
vn 0.9709 -0.2205 0.0935
vn 0.8924 0.2733 -0.3591
vn -0.1346 0.7600 -0.6358
vn -0.5070 0.1379 -0.8509
vn -0.8517 0.3010 -0.4290
vn -0.8121 0.5471 -0.2027
vn -0.9863 0.0885 -0.1392
vn -0.6960 0.2412 0.6763
vn -0.2156 -0.9705 -0.1080
vn -0.2200 -0.9707 -0.0966
vn 0.8556 0.2298 -0.4637
vn 0.9182 -0.2303 0.3222
vn 0.9125 -0.2021 -0.3558
vn 0.1911 -0.1287 0.9731
vn 0.2785 -0.1518 0.9484
vn 0.1208 0.3650 0.9231
vn 0.8741 0.0833 -0.4786
vn 0.9494 0.3051 0.0744
vn 0.8890 -0.3432 0.3031
vn 0.8163 -0.4929 -0.3011
vn -0.3607 -0.5523 -0.7516
vn -0.3651 -0.5556 -0.7470
vn -0.5267 0.4003 -0.7499
vn -0.3834 0.8153 -0.4340
vn -0.0416 0.9523 -0.3024
vn 0.1894 0.8219 -0.5372
vn 0.2163 -0.7624 -0.6099
vn -0.1088 -0.6036 -0.7898
vn -0.0890 -0.5810 -0.8091
vn 0.2072 -0.3596 -0.9098
vn -0.8475 0.4765 -0.2338
vn -0.8655 -0.4110 -0.2863
vn -0.9113 0.1138 0.3957
vn 0.1204 0.6049 0.7871
vn -0.2986 0.2943 0.9079
vn 0.5539 0.2783 0.7847
vn -0.5166 -0.7182 0.4661
vn 0.3800 -0.9198 0.0978
vn 0.1602 -0.6439 0.7481
vn 0.7571 -0.5376 -0.3712
vn 0.8791 0.1197 -0.4613
vn 0.9371 -0.0976 0.3351
vn -0.0835 -0.9838 -0.1586
vn -0.0730 -0.9212 0.3822
vn -0.4648 -0.7307 -0.5001
vn 0.3695 0.9244 0.0949
vn 0.4753 0.6987 0.5348
vn 0.7720 0.6287 -0.0929
vn 0.1669 0.6629 0.7299
vn 0.1725 0.6780 0.7146
vn 0.1482 0.6559 0.7402
vn -0.3512 -0.4931 -0.7959
vn -0.6097 -0.1378 -0.7805
vn 0.0698 -0.4265 -0.9018
vn -0.3507 -0.4897 -0.7983
vn -0.6482 0.7294 0.2185
vn -0.4979 0.5511 -0.6696
vn -0.7205 0.6312 -0.2871
vn 0.2145 0.6040 0.7676
vn 0.2039 0.6140 0.7625
vn 0.2053 0.5935 0.7782
vn 0.1559 0.2376 -0.9588
vn -0.5583 -0.1544 -0.8151
vn -0.8039 0.4381 -0.4023
vn -0.4791 0.7262 -0.4931
vn -0.0548 0.7929 -0.6069
vn -0.0149 0.7904 -0.6124
vn 0.2526 0.4241 -0.8697
vn -0.7819 0.5638 -0.2661
vn -0.8811 0.0699 -0.4676
vn -0.8749 0.0283 0.4835
vn 0.8654 -0.4957 0.0733
vn 0.8535 0.1370 -0.5027
vn 0.9254 0.2852 0.2497
vn 0.0730 -0.5196 0.8513
vn 0.3961 -0.2569 0.8815
vn 0.2079 0.2630 0.9421
vn 0.2161 0.9613 0.1707
vn 0.8275 0.3734 0.4192
vn 0.8219 -0.5044 0.2647
vn 0.9104 -0.0154 -0.4134
vn 0.1808 0.9589 0.2185
vn 0.1735 0.9541 0.2440
vn 0.2099 0.9517 0.2240
vn -0.1058 0.9873 -0.1184
vn 0.1723 0.8433 -0.5091
vn -0.7669 0.5214 -0.3741
vn -0.0998 -0.9669 0.2349
vn 0.5354 -0.8358 -0.1217
vn 0.4719 -0.5513 0.6880
vn -0.1449 0.8952 -0.4214
vn 0.3206 0.7292 -0.6045
vn -0.5850 0.7529 -0.3016
vn -0.5120 0.7389 -0.4381
vn -0.4088 0.8978 -0.1636
vn -0.0004 0.8861 -0.4635
vn -0.0078 0.5630 -0.8264
vn -0.8377 0.4832 0.2544
vn -0.8940 0.1741 -0.4129
vn -0.9250 -0.3317 0.1854
vn 0.3618 0.5729 -0.7355
vn 0.2559 -0.1972 -0.9464
vn -0.3650 0.2493 -0.8970
vn -0.2108 -0.9585 -0.1919
vn -0.2152 -0.9592 -0.1836
vn 0.8541 0.2654 -0.4474
vn 0.9190 -0.2551 0.3006
vn 0.9127 -0.1672 -0.3729
vn 0.1862 -0.2110 0.9596
vn 0.2737 -0.2323 0.9333
vn 0.1152 0.2842 0.9518
vn -0.0813 0.8868 -0.4550
vn 0.3486 0.6965 -0.6272
vn -0.5458 0.7352 -0.4020
vn -0.3890 -0.9072 0.1600
vn 0.5656 -0.8242 -0.0272
vn 0.1429 -0.7541 0.6410
vn 0.2775 0.7100 0.6472
vn -0.2000 0.5932 0.7798
vn 0.6988 0.5102 0.5013
vn -0.2398 -0.9611 0.1373
vn 0.6441 -0.7647 -0.0198
vn -0.0124 -0.7989 0.6014
vn -0.0806 0.9946 -0.0658
vn 0.1687 0.8593 -0.4828
vn -0.7901 0.5655 -0.2364
vn 0.4275 0.6559 0.6222
vn 0.0686 0.3914 0.9177
vn 0.2482 -0.1469 0.9575
vn 0.2405 -0.9611 -0.1360
vn -0.6032 -0.7868 0.1309
vn -0.3088 -0.9135 -0.2649
vn -0.2278 0.6442 0.7301
vn 0.2092 0.4205 0.8828
vn 0.2517 0.4208 0.8715
vn 0.6015 0.5861 0.5429
vn 0.1163 0.4395 0.8907
vn 0.1063 0.4328 0.8952
vn 0.6053 0.1937 0.7721
vn -0.0360 0.7743 0.6318
vn 0.1055 0.9576 0.2680
vn -0.0813 0.9931 -0.0847
vn -0.0454 -0.9367 -0.3471
vn -0.2009 -0.9656 0.1652
vn -0.4122 -0.8931 -0.1799
vn -0.8304 0.5268 -0.1814
vn -0.8503 -0.5229 0.0600
vn -0.8948 0.0984 0.4355
vn 0.1094 0.9351 0.3370
vn 0.1355 0.9449 0.2981
vn 0.0635 0.9466 0.3161
vn 0.2183 0.9371 0.2723
vn 0.0688 0.9290 0.3636
vn 0.0924 0.9298 0.3563
vn -0.1647 0.9809 0.1032
vn 0.9379 -0.2143 0.2730
vn 0.8401 -0.4219 -0.3408
vn 0.8851 0.2969 -0.3585
vn 0.3245 0.3455 0.8805
vn 0.3358 0.3153 0.8876
vn 0.7580 0.3775 0.5318
vn -0.4787 0.6016 -0.6395
vn 0.1325 0.0249 -0.9909
vn -0.6250 0.2010 -0.7543
vn 0.8649 0.3888 0.3174
vn 0.9187 -0.3542 0.1747
vn 0.9246 0.0536 -0.3771
vn 0.3230 -0.3403 0.8831
vn 0.3668 -0.3638 0.8562
vn 0.7050 0.0422 0.7080
vn 0.3704 0.6349 -0.6780
vn 0.2800 -0.1250 -0.9518
vn -0.3370 0.3209 -0.8851
vn 0.8557 0.3059 -0.4174
vn 0.9183 -0.2812 0.2788
vn 0.9130 -0.1369 -0.3843
vn 0.1981 -0.2897 0.9364
vn 0.2710 -0.3069 0.9123
vn 0.1241 0.1968 0.9725
vn -0.5471 -0.8297 -0.1106
vn 0.2464 -0.9636 -0.1041
vn -0.1921 -0.7241 0.6623
vn 0.8650 -0.5017 -0.0066
vn 0.8516 0.2151 -0.4780
vn 0.9267 0.2344 0.2938
vn 0.2099 -0.9554 -0.2079
vn -0.5826 -0.8058 0.1061
vn -0.2941 -0.8920 -0.3434
vn -0.5277 0.5810 -0.6196
vn -0.2297 0.9071 -0.3527
vn -0.2006 0.9224 -0.3301
vn 0.1979 0.7841 -0.5882
vn 0.2293 0.2424 0.9427
vn 0.6429 0.4084 0.6480
vn -0.2369 0.4983 0.8340
vn -0.5010 0.6993 -0.5099
vn 0.0080 0.1963 -0.9805
vn -0.7192 -0.1265 -0.6832
vn -0.0540 -0.9010 -0.4304
vn -0.2097 -0.9729 0.0977
vn -0.4079 -0.8755 -0.2589
vn 0.0612 -0.6740 0.7362
vn 0.3907 -0.4159 0.8212
vn 0.2005 0.0868 0.9758
vn 0.2124 0.9198 0.3298
vn 0.0803 0.8941 0.4406
vn 0.0856 0.8947 0.4384
vn 0.0793 0.8987 0.4312
vn -0.4604 0.7531 -0.4699
vn -0.2556 0.9640 -0.0730
vn -0.2258 0.9715 -0.0715
vn -0.0463 0.8257 -0.5622
vn -0.5065 -0.8428 0.1819
vn 0.3448 -0.8940 -0.2862
vn 0.2340 -0.8689 0.4363
vn -0.0832 0.9416 0.3262
vn 0.1583 0.9854 -0.0630
vn -0.7923 0.6093 -0.0331
vn 0.0833 0.6783 0.7301
vn -0.1130 -0.2034 0.9725
vn 0.1401 0.2169 0.9661
vn 0.8656 0.3552 0.3529
vn 0.9194 -0.3673 0.1407
vn 0.9232 0.0870 -0.3743
vn -0.8966 0.2312 -0.3777
vn -0.9197 -0.3747 0.1172
vn -0.8485 0.3428 0.4032
vn 0.0400 0.7906 -0.6110
vn 0.3572 0.0452 -0.9329
vn -0.3689 0.3514 -0.8605
vn 0.2173 -0.3132 0.9245
vn 0.2773 -0.3318 0.9017
vn 0.4451 0.1454 0.8836
vn -0.3821 -0.9120 -0.1489
vn 0.5729 -0.7698 -0.2813
vn 0.1230 -0.9221 0.3668
vn 0.8469 -0.5183 -0.1189
vn 0.8457 -0.0785 -0.5278
vn 0.9229 0.3039 0.2364
vn 0.0774 0.0049 -0.9970
vn -0.3416 -0.0988 -0.9347
vn 0.0957 0.0860 0.9917
vn 0.0985 0.0802 0.9919
vn 0.5154 0.3956 0.7602
vn -0.3600 0.9195 -0.1582
vn 0.1114 0.9020 -0.4172
vn -0.6906 0.5486 -0.4713
vn -0.1876 -0.0908 -0.9780
vn -0.1919 -0.1050 -0.9758
vn -0.5815 0.0526 -0.8119
vn -0.1645 0.8103 -0.5625
vn 0.1000 0.3788 -0.9200
vn -0.7450 0.2609 -0.6140
vn -0.1868 -0.0563 -0.9808
vn -0.1941 -0.0564 -0.9794
vn -0.1314 0.5243 0.8414
vn -0.1012 -0.3218 0.9414
vn 0.1377 0.1104 0.9843
vn -0.0536 -0.8532 -0.5187
vn -0.2116 -0.9773 -0.0030
vn -0.4092 -0.8437 -0.3476
vn 0.1100 0.9095 0.4008
vn 0.1318 0.9219 0.3644
vn -0.3117 0.8777 0.3639
vn 0.9132 0.3723 0.1658
vn 0.9254 0.0435 0.3764
vn 0.8451 -0.3147 -0.4321
vn 0.8494 0.2952 -0.4374
vn -0.2772 0.7732 -0.5703
vn 0.1130 0.1963 -0.9740
vn -0.6674 -0.0236 -0.7443
vn -0.8473 0.5301 0.0328
vn -0.8648 -0.1723 -0.4716
vn -0.9124 -0.1002 0.3967
vn 0.2186 0.8758 0.4303
vn 0.8190 0.2223 0.5290
vn 0.8303 -0.5468 0.1081
vn 0.9120 0.0732 -0.4036
vn 0.1687 -0.5262 0.8335
vn 0.2109 0.5546 0.8049
vn 0.1586 0.0308 0.9869
vn 0.1934 -0.8422 -0.5032
vn 0.7370 -0.6300 -0.2448
vn 0.0605 -0.9544 0.2923
vn 0.0161 0.2804 -0.9597
vn -0.1766 -0.0378 -0.9836
vn -0.1781 -0.0286 -0.9836
vn -0.9392 -0.0082 -0.3432
vn -0.8575 -0.1138 0.5018
vn -0.8246 0.5418 0.1628
vn -0.3202 0.7769 -0.5422
vn 0.0985 0.1272 -0.9870
vn -0.6258 0.3408 -0.7016
vn -0.2441 -0.8660 -0.4365
vn 0.0624 0.0257 0.9977
vn 0.0846 0.0045 0.9964
vn 0.0916 0.0189 0.9956
vn -0.8528 0.5071 0.1250
vn -0.8950 0.2460 -0.3720
vn -0.9124 -0.2544 0.3206
vn 0.8835 0.3957 0.2507
vn 0.9049 -0.4148 0.0951
vn 0.9261 0.0406 -0.3752
vn 0.2049 -0.4040 0.8915
vn 0.2808 -0.4257 0.8602
vn 0.4430 0.0640 0.8942
vn 0.9415 -0.2695 0.2025
vn 0.8380 -0.3230 -0.4398
vn 0.8852 0.3775 -0.2717
vn -0.3760 -0.9002 -0.2199
vn 0.5743 -0.7388 -0.3525
vn 0.1371 -0.9470 0.2906
vn 0.1135 0.0033 0.9935
vn 0.1017 -0.0035 0.9948
vn 0.2976 -0.5053 0.8100
vn -0.3409 -0.8106 -0.4762
vn 0.1744 -0.9447 -0.2778
vn -0.6421 -0.7660 -0.0314
vn -0.8469 0.5242 0.0890
vn -0.8655 -0.1471 -0.4789
vn -0.9090 -0.1342 0.3945
vn 0.8728 -0.3740 0.3137
vn 0.7965 -0.3807 -0.4699
vn 0.8703 0.4833 -0.0948
vn -0.0332 0.5924 0.8050
vn 0.1069 0.8559 0.5060
vn -0.0711 0.9790 0.1911
vn -0.2232 -0.6212 -0.7511
vn -0.2257 -0.9675 -0.1138
vn -0.4059 -0.8080 -0.4270
vn 0.3130 -0.4817 0.8185
vn 0.7037 -0.5765 0.4154
vn 0.6128 0.0816 0.7860
vn -0.0883 0.9392 0.3317
vn 0.1807 0.9783 -0.1014
vn -0.7579 0.6324 -0.1604
vn 0.0544 -0.7877 0.6136
vn 0.3805 -0.5444 0.7476
vn 0.1975 -0.0720 0.9777
vn 0.1786 0.1733 -0.9686
vn -0.1784 0.0558 -0.9824
vn -0.5755 0.2049 -0.7917
vn -0.8715 -0.2066 -0.4447
vn -0.9154 -0.3306 0.2297
vn -0.8492 0.5219 -0.0803
vn 0.1666 -0.0519 0.9846
vn 0.1713 -0.0348 0.9846
vn 0.1491 -0.0626 0.9868
vn 0.2229 0.8263 0.5173
vn 0.1786 0.8252 0.5358
vn 0.1704 0.8226 0.5425
vn 0.1800 0.8231 0.5386
vn -0.9080 -0.3059 0.2861
vn -0.9277 0.3520 0.1247
vn -0.8558 0.4973 -0.1425
vn -0.8862 0.0763 -0.4569
vn -0.5551 -0.7027 -0.4450
vn 0.2234 -0.8243 -0.5202
vn -0.2096 -0.9331 0.2923
vn 0.4834 0.6758 -0.5564
vn 0.3916 -0.0403 -0.9192
vn -0.3384 0.3930 -0.8550
vn 0.3818 0.7725 0.5075
vn 0.7227 0.4401 0.5329
vn 0.3965 0.9180 -0.0006
vn -0.8769 0.4644 -0.1242
vn -0.8252 -0.5333 -0.1861
vn -0.9219 0.1904 0.3374
vn -0.1158 0.8859 0.4491
vn 0.1972 0.9737 0.1144
vn -0.7599 0.6499 -0.0136
vn 0.2031 -0.4703 0.8588
vn 0.2793 -0.4893 0.8262
vn 0.4404 -0.0035 0.8978
vn -0.6617 0.7451 0.0837
vn -0.2358 0.9716 0.0219
vn -0.1759 0.9839 0.0303
vn 0.1326 0.9280 -0.3481
vn -0.3646 0.2039 -0.9085
vn -0.3646 0.1876 -0.9121
vn -0.3658 0.1765 -0.9138
vn 0.1141 -0.1520 0.9818
vn 0.0975 -0.1767 0.9794
vn 0.6261 -0.1445 0.7662
vn -0.1047 0.1460 -0.9837
vn -0.1053 0.1564 -0.9821
vn -0.0641 0.1429 -0.9877
vn -0.8516 0.2110 0.4798
vn -0.8963 0.2322 -0.3778
vn -0.8926 -0.2510 0.3745
vn -0.3385 -0.5348 -0.7742
vn -0.2067 -0.9643 -0.1655
vn -0.4048 -0.7818 -0.4744
vn 0.2003 -0.8633 -0.4633
vn -0.5575 -0.8269 -0.0732
vn -0.3002 -0.7743 -0.5571
vn -0.8667 -0.1434 0.4777
vn -0.8593 0.5115 0.0068
vn -0.9055 0.0336 -0.4230
vn -0.3698 0.1181 -0.9216
vn -0.3772 0.1112 -0.9194
vn -0.3909 0.5988 -0.6991
vn -0.4442 0.8350 -0.3248
vn -0.0091 0.4354 -0.9002
vn -0.7146 0.0414 -0.6984
vn -0.1810 -0.8208 -0.5418
vn -0.1817 -0.8182 -0.5454
vn 0.3282 -0.7110 -0.6219
vn -0.0874 -0.8132 -0.5754
vn -0.2419 -0.9680 -0.0672
vn -0.5363 -0.4792 -0.6948
vn -0.2345 -0.8162 -0.5280
vn -0.2250 -0.8210 -0.5248
vn -0.0779 -0.9963 -0.0360
vn -0.7648 0.6439 0.0223
vn -0.3691 0.8743 0.3152
vn -0.0267 0.8398 0.5422
vn 0.1538 0.9523 0.2634
vn 0.2173 0.7861 0.5787
vn 0.3764 0.7485 0.5460
vn 0.3781 0.7403 0.5559
vn 0.4109 0.7429 0.5285
vn 0.0685 0.7549 0.6523
vn 0.0902 0.7557 0.6487
vn -0.1702 0.8917 0.4195
vn -0.0973 0.7926 0.6019
vn 0.1818 0.9575 0.2241
vn -0.7791 0.6086 0.1507
vn 0.1036 -0.4521 0.8859
vn 0.4073 -0.1878 0.8938
vn 0.3941 -0.1602 0.9050
vn -0.0384 0.9738 0.2243
vn 0.3345 0.9351 -0.1170
vn -0.5072 0.8423 0.1828
vn -0.1862 0.2876 -0.9395
vn -0.1792 0.2904 -0.9400
vn -0.1830 0.2860 -0.9406
vn -0.0283 -0.6038 0.7966
vn 0.0353 -0.6281 0.7774
vn -0.2004 -0.1957 0.9600
vn -0.0988 -0.8455 -0.5248
vn 0.5307 -0.5040 -0.6814
vn 0.4683 -0.8782 0.0975
vn -0.5924 0.7030 -0.3936
vn 0.1834 0.4851 -0.8550
vn -0.6071 0.4270 -0.6702
vn -0.0861 -0.7645 -0.6389
vn -0.0931 -0.7648 -0.6375
vn -0.0934 -0.7645 -0.6378
vn 0.8562 0.2699 0.4405
vn 0.9197 -0.3891 0.0524
vn 0.9204 0.1887 -0.3425
vn -0.0167 0.9298 -0.3678
vn 0.3856 0.2942 -0.8745
vn -0.3293 0.5502 -0.7674
vn 0.8878 0.3665 0.2783
vn 0.9029 -0.4289 0.0278
vn 0.9246 0.0965 -0.3684
vn 0.1889 -0.5967 0.7799
vn 0.2761 -0.6050 0.7468
vn 0.1353 -0.1400 0.9809
vn -0.8557 0.5175 0.0043
vn -0.8559 -0.4146 -0.3091
vn -0.8931 0.0103 0.4498
vn -0.0425 0.9083 0.4161
vn 0.2731 0.9613 0.0351
vn -0.5161 0.7170 0.4685
vn 0.8399 -0.1186 -0.5297
vn 0.8843 0.4532 -0.1120
vn 0.9243 -0.3812 0.0205
vn -0.3966 -0.8223 -0.4080
vn 0.4328 -0.5946 -0.6776
vn 0.2993 -0.9539 0.0219
vn -0.4471 0.8619 -0.2392
vn -0.0109 0.5165 -0.8562
vn -0.7179 0.0987 -0.6891
vn -0.0351 -0.6958 -0.7174
vn -0.3346 -0.9161 -0.2208
vn -0.4234 -0.7165 -0.5544
vn 0.3212 -0.5963 0.7357
vn 0.7142 -0.6253 0.3145
vn 0.6181 -0.0548 0.7842
vn -0.5595 -0.5744 -0.5976
vn 0.2469 -0.7049 -0.6650
vn -0.2210 -0.9721 0.0780
vn -0.6014 0.5190 -0.6075
vn 0.0538 0.5326 -0.8446
vn -0.2963 0.3167 -0.9010
vn -0.7819 0.6230 0.0221
vn -0.8772 0.3110 -0.3657
vn -0.8697 -0.2111 0.4461
vn -0.0380 0.6782 0.7339
vn -0.2903 0.9559 -0.0446
vn -0.7295 0.5785 0.3650
vn 0.1037 -0.3767 0.9205
vn 0.0934 -0.4034 0.9102
vn 0.1184 -0.3967 0.9103
vn -0.9131 0.2138 -0.3471
vn -0.8998 -0.3367 -0.2777
vn -0.8581 0.0187 0.5132
vn -0.1074 0.6747 0.7303
vn 0.1601 0.8856 0.4360
vn -0.7945 0.5378 0.2822
vn -0.1903 -0.7798 -0.5965
vn 0.6795 -0.5180 -0.5196
vn 0.0312 -0.9932 -0.1123
vn 0.2671 -0.3995 0.8769
vn 0.2776 -0.4122 0.8678
vn 0.1673 -0.3779 0.9106
vn 0.1781 -0.3933 0.9020
vn 0.1897 -0.3803 0.9052
vn 0.8489 0.4909 -0.1959
vn 0.9151 0.2347 0.3278
vn 0.9255 -0.1453 0.3499
vn 0.8572 -0.2161 -0.4674
vn 0.0941 -0.4171 0.9040
vn 0.0966 -0.4254 0.8998
vn 0.5179 -0.0405 0.8545
vn -0.9384 0.0782 -0.3366
vn -0.8580 -0.2364 0.4561
vn -0.8243 0.4852 0.2917
vn 0.2590 -0.6220 0.7390
vn 0.3047 -0.6282 0.7159
vn 0.4806 -0.1792 0.8584
vn 0.0312 0.9664 -0.2552
vn 0.4413 0.3776 -0.8140
vn -0.2890 0.6527 -0.7003
vn 0.0837 0.5830 -0.8082
vn -0.3324 0.4541 -0.8266
vn -0.4990 0.7779 0.3820
vn -0.0555 0.8889 0.4548
vn -0.0152 0.8906 0.4546
vn 0.4143 0.8824 0.2230
vn 0.0257 0.9216 0.3874
vn 0.3290 0.9441 -0.0190
vn -0.4552 0.8443 0.2826
vn 0.9490 0.0036 0.3152
vn 0.8692 -0.2281 -0.4387
vn 0.8834 0.4534 -0.1186
vn 0.2652 -0.6901 0.6734
vn 0.3880 -0.3471 0.8538
vn 0.3804 -0.3271 0.8650
vn -0.6912 0.7185 -0.0773
vn -0.4948 0.4433 0.7474
vn -0.3462 0.8439 0.4099
vn -0.2282 0.9679 -0.1056
vn -0.8470 0.4369 0.3027
vn -0.8660 0.0563 -0.4968
vn -0.9111 -0.2851 0.2978
vn 0.3638 -0.9175 -0.1611
vn -0.3119 -0.9402 -0.1369
vn -0.4428 -0.6860 -0.5774
vn 0.0196 -0.5810 -0.8137
vn -0.4497 0.8778 -0.1649
vn -0.0050 0.5885 -0.8084
vn -0.7164 0.1609 -0.6789
vn -0.2331 -0.4042 -0.8845
vn -0.2119 -0.9031 -0.3736
vn -0.4152 -0.6681 -0.6174
vn 0.1057 0.7158 0.6903
vn 0.1209 0.7347 0.6675
vn -0.3152 0.6995 0.6414
vn -0.5129 0.8169 -0.2638
vn 0.0402 0.4659 -0.8839
vn -0.6778 0.1797 -0.7130
vn -0.0772 -0.6991 -0.7109
vn -0.2472 -0.9381 -0.2426
vn -0.5267 -0.3465 -0.7762
vn 0.0565 -0.9258 0.3737
vn 0.3741 -0.7262 0.5768
vn 0.1963 -0.3342 0.9218
vn 0.0676 -0.4302 0.9002
vn 0.4117 -0.5085 0.7562
vn 0.8085 -0.1777 0.5611
vn 0.2177 0.7016 0.6785
vn 0.0242 0.8719 0.4890
vn 0.1574 0.3497 0.9236
vn 0.1947 0.6529 0.7320
vn 0.1030 -0.5321 0.8404
vn 0.0918 -0.5608 0.8229
vn 0.1084 -0.5490 0.8288
vn 0.2148 -0.5150 0.8298
vn 0.2046 -0.5066 0.8376
vn 0.2054 -0.5285 0.8237
vn -0.0440 -0.6878 0.7245
vn 0.0245 -0.9599 0.2792
vn 0.2540 -0.3122 0.9154
vn -0.2100 0.7312 0.6490
vn 0.2758 0.8522 0.4447
vn -0.6436 0.5272 0.5549
vn -0.3338 0.7494 0.5719
vn 0.1190 0.9261 0.3579
vn -0.7667 0.5943 0.2429
vn 0.0072 -0.5781 0.8159
vn 0.4027 -0.4128 0.8170
vn 0.3936 -0.3891 0.8329
vn -0.3692 -0.6330 -0.6805
vn -0.3812 -0.6437 -0.6636
vn -0.3789 -0.6356 -0.6726
vn 0.0053 0.9673 -0.2534
vn 0.3187 0.4199 -0.8498
vn -0.3686 0.6721 -0.6422
vn 0.1999 -0.7187 0.6659
vn 0.2665 -0.7209 0.6397
vn 0.1227 -0.3161 0.9408
vn -0.2382 0.5145 -0.8238
vn -0.1769 0.5313 -0.8285
vn -0.1623 0.5377 -0.8274
vn -0.1673 0.5295 -0.8317
vn -0.0869 -0.6370 -0.7659
vn -0.0715 -0.9457 -0.3170
vn -0.4652 -0.2201 -0.8574
vn -0.1912 0.9737 -0.1238
vn 0.0758 0.7357 -0.6730
vn -0.7505 0.5077 -0.4230
vn 0.8378 -0.0071 -0.5459
vn 0.8856 0.4645 -0.0031
vn 0.9203 -0.3779 -0.1015
vn 0.1798 -0.5498 0.8157
vn 0.1913 -0.5376 0.8212
vn 0.1680 -0.5460 0.8208
vn 0.4716 -0.8679 -0.1562
vn -0.0734 -0.9217 -0.3809
vn -0.1975 -0.8423 -0.5015
vn 0.6549 -0.3938 -0.6450
vn -0.2687 -0.3268 -0.9061
vn -0.1270 -0.8518 -0.5083
vn -0.4214 -0.6096 -0.6715
vn -0.5672 0.8090 -0.1542
vn 0.0600 0.6368 -0.7687
vn -0.6699 0.3068 -0.6761
vn -0.8218 0.1754 0.5422
vn -0.8887 0.3676 -0.2742
vn -0.9121 -0.4099 0.0041
vn 0.1021 -0.4532 0.8855
vn -0.0757 -0.8188 0.5690
vn 0.5544 -0.6176 0.5579
vn -0.2555 -0.6420 -0.7229
vn -0.2526 -0.6408 -0.7250
vn 0.2719 -0.6276 -0.7295
vn 0.0742 -0.9500 0.3035
vn 0.3855 -0.7720 0.5053
vn 0.2053 -0.4169 0.8855
vn 0.2217 0.6011 0.7678
vn 0.0923 0.5813 0.8084
vn 0.1170 0.5860 0.8018
vn -0.1471 0.7731 0.6170
vn 0.4410 -0.8542 -0.2754
vn -0.1120 -0.8835 -0.4548
vn -0.2497 -0.6329 -0.7329
vn 0.4106 -0.2846 -0.8663
vn -0.3501 0.6436 -0.6806
vn -0.6071 0.7233 -0.3290
vn 0.0705 0.7616 -0.6442
vn -0.3475 0.6487 -0.6771
vn 0.7963 -0.0372 -0.6037
vn 0.8695 0.4521 0.1990
vn 0.9294 -0.2354 0.2844
vn -0.8216 0.5550 -0.1302
vn -0.8531 -0.2776 -0.4418
vn -0.9073 -0.1240 0.4018
vn 0.5521 0.8047 -0.2184
vn 0.4338 0.3277 -0.8393
vn -0.2921 0.7306 -0.6172
vn 0.0708 0.7031 -0.7076
vn -0.3301 0.5786 -0.7459
vn -0.3468 0.5984 -0.7223
vn -0.0021 -0.7808 0.6248
vn 0.0270 -0.7906 0.6118
vn -0.1523 -0.4148 0.8971
vn -0.2132 -0.6157 -0.7586
vn 0.6847 -0.3287 -0.6505
vn -0.0110 -0.8847 -0.4661
vn -0.9338 0.1409 -0.3289
vn -0.8579 -0.3084 0.4109
vn -0.8425 0.5106 0.1716
vn 0.8501 0.1587 0.5021
vn 0.9226 -0.3838 -0.0398
vn 0.9192 0.2767 -0.2802
vn -0.8963 0.3943 -0.2028
vn -0.9014 -0.3806 0.2064
vn -0.8435 0.4839 0.2330
vn -0.2415 -0.6023 -0.7608
vn -0.2386 -0.6064 -0.7585
vn 0.2199 -0.7332 0.6435
vn 0.2679 -0.7356 0.6222
vn 0.4311 -0.3084 0.8479
vn -0.2118 0.6322 -0.7453
vn -0.8538 0.4823 0.1960
vn -0.8561 -0.2815 -0.4334
vn -0.8930 -0.1465 0.4256
vn -0.5447 -0.2651 -0.7956
vn 0.1839 -0.3836 -0.9050
vn -0.2099 -0.9371 -0.2788
vn 0.8678 -0.0906 -0.4886
vn 0.8714 0.4901 -0.0194
vn 0.9539 -0.0594 0.2943
vn -0.2033 0.9727 -0.1122
vn 0.1628 0.5668 -0.8076
vn -0.4794 0.6166 -0.6245
vn 0.2181 -0.6522 0.7260
vn 0.2055 -0.6450 0.7360
vn 0.2089 -0.6646 0.7174
vn -0.0901 -0.5698 -0.8168
vn -0.0881 -0.9145 -0.3950
vn -0.4645 -0.1422 -0.8741
vn -0.1352 0.9855 -0.1029
vn 0.0852 0.7805 -0.6193
vn -0.7424 0.5441 -0.3910
vn 0.0230 0.8839 -0.4671
vn -0.1771 0.6695 -0.7214
vn -0.1980 0.6746 -0.7111
vn -0.1936 -0.5833 -0.7888
vn -0.1921 -0.5717 -0.7977
vn 0.3069 -0.4690 -0.8281
vn 0.1079 0.5840 0.8045
vn 0.1262 0.6108 0.7817
vn -0.3015 0.5768 0.7592
vn 0.9123 -0.4019 0.0788
vn 0.9241 0.0494 -0.3789
vn 0.8671 0.4898 -0.0907
vn -0.5558 0.8285 -0.0678
vn 0.0375 0.6856 -0.7270
vn -0.6802 0.3573 -0.6401
vn 0.0781 -0.9692 0.2336
vn 0.3796 -0.8083 0.4501
vn 0.1929 -0.4900 0.8501
vn -0.3126 -0.5907 -0.7439
vn 0.5871 -0.1813 -0.7889
vn -0.0292 -0.8163 -0.5769
vn 0.5206 0.2890 0.8034
vn 0.2047 0.5502 0.8095
vn 0.1882 0.5211 0.8325
vn 0.3783 -0.6746 0.6338
vn 0.3753 -0.6705 0.6400
vn 0.3680 -0.6801 0.6341
vn 0.3792 -0.6761 0.6317
vn 0.0264 0.9524 -0.3037
vn -0.1738 0.7869 -0.5921
vn -0.1891 0.7910 -0.5819
vn -0.8704 -0.4041 0.2814
vn -0.8436 0.3987 0.3598
vn -0.9120 0.2930 -0.2870
vn 0.0163 -0.8261 0.5632
vn 0.0711 -0.8354 0.5450
vn -0.1623 -0.4864 0.8586
vn 0.9242 -0.3815 0.0168
vn 0.9179 0.2099 -0.3367
vn 0.8568 0.5081 0.0879
vn -0.8710 -0.3827 0.3082
vn -0.8409 0.4255 0.3344
vn -0.9123 0.2809 -0.2978
vn -0.2911 0.9536 -0.0762
vn 0.0830 0.6040 -0.7927
vn -0.6241 0.6508 -0.4325
vn -0.4886 0.5321 0.6915
vn -0.0534 0.6555 0.7533
vn -0.0090 0.6515 0.7586
vn 0.0333 0.9467 0.3204
vn -0.1090 0.3085 0.9450
vn 0.1924 0.6085 0.7699
vn -0.7624 0.4620 0.4531
vn -0.2608 0.6292 0.7322
vn 0.2491 0.7517 0.6107
vn -0.6779 0.4412 0.5881
vn 0.8930 -0.2226 -0.3913
vn 0.9199 0.1830 -0.3469
vn 0.8826 0.2247 0.4129
vn -0.9125 -0.3689 0.1768
vn -0.8480 0.3088 0.4307
vn -0.8654 0.2344 -0.4428
vn -0.1181 0.9915 -0.0554
vn 0.1360 0.8278 -0.5442
vn -0.7273 0.5816 -0.3644
vn -0.3327 0.5741 0.7482
vn 0.1199 0.8012 0.5863
vn -0.7664 0.5115 0.3886
vn 0.2113 -0.7464 0.6310
vn 0.6322 -0.4770 0.6105
vn -0.3054 -0.5773 0.7573
vn -0.1908 -0.5176 -0.8341
vn -0.1854 -0.5023 -0.8446
vn 0.3207 -0.3901 -0.8631
vn -0.8127 0.2481 0.5273
vn -0.8668 0.4411 -0.2323
vn -0.9229 -0.3850 -0.0043
vn -0.2110 0.7495 -0.6275
vn -0.0784 -0.4912 -0.8675
vn -0.2452 -0.8441 -0.4769
vn -0.5284 -0.1396 -0.8374
vn 0.6157 -0.7018 -0.3583
vn 0.3213 -0.8770 -0.3572
vn -0.1259 -0.5514 -0.8247
vn 0.7478 -0.2691 -0.6069
vn 0.0657 -0.9872 0.1454
vn 0.3769 -0.8498 0.3685
vn 0.2139 -0.5694 0.7938
vn -0.0214 0.5833 0.8120
vn 0.2797 0.8338 0.4761
vn -0.4887 0.6254 0.6082
vn 0.2196 0.4650 0.8576
vn 0.0591 0.7230 0.6883
vn -0.1654 0.3460 0.9236
vn 0.1967 0.4383 0.8771
vn 0.3713 0.4438 0.8156
vn 0.3781 0.4329 0.8183
vn 0.3702 0.4523 0.8114
vn -0.0227 0.5124 0.8585
vn 0.2792 0.7889 0.5474
vn -0.5049 0.4770 0.7194
vn 0.8620 0.5003 0.0813
vn 0.9494 -0.1028 0.2968
vn 0.8889 -0.2711 -0.3693
vn 0.8158 0.3620 -0.4509
vn -0.0093 -0.8824 0.4704
vn 0.0309 -0.8891 0.4567
vn -0.1247 -0.5557 0.8220
vn -0.2189 0.8143 -0.5376
vn -0.2345 0.7858 -0.5724
vn 0.7954 0.1693 -0.5820
vn 0.8700 0.3574 0.3397
vn 0.9301 -0.3169 0.1859
vn 0.4161 -0.7228 0.5518
vn 0.0629 -0.6590 0.7495
vn 0.2412 -0.9376 0.2504
vn 0.4102 -0.7315 0.5446
vn -0.1077 -0.4618 -0.8804
vn 0.7341 -0.1417 -0.6641
vn 0.4668 -0.7653 -0.4432
vn 0.8636 0.0643 0.5000
vn 0.9209 -0.3706 -0.1210
vn 0.9255 0.3017 -0.2289
vn -0.4043 0.9146 -0.0050
vn 0.2211 0.7490 -0.6245
vn -0.4872 0.6863 -0.5400
vn 0.3393 0.9406 -0.0149
vn 0.2685 0.5946 -0.7579
vn -0.3220 0.8530 -0.4109
vn 0.2279 -0.8267 0.5144
vn 0.2799 -0.8291 0.4840
vn 0.4654 -0.4567 0.7582
vn 0.8717 -0.4605 -0.1677
vn 0.7980 0.2187 -0.5615
vn 0.8705 0.3202 0.3737
vn 0.9257 -0.3725 0.0656
vn 0.9207 0.2020 -0.3339
vn 0.8904 0.1865 0.4152
vn -0.1041 0.1251 0.9867
vn 0.1792 0.4863 0.8552
vn -0.7664 0.3761 0.5208
vn -0.1405 0.9866 0.0827
vn 0.0912 0.8851 -0.4565
vn -0.7433 0.6071 -0.2809
vn 0.2094 -0.5195 -0.8284
vn -0.5477 -0.6840 -0.4819
vn -0.3064 -0.3970 -0.8651
vn 0.3740 0.4550 0.8081
vn 0.4743 -0.0288 0.8799
vn 0.7785 0.4319 0.4554
vn -0.8166 0.1987 0.5419
vn -0.8597 -0.1631 -0.4841
vn -0.8803 -0.4380 0.1823
vn -0.9059 -0.3846 -0.1770
vn -0.8212 -0.2272 0.5235
vn -0.8215 0.5383 0.1879
vn -0.8707 0.2816 -0.4032
vn -0.8469 0.2311 0.4789
vn -0.8648 0.3109 -0.3942
vn -0.9122 -0.3946 0.1101
vn 0.1028 -0.8369 0.5377
vn 0.0915 -0.8555 0.5097
vn 0.1081 -0.8473 0.5201
vn -0.1798 -0.4443 -0.8776
vn -0.1779 -0.4398 -0.8803
vn 0.3263 -0.3099 -0.8930
vn 0.1112 0.4253 0.8982
vn 0.1284 0.4526 0.8824
vn -0.3058 0.4315 0.8487
vn -0.5385 0.8394 0.0735
vn 0.0482 0.7957 -0.6038
vn -0.6793 0.4930 -0.5436
vn -0.2337 -0.4489 -0.8625
vn -0.2297 -0.4516 -0.8622
vn -0.0856 -0.8414 -0.5335
vn -0.7857 0.5654 0.2510
vn -0.8788 0.4407 -0.1829
vn -0.8709 -0.3787 0.3133
vn 0.6277 0.1878 0.7555
vn 0.3018 0.3459 0.8884
vn 0.2884 0.3251 0.9006
vn -0.0996 -0.2365 -0.9665
vn 0.5783 0.1154 -0.8076
vn 0.4702 -0.6788 -0.5640
vn -0.1883 0.8995 -0.3943
vn -0.1985 0.8976 -0.3936
vn -0.4964 0.3541 0.7926
vn -0.4053 0.0828 0.9104
vn 0.0160 0.3896 0.9208
vn -0.1044 0.7776 0.6200
vn 0.3447 0.3765 0.8599
vn 0.5449 -0.1252 0.8291
vn 0.4856 0.6990 0.5249
vn -0.6285 0.7770 0.0349
vn 0.0491 0.8152 -0.5771
vn -0.6629 0.6525 -0.3673
vn 0.3956 -0.6147 0.6824
vn 0.0735 -0.9179 0.3899
vn 0.2443 -0.9579 -0.1508
vn 0.2584 -0.8946 0.3645
vn 0.2867 -0.8877 0.3603
vn -0.0285 -0.6881 0.7250
vn -0.2228 0.2468 0.9431
vn 0.2880 0.4285 0.8564
vn -0.6446 0.1362 0.7523
vn -0.1071 -0.1766 -0.9784
vn 0.7073 0.1820 -0.6831
vn 0.6198 -0.6423 -0.4510
vn -0.5798 -0.2207 -0.7843
vn 0.3557 -0.0973 -0.9295
vn -0.2793 -0.6921 -0.6656
vn 0.8480 0.5274 0.0526
vn 0.9120 -0.0658 0.4050
vn 0.9313 -0.3429 0.1227
vn 0.8378 0.4047 -0.3664
vn -0.0825 0.9400 -0.3311
vn 0.2035 0.9747 -0.0928
vn 0.0252 0.7564 -0.6536
vn -0.1017 0.5916 -0.7998
vn -0.1082 0.8874 -0.4482
vn -0.0684 0.8934 -0.4439
vn -0.0445 0.9957 0.0812
vn 0.2136 0.6946 -0.6869
vn -0.4562 0.7922 -0.4054
vn -0.0840 -0.3399 -0.9367
vn -0.0803 -0.7819 -0.6183
vn -0.4658 0.0799 -0.8813
vn -0.1745 0.9650 0.1959
vn 0.0931 0.9220 -0.3758
vn -0.7449 0.6247 -0.2343
vn 0.9155 -0.4017 -0.0246
vn 0.9205 0.1742 -0.3497
vn 0.8490 0.5222 0.0800
vn -0.5215 0.6697 0.5288
vn -0.3808 0.2717 0.8838
vn -0.0155 0.1018 0.9947
vn 0.1806 0.3949 0.9008
vn -0.8609 -0.4869 0.1479
vn -0.8438 0.2378 0.4811
vn -0.9196 0.3456 -0.1868
vn -0.3370 0.0631 -0.9394
vn -0.2658 -0.6620 -0.7008
vn -0.4200 -0.3499 -0.8373
vn 0.1025 0.3455 0.9328
vn 0.1173 0.3572 0.9266
vn -0.2503 0.5154 0.8196
vn -0.2326 -0.3571 -0.9046
vn -0.2197 -0.3522 -0.9098
vn 0.3124 -0.3116 -0.8974
vn 0.4421 -0.6170 -0.6511
vn -0.1004 -0.5342 -0.8394
vn -0.2546 -0.2674 -0.9293
vn 0.4354 0.1737 -0.8833
vn -0.0675 -0.7238 0.6867
vn -0.1259 -0.9833 -0.1316
vn 0.1523 -0.9516 0.2669
vn 0.1478 -0.9496 -0.2765
vn 0.3068 -0.5920 0.7453
vn 0.1596 -0.9405 0.2998
vn -0.3151 0.1723 0.9333
vn 0.1102 0.4932 0.8629
vn -0.7284 0.3075 0.6123
vn 0.1004 -0.6891 0.7176
vn 0.2227 -0.9372 0.2683
vn 0.2413 -0.9323 0.2694
vn 0.6805 -0.6632 0.3116
vn 0.1313 0.2229 -0.9660
vn 0.7443 0.0614 -0.6651
vn 0.0756 -0.5186 -0.8516
vn -0.5434 0.1373 -0.8282
vn 0.2118 0.1245 -0.9694
vn -0.2137 -0.6578 -0.7222
vn -0.4850 0.8661 0.1211
vn 0.1058 0.8255 -0.5544
vn -0.6132 0.7407 -0.2743
vn 0.0140 -0.9971 0.0750
vn 0.4052 -0.8943 0.1900
vn 0.3948 -0.8930 0.2159
vn 0.8641 -0.0179 0.5031
vn 0.9207 -0.3451 -0.1822
vn 0.9254 0.3357 -0.1757
vn 0.3244 0.9348 0.1449
vn 0.2752 0.7088 -0.6495
vn -0.3044 0.9130 -0.2717
vn 0.8822 0.1010 0.4600
vn 0.9052 -0.3610 -0.2241
vn 0.9269 0.2950 -0.2323
vn 0.2009 -0.9345 0.2939
vn 0.2630 -0.9264 0.2695
vn 0.1356 -0.6845 0.7163
vn 0.1024 -0.9708 0.2168
vn 0.0911 -0.9779 0.1881
vn 0.1061 -0.9739 0.2007
vn 0.1780 -0.7923 0.5836
vn 0.3953 -0.8821 0.2561
vn 0.7741 -0.4946 0.3952
vn 0.2066 -0.3658 -0.9075
vn -0.5638 -0.5854 -0.5827
vn -0.3061 -0.2426 -0.9206
vn 0.8655 0.0938 -0.4921
vn 0.8748 0.1795 0.4500
vn 0.9300 -0.3204 0.1803
vn -0.2126 0.9484 -0.2353
vn -0.4416 0.8496 0.2886
vn -0.0135 0.9118 -0.4105
vn -0.7160 0.4826 -0.5045
vn 0.3229 -0.9172 0.2333
vn 0.6965 -0.7073 -0.1209
vn 0.6443 -0.4908 0.5865
vn -0.3715 -0.2037 -0.9058
vn 0.5392 0.1885 -0.8208
vn 0.1067 -0.5328 -0.8395
vn -0.2178 -0.3095 -0.9256
vn -0.2148 -0.3105 -0.9260
vn 0.1620 -0.6508 -0.7418
vn -0.7778 0.5111 0.3659
vn -0.8885 0.4480 -0.0993
vn -0.8643 -0.4393 0.2449
vn 0.1160 0.1784 0.9771
vn 0.1434 0.2078 0.9676
vn 0.0998 0.1923 0.9763
vn 0.2181 0.2309 0.9482
vn 0.1836 -0.9755 0.1210
vn 0.1902 -0.9723 0.1357
vn 0.1687 -0.9791 0.1139
vn -0.8285 -0.0166 0.5597
vn -0.8494 0.0846 -0.5210
vn -0.8926 -0.4473 -0.0563
vn -0.0489 0.0136 0.9987
vn 0.2124 0.4510 0.8669
vn -0.5093 -0.0769 0.8572
vn -0.1034 -0.2272 0.9684
vn 0.1741 0.1850 0.9672
vn -0.7650 0.1708 0.6209
vn -0.3760 -0.0460 0.9255
vn 0.1633 0.1100 0.9804
vn -0.5066 0.4624 0.7277
vn 0.1125 -0.9877 0.1089
vn 0.1027 -0.9894 0.1025
vn 0.6114 -0.7870 -0.0825
vn 0.2738 -0.3704 -0.8876
vn -0.2527 -0.5115 -0.8213
vn -0.5596 0.1144 -0.8208
vn -0.1520 0.3753 -0.9143
vn 0.0090 -0.9721 0.2344
vn 0.0248 -0.9737 0.2266
vn -0.0289 -0.7398 0.6723
vn -0.4716 0.8556 0.2134
vn 0.0980 0.8723 -0.4790
vn -0.6184 0.7593 -0.2027
vn -0.0793 -0.1718 -0.9819
vn -0.0900 -0.1718 -0.9810
vn -0.0871 -0.1703 -0.9815
vn 0.8638 -0.0612 0.5000
vn 0.9209 -0.3274 -0.2115
vn 0.9255 0.3508 -0.1429
vn 0.3358 -0.9291 0.1550
vn 0.3547 -0.9274 0.1192
vn 0.6840 -0.6171 0.3889
vn 0.3134 0.9222 0.2265
vn 0.2653 0.7722 -0.5773
vn -0.3256 0.9282 -0.1801
vn 0.3247 -0.9327 0.1568
vn 0.3353 -0.9286 0.1591
vn 0.3347 -0.9287 0.1596
vn -0.4771 0.1462 0.8666
vn -0.3960 -0.2443 0.8852
vn 0.0234 0.0381 0.9990
vn -0.0475 0.5218 0.8518
vn -0.5273 0.3479 -0.7752
vn 0.2641 0.3477 -0.8996
vn -0.2036 -0.4450 -0.8721
vn 0.9093 -0.3639 -0.2018
vn 0.8984 0.1316 -0.4189
vn 0.8543 0.5160 0.0625
vn 0.2078 -0.2921 -0.9335
vn -0.5695 -0.5275 -0.6304
vn -0.3029 -0.1645 -0.9387
vn -0.1810 0.9785 -0.0988
vn -0.1862 0.9761 -0.1120
vn -0.5976 0.8005 0.0451
vn 0.9173 -0.1954 0.3469
vn 0.9321 -0.3620 0.0085
vn 0.8572 0.2744 -0.4358
vn 0.8454 0.5341 0.0039
vn -0.4413 0.8227 0.3583
vn -0.0131 0.9417 -0.3362
vn -0.7181 0.5214 -0.4609
vn 0.4878 0.2102 0.8472
vn 0.0970 0.1823 0.9784
vn -0.1328 -0.1186 0.9840
vn -0.0382 -0.0810 -0.9960
vn -0.2683 -0.5825 -0.7673
vn -0.4013 -0.2076 -0.8921
vn -0.2160 -0.2326 -0.9483
vn -0.2133 -0.2333 -0.9487
vn 0.1745 -0.5774 -0.7976
vn -0.0905 0.8185 -0.5673
vn -0.1114 0.9881 -0.1060
vn -0.0590 0.9926 -0.1061
vn -0.7794 0.4582 0.4272
vn -0.8844 0.4652 -0.0379
vn -0.8601 -0.4610 0.2184
vn 0.0329 -0.9821 0.1856
vn 0.4065 -0.9134 0.0207
vn 0.4226 -0.9054 0.0408
vn 0.1045 0.0945 0.9900
vn 0.1292 0.1316 0.9829
vn 0.0652 0.1186 0.9908
vn -0.3553 0.9316 0.0765
vn -0.3628 0.9293 0.0691
vn -0.3720 0.9263 0.0604
vn 0.3717 0.1484 0.9164
vn 0.3719 0.1444 0.9170
vn 0.4018 0.1589 0.9018
vn 0.0576 0.0599 0.9965
vn 0.0928 0.0779 0.9926
vn 0.0714 0.0771 0.9945
vn 0.0284 0.4419 0.8966
vn 0.1686 -0.2329 0.9578
vn 0.2038 0.1260 0.9709
vn 0.0024 -0.1105 0.9939
vn -0.0842 0.4199 0.9037
vn -0.4720 -0.2188 0.8540
vn 0.0012 -0.1918 0.9814
vn -0.0881 0.3436 0.9350
vn -0.4760 -0.2804 0.8335
vn 0.6380 0.7598 -0.1251
vn 0.6250 0.0108 -0.7805
vn 0.4281 0.8968 -0.1116
vn 0.6681 0.7386 -0.0896
vn -0.8646 -0.5017 -0.0276
vn -0.8409 0.0707 0.5365
vn -0.9229 0.3809 -0.0569
vn -0.0101 -0.9894 0.1447
vn 0.0516 -0.9918 0.1172
vn -0.1950 -0.8088 0.5548
vn -0.3936 -0.0417 -0.9184
vn 0.4739 0.3753 -0.7966
vn 0.0264 -0.3856 -0.9223
vn -0.5317 0.3708 0.7614
vn -0.3847 -0.1273 0.9142
vn -0.0442 -0.3171 0.9474
vn 0.1860 -0.0375 0.9818
vn 0.2547 -0.9561 0.1449
vn 0.2971 -0.9442 0.1425
vn 0.1883 -0.7707 0.6088
vn 0.8561 -0.1110 0.5047
vn 0.9195 -0.3121 -0.2388
vn 0.9175 0.3831 -0.1064
vn 0.3208 -0.9446 0.0696
vn 0.3567 -0.9335 0.0376
vn 0.6952 -0.6364 0.3342
vn -0.8511 0.3992 0.3411
vn -0.8985 0.4386 0.0172
vn -0.9057 -0.4238 -0.0122
vn -0.2451 0.0653 -0.9673
vn 0.6607 0.3058 -0.6856
vn -0.0229 -0.2006 -0.9794
vn 0.0941 -0.8557 0.5089
vn -0.2508 -0.9223 -0.2942
vn 0.1146 -0.9932 0.0189
vn -0.8671 -0.4913 -0.0825
vn -0.8386 0.0219 0.5443
vn -0.9214 0.3885 0.0043
vn 0.8879 -0.0569 -0.4565
vn 0.9188 0.3096 -0.2449
vn 0.8879 0.0520 0.4572
vn -0.2307 -0.1396 0.9630
vn 0.2871 0.0501 0.9566
vn -0.6498 -0.1522 0.7447
vn 0.8540 0.2968 -0.4273
vn 0.8457 0.5320 0.0428
vn 0.9301 -0.3585 0.0794
vn -0.0880 -0.0879 -0.9922
vn -0.0848 -0.5963 -0.7983
vn -0.4665 0.3074 -0.8294
vn -0.1615 -0.6392 -0.7519
vn -0.1710 -0.1037 -0.9798
vn -0.1692 -0.1038 -0.9801
vn -0.2231 0.1367 -0.9652
vn 0.6303 0.4621 -0.6239
vn 0.4191 -0.1824 -0.8894
vn -0.2125 -0.1631 -0.9634
vn -0.2111 -0.1627 -0.9638
vn 0.2129 -0.4703 -0.8564
vn -0.0945 0.2279 -0.9691
vn 0.6989 0.4850 -0.5256
vn 0.6238 -0.3804 -0.6827
vn -0.7819 0.4260 0.4550
vn -0.8794 0.4754 -0.0265
vn -0.8684 -0.4664 0.1681
vn 0.5069 -0.1519 -0.8485
vn 0.0536 0.0037 -0.9986
vn 0.0530 0.6353 -0.7705
vn 0.5129 0.6488 -0.5622
vn 0.2407 0.0572 0.9689
vn 0.9424 -0.3071 0.1325
vn 0.8898 0.0941 -0.4466
vn 0.8212 0.5685 -0.0498
vn 0.8252 0.5305 0.1938
vn -0.5032 0.2412 -0.8299
vn 0.3048 0.7127 -0.6318
vn 0.1608 0.0140 -0.9869
vn 0.3786 0.0420 0.9246
vn 0.7410 -0.1757 0.6481
vn 0.4041 0.5123 0.7578
vn -0.0192 -0.9990 0.0405
vn 0.0217 -0.9996 0.0173
vn -0.2192 -0.8682 0.4452
vn -0.9090 -0.3254 0.2605
vn -0.8464 0.0314 0.5317
vn -0.8560 0.2803 -0.4343
vn -0.2360 -0.2207 0.9464
vn 0.2825 -0.0315 0.9588
vn -0.6538 -0.2149 0.7255
vn 0.4295 -0.9026 0.0283
vn 0.4398 -0.8976 0.0285
vn 0.2769 -0.8149 0.5091
vn -0.2064 0.9315 0.2994
vn 0.8554 0.3842 0.3473
vn 0.9266 -0.3573 -0.1174
vn 0.9218 0.3422 -0.1820
vn -0.8441 -0.2361 0.4815
vn -0.9008 0.4322 -0.0406
vn -0.9096 -0.4041 -0.0963
vn -0.2238 0.8762 0.4268
vn 0.1724 0.9218 -0.3472
vn -0.4934 0.8573 -0.1467
vn 0.1848 -0.9696 -0.1601
vn 0.1962 -0.9695 -0.1467
vn 0.1689 -0.9733 -0.1551
vn 0.3257 -0.9346 -0.1434
vn 0.3390 -0.9239 -0.1774
vn 0.7631 -0.6458 0.0222
vn -0.2458 -0.2772 0.9289
vn 0.2748 -0.0961 0.9567
vn -0.6617 -0.2516 0.7063
vn -0.9066 0.2474 -0.3419
vn -0.4191 0.9056 0.0653
vn -0.4132 0.6861 -0.5987
vn 0.8830 -0.1367 0.4490
vn 0.8882 -0.0176 -0.4591
vn 0.9179 0.3380 -0.2077
vn -0.5039 -0.1465 0.8512
vn -0.3913 -0.5290 0.7530
vn 0.0127 -0.3150 0.9490
vn -0.0470 0.1759 0.9833
vn -0.3766 -0.2814 0.8826
vn 0.1623 -0.1456 0.9759
vn -0.4893 0.2651 0.8309
vn -0.3504 -0.0148 -0.9365
vn 0.1813 -0.2083 -0.9611
vn -0.5822 -0.4335 -0.6878
vn 0.0862 -0.9616 -0.2605
vn 0.0893 -0.9614 -0.2601
vn 0.5018 -0.8587 0.1042
vn -0.2094 0.3108 -0.9271
vn -0.2007 -0.4017 -0.8935
vn -0.3904 -0.0402 -0.9198
vn 0.3278 -0.9447 0.0041
vn 0.6940 -0.6541 -0.3009
vn 0.6088 -0.6456 0.4611
vn -0.1992 0.3159 -0.9276
vn 0.4128 0.7522 -0.5136
vn 0.4245 -0.0187 -0.9053
vn -0.5506 0.7291 0.4066
vn 0.0265 0.9746 -0.2223
vn -0.6765 0.6607 -0.3253
vn -0.2177 -0.0620 -0.9741
vn -0.2137 -0.0611 -0.9750
vn 0.2476 -0.3275 -0.9118
vn 0.1324 -0.6624 -0.7373
vn 0.5762 -0.8046 0.1439
vn 0.1651 -0.9573 -0.2374
vn 0.2139 -0.0065 0.9768
vn 0.1829 -0.0514 0.9818
vn 0.1856 -0.0768 0.9796
vn 0.1868 -0.0609 0.9805
vn 0.8422 -0.4175 0.3411
vn 0.8145 -0.3547 -0.4592
vn 0.9011 0.3476 -0.2591
vn 0.1121 -0.0741 0.9909
vn 0.1232 -0.0564 0.9908
vn 0.1049 -0.0600 0.9927
vn 0.2135 -0.9366 -0.2777
vn 0.2068 -0.9401 -0.2710
vn 0.2066 -0.9353 -0.2873
vn -0.1072 0.5137 -0.8513
vn 0.7370 0.5028 -0.4516
vn 0.4723 0.0083 -0.8814
vn -0.0148 -0.9989 -0.0455
vn 0.0279 -0.9976 -0.0640
vn -0.2403 -0.9040 0.3536
vn -0.6313 0.7117 0.3082
vn 0.1073 0.9832 -0.1478
vn -0.6408 0.7651 -0.0640
vn 0.0965 -0.9086 -0.4063
vn 0.0924 -0.9144 -0.3941
vn 0.0809 -0.9045 -0.4187
vn -0.3762 0.4565 -0.8062
vn 0.5350 0.6952 -0.4800
vn 0.1211 0.1753 -0.9771
vn 0.8641 -0.1858 0.4678
vn 0.9207 -0.2632 -0.2882
vn 0.9230 0.3818 -0.0481
vn 0.3341 -0.9384 -0.0884
vn 0.3521 -0.9292 -0.1126
vn 0.6944 -0.6903 0.2034
vn -0.0296 0.8520 0.5227
vn 0.3435 0.8984 -0.2737
vn -0.3331 0.9428 0.0127
vn 0.1921 -0.9806 -0.0393
vn 0.2733 -0.9599 -0.0619
vn 0.1385 -0.8820 0.4504
vn 0.0847 -0.9915 0.0990
vn 0.2187 -0.8896 -0.4011
vn 0.2395 -0.8865 -0.3960
vn 0.6741 -0.7172 -0.1767
vn -0.3492 0.8691 0.3503
vn -0.3629 0.8586 0.3621
vn -0.3287 0.8714 0.3643
vn -0.3488 0.8643 0.3624
vn -0.0853 0.0840 -0.9928
vn -0.0694 -0.4505 -0.8901
vn -0.4724 0.4366 -0.7657
vn 0.3766 -0.0097 0.9263
vn 0.4741 -0.4470 0.7586
vn 0.7810 0.1585 0.6041
vn 0.1199 0.7389 -0.6631
vn 0.7685 0.3669 -0.5243
vn 0.0793 0.0658 -0.9947
vn -0.1736 0.7282 0.6630
vn -0.1716 0.9140 0.3677
vn -0.5342 0.7229 0.4382
vn 0.4716 -0.0157 0.8817
vn 0.0911 -0.0702 0.9934
vn -0.1380 -0.3645 0.9209
vn 0.9437 -0.3138 0.1048
vn 0.8969 0.1344 -0.4212
vn 0.8152 0.5792 -0.0059
vn 0.8306 0.4848 0.2740
vn -0.7817 0.2994 0.5471
vn -0.8807 0.4727 0.0294
vn -0.8809 -0.4686 0.0663
vn 0.1072 -0.1580 0.9816
vn 0.1324 -0.1300 0.9826
vn 0.0700 -0.1453 0.9869
vn 0.1309 -0.4616 -0.8774
vn 0.1907 -0.9792 0.0699
vn 0.1301 -0.8747 -0.4668
vn -0.0863 -0.7422 0.6646
vn 0.1835 -0.4376 0.8803
vn -0.7649 -0.1958 0.6136
vn -0.2062 0.8655 0.4566
vn 0.0201 -0.9943 -0.1042
vn 0.0389 -0.9931 -0.1110
vn -0.0510 -0.9263 0.3734
vn -0.6300 0.6791 0.3768
vn 0.1096 0.9913 -0.0723
vn -0.6357 0.7720 0.0024
vn 0.8564 0.3221 0.4036
vn 0.9278 -0.3256 -0.1821
vn 0.9178 0.3783 -0.1201
vn -0.8454 -0.2352 0.4795
vn -0.9021 0.4301 0.0343
vn -0.9138 -0.3711 -0.1651
vn -0.0154 0.8098 0.5865
vn 0.3195 0.9235 -0.2123
vn -0.3678 0.9249 0.0960
vn 0.9169 -0.3390 -0.2105
vn 0.9238 0.3404 -0.1755
vn 0.8799 0.0802 0.4684
vn 0.0108 0.1156 -0.9932
vn -0.2524 0.1234 -0.9597
vn -0.5816 0.5328 -0.6146
vn 0.2293 0.8054 -0.5467
vn -0.1893 -0.5288 0.8274
vn 0.3113 -0.3138 0.8970
vn -0.6197 -0.4668 0.6309
vn -0.3559 0.7886 0.5015
vn -0.3656 0.7952 0.4836
vn -0.3689 0.7971 0.4781
vn 0.1882 -0.8541 -0.4848
vn 0.5865 -0.7957 -0.1514
vn -0.1203 -0.9896 -0.0790
vn 0.9492 -0.3135 -0.0277
vn 0.8939 0.3861 -0.2279
vn 0.8143 0.4402 0.3784
vn -0.1182 0.8198 0.5603
vn -0.0970 0.8288 0.5511
vn -0.1227 0.8432 0.5234
vn -0.2510 0.8577 0.4487
vn -0.4752 -0.2737 0.8362
vn -0.3800 -0.6599 0.6482
vn 0.0350 -0.4798 0.8767
vn -0.0760 0.0078 0.9971
vn -0.2206 0.4954 -0.8402
vn -0.2477 -0.2382 -0.9391
vn -0.4004 0.1177 -0.9087
vn -0.8852 0.4494 0.1204
vn -0.9186 -0.2686 -0.2897
vn -0.7014 -0.3001 0.6465
vn 0.9399 -0.0073 -0.3413
vn 0.8818 0.4076 -0.2370
vn 0.8773 0.1041 0.4685
vn 0.1035 -0.2530 0.9619
vn 0.1298 -0.2135 0.9683
vn 0.0615 -0.2298 0.9713
vn -0.3543 0.6077 -0.7108
vn 0.5766 0.7261 -0.3745
vn 0.0462 0.3432 -0.9381
vn -0.1905 -0.1815 0.9648
vn 0.0698 -0.5614 0.8246
vn 0.1546 -0.2085 0.9657
vn 0.0723 -0.4999 0.8631
vn 0.6379 -0.4004 0.6578
vn 0.3316 -0.2205 0.9173
vn 0.0156 0.8781 -0.4783
vn 0.7795 0.4941 -0.3850
vn 0.0889 0.4002 -0.9121
vn -0.8660 -0.3543 -0.3529
vn -0.8459 -0.2820 0.4527
vn -0.9155 0.3278 0.2333
vn 0.3636 -0.2022 0.9093
vn 0.5124 -0.6021 0.6123
vn 0.4972 0.2833 0.8201
vn -0.3644 -0.5640 0.7410
vn 0.1744 -0.4709 0.8648
vn -0.4766 -0.0493 0.8777
vn 0.8552 0.2812 0.4353
vn 0.9270 -0.3134 -0.2062
vn 0.9214 0.3789 -0.0866
vn 0.3190 -0.9081 -0.2714
vn 0.3596 -0.8841 -0.2983
vn 0.7006 -0.7077 0.0915
vn 0.0035 0.7585 0.6517
vn 0.3310 0.9343 -0.1326
vn -0.3642 0.9136 0.1810
vn 0.8549 0.4468 0.2636
vn 0.9180 -0.2943 -0.2658
vn 0.9088 0.3792 -0.1739
vn -0.0981 0.9784 0.1822
vn -0.1107 0.7748 0.6224
vn -0.0698 0.7786 0.6237
vn 0.1138 0.5804 0.8064
vn -0.1737 0.7343 0.6562
vn -0.1903 0.7187 0.6688
vn 0.9196 -0.3668 0.1407
vn 0.9374 -0.2744 -0.2142
vn 0.8255 0.5254 0.2064
vn 0.8473 0.3937 0.3565
vn -0.3398 -0.6380 0.6910
vn 0.1039 -0.4475 0.8882
vn -0.7726 -0.2935 0.5630
vn 0.4163 0.2279 -0.8802
vn -0.4543 -0.0661 -0.8884
vn -0.0916 0.2788 -0.9560
vn -0.5140 -0.1994 0.8343
vn -0.3719 -0.6788 0.6332
vn -0.0258 -0.8534 0.5206
vn 0.1883 -0.6549 0.7319
vn 0.0781 -0.9891 -0.1246
vn -0.0095 -0.4317 -0.9020
vn 0.1226 -0.7773 -0.6171
vn -0.4384 0.5903 0.6778
vn -0.0175 0.9941 0.1074
vn -0.7169 0.6699 -0.1932
vn -0.3490 0.5756 -0.7395
vn -0.2481 -0.1517 -0.9568
vn -0.4202 0.1952 -0.8862
vn 0.0624 -0.8639 -0.4998
vn 0.4164 -0.7109 -0.5668
vn 0.7824 -0.5973 -0.1760
vn -0.5713 0.6242 0.5329
vn 0.0615 0.9980 0.0177
vn -0.6731 0.7169 -0.1818
vn -0.3355 0.7044 0.6255
vn -0.3466 0.7130 0.6095
vn -0.3503 0.7155 0.6045
vn 0.0502 -0.7974 -0.6014
vn 0.3662 -0.8713 -0.3267
vn 0.2114 -0.9580 0.1936
vn 0.3114 0.4393 -0.8426
vn -0.0515 0.4868 -0.8720
vn -0.3760 0.6822 -0.6271
vn 0.4904 0.8408 -0.2294
vn -0.7880 0.1002 0.6075
vn -0.8805 0.3726 -0.2931
vn -0.9121 -0.3064 -0.2724
vn -0.0941 -0.8969 0.4322
vn 0.1846 -0.6219 0.7611
vn -0.7595 -0.3462 0.5508
vn 0.1007 -0.6746 -0.7313
vn 0.0953 -0.6547 -0.7499
vn 0.1105 -0.6586 -0.7443
vn 0.2372 -0.2638 0.9349
vn 0.3299 -0.3120 0.8910
vn 0.3473 -0.3065 0.8862
vn 0.3414 -0.2803 0.8972
vn 0.1865 -0.2847 0.9403
vn 0.1747 -0.3091 0.9348
vn 0.2086 -0.2948 0.9325
vn 0.0829 -0.8389 -0.5379
vn 0.3603 -0.8843 -0.2971
vn 0.0912 -0.9875 0.1283
vn -0.5170 0.8208 -0.2428
vn 0.2104 0.8983 -0.3857
vn -0.2114 0.2921 -0.9327
vn 0.9177 -0.3919 0.0653
vn 0.9284 -0.2490 -0.2758
vn 0.8603 0.5096 -0.0150
vn 0.8506 -0.0359 0.5246
vn -0.2051 0.7118 -0.6717
vn 0.6893 0.6735 -0.2668
vn 0.0046 0.5460 -0.8378
vn -0.0092 -0.9548 -0.2972
vn 0.0208 -0.9514 -0.3072
vn -0.1684 -0.9734 0.1554
vn -0.6286 0.5678 0.5315
vn 0.0985 0.9811 0.1668
vn -0.6292 0.7535 0.1909
vn -0.9125 -0.1659 -0.3740
vn -0.9163 -0.3921 -0.0811
vn -0.8556 -0.2058 0.4750
vn -0.8660 0.3678 0.3387
vn 0.8404 0.5051 0.1962
vn 0.8671 -0.1342 0.4796
vn 0.9242 -0.1044 -0.3675
vn -0.4372 0.6568 -0.6144
vn 0.2702 0.9566 -0.1093
vn 0.2174 0.5103 -0.8321
vn -0.1006 0.3417 -0.9344
vn -0.1094 0.3334 -0.9364
vn -0.1208 0.3356 -0.9342
vn 0.8639 -0.3030 0.4024
vn 0.9209 -0.1770 -0.3474
vn 0.9254 0.3757 0.0499
vn -0.1173 0.6999 0.7046
vn 0.3570 0.9340 -0.0151
vn -0.3488 0.9079 0.2323
vn 0.9208 -0.2740 -0.2776
vn 0.9113 0.3887 -0.1358
vn 0.8871 0.0334 0.4605
vn -0.3674 0.6780 0.6366
vn -0.3800 0.6916 0.6142
vn -0.4916 0.2332 0.8390
vn -0.3431 0.6426 0.6851
vn -0.5832 0.3082 0.7515
vn 0.0441 0.5947 0.8027
vn -0.3505 0.6402 0.6835
vn -0.1101 0.6395 0.7608
vn -0.0927 0.6514 0.7530
vn -0.1101 0.6664 0.7375
vn -0.1377 0.6234 0.7697
vn 0.0824 0.9456 0.3146
vn -0.7404 0.6267 0.2431
vn 0.3748 -0.2510 0.8925
vn 0.4705 -0.6497 0.5971
vn 0.7858 -0.0259 0.6179
vn 0.2120 -0.6720 -0.7096
vn 0.2102 -0.6719 -0.7101
vn -0.8631 0.4394 0.2488
vn -0.9118 -0.1350 -0.3878
vn -0.9260 -0.3700 0.0755
vn -0.8472 -0.4252 0.3184
vn -0.2240 0.6324 -0.7415
vn -0.2329 -0.0629 -0.9705
vn -0.4014 0.2717 -0.8747
vn 0.1137 -0.3274 0.9380
vn 0.1204 -0.3087 0.9435
vn -0.3028 -0.2897 0.9080
vn -0.2342 0.2833 -0.9300
vn -0.2303 0.2841 -0.9307
vn 0.1610 -0.0787 -0.9838
vn -0.7893 0.1385 0.5982
vn -0.8568 0.4791 0.1907
vn -0.8834 -0.4680 -0.0247
vn 0.0522 -0.7526 -0.6564
vn 0.3590 -0.8469 -0.3923
vn -0.0315 -0.9985 -0.0448
vn -0.8694 0.4131 -0.2712
vn -0.9205 -0.2858 -0.2663
vn -0.8373 -0.0508 0.5444
vn 0.2368 -0.3424 0.9092
vn -0.2043 -0.3278 0.9224
vn 0.0732 -0.6595 0.7481
vn 0.1848 -0.3706 0.9102
vn 0.0601 -0.4564 0.8877
vn 0.0838 -0.4521 0.8880
vn -0.1795 -0.1943 0.9644
vn 0.0627 -0.6307 0.7735
vn 0.6323 -0.5152 0.5786
vn 0.3377 -0.3717 0.8648
vn 0.0420 -0.7582 -0.6507
vn 0.3612 -0.8349 -0.4153
vn 0.2405 -0.9654 0.1012
vn -0.2651 0.7866 -0.5577
vn 0.6174 0.7755 -0.1321
vn 0.0476 0.6171 -0.7854
vn -0.3653 -0.7217 0.5879
vn 0.0780 -0.5772 0.8129
vn -0.6607 -0.1925 0.7255
vn -0.9130 -0.1403 -0.3832
vn -0.8465 -0.4552 0.2763
vn -0.8656 0.4236 0.2672
vn -0.0133 -0.9437 -0.3304
vn 0.0222 -0.6541 -0.7560
vn 0.2495 -0.9603 0.1248
vn 0.3757 -0.3393 0.8624
vn 0.5007 -0.6867 0.5271
vn 0.5079 0.1620 0.8460
vn 0.8728 0.4874 0.0276
vn 0.8642 -0.0702 0.4982
vn 0.9506 -0.2792 -0.1355
vn -0.3232 -0.8179 0.4760
vn 0.1085 -0.6656 0.7384
vn -0.7389 -0.4682 0.4846
vn -0.3190 0.5310 0.7850
vn -0.3310 0.5428 0.7719
vn -0.3350 0.5462 0.7677
vn 0.8650 -0.3407 0.3683
vn 0.9193 -0.1408 -0.3675
vn 0.9262 0.3669 0.0870
vn -0.2383 0.3556 -0.9038
vn -0.2390 0.3540 -0.9042
vn 0.9205 -0.2613 -0.2904
vn 0.9170 0.3891 -0.0875
vn 0.8818 -0.0235 0.4710
vn 0.1057 -0.6139 -0.7822
vn 0.0942 -0.5889 -0.8027
vn 0.1138 -0.5968 -0.7943
vn -0.0204 -0.8569 0.5151
vn 0.2850 -0.5561 0.7807
vn -0.4982 -0.7103 0.4972
vn 0.3274 -0.5515 -0.7672
vn 0.3420 -0.5449 -0.7656
vn 0.7629 -0.4749 -0.4387
vn -0.0842 0.5044 0.8594
vn 0.2170 0.2705 0.9379
vn 0.0185 0.7776 0.6285
vn -0.2407 0.8186 -0.5215
vn 0.3503 0.9344 0.0649
vn 0.4060 0.5648 -0.7184
vn 0.0882 0.7333 -0.6741
vn -0.0953 0.3572 -0.9291
vn -0.5363 0.4720 -0.6997
vn -0.9069 -0.4196 -0.0373
vn -0.8537 -0.3247 0.4072
vn -0.8556 0.4903 -0.1657
vn -0.0762 0.4147 -0.9068
vn -0.0615 -0.1240 -0.9904
vn -0.4656 0.6711 -0.5769
vn -0.3327 0.3986 -0.8546
vn 0.2131 0.2323 -0.9490
vn -0.6236 -0.0483 -0.7803
vn -0.1862 -0.8083 0.5585
vn 0.2980 -0.6544 0.6950
vn -0.6234 -0.6773 0.3908
vn -0.4335 0.4611 0.7742
vn -0.0128 0.9591 0.2828
vn -0.7122 0.6983 -0.0719
vn -0.2130 0.6741 -0.7072
vn -0.2220 0.0157 -0.9749
vn -0.4046 0.3505 -0.8447
vn 0.1086 -0.4039 0.9083
vn 0.1108 -0.3919 0.9133
vn -0.3068 -0.3578 0.8820
vn -0.5947 0.4910 0.6366
vn 0.0832 0.9630 0.2563
vn -0.6641 0.7476 0.0062
vn 0.2231 -0.4275 0.8760
vn 0.2241 -0.4237 0.8776
vn 0.2228 -0.4253 0.8772
vn -0.1515 -0.4229 0.8934
vn 0.0774 -0.7532 0.6532
vn 0.1948 -0.4522 0.8704
vn 0.0058 -0.6340 0.7733
vn 0.5590 -0.6269 0.5427
vn 0.3474 -0.4304 0.8331
vn -0.8558 -0.3233 0.4038
vn -0.8514 0.5226 -0.0456
vn -0.9185 -0.3731 -0.1310
vn -0.5925 0.1980 0.7809
vn -0.3501 0.4990 0.7927
vn -0.5307 0.7528 0.3895
vn 0.9181 0.2483 -0.3089
vn 0.8667 0.4878 0.1046
vn 0.8868 -0.2153 0.4090
vn 0.0225 -0.9025 -0.4302
vn 0.0514 -0.8949 -0.4433
vn -0.1338 -0.9909 0.0153
vn 0.2472 -0.5370 -0.8066
vn 0.2517 -0.5301 -0.8097
vn 0.2485 -0.5400 -0.8041
vn 0.8561 0.1577 0.4922
vn 0.9240 -0.2533 -0.2866
vn 0.9192 0.3934 0.0189
vn -0.8974 0.3498 0.2689
vn -0.9005 -0.3487 -0.2599
vn -0.8446 -0.0104 0.5353
vn 0.0056 0.5574 0.8302
vn 0.3325 0.9358 0.1168
vn -0.3611 0.8364 0.4124
vn -0.1727 0.4604 -0.8708
vn -0.1651 0.4594 -0.8727
vn 0.8533 0.3574 0.3796
vn 0.9201 -0.2255 -0.3204
vn 0.9133 0.4030 -0.0587
vn -0.8925 -0.1634 -0.4204
vn -0.8568 -0.3704 0.3588
vn -0.8878 0.2893 0.3580
vn -0.1079 0.9089 -0.4029
vn 0.7420 0.6639 -0.0933
vn 0.4720 0.5131 -0.7169
vn 0.0957 -0.4225 -0.9013
vn 0.0970 -0.4168 -0.9038
vn 0.5175 -0.6297 -0.5794
vn -0.5589 -0.5041 0.6584
vn -0.3646 -0.8793 0.3064
vn -0.0157 -0.9950 0.0986
vn 0.1588 -0.9010 0.4036
vn 0.9490 -0.2606 -0.1773
vn 0.8934 0.4483 0.0290
vn 0.8588 -0.1597 0.4867
vn 0.1113 -0.4760 0.8724
vn 0.1227 -0.4527 0.8832
vn -0.3100 -0.4372 0.8443
vn -0.8090 -0.3784 0.4498
vn -0.8807 0.3974 0.2577
vn -0.9154 -0.1669 -0.3664
vn -0.2596 0.4555 -0.8516
vn -0.2577 0.4598 -0.8498
vn 0.2680 0.4665 -0.8429
vn -0.3761 -0.8490 0.3712
vn 0.1487 -0.8516 0.5026
vn -0.6923 -0.3980 0.6019
vn 0.3601 -0.4927 0.7922
vn 0.3672 -0.5002 0.7842
vn 0.3593 -0.4848 0.7974
vn 0.1001 -0.3769 -0.9208
vn -0.2794 -0.0280 -0.9598
vn 0.5436 -0.0446 -0.8381
vn 0.0257 -0.8674 -0.4969
vn 0.0408 -0.8608 -0.5073
vn -0.0015 -0.9997 -0.0247
vn -0.0828 0.3706 0.9251
vn -0.0687 0.3688 0.9270
vn -0.0760 0.3858 0.9195
vn -0.3692 0.8880 -0.2741
vn 0.5083 0.8419 0.1810
vn 0.1858 0.8024 -0.5672
vn -0.4284 0.4536 0.7815
vn 0.1218 0.9551 0.2701
vn -0.6187 0.6732 0.4051
vn 0.8633 -0.3979 0.3106
vn 0.9199 -0.0820 -0.3835
vn 0.9232 0.3535 0.1506
vn -0.8518 -0.4879 0.1906
vn -0.8990 0.3832 0.2121
vn -0.9122 -0.2765 -0.3024
vn 0.3276 0.4926 0.8063
vn 0.2682 0.9543 0.1319
vn -0.3072 0.7925 0.5268
vn -0.2177 0.5050 -0.8352
vn -0.2147 0.5031 -0.8371
vn 0.9200 -0.2066 -0.3331
vn 0.9179 0.3965 -0.0160
vn 0.8820 -0.1032 0.4598
vn -0.1166 0.9673 -0.2254
vn 0.7350 0.6777 0.0214
vn 0.4695 0.6315 -0.6171
vn -0.2393 -0.9258 0.2925
vn 0.2489 -0.8291 0.5006
vn -0.5236 -0.6340 0.5691
vn -0.9052 0.1977 0.3763
vn -0.8808 0.0441 -0.4715
vn -0.9040 -0.4136 -0.1082
vn -0.8980 -0.0595 0.4360
vn -0.9203 -0.3392 -0.1949
vn -0.8493 -0.5029 0.1606
vn -0.8486 0.5290 -0.0107
vn -0.2047 0.9384 -0.2784
vn 0.3988 0.8567 0.3271
vn 0.4224 0.7393 -0.5244
vn -0.0035 -0.3722 -0.9281
vn 0.3852 -0.3592 -0.8500
vn 0.3846 -0.3721 -0.8448
vn -0.3504 0.2675 0.8976
vn -0.3478 0.2884 0.8921
vn -0.6810 -0.0498 0.7306
vn -0.0896 0.5744 -0.8136
vn -0.0730 0.0617 -0.9954
vn -0.4688 0.7687 -0.4351
vn -0.1246 0.7368 -0.6646
vn -0.3248 0.1178 -0.9384
vn -0.4231 0.4746 -0.7718
vn -0.1448 0.4240 0.8940
vn 0.0937 0.8390 0.5360
vn -0.7349 0.5676 0.3712
vn 0.3720 -0.4725 0.7989
vn 0.4797 -0.7738 0.4136
vn 0.7881 -0.1797 0.5887
vn 0.9384 -0.3102 -0.1519
vn 0.9036 0.4229 0.0681
vn 0.8601 -0.2408 0.4497
vn -0.7898 -0.0060 0.6133
vn -0.8623 0.4026 0.3072
vn -0.8764 -0.4561 -0.1549
vn 0.0517 -0.5663 -0.8226
vn 0.3508 -0.7214 -0.5970
vn -0.0134 -0.9568 -0.2905
vn 0.3801 -0.2758 -0.8829
vn 0.3827 -0.2857 -0.8786
vn 0.2572 -0.7370 -0.6250
vn 0.2190 -0.5513 0.8051
vn 0.0663 -0.6621 0.7464
vn 0.0911 -0.6551 0.7500
vn -0.1707 -0.4280 0.8875
vn 0.1697 -0.6084 0.7753
vn 0.1681 -0.6218 0.7650
vn 0.1952 -0.6112 0.7671
vn -0.2081 0.2099 0.9553
vn -0.8636 -0.0873 -0.4965
vn -0.8473 -0.4956 0.1909
vn -0.9094 0.1413 0.3912
vn 0.0040 -0.8077 -0.5896
vn 0.0263 -0.7979 -0.6022
vn -0.1740 -0.9686 -0.1775
vn -0.6368 0.3572 0.6832
vn 0.0805 0.8735 0.4801
vn -0.6406 0.6442 0.4179
vn -0.0061 -0.9765 0.2154
vn 0.3859 -0.7829 0.4880
vn -0.4672 -0.8580 0.2134
vn 0.8477 0.0705 0.5258
vn 0.9235 -0.1992 -0.3278
vn 0.9158 0.3919 0.0880
vn 0.3081 0.4481 0.8392
vn 0.2261 0.9490 0.2200
vn -0.3567 0.7222 0.5927
vn 0.8881 -0.2883 0.3581
vn 0.8988 -0.0340 -0.4370
vn 0.9289 0.3584 0.0934
vn -0.0188 -0.9953 0.0950
vn 0.2834 -0.8249 0.4891
vn -0.4858 -0.8642 0.1305
vn 0.8732 0.4422 0.2049
vn 0.8565 -0.1689 0.4878
vn 0.9437 -0.2057 -0.2589
vn 0.1892 -0.7814 -0.5946
vn 0.2146 -0.7685 -0.6027
vn 0.5661 -0.7964 -0.2126
vn 0.1953 0.5114 -0.8368
vn -0.5181 0.1325 -0.8450
vn -0.3100 0.6144 -0.7255
vn -0.0838 -0.9675 -0.2387
vn 0.1705 -0.9736 0.1521
vn -0.7703 -0.6115 0.1807
vn 0.1089 -0.6223 0.7751
vn 0.1089 -0.6153 0.7807
vn -0.3064 -0.5697 0.7626
vn -0.8628 0.3912 0.3204
vn -0.9192 -0.1446 -0.3662
vn -0.6847 -0.6184 0.3857
vn 0.9208 -0.3640 -0.1397
vn 0.9219 -0.0703 -0.3811
vn 0.8496 0.1532 0.5047
vn 0.8549 -0.3098 0.4162
vn 0.1725 0.8799 -0.4428
vn -0.2185 0.8563 -0.4680
vn -0.5686 0.8226 -0.0058
vn 0.0763 0.9149 0.3964
vn -0.0995 0.6848 0.7219
vn -0.1151 0.2823 0.9524
vn -0.0725 0.2862 0.9554
vn 0.0529 -0.4785 -0.8765
vn 0.3605 -0.6593 -0.6598
vn 0.2104 -0.9503 -0.2296
vn 0.9284 -0.0058 -0.3716
vn 0.8419 0.2079 0.4980
vn 0.8670 -0.4573 0.1981
vn 0.2943 -0.6511 0.6997
vn 0.2962 -0.6480 0.7017
vn 0.2950 -0.6493 0.7010
vn -0.0916 -0.4446 0.8910
vn -0.0598 -0.8354 0.5463
vn 0.1858 -0.6667 0.7218
vn 0.0616 -0.7134 0.6980
vn 0.0892 -0.7054 0.7032
vn 0.0828 -0.7021 0.7073
vn 0.0998 -0.6896 0.7173
vn 0.1087 -0.6781 0.7269
vn 0.0991 -0.6858 0.7211
vn 0.0341 -0.5564 -0.8302
vn 0.3592 -0.6958 -0.6220
vn 0.2097 -0.9625 -0.1721
vn -0.8214 -0.3183 0.4733
vn -0.8586 0.4898 0.1513
vn -0.9064 -0.1569 -0.3921
vn 0.3741 -0.6130 0.6959
vn 0.5260 -0.8102 0.2586
vn 0.6282 -0.1566 0.7622
vn -0.2074 -0.9780 0.0213
vn 0.2637 -0.9281 0.2630
vn -0.6335 -0.7720 -0.0514
vn 0.0315 0.0363 -0.9988
vn 0.3988 -0.1176 -0.9095
vn 0.3888 -0.1307 -0.9120
vn -0.2414 0.0568 0.9688
vn 0.3689 -0.3882 -0.8445
vn 0.0755 0.0131 -0.9971
vn 0.0920 0.0132 -0.9957
vn -0.8307 -0.2113 0.5151
vn -0.9298 0.3604 0.0748
vn -0.8621 -0.4551 -0.2229
vn -0.2761 0.9611 -0.0017
vn 0.5785 0.7093 0.4028
vn 0.0726 0.9551 -0.2871
vn 0.8637 -0.4471 0.2324
vn 0.9211 -0.0136 -0.3891
vn 0.9229 0.3240 0.2082
vn -0.0071 0.3331 0.9429
vn 0.3097 0.8821 0.3550
vn -0.3683 0.7069 0.6039
vn -0.2751 -0.0555 -0.9598
vn -0.2223 -0.0461 -0.9739
vn -0.6080 -0.3165 -0.7281
vn -0.3416 -0.0558 0.9382
vn -0.3417 -0.0345 0.9392
vn -0.6692 -0.2861 0.6858
vn -0.1040 0.0071 0.9946
vn 0.0978 -0.3298 0.9390
vn 0.0146 0.3508 0.9363
vn -0.0975 -0.9472 -0.3055
vn 0.1881 -0.9801 0.0642
vn -0.7551 -0.6420 0.1330
vn 0.1953 -0.0150 -0.9806
vn 0.6276 -0.1623 -0.7614
vn -0.3037 -0.2461 -0.9204
vn -0.5369 0.7242 0.4328
vn 0.1841 0.8740 0.4497
vn -0.2140 0.9076 -0.3611
vn -0.0867 0.7031 -0.7058
vn -0.0705 0.2277 -0.9712
vn -0.4694 0.8294 -0.3029
vn -0.1466 0.1636 -0.9756
vn -0.1683 0.6820 -0.7118
vn -0.1667 0.6819 -0.7122
vn -0.1314 0.2818 0.9504
vn 0.0900 0.7478 0.6578
vn -0.7327 0.5027 0.4587
vn 0.0297 0.9119 -0.4093
vn -0.2438 0.8816 -0.4042
vn -0.5984 0.7986 0.0636
vn 0.1956 0.8876 0.4170
vn -0.0331 -0.9992 0.0242
vn 0.2616 -0.8768 0.4035
vn -0.5112 -0.8442 0.1611
vn -0.8473 -0.5253 -0.0789
vn -0.8649 0.1309 0.4846
vn -0.9125 0.1334 -0.3868
vn -0.5588 0.2298 0.7968
vn 0.0686 0.8196 0.5689
vn -0.6652 0.6974 0.2667
vn -0.2561 0.6655 -0.7011
vn -0.2551 0.6671 -0.6999
vn 0.2704 0.6712 -0.6902
vn 0.2762 -0.7429 0.6098
vn 0.2675 -0.7409 0.6160
vn 0.2362 -0.3447 -0.9085
vn 0.4003 0.0462 -0.9152
vn 0.8432 -0.0736 -0.5325
vn 0.0995 0.0381 -0.9943
vn -0.0549 0.5131 -0.8566
vn 0.5440 0.3200 -0.7757
vn 0.1038 0.1340 -0.9855
vn 0.0998 0.1485 -0.9839
vn 0.1176 0.1477 -0.9820
vn -0.8544 -0.5179 0.0426
vn -0.8595 0.4646 0.2133
vn -0.8847 -0.1011 -0.4550
vn -0.4886 -0.8046 0.3375
vn -0.3824 -0.9076 -0.1733
vn -0.3298 -0.9252 -0.1878
vn 0.1273 -0.9901 0.0589
vn -0.2153 -0.0971 0.9717
vn -0.2039 -0.0871 0.9751
vn -0.2142 -0.0906 0.9726
vn 0.3192 -0.6431 -0.6961
vn 0.3206 -0.6413 -0.6971
vn 0.4132 -0.8741 -0.2554
vn -0.1772 0.7258 -0.6647
vn -0.1725 0.7221 -0.6700
vn 0.1626 -0.6680 -0.7262
vn 0.1693 -0.6643 -0.7281
vn -0.1193 -0.9122 -0.3921
vn -0.3529 -0.1177 0.9282
vn -0.5774 -0.3639 0.7308
vn 0.0506 -0.2487 0.9672
vn -0.3461 -0.1313 0.9290
vn -0.1767 -0.1553 0.9719
vn -0.1760 -0.1389 0.9745
vn -0.5701 -0.2689 0.7763
vn -0.0060 -0.9913 -0.1313
vn 0.3512 -0.9182 0.1832
vn -0.4997 -0.8657 -0.0298
vn 0.8613 -0.4907 0.1315
vn 0.8951 -0.4439 -0.0410
vn 0.8599 0.5056 -0.0701
vn 0.7973 0.2848 0.5322
vn 0.9191 0.3865 -0.0768
vn 0.8722 0.3001 0.3863
vn 0.8624 -0.4392 0.2519
vn -0.3708 0.9056 0.2057
vn 0.5402 0.6532 0.5306
vn 0.1322 0.9860 -0.1015
vn 0.1940 0.6706 -0.7160
vn -0.5725 0.2752 -0.7723
vn -0.3020 0.7367 -0.6051
vn 0.9148 -0.1080 -0.3891
vn 0.9181 0.3951 0.0308
vn 0.8599 -0.3827 0.3378
vn 0.9040 -0.0703 -0.4218
vn 0.9007 0.4339 -0.0230
vn 0.8664 0.1801 0.4657
vn -0.2848 0.1035 0.9530
vn 0.0646 0.7724 0.6319
vn -0.6798 0.6555 0.3289
vn 0.1839 -0.7707 0.6101
vn 0.0486 -0.9698 0.2389
vn 0.5885 -0.6217 0.5168
vn 0.0502 -0.3257 -0.9442
vn 0.3578 -0.5385 -0.7629
vn -0.0310 -0.8440 -0.5354
vn 0.2139 -0.7524 0.6230
vn 0.0786 -0.8297 0.5527
vn 0.0962 -0.8276 0.5530
vn -0.1691 -0.6438 0.7463
vn 0.8142 -0.5790 -0.0423
vn 0.8367 0.1358 -0.5306
vn 0.9134 0.3268 0.2425
vn -0.0016 -0.9025 0.4307
vn 0.5566 -0.7936 0.2458
vn 0.3428 -0.7263 0.5958
vn -0.2319 -0.1861 0.9548
vn -0.2294 -0.1857 0.9554
vn -0.2337 -0.1852 0.9545
vn 0.8583 -0.4359 0.2708
vn 0.9520 -0.1118 -0.2848
vn 0.8888 0.4466 0.1027
vn 0.8813 0.3046 0.3612
vn -0.0209 -0.6686 -0.7433
vn 0.0018 -0.2047 -0.9788
vn 0.2467 -0.8959 -0.3695
vn -0.6367 0.2261 0.7373
vn 0.1134 0.7516 0.6498
vn -0.6423 0.5385 0.5453
vn -0.6274 -0.7506 -0.2071
vn -0.1925 -0.9563 -0.2201
vn -0.1633 -0.9591 -0.2313
vn 0.1205 -0.9730 0.1971
vn -0.3799 0.8760 0.2972
vn 0.5225 0.5890 0.6165
vn 0.1437 0.9896 0.0064
vn -0.0793 0.8181 -0.5695
vn -0.0904 0.8172 -0.5692
vn -0.0888 0.8177 -0.5687
vn 0.0049 0.1592 0.9872
vn 0.3503 0.7905 0.5023
vn -0.3460 0.5858 0.7329
vn 0.2353 -0.6404 -0.7311
vn 0.2580 -0.6294 -0.7330
vn 0.4473 -0.8356 -0.3188
vn 0.9280 0.0173 -0.3721
vn 0.8704 0.3626 0.3331
vn 0.8406 -0.4069 0.3574
vn -0.1748 -0.3034 0.9367
vn -0.1835 -0.3013 0.9357
vn 0.1614 0.2095 -0.9644
vn 0.1634 0.2027 -0.9655
vn 0.1554 0.2135 -0.9645
vn -0.3032 0.8945 0.3287
vn 0.5993 0.5569 0.5750
vn -0.0111 0.9957 0.0921
vn -0.1249 0.9005 0.4165
vn 0.7362 0.5115 0.4431
vn 0.4639 0.8832 -0.0687
vn 0.0002 0.2842 -0.9588
vn 0.3912 0.2015 -0.8980
vn 0.3882 0.1729 -0.9052
vn 0.0763 0.3174 -0.9452
vn 0.0902 0.3345 -0.9381
vn 0.0949 0.3242 -0.9412
vn -0.1625 0.9285 -0.3339
vn -0.3254 0.4421 -0.8359
vn -0.4329 0.7117 -0.5532
vn -0.1593 0.0854 0.9835
vn 0.0809 0.6178 0.7822
vn -0.7353 0.4104 0.5393
vn -0.4759 0.5840 0.6577
vn 0.2551 0.7308 0.6332
vn -0.2090 0.9729 -0.0991
vn 0.1110 -0.8056 0.5819
vn 0.1133 -0.7978 0.5921
vn -0.3045 -0.7535 0.5827
vn -0.8823 0.2544 0.3960
vn -0.9177 0.0149 -0.3970
vn -0.7022 -0.6728 0.2330
vn -0.9035 -0.2331 -0.3597
vn -0.8615 -0.5076 0.0149
vn -0.8546 0.4493 0.2604
vn 0.0943 -0.8447 0.5269
vn 0.1074 -0.8476 0.5196
vn 0.1156 -0.8342 0.5391
vn 0.3406 -0.7957 0.5009
vn 0.3477 -0.7991 0.4904
vn 0.3419 -0.7902 0.5086
vn -0.0137 -0.9190 -0.3941
vn -0.0878 -0.9900 0.1106
vn -0.4802 -0.7707 -0.4189
vn -0.3592 -0.8406 -0.4055
vn 0.1022 -0.9760 -0.1925
vn -0.6545 -0.7445 0.1319
vn 0.0977 0.0417 -0.9943
vn 0.3850 0.2857 -0.8776
vn 0.7978 0.0091 -0.6028
vn 0.9520 -0.0329 -0.3044
vn 0.8944 0.2889 0.3415
vn 0.8131 -0.3499 0.4652
vn 0.2024 0.3220 -0.9249
vn 0.6403 0.1248 -0.7579
vn -0.2297 -0.0196 -0.9731
vn 0.0343 -0.5778 -0.8155
vn 0.0598 -0.5673 -0.8213
vn -0.0348 -0.8967 -0.4413
vn 0.4798 -0.4431 -0.7572
vn 0.4915 -0.4307 -0.7569
vn 0.4207 -0.8055 -0.4174
vn 0.8655 -0.4907 0.1008
vn 0.9207 0.0866 -0.3804
vn 0.9227 0.2594 0.2853
vn -0.8442 -0.5335 0.0519
vn -0.8988 0.2554 0.3563
vn -0.9102 -0.1268 -0.3942
vn 0.3185 0.1236 0.9398
vn 0.2428 0.8141 0.5276
vn -0.3423 0.4851 0.8047
vn -0.0179 -0.8856 -0.4642
vn 0.2944 -0.9514 -0.0902
vn -0.4997 -0.8079 -0.3126
vn 0.1002 -0.6740 0.7319
vn -0.1817 -0.4474 0.8757
vn -0.1922 -0.4583 0.8678
vn -0.0108 0.7253 0.6884
vn 0.7892 0.5004 0.3560
vn 0.1033 0.9837 0.1475
vn 0.9493 -0.0704 -0.3064
vn 0.8887 0.4288 0.1621
vn 0.8671 0.1970 0.4575
vn 0.8226 -0.3151 0.4734
vn 0.1841 -0.5269 -0.8298
vn 0.2030 -0.5216 -0.8287
vn 0.5617 -0.6524 -0.5087
vn -0.0791 0.8602 -0.5037
vn -0.0636 0.4680 -0.8814
vn -0.4695 0.8785 -0.0883
vn -0.1284 0.9480 -0.2913
vn -0.3257 0.5011 -0.8018
vn -0.4253 0.7539 -0.5007
vn 0.2408 0.7721 -0.5881
vn -0.6746 0.4959 -0.5468
vn -0.3087 0.8339 -0.4575
vn -0.0302 -0.6253 0.7798
vn -0.1788 -0.3606 0.9154
vn -0.4363 -0.5590 0.7051
vn 0.3472 -0.4882 -0.8007
vn 0.6974 -0.0788 -0.7123
vn 0.6433 -0.7005 -0.3091
vn -0.2890 -0.0595 0.9555
vn 0.0993 0.6352 0.7659
vn -0.6588 0.6133 0.4358
vn -0.6098 -0.7284 -0.3125
vn -0.1918 -0.9279 -0.3197
vn -0.1578 -0.9308 -0.3298
vn 0.0996 -0.9861 0.1330
vn 0.1860 0.4778 -0.8586
vn 0.1746 0.4611 -0.8700
vn -0.7832 -0.2328 0.5765
vn -0.8777 0.2080 0.4317
vn -0.8652 -0.3609 -0.3481
vn 0.0511 -0.1425 -0.9885
vn 0.3681 -0.3877 -0.8451
vn 0.1759 -0.8149 -0.5523
vn -0.8002 -0.3885 0.4569
vn -0.8694 0.4894 0.0682
vn -0.9174 -0.0432 -0.3956
vn 0.1669 -0.8730 0.4583
vn 0.1652 -0.8787 0.4479
vn 0.1697 -0.8737 0.4559
vn 0.0436 -0.9897 0.1365
vn 0.6330 -0.7620 0.1364
vn 0.3224 -0.8434 0.4298
vn 0.2245 0.0226 -0.9742
vn 0.0925 0.5066 -0.8572
vn 0.2294 0.8635 -0.4492
vn 0.4024 0.3997 -0.8236
vn 0.0650 0.2722 -0.9600
vn 0.2444 0.7393 -0.6275
vn 0.4115 0.4270 -0.8052
vn -0.2170 -0.5105 0.8320
vn -0.0952 -0.0783 0.9924
vn -0.1112 -0.5384 0.8353
vn -0.0873 -0.5397 0.8373
vn -0.9073 -0.1152 -0.4045
vn -0.8480 -0.5001 -0.1756
vn -0.8577 0.3113 0.4092
vn 0.3629 -0.8217 0.4394
vn 0.5359 -0.8405 -0.0796
vn 0.4969 -0.4502 0.7419
vn 0.1199 0.4675 -0.8758
vn 0.1154 0.4715 -0.8743
vn 0.6108 0.5269 -0.5910
vn -0.3459 -0.5574 0.7548
vn -0.5788 -0.6832 0.4453
vn 0.0513 -0.6908 0.7213
vn -0.3517 -0.5576 0.7519
vn 0.3370 -0.4034 -0.8507
vn 0.3398 -0.3983 -0.8520
vn 0.4845 -0.7233 -0.4921
vn 0.8636 -0.5006 0.0599
vn 0.9209 0.1206 -0.3707
vn 0.9256 0.2288 0.3016
vn 0.0736 -0.0214 0.9971
vn 0.3389 0.6928 0.6365
vn -0.3911 0.4308 0.8133
vn -0.3842 0.8201 -0.4241
vn -0.3927 0.8045 -0.4457
vn -0.3927 0.8120 -0.4317
vn 0.9220 0.3840 0.0493
vn 0.8193 -0.1370 0.5568
vn 0.8839 -0.4666 0.0315
vn -0.0911 -0.5751 0.8130
vn -0.0737 -0.5894 0.8044
vn -0.0781 -0.5786 0.8119
vn -0.9129 0.3082 -0.2677
vn -0.8480 -0.4141 -0.3307
vn -0.8628 -0.1141 0.4926
vn -0.5313 -0.8322 -0.1586
vn -0.2407 -0.7917 -0.5615
vn -0.2254 -0.7913 -0.5684
vn 0.0173 -0.9887 -0.1487
vn 0.0039 -0.8472 -0.5312
vn 0.3607 -0.9118 -0.1961
vn -0.4748 -0.7857 -0.3966
vn 0.8408 -0.1098 0.5300
vn 0.8661 -0.4961 -0.0614
vn 0.9221 0.3418 -0.1814
vn -0.0827 0.9035 -0.4205
vn -0.0673 0.5480 -0.8338
vn -0.4672 0.8841 0.0018
vn -0.2447 0.9660 -0.0833
vn -0.2693 0.6210 -0.7361
vn -0.4205 0.7989 -0.4300
vn 0.1137 -0.8945 0.4324
vn 0.1212 -0.8846 0.4504
vn -0.3028 -0.8455 0.4398
vn -0.5721 -0.0151 0.8200
vn 0.0634 0.6281 0.7755
vn -0.6655 0.6198 0.4158
vn 0.1832 -0.9097 0.3728
vn 0.0414 -0.9986 -0.0329
vn 0.5775 -0.7481 0.3269
vn 0.0561 -0.0831 -0.9950
vn 0.3542 -0.3330 -0.8739
vn -0.0105 -0.6893 -0.7244
vn -0.1870 0.7460 0.6391
vn 0.7046 0.3227 0.6320
vn 0.0250 0.8877 0.4598
vn 0.3151 -0.8830 0.3480
vn 0.2947 -0.8890 0.3504
vn 0.1162 -0.9257 0.3599
vn 0.1068 -0.9237 0.3680
vn 0.1039 -0.9235 0.3693
vn 0.8481 -0.5288 0.0333
vn 0.9140 -0.1158 -0.3887
vn 0.9288 0.2497 -0.2738
vn 0.8567 0.0364 0.5145
vn -0.0983 -0.7411 0.6642
vn -0.0964 -0.7411 0.6645
vn -0.0107 -0.4761 -0.8793
vn 0.0298 0.0456 -0.9985
vn 0.2166 -0.7899 -0.5737
vn -0.6283 0.0066 0.7780
vn 0.0813 0.5900 0.8033
vn -0.6539 0.3842 0.6517
vn 0.2168 0.5830 -0.7830
vn 0.2135 0.5810 -0.7854
vn 0.2124 0.5900 -0.7789
vn 0.8575 -0.5101 0.0676
vn 0.9154 -0.1372 -0.3786
vn 0.9265 0.2370 -0.2923
vn 0.8447 -0.1208 0.5214
vn -0.4868 -0.5849 -0.6488
vn -0.0452 -0.7351 -0.6764
vn -0.0181 -0.7360 -0.6767
vn -0.1077 -0.9679 -0.2270
vn -0.3604 -0.6606 -0.6585
vn 0.1590 -0.7765 -0.6098
vn -0.7796 -0.4389 -0.4468
vn -0.8442 -0.5347 -0.0360
vn -0.8995 0.1877 0.3945
vn -0.9097 -0.0488 -0.4123
vn 0.8558 0.0130 0.5172
vn 0.9189 0.0170 -0.3942
vn 0.9211 0.3251 0.2141
vn 0.2500 -0.4483 -0.8582
vn 0.2571 -0.4441 -0.8583
vn 0.0890 -0.8204 -0.5648
vn 0.1010 0.6700 -0.7354
vn 0.0925 0.6866 -0.7211
vn 0.1147 0.6822 -0.7222
vn 0.2167 0.1921 -0.9572
vn 0.0756 0.6501 -0.7561
vn 0.2296 0.9272 -0.2960
vn -0.0380 0.6041 -0.7960
vn 0.3886 0.5558 -0.7349
vn 0.3818 0.5428 -0.7481
vn -0.5074 0.7065 0.4933
vn 0.0712 0.3129 0.9471
vn 0.2454 0.8987 0.3634
vn -0.0109 -0.0830 0.9965
vn 0.2356 0.6796 0.6947
vn -0.4466 0.4257 0.7870
vn 0.1929 0.6145 -0.7649
vn 0.6333 0.3532 -0.6886
vn -0.2632 0.3562 -0.8966
vn -0.8584 0.2693 0.4366
vn -0.8862 0.3840 -0.2590
vn -0.8925 0.1039 -0.4389
vn -0.8188 -0.3396 -0.4628
vn -0.3633 -0.6844 0.6321
vn -0.3633 -0.6771 0.6400
vn -0.3644 -0.6690 0.6478
vn -0.0313 -0.9978 -0.0580
vn 0.1078 -0.9367 0.3332
vn -0.0701 -0.7737 0.6297
vn -0.2571 0.9663 -0.0123
vn -0.1743 0.7337 -0.6567
vn -0.4223 0.8341 -0.3548
vn -0.7970 -0.6017 0.0531
vn -0.8707 0.1163 0.4779
vn -0.9363 0.0934 -0.3385
vn 0.0537 0.0003 -0.9986
vn 0.3544 -0.2546 -0.8997
vn -0.0205 -0.6141 -0.7889
vn -0.3635 -0.5463 -0.7546
vn 0.1144 -0.7559 -0.6446
vn -0.7793 -0.4354 -0.4506
vn 0.0829 -0.9696 0.2302
vn 0.0934 -0.9669 0.2375
vn -0.1725 -0.8595 0.4811
vn 0.8192 -0.5385 -0.1975
vn 0.8290 0.3133 -0.4632
vn 0.9132 0.2219 0.3419
vn 0.3493 0.7780 0.5222
vn -0.2859 0.7930 0.5379
vn -0.5073 0.5173 0.6892
vn 0.0344 0.1923 0.9807
vn 0.9544 0.0852 -0.2861
vn 0.8686 0.0432 0.4936
vn 0.8549 -0.5180 0.0281
vn 0.6143 0.6970 0.3699
vn 0.3392 0.8853 0.3180
vn -0.0637 0.4429 0.8943
vn 0.7570 0.2477 0.6046
vn 0.3981 -0.8759 0.2728
vn 0.7574 -0.6508 -0.0539
vn 0.4082 -0.6051 0.6836
vn 0.1191 -0.8764 0.4667
vn -0.1719 -0.7255 0.6664
vn -0.1923 -0.7348 0.6504
vn 0.0535 -0.3607 -0.9311
vn 0.0741 -0.3438 -0.9361
vn 0.0614 -0.7603 -0.6467
vn 0.9441 0.3183 0.0855
vn 0.8451 -0.1556 0.5115
vn 0.8838 -0.4416 -0.1546
vn 0.2752 -0.2982 -0.9140
vn 0.2969 -0.2888 -0.9102
vn -0.0130 -0.6703 -0.7420
vn -0.9062 0.0014 -0.4227
vn -0.8532 -0.4275 -0.2989
vn -0.8560 0.2073 0.4736
vn -0.2123 0.9264 -0.3111
vn -0.2216 0.9203 -0.3225
vn -0.0845 -0.7570 0.6479
vn 0.2092 -0.8755 0.4355
vn 0.1028 -0.4754 0.8737
vn 0.9240 0.1898 -0.3320
vn 0.9229 0.3827 0.0417
vn 0.8463 -0.1123 0.5207
vn 0.8469 -0.4679 0.2528
vn -0.1795 0.6794 0.7115
vn 0.7482 0.3124 0.5853
vn 0.0652 0.8511 0.5209
vn 0.8943 -0.4284 -0.1293
vn 0.9484 0.0719 -0.3089
vn 0.8943 0.3028 0.3296
vn 0.8606 -0.0143 0.5091
vn -0.8904 0.1072 0.4424
vn -0.8827 -0.1325 -0.4508
vn -0.8640 -0.4513 -0.2234
vn 0.1558 -0.2117 0.9648
vn -0.0155 0.6212 0.7835
vn -0.4839 0.2465 0.8397
vn 0.1095 0.7265 -0.6784
vn 0.0923 0.7454 -0.6602
vn 0.1349 0.7398 -0.6592
vn -0.1187 0.9925 -0.0299
vn -0.3193 0.7042 -0.6342
vn -0.4229 0.8632 -0.2758
vn -0.1438 -0.2381 0.9606
vn 0.1062 0.2876 0.9519
vn -0.7528 0.1855 0.6315
vn -0.6456 -0.6605 0.3834
vn -0.0379 -0.8894 0.4556
vn -0.2979 -0.6893 0.6604
vn 0.1108 -0.9546 0.2766
vn 0.1110 -0.9516 0.2866
vn -0.3046 -0.9052 0.2965
vn -0.0623 0.9637 -0.2595
vn -0.2503 0.6784 -0.6908
vn -0.5219 0.8491 0.0816
vn 0.0521 0.0986 -0.9938
vn 0.3531 -0.1677 -0.9204
vn -0.0271 -0.5354 -0.8442
vn 0.0823 -0.9843 0.1564
vn 0.1099 -0.9801 0.1652
vn 0.1036 -0.9794 0.1733
vn -0.0831 -0.8987 0.4307
vn 0.1575 -0.9718 -0.1756
vn 0.1774 -0.9612 0.2112
vn -0.8906 -0.3710 0.2631
vn -0.9037 0.4270 0.0320
vn -0.9280 -0.1226 -0.3519
vn -0.8587 -0.4201 -0.2936
vn 0.0808 0.4088 -0.9090
vn 0.2285 0.7926 -0.5653
vn 0.2263 0.7925 -0.5664
vn 0.6801 0.5176 -0.5191
vn -0.1689 -0.8810 0.4418
vn -0.1799 -0.8676 0.4637
vn -0.4817 -0.8669 0.1282
vn 0.1404 0.9884 -0.0571
vn 0.3013 0.3059 -0.9031
vn 0.1521 0.7904 -0.5935
vn 0.0364 -0.2664 -0.9632
vn 0.0527 -0.2512 -0.9665
vn 0.0659 -0.6928 -0.7181
vn -0.1777 0.5892 0.7882
vn 0.7508 0.2667 0.6044
vn -0.0046 0.7539 0.6569
vn -0.2620 0.9384 -0.2252
vn -0.2255 0.9475 -0.2265
vn -0.2394 0.9437 -0.2284
vn 0.3379 -0.1713 -0.9255
vn 0.3483 -0.1731 -0.9212
vn 0.4467 -0.5976 -0.6658
vn 0.8554 -0.2775 0.4375
vn 0.9271 0.0543 -0.3709
vn 0.9188 0.2392 0.3140
vn -0.8957 0.0106 0.4445
vn -0.9015 -0.0190 -0.4323
vn -0.8441 -0.4142 0.3405
vn -0.1741 -0.8468 0.5026
vn -0.1794 -0.8340 0.5217
vn -0.5576 -0.7893 0.2571
vn -0.1825 -0.5648 -0.8048
vn 0.2946 -0.6789 -0.6725
vn -0.5232 -0.7210 -0.4543
vn -0.1094 -0.8570 0.5036
vn -0.0770 -0.8757 0.4768
vn -0.0789 -0.8613 0.5018
vn -0.8477 -0.2378 -0.4743
vn -0.8650 -0.3186 0.3877
vn -0.9123 0.3924 -0.1172
vn -0.8871 0.0485 0.4591
vn -0.8845 -0.1207 -0.4506
vn -0.8511 -0.4729 -0.2281
vn 0.8823 -0.4626 -0.0872
vn 0.8908 0.4466 -0.0839
vn 0.9188 0.2629 0.2943
vn -0.1737 -0.2730 0.9462
vn 0.3135 0.4644 0.8283
vn -0.4119 0.3671 0.8340
vn -0.3549 -0.4808 -0.8018
vn -0.1446 -0.8597 -0.4899
vn -0.7789 -0.3003 -0.5506
vn -0.3545 0.9088 0.2202
vn -0.3287 0.7670 -0.5511
vn -0.4156 0.8889 -0.1928
vn -0.3449 0.9271 -0.1467
vn 0.1441 0.8849 -0.4430
vn -0.6875 0.5976 -0.4126
vn -0.1163 -0.9002 0.4196
vn 0.0850 -0.9923 0.0906
vn 0.0032 -0.7058 0.7084
vn -0.4549 -0.3645 0.8125
vn -0.0076 0.3341 0.9425
vn -0.7124 0.4726 0.5188
vn 0.1167 -0.9773 0.1766
vn 0.1132 -0.9768 0.1820
vn -0.3024 -0.9321 0.1993
vn -0.5141 -0.3077 0.8006
vn 0.0720 0.3701 0.9262
vn -0.6810 0.4239 0.5971
vn 0.8470 -0.3002 0.4387
vn 0.8652 -0.3998 -0.3025
vn 0.9214 0.3876 -0.0275
vn -0.2252 -0.3254 0.9184
vn 0.1188 0.0615 0.9910
vn -0.2736 -0.3004 0.9137
vn -0.8195 0.3146 0.4790
vn -0.9129 0.1027 -0.3951
vn -0.8304 -0.5458 0.1120
vn 0.0817 -0.8990 -0.4302
vn -0.1281 -0.6583 -0.7418
vn 0.5059 -0.6461 -0.5715
vn -0.0472 0.1125 -0.9925
vn 0.0847 -0.3232 -0.9425
vn -0.0814 -0.6251 -0.7763
vn -0.0367 0.2713 -0.9618
vn 0.0965 -0.1528 -0.9835
vn -0.0668 -0.4688 -0.8808
vn 0.4765 0.4565 -0.7514
vn 0.0843 0.5666 -0.8197
vn -0.1335 0.7730 -0.6202
vn 0.4778 0.8332 -0.2784
vn 0.0797 0.9644 -0.2522
vn -0.1496 0.9879 0.0406
vn 0.7085 -0.5673 0.4198
vn -0.0270 -0.9659 0.2574
vn -0.0907 -0.9909 -0.0996
vn 0.6758 -0.6217 -0.3961
vn 0.0936 0.5215 0.8481
vn 0.1089 0.5394 0.8350
vn -0.2962 0.5143 0.8048
vn 0.3845 0.3082 0.8702
vn 0.4828 -0.1769 0.8577
vn 0.7835 0.3496 0.5138
vn 0.3772 0.2301 0.8971
vn 0.4780 -0.2584 0.8395
vn 0.7819 0.2917 0.5509
vn 0.3739 -0.7651 0.5242
vn 0.4812 -0.8755 0.0430
vn 0.7781 -0.4150 0.4716
vn -0.3099 -0.9223 0.2309
vn 0.1899 0.0123 -0.9817
vn 0.1914 0.0096 -0.9815
vn 0.1884 0.0109 -0.9820
vn -0.2714 -0.0465 -0.9613
vn -0.2743 -0.0426 -0.9607
vn -0.2726 -0.0371 -0.9614
vn -0.0863 -0.1257 -0.9883
vn -0.0835 -0.1306 -0.9879
vn -0.0818 -0.1324 -0.9878
vn -0.0890 -0.1345 -0.9869
vn -0.2269 0.5619 0.7955
vn 0.0981 0.8648 0.4924
vn -0.2856 0.5776 0.7647
vn -0.2422 -0.2727 -0.9311
vn -0.2398 -0.2683 -0.9330
vn -0.2381 -0.2776 -0.9307
vn -0.2422 -0.2748 -0.9305
vn -0.1944 -0.1624 -0.9674
vn -0.1949 -0.1611 -0.9675
vn -0.1947 -0.1586 -0.9680
vn -0.1546 -0.1584 -0.9752
vn -0.1585 -0.1617 -0.9740
vn -0.1600 -0.1581 -0.9744
vn 0.9896 -0.1238 -0.0733
vn 0.9351 0.3498 -0.0574
vn 0.9563 0.2200 0.1926
vn 0.1122 -0.2045 -0.9724
vn 0.1190 -0.2045 -0.9716
vn 0.1133 -0.2069 -0.9718
vn -0.1162 -0.2631 -0.9577
vn -0.1150 -0.2554 -0.9600
vn -0.1109 -0.2590 -0.9595
vn -0.1109 -0.2612 -0.9589
vn -0.0850 -0.3810 -0.9207
vn -0.0828 -0.3851 -0.9192
vn -0.0813 -0.3866 -0.9186
vn -0.0867 -0.3870 -0.9180
vn -0.0872 -0.3620 -0.9281
vn -0.0915 -0.3662 -0.9260
vn -0.0924 -0.3588 -0.9288
vn 0.2035 -0.4002 -0.8935
vn 0.2045 -0.3955 -0.8954
vn 0.2066 -0.3983 -0.8937
vn -0.1648 -0.5757 -0.8009
vn -0.1622 -0.5767 -0.8007
vn -0.1635 -0.5778 -0.7996
vn -0.2146 -0.3934 -0.8940
vn -0.2146 -0.3924 -0.8944
vn -0.2132 -0.3906 -0.8955
vn 0.3501 -0.5376 -0.7671
vn 0.3503 -0.5297 -0.7724
vn 0.3505 -0.5311 -0.7714
vn 0.0694 -0.6328 -0.7712
vn 0.0739 -0.6298 -0.7732
vn 0.0750 -0.6369 -0.7673
vn -0.1484 -0.4769 -0.8663
vn -0.1502 -0.4778 -0.8656
vn -0.1528 -0.4769 -0.8656
vn 0.1361 -0.9446 0.2988
vn 0.1676 -0.5975 0.7841
vn 0.1631 -0.6108 0.7748
vn -0.0935 -0.6055 -0.7903
vn -0.0994 -0.6036 -0.7910
vn -0.0917 -0.6041 -0.7916
vn 0.0858 -0.7084 -0.7006
vn 0.0923 -0.7022 -0.7060
vn 0.0923 -0.7109 -0.6972
vn 0.1765 -0.6561 -0.7338
vn 0.1767 -0.6575 -0.7325
vn 0.1747 -0.6589 -0.7316
vn -0.1158 -0.7634 -0.6355
vn -0.1090 -0.7640 -0.6360
vn -0.1100 -0.7653 -0.6342
vn -0.1156 -0.7690 -0.6287
vn 0.1630 -0.7654 -0.6226
vn 0.1644 -0.7639 -0.6241
vn -0.2216 -0.6809 -0.6980
vn -0.2248 -0.6785 -0.6993
vn -0.2222 -0.6755 -0.7031
vn -0.2955 -0.2167 0.9304
vn 0.1078 -0.8342 -0.5408
vn 0.1134 -0.8331 -0.5414
vn 0.1098 -0.8341 -0.5406
vn 0.0850 -0.9393 -0.3324
vn 0.0897 -0.9411 -0.3259
vn 0.0849 -0.9402 -0.3298
vn -0.9186 0.1549 0.3635
vn -0.8674 -0.1137 -0.4844
vn -0.8996 -0.3649 0.2401
vn 0.2721 -0.9564 0.1065
vn 0.2734 -0.9564 0.1028
vn 0.2780 -0.9537 0.1147
vn -0.1199 -0.8726 -0.4736
vn -0.1209 -0.8688 -0.4802
vn -0.1152 -0.8711 -0.4775
vn -0.1133 -0.8717 -0.4768
vn -0.1963 -0.7938 -0.5756
vn -0.1978 -0.7928 -0.5766
vn -0.1985 -0.7911 -0.5786
vn -0.2290 -0.8032 -0.5499
vn -0.2342 -0.7978 -0.5556
vn -0.2289 -0.7951 -0.5616
vn -0.2379 -0.8626 -0.4465
vn -0.2367 -0.8610 -0.4502
vn -0.2315 -0.8651 -0.4450
vn -0.2382 -0.8634 -0.4448
vn 0.2419 -0.8587 0.4518
vn 0.2459 -0.8552 0.4562
vn 0.2454 -0.8533 0.4601
vn 0.9861 0.1544 -0.0609
vn 0.9880 0.1463 0.0500
vn 0.9935 0.0357 0.1084
vn -0.0893 -0.9022 -0.4220
vn -0.0940 -0.9044 -0.4163
vn -0.0957 -0.8995 -0.4263
vn -0.1003 -0.9136 -0.3940
vn -0.1076 -0.9121 -0.3955
vn -0.1016 -0.9129 -0.3954
vn -0.1776 -0.9180 -0.3546
vn -0.1775 -0.9173 -0.3564
vn -0.1753 -0.9173 -0.3576
vn 0.1209 -0.8779 0.4632
vn 0.1220 -0.8779 0.4630
vn -0.1761 -0.9472 -0.2680
vn -0.1736 -0.9469 -0.2707
vn -0.1714 -0.9480 -0.2682
vn -0.1740 -0.9475 -0.2682
vn -0.0066 -0.9510 -0.3090
vn -0.1548 -0.3994 -0.9036
vn -0.0015 -0.9476 -0.3193
vn -0.1493 -0.9636 0.2220
vn -0.1572 0.4474 -0.8804
vn 0.1538 -0.9879 -0.0209
vn 0.1611 -0.9869 -0.0090
vn -0.3677 -0.7988 -0.4761
vn -0.3684 -0.8005 -0.4727
vn -0.3746 -0.7927 -0.4810
vn -0.1840 -0.9377 -0.2946
vn -0.1857 -0.9379 -0.2930
vn 0.1922 -0.8395 0.5082
vn 0.1990 -0.8383 0.5076
vn 0.1992 -0.8379 0.5083
vn 0.2152 -0.7773 0.5912
vn 0.2181 -0.7815 0.5845
vn 0.2182 -0.7811 0.5851
vn 0.4081 -0.7980 -0.4434
vn 0.0508 -0.7439 -0.6663
vn 0.4153 -0.7896 -0.4516
vn 0.0670 -0.8044 0.5903
vn 0.0709 -0.8054 0.5885
vn 0.0671 -0.8041 0.5907
vn 0.1855 -0.7687 0.6121
vn 0.1871 -0.7685 0.6119
vn 0.1859 -0.7676 0.6134
vn -0.1369 -0.9891 -0.0545
vn -0.1362 -0.9886 -0.0638
vn -0.1339 -0.9891 -0.0605
vn -0.1325 -0.9894 -0.0585
vn -0.2234 -0.9702 -0.0933
vn -0.2186 -0.9707 -0.0994
vn -0.2157 -0.9723 -0.0902
vn -0.2222 -0.9707 -0.0914
vn -0.1809 -0.9792 -0.0919
vn -0.1810 -0.9790 -0.0938
vn -0.1804 -0.9789 -0.0963
vn 0.1155 -0.7242 0.6798
vn 0.1213 -0.7227 0.6804
vn 0.1156 -0.7232 0.6809
vn -0.1865 -0.9821 0.0269
vn -0.1943 -0.9805 0.0291
vn -0.1942 -0.9806 0.0273
vn -0.1139 -0.9934 0.0112
vn -0.1133 -0.9935 0.0084
vn -0.1124 -0.9936 0.0094
vn -0.1099 -0.9939 0.0094
vn 0.1692 -0.7254 0.6672
vn 0.1698 -0.7261 0.6663
vn 0.1701 -0.7253 0.6671
vn -0.1180 -0.9543 0.2744
vn -0.1160 -0.9553 0.2718
vn -0.1155 -0.9553 0.2722
vn -0.1150 -0.9552 0.2726
vn -0.0728 -0.9906 0.1154
vn -0.0737 -0.9905 0.1158
vn -0.0753 -0.9910 0.1109
vn -0.2567 -0.9603 0.1088
vn -0.2619 -0.9597 0.1019
vn -0.2594 -0.9611 0.0949
vn -0.4878 0.7604 -0.4287
vn -0.0534 0.7013 -0.7109
vn -0.4669 0.3277 -0.8213
vn 0.1098 -0.6366 0.7634
vn 0.0593 -0.4106 0.9099
vn 0.0650 -0.4126 0.9086
vn 0.0596 -0.4095 0.9104
vn -0.2057 -0.9645 0.1653
vn -0.2595 -0.9408 0.2179
vn -0.2630 -0.9410 0.2129
vn -0.2624 -0.9417 0.2106
vn -0.1800 -0.9440 0.2765
vn -0.1807 -0.9437 0.2771
vn 0.1441 -0.0208 0.9893
vn 0.1485 -0.0197 0.9887
vn 0.1441 -0.0189 0.9894
vn 0.2317 -0.2254 0.9463
vn 0.2351 -0.2203 0.9467
vn 0.2328 -0.2142 0.9487
vn -0.0673 -0.9277 0.3673
vn -0.0675 -0.9275 0.3677
vn -0.0677 -0.9279 0.3666
vn -0.2025 -0.8857 0.4177
vn -0.1750 -0.8897 0.4217
vn -0.1792 -0.8893 0.4207
vn -0.1793 -0.8896 0.4201
vn 0.1625 -0.0242 0.9864
vn 0.1634 -0.0247 0.9863
vn 0.1632 -0.0237 0.9863
vn -0.1178 -0.8569 0.5018
vn -0.1181 -0.8582 0.4995
vn -0.1164 -0.8576 0.5010
vn -0.1160 -0.8575 0.5012
vn 0.0850 0.0786 0.9933
vn 0.0855 0.0793 0.9932
vn 0.1228 0.2169 0.9684
vn 0.1233 0.2167 0.9684
vn -0.0770 -0.7975 0.5984
vn -0.0785 -0.7964 0.5997
vn -0.0792 -0.7998 0.5951
vn -0.3637 0.7870 -0.4984
vn -0.5256 0.3718 -0.7651
vn -0.4959 0.8683 -0.0123
vn 0.1155 0.2193 0.9688
vn 0.1160 0.2178 0.9691
vn 0.1170 0.2187 0.9687
vn -0.1587 -0.5917 0.7904
vn -0.1578 -0.5915 0.7907
vn -0.1582 -0.5908 0.7911
vn -0.1589 -0.5913 0.7907
vn 0.1815 0.4187 0.8898
vn 0.1898 0.4176 0.8886
vn 0.1892 0.4180 0.8885
vn -0.0951 -0.7070 0.7008
vn -0.0967 -0.7051 0.7025
vn -0.0956 -0.7075 0.7003
vn -0.1548 -0.5937 0.7897
vn -0.1557 -0.5936 0.7895
vn -0.1562 -0.5940 0.7891
vn -0.1204 -0.4825 0.8676
vn -0.1183 -0.4862 0.8658
vn -0.1157 -0.4833 0.8677
vn -0.1154 -0.4828 0.8681
vn -0.0817 -0.5331 0.8421
vn -0.0839 -0.5306 0.8434
vn -0.0849 -0.5364 0.8397
vn 0.1266 0.9873 0.0959
vn 0.0715 0.9933 -0.0905
vn 0.0737 0.9933 -0.0894
vn 0.0735 0.9930 -0.0923
vn 0.0787 0.9879 -0.1336
vn 0.0789 0.9878 -0.1344
vn 0.0788 0.9878 -0.1347
vn 0.1175 0.9321 -0.3425
vn 0.1200 0.9313 -0.3440
vn 0.1184 0.9313 -0.3445
vn 0.1606 0.8656 -0.4743
vn 0.1615 0.8644 -0.4761
vn 0.1590 0.8640 -0.4777
vn -0.2155 -0.4471 0.8682
vn -0.2164 -0.4441 0.8695
vn -0.2165 -0.4445 0.8692
vn 0.2043 0.9785 -0.0282
vn -0.2973 0.9445 -0.1399
vn 0.1985 0.9801 0.0036
vn -0.0728 -0.3964 0.9152
vn -0.0754 -0.3932 0.9163
vn -0.0760 -0.4014 0.9127
vn -0.2067 -0.3555 0.9115
vn -0.2129 -0.3554 0.9101
vn 0.2248 0.7817 -0.5817
vn 0.2283 0.7846 -0.5764
vn -0.1819 -0.2952 0.9380
vn -0.1894 -0.2930 0.9372
vn -0.1888 -0.2945 0.9368
vn 0.2411 0.8277 -0.5067
vn 0.2479 0.8251 -0.5077
vn 0.2459 0.8206 -0.5159
vn 0.1734 0.7365 -0.6539
vn 0.1736 0.7362 -0.6542
vn 0.1733 0.7363 -0.6541
vn 0.1538 -0.2065 0.9663
vn -0.0531 0.5851 0.8093
vn -0.0292 -0.8512 0.5240
vn -0.0977 -0.2666 0.9588
vn -0.1005 -0.2635 0.9594
vn -0.0988 -0.2672 0.9586
vn 0.1046 0.8044 -0.5848
vn 0.1080 0.8041 -0.5847
vn -0.1075 -0.1605 0.9812
vn -0.7887 -0.2894 0.5423
vn -0.1067 -0.1619 0.9810
vn -0.1629 -0.1531 0.9747
vn -0.1640 -0.1519 0.9747
vn -0.1654 -0.1536 0.9742
vn -0.9916 0.1065 0.0733
vn -0.9574 0.0901 -0.2744
vn -0.9907 -0.1270 0.0481
vn 0.7577 -0.6287 0.1751
vn 0.8787 -0.1032 -0.4661
vn 0.9455 0.3002 0.1259
vn 0.0588 0.7687 -0.6370
vn 0.0624 0.7731 -0.6312
vn 0.0632 0.7661 -0.6397
vn -0.1853 -0.0603 0.9808
vn -0.1856 -0.0602 0.9808
vn -0.1162 0.0289 0.9928
vn -0.1150 0.0286 0.9930
vn -0.1144 0.0297 0.9930
vn -0.1164 0.0321 0.9927
vn 0.0059 0.0463 0.9989
vn -0.2689 -0.6574 0.7039
vn 0.0067 0.0420 0.9991
vn -0.0721 0.1582 0.9848
vn -0.0727 0.1570 0.9849
vn -0.0716 0.1570 0.9850
vn -0.0715 0.1582 0.9848
vn -0.2065 0.0633 0.9764
vn -0.2117 0.0576 0.9756
vn -0.2098 0.0501 0.9765
vn 0.1614 0.6209 -0.7671
vn 0.1614 0.6214 -0.7667
vn 0.1675 0.5353 -0.8279
vn 0.1675 0.5350 -0.8281
vn -0.2205 0.2140 0.9516
vn -0.2177 0.2070 0.9538
vn -0.2134 0.2169 0.9526
vn -0.2210 0.2142 0.9515
vn -0.2116 0.3635 0.9072
vn -0.2093 0.3568 0.9104
vn -0.2044 0.3665 0.9077
vn 0.1116 0.2989 -0.9477
vn 0.1141 0.2980 -0.9477
vn 0.1135 0.2980 -0.9478
vn 0.1362 0.3042 -0.9428
vn 0.1366 0.3023 -0.9434
vn 0.1362 0.2998 -0.9442
vn -0.0808 0.3008 0.9502
vn -0.0824 0.3016 0.9499
vn -0.0823 0.2991 0.9507
vn -0.0462 0.1016 0.9938
vn -0.1226 0.1502 0.9810
vn -0.1267 0.3482 0.9288
vn -0.1282 0.3472 0.9290
vn -0.1270 0.3474 0.9291
vn -0.0924 0.4668 0.8795
vn -0.0922 0.4655 0.8802
vn -0.0908 0.4659 0.8802
vn -0.0911 0.4670 0.8796
vn -0.0962 0.3902 0.9157
vn -0.0970 0.3913 0.9151
vn -0.0967 0.3903 0.9156
vn -0.0120 0.4187 0.9080
vn -0.1283 0.4681 0.8743
vn -0.1233 0.5187 0.8460
vn -0.1227 0.5194 0.8457
vn -0.1241 0.5188 0.8459
vn -0.0353 0.5776 0.8156
vn -0.1997 0.5248 0.8275
vn -0.2075 0.5217 0.8275
vn -0.2069 0.5217 0.8277
vn -0.0573 0.5989 0.7988
vn -0.2374 0.6683 0.7050
vn -0.2355 0.6632 0.7104
vn -0.2299 0.6703 0.7055
vn -0.3194 0.6413 0.6976
vn -0.9947 -0.1029 0.0052
vn -0.0994 0.7105 0.6967
vn -0.0883 0.6096 0.7878
vn -0.1021 0.7757 0.6227
vn -0.0149 0.7372 0.6755
vn -0.1566 0.7640 0.6260
vn -0.1638 0.7647 0.6232
vn 0.6736 -0.5350 0.5099
vn 0.1588 -0.8457 0.5095
vn 0.1817 -0.8445 0.5038
vn -0.3657 0.7562 0.5426
vn -0.2385 0.8207 0.5193
vn -0.2361 0.8172 0.5258
vn -0.2331 0.8247 0.5153
vn -0.1336 0.8370 0.5306
vn -0.1256 0.9181 0.3759
vn -0.1251 0.9183 0.3755
vn -0.0737 0.8864 0.4570
vn -0.0743 0.8865 0.4568
vn -0.6501 0.6670 0.3641
vn -0.2603 0.9089 0.3257
vn -0.2604 0.9086 0.3266
vn -0.2584 0.9065 0.3338
vn -0.2568 0.9116 0.3209
vn -0.1961 0.8985 0.3928
vn -0.2035 0.8975 0.3913
vn -0.2040 0.8967 0.3929
vn -0.8005 -0.2619 0.5391
vn -0.8815 0.4197 0.2165
vn -0.9019 -0.3911 -0.1832
vn -0.1204 0.9258 0.3582
vn -0.1154 0.9628 0.2444
vn -0.1154 0.9627 0.2448
vn -0.3522 0.9136 0.2031
vn 0.0602 -0.9172 -0.3938
vn 0.3722 -0.8947 -0.2469
vn 0.3718 -0.8985 -0.2335
vn -0.1136 0.9447 -0.3077
vn -0.1755 0.9576 0.2287
vn -0.1826 0.9567 0.2264
vn -0.1834 0.9565 0.2268
vn -0.0760 0.9860 0.1482
vn -0.0763 0.9860 0.1481
vn -0.2189 0.9652 0.1430
vn -0.2245 0.9633 0.1473
vn -0.2248 0.9631 0.1480
vn -0.2082 0.9773 0.0389
vn -0.2139 0.9763 0.0339
vn -0.2145 0.9761 0.0347
vn -0.6398 0.7445 -0.1908
vn -0.1032 0.9945 -0.0161
vn -0.1005 0.9948 -0.0158
vn -0.1006 0.9948 -0.0165
vn -0.1019 0.9946 -0.0178
vn 0.0531 0.9976 -0.0441
vn 0.0359 0.6388 -0.7685
vn 0.0322 0.6973 0.7160
vn -0.2266 0.9734 -0.0323
vn -0.2244 0.9741 -0.0266
vn -0.2198 0.9749 -0.0348
vn -0.2259 0.9736 -0.0320
vn -0.0796 0.9871 -0.1387
vn -0.0785 0.9872 -0.1391
vn -0.0786 0.9871 -0.1398
vn -0.0795 0.9868 -0.1413
vn 0.0109 -0.9544 0.2983
vn 0.3051 -0.8433 0.4425
vn 0.3054 -0.8380 0.4523
vn -0.1900 0.9725 -0.1344
vn -0.1951 0.9712 -0.1365
vn -0.1952 0.9715 -0.1345
vn -0.1722 0.9183 -0.3565
vn -0.1692 0.9188 -0.3567
vn -0.1702 0.9181 -0.3579
vn -0.1058 0.9758 -0.1916
vn -0.1060 0.9759 -0.1908
vn -0.1056 0.9761 -0.1899
vn -0.1961 0.9636 -0.1819
vn -0.2024 0.9627 -0.1797
vn -0.2016 0.9629 -0.1793
vn -0.2498 0.9423 -0.2230
vn -0.2524 0.9428 -0.2179
vn -0.2507 0.9443 -0.2133
vn -0.8194 0.5587 -0.1285
vn -0.9137 -0.3331 -0.2328
vn -0.8313 -0.0953 0.5476
vn -0.1123 0.6978 -0.7074
vn -0.6227 0.5104 -0.5930
vn -0.1098 0.9757 -0.1894
vn -0.1111 0.9757 -0.1889
vn -0.1099 0.9759 -0.1887
vn -0.0806 0.9506 -0.2998
vn -0.0810 0.9503 -0.3008
vn -0.0816 0.9509 -0.2985
vn -0.2247 0.9286 -0.2954
vn -0.2288 0.9278 -0.2948
vn -0.2282 0.9279 -0.2947
vn -0.0364 0.5113 -0.8586
vn -0.3005 0.3996 -0.8660
vn -0.1090 0.6201 -0.7769
vn -0.1093 0.6222 -0.7752
vn -0.1078 0.6219 -0.7756
vn -0.1079 0.6211 -0.7763
vn -0.6273 0.2793 -0.7270
vn -0.3106 0.2639 -0.9132
vn -0.1296 0.8651 -0.4846
vn -0.1302 0.8648 -0.4849
vn -0.1290 0.8663 -0.4825
vn -0.0923 0.8454 -0.5260
vn -0.0923 0.8450 -0.5268
vn -0.0953 0.8462 -0.5244
vn 0.0860 -0.7663 0.6367
vn 0.1924 -0.9744 0.1163
vn 0.5557 -0.4917 0.6704
vn -0.1382 0.3759 -0.9163
vn -0.1859 0.7726 -0.6070
vn -0.1864 0.7725 -0.6071
vn 0.9914 0.0386 0.1251
vn 0.9918 0.0488 0.1185
vn 0.9915 0.0605 0.1153
vn -0.0558 -0.1703 -0.9838
vn -0.0850 0.6839 -0.7246
vn -0.0885 0.6814 -0.7266
vn -0.0856 0.6846 -0.7239
vn -0.6411 -0.1817 -0.7456
vn -0.3509 -0.2864 -0.8915
vn -0.1113 0.4727 -0.8742
vn -0.1114 0.4746 -0.8731
vn -0.1093 0.4749 -0.8732
vn -0.1087 0.4736 -0.8740
vn -0.1315 0.5541 -0.8220
vn -0.1354 0.5540 -0.8215
vn -0.1322 0.5542 -0.8218
vn -0.9938 -0.0818 -0.0753
vn -0.0076 -0.3391 -0.9407
vn 0.9899 0.0948 -0.1056
vn 0.9900 0.0848 -0.1124
vn 0.9893 0.0785 -0.1227
vn -0.6525 -0.3647 -0.6643
vn -0.1616 0.4757 -0.8646
vn -0.1613 0.4752 -0.8650
vn -0.1608 0.4749 -0.8652
vn -0.1619 0.4746 -0.8652
vn -0.0690 0.3580 -0.9311
vn -0.0686 0.3571 -0.9315
vn -0.0667 0.3566 -0.9319
vn -0.0693 0.3561 -0.9319
vn -0.2244 0.4441 -0.8674
vn -0.2253 0.4409 -0.8688
vn -0.2253 0.4414 -0.8685
vn -0.0075 0.4536 0.8912
vn 0.3112 0.5337 0.7863
vn 0.3106 0.5463 0.7779
vn -0.6436 -0.5255 -0.5563
vn -0.0833 0.4386 -0.8948
vn -0.0852 0.4361 -0.8958
vn -0.0860 0.4381 -0.8948
vn -0.2137 0.4209 -0.8816
vn -0.2198 0.4197 -0.8807
vn -0.2213 0.4203 -0.8800
vn -0.1136 0.1676 -0.9793
vn -0.1131 0.1721 -0.9786
vn -0.1099 0.1720 -0.9789
vn -0.1116 0.1710 -0.9789
vn -0.2384 0.3324 -0.9125
vn -0.2457 0.3334 -0.9102
vn -0.2424 0.3423 -0.9078
vn -0.3149 -0.7040 -0.6366
vn -0.9936 -0.0524 -0.1002
vn -0.0905 0.2497 -0.9641
vn -0.0940 0.2468 -0.9645
vn -0.0938 0.2526 -0.9630
vn -0.1927 0.2113 -0.9582
vn -0.2011 0.2114 -0.9565
vn -0.2000 0.2131 -0.9563
vn -0.3254 -0.8261 -0.4601
vn -0.3305 -0.9021 -0.2775
vn -0.1134 0.1118 -0.9872
vn -0.1127 0.1113 -0.9874
vn -0.1112 0.1101 -0.9877
vn -0.1144 0.1098 -0.9873
vn -0.2560 0.1371 -0.9569
vn -0.2622 0.1424 -0.9544
vn -0.2596 0.1509 -0.9539
vn -0.1747 0.0925 -0.9803
vn -0.1747 0.0943 -0.9801
vn -0.1728 0.0961 -0.9803
vn 0.9054 -0.2943 -0.3061
vn 0.8474 0.5269 -0.0647
vn 0.9252 -0.1900 0.3286
vn -0.1231 -0.9242 -0.3615
vn -0.3589 -0.0369 -0.9326
vn -0.0264 -0.0047 -0.9996
vn -0.0187 -0.1352 -0.9906
vn -0.3562 -0.0461 -0.9333
vn -0.0484 -0.2661 -0.9627
vn 0.7441 -0.4218 -0.5180
vn 0.3208 -0.8377 -0.4420
vn -0.1226 -0.9788 -0.1643
vn 0.6034 0.2273 0.7643
vn -0.6343 -0.7727 -0.0232
vn 0.5535 0.0931 0.8276
vn -0.4555 -0.4974 -0.7383
vn -0.4957 -0.1757 -0.8505
vn -0.4636 0.1700 -0.8696
vn 0.2445 0.1457 0.9586
vn -0.0637 0.2139 0.9748
vn -0.3659 -0.2690 -0.8909
vn -0.2059 0.0229 -0.9783
vn -0.1749 0.0136 -0.9845
vn -0.3608 -0.2742 -0.8915
vn 0.0893 0.2907 0.9527
vn -0.9952 0.0057 0.0977
vn -0.9940 0.0090 0.1092
vn -0.6433 -0.6178 0.4523
vn 0.2817 0.2793 0.9179
vn 0.9121 -0.3890 -0.1296
vn 0.8445 0.4907 -0.2145
vn 0.9122 0.1477 0.3821
vn 0.2750 0.4562 0.8463
vn -0.0421 0.3619 0.9313
vn -0.3250 -0.5400 0.7764
vn -0.0123 -0.1924 -0.9812
vn -0.2752 -0.3975 -0.8754
vn -0.2756 -0.3926 -0.8775
vn -0.2450 -0.7219 -0.6472
vn -0.4378 -0.4558 -0.7750
vn -0.3324 -0.1664 -0.9283
vn -0.1174 -0.5385 0.8344
vn 0.2070 -0.6107 0.7644
vn -0.2470 -0.3998 0.8827
vn 0.1902 -0.6360 0.7479
vn 0.5722 0.3903 0.7213
vn -0.4076 -0.6287 -0.6622
vn -0.3674 -0.3527 -0.8606
vn -0.3756 -0.8418 -0.3876
vn -0.4061 -0.6329 -0.6591
vn 0.9958 -0.0912 0.0086
vn -0.1207 -0.3931 0.9115
vn -0.6122 -0.5527 0.5655
vn -0.6308 -0.3167 0.7084
vn 0.2186 0.6119 0.7601
vn -0.0178 0.6845 0.7288
vn -0.9938 -0.0236 0.1088
vn -0.9950 -0.0250 0.0969
vn -0.0244 0.8125 0.5824
vn 0.5471 0.5674 0.6154
vn -0.9960 0.0707 -0.0554
vn -0.9948 0.0796 -0.0635
vn 0.9888 -0.0586 -0.1371
vn 0.9991 0.0227 -0.0367
vn 0.9842 -0.1656 -0.0626
vn 0.2380 0.7253 0.6460
vn 0.9934 -0.1058 0.0450
vn 0.9916 -0.1113 -0.0664
vn 0.9894 -0.0090 -0.1448
vn 0.9861 -0.1325 0.1005
vn 0.9888 -0.1481 -0.0182
vn 0.9959 -0.0384 -0.0821
vn 0.5925 0.6532 0.4714
vn 0.0347 0.8110 0.5840
vn -0.4305 -0.7397 -0.5172
vn -0.4341 -0.7354 -0.5203
vn -0.2954 -0.5485 -0.7822
vn -0.2043 -0.9201 -0.3340
vn 0.2813 0.8956 0.3446
vn 0.9908 -0.0788 0.1097
vn 0.9889 -0.1487 0.0023
vn 0.9929 0.0367 0.1133
vn -0.0449 -0.7335 -0.6782
vn -0.2633 -0.8634 -0.4304
vn -0.2633 -0.8584 -0.4402
vn -0.0761 0.8877 0.4541
vn 0.1519 0.8619 0.4838
vn 0.9916 0.1256 -0.0323
vn 0.9894 0.1213 0.0798
vn 0.9883 0.0147 0.1520
vn 0.0818 0.9076 0.4118
vn -0.3514 -0.9362 0.0031
vn -0.5160 -0.8092 -0.2809
vn -0.4201 -0.6901 -0.5892
vn 0.9878 0.1535 -0.0248
vn 0.9900 0.1052 0.0941
vn 0.9863 0.1041 -0.1281
vn 0.5346 0.7896 0.3012
vn 0.6001 0.7795 0.1795
vn 0.9848 0.0736 -0.1573
vn 0.9883 0.1431 -0.0527
vn 0.9986 0.0441 0.0297
vn 0.0472 0.9547 0.2937
vn -0.2943 -0.3662 -0.8828
vn 0.4002 -0.7685 -0.4993
vn -0.3258 -0.8872 -0.3267
vn 0.9875 -0.0385 -0.1529
vn 0.9881 0.0745 -0.1346
vn 0.9889 0.1469 -0.0238
vn 0.9858 -0.0729 -0.1513
vn 0.9881 0.0521 -0.1445
vn 0.9938 0.1051 -0.0370
vn 0.0787 0.9848 0.1549
vn 0.2072 0.9671 0.1475
vn -0.4324 -0.8975 -0.0864
vn -0.3020 -0.8636 -0.4038
vn -0.0974 -0.9952 -0.0109
vn -0.4288 -0.8996 -0.0832
vn 0.2607 0.9653 -0.0178
vn -0.8628 -0.4984 -0.0848
vn -0.8519 0.0222 -0.5232
vn 0.5744 0.8183 -0.0199
vn 0.2780 0.9463 -0.1653
vn -0.8433 0.1321 -0.5210
vn -0.8483 -0.5010 0.1712
vn -0.8500 -0.2222 -0.4776
vn -0.4102 -0.8895 0.2013
vn -0.4072 -0.8923 0.1950
vn -0.1873 -0.8608 0.4732
vn -0.2997 -0.8077 0.5077
vn 0.5739 0.8072 -0.1381
vn 0.3074 0.8718 -0.3814
vn -0.8808 0.4443 0.1638
vn -0.8484 -0.4632 -0.2565
vn 0.1822 0.9348 -0.3049
vn -0.0196 0.2825 0.9591
vn 0.0203 0.7878 0.6155
vn -0.3946 0.4408 0.8062
vn -0.8674 0.0788 0.4913
vn -0.8610 0.4898 0.1368
vn -0.9223 -0.3142 -0.2250
vn -0.9163 -0.1843 0.3556
vn -0.3357 -0.7474 0.5734
vn -0.5489 -0.7788 0.3036
vn -0.5122 -0.8584 -0.0305
vn 0.9928 0.0978 0.0696
vn 0.9917 0.1095 0.0670
vn 0.9924 0.0929 0.0807
vn 0.0339 0.9078 -0.4180
vn 0.5938 0.7356 -0.3260
vn 0.5961 0.6513 -0.4695
vn 0.9097 -0.3746 0.1793
vn 0.7831 -0.5951 0.1804
vn -0.9185 -0.0786 0.3875
vn -0.9149 -0.0870 0.3942
vn -0.8656 0.3036 -0.3982
vn -0.9056 -0.4242 -0.0014
vn -0.9287 0.1327 0.3462
vn 0.9226 0.1577 -0.3521
vn 0.8017 0.3829 -0.4590
vn 0.8020 0.3836 -0.4579
vn 0.2519 0.8078 -0.5329
vn 0.7879 0.5002 -0.3592
vn 0.9253 0.2867 -0.2482
vn 0.7877 0.4996 -0.3606
vn -0.9210 -0.0177 -0.3893
vn -0.9195 -0.0154 -0.3928
vn -0.2767 -0.9168 0.2880
vn -0.3968 -0.7232 0.5653
vn -0.4002 -0.7258 0.5596
vn 0.2558 0.6713 -0.6957
vn 0.0461 0.7715 -0.6346
vn 0.6437 -0.1967 -0.7396
vn 0.7150 -0.6822 -0.1529
vn -0.0339 -0.7526 -0.6576
vn -0.9940 -0.1010 0.0419
vn 0.2503 0.5523 -0.7952
vn 0.5708 0.5692 -0.5918
vn 0.3353 -0.8628 0.3783
vn 0.4254 -0.6097 0.6688
vn 0.3155 -0.2935 0.9024
vn -0.0173 -0.8090 0.5876
vn -0.3095 -0.6462 0.6976
vn -0.3101 -0.6536 0.6904
vn -0.2972 -0.3220 0.8989
vn -0.4591 -0.5528 0.6954
vn -0.3650 -0.8022 0.4725
vn 0.9961 -0.0799 -0.0375
vn 0.0237 0.6445 -0.7642
vn -0.1158 -0.7484 0.6531
vn -0.3809 -0.5406 0.7501
vn -0.3858 -0.5463 0.7435
vn -0.9948 -0.0251 0.0989
vn -0.0426 0.4246 -0.9044
vn 0.5837 0.4603 -0.6689
vn 0.0473 0.5117 -0.8579
vn -0.9936 0.0737 0.0856
vn -0.2975 -0.0831 0.9511
vn -0.4662 -0.3557 0.8100
vn -0.3650 -0.6508 0.6658
vn -0.9946 0.1034 -0.0105
vn 0.0618 0.4262 -0.9025
vn 0.5794 0.3426 -0.7396
vn 0.1311 0.3805 0.9154
vn -0.2538 0.8795 0.4026
vn -0.2575 0.7344 0.6280
vn 0.2159 0.3709 -0.9032
vn 0.0703 0.2741 -0.9591
vn 0.5748 0.2296 -0.7854
vn -0.2643 0.0648 0.9623
vn -0.4358 -0.2199 0.8728
vn -0.3448 -0.5423 0.7662
vn 0.5695 -0.4608 0.6807
vn -0.1341 -0.5203 0.8434
vn -0.1732 -0.8378 0.5177
vn -0.1855 0.8364 -0.5157
vn -0.7729 0.5110 -0.3763
vn -0.7736 0.5204 -0.3616
vn 0.2192 0.2087 -0.9531
vn -0.2310 -0.5166 0.8244
vn -0.3629 -0.1982 0.9105
vn -0.3666 -0.2084 0.9067
vn 0.0963 0.2047 -0.9741
vn -0.3595 -0.1459 -0.9217
vn -0.8088 0.2487 -0.5330
vn -0.8089 0.2622 -0.5263
vn 0.5536 0.0736 -0.8296
vn -0.4392 -0.0335 0.8978
vn -0.3188 -0.3619 0.8760
vn -0.2356 0.2454 0.9404
vn -0.4356 -0.0293 0.8997
vn 0.2277 0.0450 -0.9727
vn -0.8167 0.3775 -0.4364
vn -0.2547 0.6749 -0.6926
vn -0.8161 0.3636 -0.4491
vn -0.2452 0.3251 -0.9133
vn 0.4964 0.1176 -0.8601
vn -0.2249 -0.1251 -0.9663
vn -0.7516 0.6225 0.2180
vn -0.2949 0.6176 0.7291
vn -0.7512 0.6310 0.1938
vn -0.4154 0.2544 -0.8733
vn 0.3282 -0.1479 -0.9329
vn -0.3677 -0.4170 -0.8312
vn 0.5999 -0.0702 -0.7970
vn 0.0312 0.0093 0.9995
vn -0.3104 0.0550 0.9490
vn -0.3128 0.0407 0.9489
vn -0.9286 0.0463 0.3683
vn -0.9304 0.0575 0.3621
vn 0.1033 -0.1644 -0.9810
vn 0.7737 0.4949 0.3956
vn 0.8955 0.4141 0.1629
vn -0.4361 0.1982 0.8778
vn -0.4391 0.1909 0.8779
vn -0.2392 -0.0835 0.9674
vn -0.2810 0.4958 0.8217
vn 0.1879 -0.1606 -0.9690
vn -0.1860 0.4125 0.8917
vn 0.5480 0.4902 0.6777
vn -0.1642 0.6278 0.7609
vn 0.9061 0.4197 0.0531
vn 0.7889 0.5565 0.2607
vn -0.9196 0.3009 0.2527
vn -0.9242 0.2955 0.2419
vn 0.5601 -0.2552 -0.7881
vn -0.1963 -0.2155 -0.9566
vn 0.5472 -0.5807 -0.6029
vn -0.2007 -0.7674 -0.6089
vn 0.2407 -0.3925 -0.8877
vn 0.8012 -0.1717 0.5732
vn 0.8952 0.0540 0.4423
vn 0.8010 -0.1696 0.5741
vn -0.3699 0.6566 0.6573
vn -0.4506 0.3592 0.8173
vn -0.1981 0.1675 0.9658
vn 0.8036 -0.2845 -0.5228
vn 0.9557 -0.1099 -0.2730
vn 0.8033 -0.2873 -0.5217
vn 0.4740 -0.5989 -0.6454
vn -0.1832 -0.9420 -0.2811
vn -0.2115 -0.5327 -0.8195
vn 0.5596 -0.3342 -0.7584
vn 0.1943 -0.9748 0.1093
vn 0.4272 -0.7619 0.4869
vn 0.2822 -0.5332 0.7976
vn 0.0598 -0.4767 -0.8770
vn 0.1890 -0.5259 -0.8293
vn -0.8840 -0.4055 0.2327
vn -0.8508 0.3911 0.3508
vn -0.9204 -0.3380 -0.1964
vn -0.1568 0.6981 0.6986
vn -0.4255 0.4909 0.7602
vn -0.3513 0.1842 0.9180
vn 0.8959 -0.0754 -0.4377
vn -0.3857 0.6436 0.6611
vn -0.3866 0.6340 0.6698
vn -0.0775 0.5759 0.8138
vn -0.1712 0.8528 0.4935
vn 0.0721 -0.5780 -0.8128
vn 0.5663 -0.4891 -0.6634
vn 0.9961 -0.0570 -0.0672
vn -0.2619 -0.8136 -0.5191
vn 0.2105 -0.3917 -0.8957
vn -0.0400 -0.9876 -0.1517
vn -0.1194 0.8469 -0.5182
vn 0.3012 0.7794 -0.5494
vn -0.1368 0.8226 -0.5519
vn -0.3900 0.8645 0.3170
vn -0.3916 0.8597 0.3280
vn -0.0701 0.8801 0.4696
vn -0.2023 0.9775 0.0602
vn 0.0896 -0.6686 -0.7382
vn 0.2166 -0.6638 -0.7159
vn 0.9180 -0.0973 0.3845
vn 0.5605 -0.6129 -0.5570
vn -0.9944 -0.0584 0.0882
vn -0.9955 -0.0555 0.0765
vn 0.9184 0.0202 0.3952
vn 0.2367 -0.7541 -0.6127
vn -0.3282 0.9039 0.2743
vn -0.5007 0.7082 0.4977
vn -0.4252 0.4883 0.7621
vn 0.9049 0.1203 -0.4082
vn -0.3354 0.8916 -0.3043
vn -0.2141 0.7036 -0.6776
vn 0.0069 0.7726 0.6349
vn -0.3122 0.8091 0.4979
vn -0.3169 0.8007 0.5084
vn -0.7962 -0.5961 -0.1032
vn -0.3622 -0.6851 -0.6321
vn -0.7957 -0.5991 -0.0891
vn 0.0892 -0.8556 -0.5099
vn 0.2368 -0.8274 -0.5092
vn 0.5950 -0.7028 -0.3898
vn -0.5526 0.8276 -0.0988
vn -0.2923 0.8650 -0.4077
vn -0.2936 0.8601 -0.4170
vn -0.0350 -0.8892 -0.4563
vn -0.1156 0.2838 0.9519
vn -0.7155 0.0547 0.6964
vn -0.7170 0.0291 0.6965
vn 0.0673 -0.9139 -0.4003
vn 0.8977 0.1932 0.3959
vn 0.6205 -0.7501 -0.2287
vn 0.9119 -0.4027 0.0789
vn 0.1971 -0.9130 -0.3572
vn 0.8506 0.5081 0.1354
vn 0.9145 -0.0348 0.4032
vn 0.9074 -0.3075 -0.2864
vn -0.1452 -0.9314 0.3338
vn -0.0970 -0.8745 -0.4752
vn -0.0940 -0.3659 0.9259
vn 0.0443 -0.9713 -0.2337
vn -0.2677 0.9519 -0.1491
vn -0.4600 0.8789 0.1264
vn -0.3883 0.7978 0.4612
vn 0.2684 -0.9507 -0.1552
vn -0.1456 -0.9865 0.0749
vn 0.1348 -0.6419 0.7548
vn -0.1471 -0.9859 0.0794
vn -0.0512 0.6456 -0.7620
vn 0.1772 -0.1034 -0.9787
vn -0.0524 0.6439 -0.7633
vn 0.5513 -0.8236 -0.1332
vn -0.1467 0.8940 0.4233
vn -0.0531 0.2863 0.9567
vn -0.0144 0.9252 -0.3793
vn 0.2600 -0.9652 0.0289
vn 0.8697 0.0698 0.4886
vn 0.6612 -0.6285 -0.4097
vn 0.6708 0.7389 0.0633
vn 0.8705 -0.0367 0.4909
vn 0.6668 -0.5184 -0.5354
vn 0.6675 0.6959 0.2647
vn 0.5760 -0.8169 0.0304
vn -0.0026 0.9983 0.0584
vn -0.3351 0.9411 -0.0451
vn -0.3342 0.9419 -0.0332
vn 0.6653 -0.0400 0.7455
vn 0.8733 -0.4634 0.1506
vn 0.6683 0.3638 -0.6489
vn -0.3556 0.8370 -0.4159
vn -0.4958 0.8628 -0.0983
vn -0.3895 0.8918 0.2301
vn 0.8711 0.2001 0.4484
vn 0.6707 -0.6576 -0.3432
vn 0.6624 0.6788 -0.3170
vn 0.6664 -0.5455 0.5082
vn 0.8747 -0.3790 -0.3021
vn 0.6681 0.7082 -0.2282
vn 0.2165 -0.9634 0.1583
vn 0.5623 -0.8026 0.1990
vn -0.9930 0.0312 -0.1138
vn -0.9942 0.0293 -0.1031
vn 0.0255 -0.9795 0.1996
vn 0.2346 -0.9294 0.2849
vn 0.2108 -0.1421 -0.9671
vn 0.4514 -0.7999 -0.3955
vn -0.1448 -0.7206 -0.6781
vn 0.9957 -0.0282 -0.0880
vn -0.4365 0.8407 -0.3204
vn -0.3963 0.9181 0.0103
vn -0.4034 0.6696 -0.6236
vn -0.4343 0.8406 -0.3237
vn 0.6618 0.0625 0.7470
vn 0.8725 -0.4738 -0.1195
vn 0.6687 0.6612 -0.3402
vn 0.8520 0.5235 -0.0027
vn 0.9134 0.0725 0.4006
vn 0.9071 -0.3749 -0.1914
vn -0.3963 0.7819 -0.4811
vn -0.2225 0.9478 -0.2283
vn -0.1047 0.7325 -0.6726
vn -0.3922 0.7799 -0.4878
vn 0.2444 -0.8816 0.4037
vn 0.0291 -0.8850 0.4647
vn 0.5425 -0.7425 0.3929
vn 0.1909 -0.8186 0.5418
vn -0.1637 -0.2449 -0.9556
vn 0.3431 -0.8052 -0.4838
vn -0.3639 -0.8298 -0.4231
vn 0.6727 -0.6613 -0.3320
vn 0.8748 0.1832 -0.4484
vn 0.6586 0.5251 0.5391
vn -0.0195 -0.7287 0.6846
vn 0.6720 -0.7179 -0.1817
vn 0.8721 -0.1411 -0.4685
vn 0.6605 0.6601 0.3577
vn 0.0570 -0.8028 0.5935
vn -0.3169 0.6049 0.7305
vn -0.6044 0.7761 0.1800
vn -0.4950 0.1118 0.8616
vn -0.0469 0.9053 -0.4222
vn -0.3280 0.7539 -0.5693
vn -0.3295 0.7577 -0.5633
vn 0.8711 0.4114 0.2681
vn 0.6656 -0.7416 0.0839
vn 0.6615 0.3786 -0.6473
vn 0.0047 0.5964 0.8026
vn -0.1104 0.9094 0.4010
vn -0.0540 0.6050 0.7944
vn -0.1385 0.5356 -0.8330
vn -0.4161 0.6417 -0.6442
vn -0.3352 0.8577 -0.3900
vn 0.9186 0.1822 0.3507
vn 0.8139 -0.5467 0.1967
vn 0.8848 -0.0924 -0.4566
vn 0.0599 -0.7284 0.6826
vn 0.5660 -0.6037 0.5614
vn 0.2150 -0.6795 0.7015
vn -0.0244 0.7727 -0.6342
vn -0.3456 0.6417 -0.6846
vn -0.3507 0.6458 -0.6782
vn 0.5863 -0.4630 0.6648
vn -0.0709 -0.6244 0.7779
vn 0.0642 -0.5800 0.8121
vn -0.0276 -0.4725 0.8809
vn -0.3704 -0.9180 0.1414
vn -0.3450 -0.9267 0.1491
vn -0.3743 -0.9160 0.1442
vn 0.2462 -0.5262 0.8140
vn -0.3289 -0.0866 -0.9404
vn -0.5896 -0.5262 -0.6127
vn -0.5047 0.4126 -0.7583
vn -0.0516 -0.3593 0.9318
vn 0.4814 0.3162 0.8175
vn -0.2383 0.3328 0.9124
vn 0.2635 0.9563 -0.1269
vn 0.2644 0.9588 -0.1037
vn 0.9957 -0.0040 -0.0924
vn 0.6568 0.7048 -0.2683
vn 0.1541 0.9793 -0.1313
vn 0.1645 0.9785 -0.1243
vn 0.2400 -0.3812 0.8928
vn 0.0384 -0.3378 0.9404
vn 0.5833 -0.3046 0.7529
vn -0.0805 0.1402 -0.9869
vn -0.3557 0.3163 -0.8795
vn -0.3553 0.3291 -0.8749
vn -0.3654 0.1361 -0.9208
vn -0.1238 0.3863 -0.9140
vn -0.0341 0.0374 -0.9987
vn -0.3595 0.1263 -0.9246
vn 0.5376 -0.3881 0.7486
vn 0.6897 0.3631 0.6265
vn -0.0729 0.1858 0.9799
vn -0.5530 -0.7963 -0.2452
vn -0.2993 -0.9541 0.0101
vn -0.2979 -0.9543 0.0257
vn -0.4269 -0.0805 -0.9007
vn -0.5107 0.2448 -0.8242
vn -0.3726 0.5568 -0.7424
vn 0.5805 -0.1833 0.7933
vn -0.0298 0.2313 -0.9724
vn -0.2022 -0.5077 -0.8374
vn -0.3549 -0.0087 -0.9349
vn -0.4773 -0.7075 0.5211
vn 0.4000 -0.5227 0.7529
vn -0.2198 -0.1953 0.9558
vn -0.0292 -0.1728 0.9845
vn -0.9180 0.0360 -0.3950
vn -0.8539 -0.2121 0.4753
vn -0.9213 0.3271 0.2102
vn -0.0293 -0.0292 0.9991
vn 0.1987 -0.1779 0.9638
vn -0.2171 -0.9749 0.0488
vn -0.2189 -0.9741 0.0564
vn 0.1240 0.9268 0.3545
vn 0.3748 0.9193 0.1200
vn 0.3730 0.9218 0.1061
vn 0.2746 -0.0300 0.9611
vn 0.3524 -0.5877 0.7283
vn 0.7836 -0.3091 0.5389
vn 0.0645 -0.1707 0.9832
vn 0.5800 -0.0283 0.8141
vn -0.9942 0.0710 -0.0805
vn -0.9934 0.0829 -0.0791
vn -0.8541 0.4271 0.2969
vn -0.9150 -0.3865 -0.1155
vn -0.8921 -0.1745 0.4167
vn -0.9997 0.0209 -0.0132
vn -0.9923 -0.0354 -0.1183
vn -0.9923 -0.0576 -0.1099
vn 0.3758 -0.1917 -0.9067
vn 0.6772 -0.6914 -0.2519
vn -0.1144 -0.7696 -0.6282
vn -0.2081 0.7982 0.5652
vn -0.0342 0.9927 0.1153
vn -0.2917 0.7853 0.5461
vn -0.9956 0.0151 -0.0929
vn -0.9913 -0.1027 -0.0824
vn -0.9920 -0.1092 -0.0631
vn -0.9117 0.1528 -0.3813
vn -0.9096 0.1553 -0.3853
vn -0.0755 0.7169 -0.6931
vn 0.0161 0.4392 -0.8982
vn -0.0912 0.7119 -0.6964
vn -0.9915 -0.1290 -0.0148
vn -0.9990 -0.0051 -0.0437
vn -0.9917 -0.1235 -0.0353
vn -0.0597 -0.2987 0.9525
vn 0.2592 -0.6762 0.6896
vn 0.6328 -0.3107 0.7092
vn -0.9983 -0.0302 -0.0503
vn -0.9921 -0.1221 0.0280
vn -0.9918 -0.1174 0.0501
vn -0.0068 0.6231 -0.7821
vn -0.1812 0.8400 -0.5115
vn -0.1587 0.9679 -0.1949
vn 0.0131 0.5191 0.8546
vn -0.0716 0.8732 0.4821
vn -0.0443 0.5295 0.8471
vn -0.9885 -0.0340 0.1472
vn -0.9884 -0.0146 0.1510
vn -0.9995 0.0131 0.0302
vn -0.9855 -0.1338 0.1042
vn -0.9959 -0.0874 -0.0215
vn -0.9917 -0.0882 0.0932
vn -0.9923 -0.0675 0.1037
vn -0.1121 -0.9934 0.0256
vn 0.3007 -0.9504 0.0793
vn -0.1145 -0.9929 0.0323
vn 0.7765 0.0279 -0.6296
vn 0.9070 -0.0920 -0.4109
vn 0.7763 0.0216 -0.6300
vn -0.0160 0.3342 -0.9423
vn -0.1973 -0.4339 -0.8791
vn -0.3667 0.0920 -0.9258
vn -0.9917 0.0146 0.1280
vn -0.9914 0.0360 0.1260
vn -1.0000 0.0077 0.0055
vn -0.9911 -0.0895 0.0986
vn 0.0863 -0.8671 0.4907
vn 0.1927 -0.9795 -0.0585
vn 0.5536 -0.6000 0.5775
vn -0.2247 0.4829 0.8463
vn 0.1163 0.8057 0.5808
vn -0.2798 0.5031 0.8177
vn 0.8623 -0.1502 -0.4836
vn 0.8458 0.5326 0.0327
vn 0.9490 -0.1302 0.2872
vn -0.9995 -0.0230 0.0214
vn -0.9926 0.0531 0.1090
vn -0.9922 0.0745 0.0999
vn -0.9918 0.0561 0.1147
vn -0.9907 0.1329 0.0286
vn -0.9908 0.1347 0.0129
vn -1.0000 0.0098 -0.0006
vn -0.9969 -0.0176 0.0765
vn -0.9926 0.0949 0.0757
vn -0.9925 0.1085 0.0570
vn -0.0781 0.7741 -0.6282
vn 0.0237 0.5053 -0.8626
vn -0.0864 0.7706 -0.6314
vn -0.1088 -0.9921 -0.0619
vn -0.1046 -0.9927 -0.0594
vn -0.3951 0.6655 -0.6333
vn -0.4796 0.1962 -0.8553
vn -0.4601 0.8709 -0.1726
vn 0.0779 0.8180 -0.5699
vn -0.3354 0.7054 -0.6244
vn -0.6604 0.6795 -0.3196
vn -0.9990 0.0212 0.0404
vn -0.9925 0.1203 -0.0213
vn -0.9920 0.1186 -0.0439
vn 0.8435 -0.0932 0.5290
vn -0.9989 0.0336 0.0324
vn -0.9931 0.0969 -0.0659
vn -0.9928 0.0849 -0.0848
vn -0.2204 0.6227 0.7507
vn 0.1156 0.8958 0.4292
vn -0.2699 0.6402 0.7192
vn -0.2492 -0.0356 -0.9678
vn -0.4402 -0.4615 -0.7702
vn -0.2514 -0.0349 -0.9672
vn -0.9918 0.0456 -0.1197
vn -0.9980 0.0622 0.0081
vn -0.9921 0.0647 -0.1072
vn -0.3224 -0.2431 -0.9149
vn 0.3902 -0.6869 -0.6131
vn -0.3207 -0.8197 -0.4747
vn -1.0000 0.0044 -0.0088
vn -0.9920 0.0225 -0.1246
vn -0.9908 0.0034 -0.1353
vn 0.8453 -0.4310 0.3158
vn 0.7797 -0.2546 0.5720
vn 0.8280 -0.3198 0.4607
vn 0.7829 -0.4347 0.4451
vn 0.8228 -0.1302 -0.5532
vn 0.7975 -0.5549 0.2368
vn 0.7997 -0.5913 0.1039
vn 0.7965 -0.6044 -0.0178
vn 0.7748 -0.6044 -0.1856
vn 0.8150 -0.4969 -0.2982
vn 0.8083 -0.4038 -0.4285
vn 0.7984 -0.2901 -0.5276
vn 0.8399 0.4959 -0.2206
vn 0.7835 -0.0584 -0.6187
vn 0.8034 0.0976 -0.5874
vn 0.7954 0.2167 -0.5660
vn 0.8266 0.2954 -0.4791
vn 0.7877 0.4005 -0.4681
vn 0.8092 0.4753 -0.3454
vn 0.8650 0.1289 0.4850
vn 0.8401 -0.5320 0.1060
vn 0.8913 -0.0029 -0.4535
vn 0.7772 0.6093 -0.1572
vn 0.8292 0.5568 -0.0485
vn 0.7799 0.6222 0.0687
vn 0.7870 0.6015 0.1374
vn 0.7822 0.5459 0.3002
vn 0.7840 0.5051 0.3608
vn 0.7884 0.3883 0.4772
vn 0.8166 0.2475 0.5215
vn 0.7886 0.1764 0.5890
vn 0.7899 0.0163 0.6130
vn 0.8914 -0.0442 0.4510
vn 0.8221 -0.5656 0.0653
vn 0.8799 0.0332 -0.4740
vn 0.0723 -0.9628 -0.2603
vn -0.3370 -0.9286 -0.1556
vn -0.6464 -0.6933 -0.3185
vn -0.3503 0.2093 -0.9130
vn -0.6448 -0.1671 -0.7459
vn -0.3517 0.2090 -0.9125
vn 0.5473 -0.5474 0.6331
vn 0.6870 0.1997 0.6987
vn -0.1079 -0.0712 0.9916
vn -0.1388 0.9889 -0.0521
vn 0.3159 0.9256 0.2087
vn 0.7598 0.6416 0.1051
vn -0.8839 -0.3545 0.3049
vn -0.8975 0.3417 0.2790
vn -0.9134 0.1879 -0.3611
vn -0.1602 0.8356 0.5254
vn 0.1380 0.9789 0.1510
vn 0.1122 0.9861 0.1222
vn -0.1110 -0.9641 -0.2412
vn -0.1088 -0.9673 -0.2292
vn 0.3742 0.9065 0.1958
vn 0.3993 0.8960 0.1943
vn 0.3902 0.9047 0.1710
vn -0.2162 -0.9615 -0.1699
vn 0.0681 -0.9055 -0.4189
vn -0.3356 -0.8920 -0.3028
vn -0.6563 -0.6195 -0.4307
vn -0.2506 0.1268 -0.9598
vn -0.4661 -0.3093 -0.8289
vn -0.2558 0.1266 -0.9584
vn -0.1116 0.9896 -0.0904
vn 0.3124 0.9117 0.2669
vn 0.6770 0.7340 -0.0529
vn -0.3370 0.2430 -0.9096
vn -0.6090 -0.2643 -0.7479
vn -0.5024 0.6547 -0.5648
vn -0.1028 -0.9437 -0.3146
vn -0.0987 -0.9447 -0.3128
vn -0.1049 -0.9474 -0.3023
vn -0.3067 -0.7302 -0.6105
vn -0.2138 -0.9408 -0.2631
vn -0.2489 0.2109 -0.9453
vn -0.4319 -0.2518 -0.8661
vn -0.2560 0.2111 -0.9433
vn 0.9194 0.0144 0.3932
vn 0.8168 -0.5737 -0.0604
vn 0.8814 0.1170 -0.4577
vn -0.3527 0.3064 -0.8842
vn -0.7216 -0.0206 -0.6920
vn -0.3684 0.3084 -0.8770
vn -0.8777 -0.4356 0.1998
vn -0.9188 0.2455 0.3092
vn -0.9092 0.2196 -0.3537
vn 0.4329 -0.7298 0.5291
vn 0.7216 0.1340 0.6793
vn -0.0525 -0.2836 0.9575
vn 0.2411 0.9274 0.2859
vn 0.2137 0.9463 -0.2428
vn 0.2361 0.9293 0.2841
vn 0.0505 0.9331 0.3561
vn 0.4989 0.6741 0.5447
vn 0.4458 0.8920 -0.0755
vn 0.0271 -0.8660 -0.4993
vn -0.3483 -0.8577 -0.3782
vn -0.6639 -0.5754 -0.4776
vn -0.0192 -0.9944 -0.1039
vn -0.1936 -0.9018 -0.3864
vn -0.1198 -0.6981 -0.7060
vn -0.1041 -0.9085 -0.4047
vn -0.1000 -0.9102 -0.4019
vn -0.1034 -0.9134 -0.3936
vn -0.3836 -0.8545 -0.3502
vn -0.7417 -0.6672 -0.0691
vn -0.3972 -0.5080 -0.7643
vn 0.2074 -0.8542 0.4767
vn 0.7303 -0.2639 0.6301
vn 0.0483 -0.2599 0.9644
vn 0.8934 -0.1723 0.4148
vn 0.8182 -0.5646 -0.1081
vn 0.8787 0.1567 -0.4509
vn 0.9300 0.3387 0.1425
vn 0.8437 -0.5361 0.0277
vn 0.8980 0.1987 -0.3926
vn 0.6501 -0.4297 0.6267
vn 0.7142 0.3075 0.6288
vn -0.0292 -0.0246 0.9993
vn -0.1967 -0.8351 -0.5137
vn -0.2392 -0.9652 -0.1058
vn -0.0349 0.3967 -0.9173
vn -0.3752 0.0461 -0.9258
vn -0.0553 0.4064 -0.9120
vn 0.8878 -0.2088 0.4101
vn 0.8196 -0.5532 -0.1494
vn 0.8827 0.1953 -0.4274
vn -0.4776 -0.5899 0.6511
vn 0.3947 -0.3828 0.8353
vn -0.2197 -0.0274 0.9752
vn -0.9090 0.2551 -0.3296
vn -0.8509 -0.4330 -0.2976
vn -0.9314 0.1710 0.3212
vn -0.9164 0.2538 -0.3094
vn -0.8570 -0.4478 -0.2550
vn -0.9188 0.1547 0.3632
vn 0.3221 -0.8393 0.4380
vn 0.6776 -0.0792 0.7312
vn -0.1132 -0.4042 0.9076
vn 0.0660 0.8523 0.5189
vn 0.0830 0.4410 0.8937
vn 0.4677 0.8774 0.1073
vn 0.0639 -0.7621 -0.6443
vn -0.3340 -0.7762 -0.5348
vn -0.6380 -0.5039 -0.5823
vn -0.0832 -0.8142 -0.5746
vn -0.0819 -0.8163 -0.5718
vn -0.0921 -0.8110 -0.5777
vn -0.3449 -0.7595 0.5515
vn 0.3787 -0.3451 0.8588
vn -0.3064 -0.1693 0.9367
vn -0.0311 0.4796 -0.8769
vn -0.3797 0.1389 -0.9146
vn -0.0520 0.4909 -0.8697
vn 0.0926 -0.7007 -0.7074
vn -0.3263 -0.7337 -0.5960
vn -0.6518 -0.4312 -0.6239
vn -0.2515 0.4403 -0.8619
vn -0.4674 -0.0174 -0.8839
vn 0.0541 0.8046 0.5914
vn 0.0765 0.3644 0.9281
vn 0.4541 0.8726 0.1798
vn -0.1814 -0.7686 -0.6135
vn -0.1833 -0.7663 -0.6158
vn -0.1763 -0.7659 -0.6183
vn 0.8417 -0.5134 -0.1673
vn 0.8993 0.2917 -0.3258
vn 0.9257 0.3018 0.2280
vn -0.0001 0.5544 -0.8322
vn -0.4095 0.2372 -0.8809
vn -0.4174 0.7244 -0.5487
vn 0.9953 0.0923 -0.0295
vn -0.2379 0.5778 -0.7808
vn -0.1022 0.1345 -0.9856
vn -0.2401 0.5779 -0.7799
vn -0.3197 -0.3250 0.8900
vn 0.4590 0.0322 0.8879
vn -0.3126 0.2288 0.9219
vn -0.9941 0.1081 -0.0067
vn -0.9951 0.0982 -0.0134
vn 0.4444 -0.8637 0.2377
vn 0.7113 -0.0957 0.6963
vn -0.0365 -0.5950 0.8029
vn 0.0639 0.7546 0.6531
vn 0.0857 0.2861 0.9544
vn 0.4560 0.8519 0.2575
vn -0.9931 -0.1042 -0.0540
vn -0.9944 -0.0923 -0.0521
vn 0.9966 0.0303 -0.0769
vn -0.9947 -0.1002 0.0213
vn -0.9938 -0.1104 0.0148
vn 0.8517 -0.0509 -0.5216
vn 0.9166 0.3847 -0.1090
vn 0.9075 -0.1587 0.3889
vn -0.2156 -0.7472 -0.6287
vn -0.9953 -0.0857 0.0456
vn -0.9941 -0.0945 0.0537
vn 0.9956 0.0720 -0.0599
vn -0.9932 0.0866 0.0781
vn -0.9939 0.0879 0.0661
vn -0.9182 0.3695 -0.1428
vn -0.8673 -0.4973 0.0234
vn -0.9087 0.1944 0.3693
vn -0.1871 0.6044 0.7744
vn 0.3229 0.4179 0.8492
vn 0.7193 0.4708 0.5108
vn -0.9162 -0.2392 0.3215
vn -0.8719 -0.4863 -0.0576
vn -0.8250 -0.4991 0.2652
vn -0.8265 -0.4961 0.2659
vn 0.9557 0.0160 0.2939
vn 0.9549 0.0288 0.2957
vn 0.9539 0.0048 0.3001
vn -0.2161 -0.9621 -0.1664
vn 0.3980 -0.8102 0.4304
vn -0.3262 -0.7331 0.5968
vn -0.3144 0.2447 -0.9172
vn -0.3053 0.2322 -0.9235
vn -0.8364 0.1125 -0.5365
vn -0.8647 -0.2069 -0.4577
vn -0.8924 0.2988 -0.3381
vn -0.8362 0.1136 -0.5365
vn 0.2161 0.6837 0.6971
vn 0.5373 0.7965 0.2775
vn 0.1969 0.6932 0.6933
vn 0.9578 -0.1008 0.2693
vn 0.9586 -0.0911 0.2696
vn 0.9578 -0.0816 0.2757
vn 0.1897 -0.3006 0.9347
vn 0.1813 -0.2971 0.9375
vn 0.1804 -0.3111 0.9331
vn -0.8706 0.4265 0.2453
vn -0.9095 0.0520 0.4125
vn -0.8208 0.3011 0.4855
vn -0.9157 0.3716 0.1532
vn -0.8711 -0.4172 -0.2591
vn -0.8975 -0.0744 0.4347
vn 0.9322 -0.2159 0.2905
vn 0.9317 -0.2230 0.2868
vn 0.9341 -0.2209 0.2804
vn -0.3165 0.6738 -0.6677
vn -0.6035 0.1099 -0.7898
vn -0.4949 0.8483 -0.1883
vn -0.8220 0.1957 0.5349
vn -0.8994 0.3177 0.3003
vn -0.9099 -0.0339 0.4133
vn -0.8952 0.3550 -0.2696
vn -0.8370 0.2165 -0.5026
vn -0.8272 -0.1314 -0.5463
vn 0.9426 -0.2750 0.1892
vn 0.9421 -0.2688 0.2005
vn 0.9391 -0.2857 0.1908
vn -0.8951 -0.4413 0.0630
vn -0.8311 -0.5404 0.1311
vn -0.8329 -0.4236 0.3562
vn -0.8210 0.3010 -0.4851
vn -0.9307 0.0149 -0.3654
vn -0.8801 0.4113 -0.2370
vn -0.8205 0.3022 -0.4852
vn -0.2347 0.6759 -0.6986
vn -0.0312 0.2991 -0.9537
vn -0.2618 0.6673 -0.6973
vn 0.8629 -0.4982 0.0848
vn 0.8407 -0.0097 -0.5414
vn 0.8919 0.4506 0.0380
vn -0.8138 -0.5791 0.0491
vn -0.9330 -0.2894 0.2138
vn -0.9130 -0.3881 -0.1261
vn -0.8136 -0.5794 0.0482
vn 0.9546 -0.2825 0.0945
vn 0.9540 -0.2812 0.1041
vn 0.9527 -0.2911 0.0872
vn -0.8189 0.4359 -0.3733
vn -0.9137 -0.4047 -0.0376
vn -0.8279 0.1930 0.5267
vn 0.1955 -0.3122 0.9297
vn 0.4285 0.1201 0.8955
vn 0.2792 0.4977 0.8212
vn 0.9183 -0.3938 0.0411
vn 0.9179 -0.3954 0.0347
vn 0.9204 -0.3898 0.0320
vn -0.8248 0.0600 0.5622
vn -0.9030 0.2313 0.3620
vn -0.8876 -0.1711 0.4276
vn -0.4861 -0.8251 0.2879
vn 0.3685 -0.6995 0.6123
vn -0.2380 -0.4256 0.8730
vn 0.9570 -0.2863 -0.0472
vn 0.9565 -0.2887 -0.0412
vn 0.9557 -0.2893 -0.0547
vn -0.8520 0.3589 -0.3811
vn -0.8474 0.1184 -0.5175
vn -0.8778 0.4717 -0.0840
vn -0.3722 -0.1180 -0.9206
vn -0.3734 -0.1239 -0.9193
vn 0.2429 -0.1299 0.9613
vn 0.2268 -0.1273 0.9656
vn 0.2287 -0.1421 0.9631
vn 0.9409 -0.3174 -0.1185
vn 0.9406 -0.3202 -0.1127
vn 0.9387 -0.3233 -0.1195
vn -0.8358 -0.5427 -0.0827
vn -0.9088 -0.3679 0.1966
vn -0.8636 -0.3397 -0.3725
vn -0.8342 -0.5445 -0.0878
vn 0.3746 0.5696 0.7316
vn 0.3881 0.5700 0.7242
vn 0.3854 0.5851 0.7135
vn -0.1162 0.8094 0.5756
vn 0.3172 0.5258 0.7893
vn 0.6785 0.5972 0.4277
vn 0.9514 -0.2514 -0.1776
vn 0.9509 -0.2564 -0.1734
vn 0.9505 -0.2503 -0.1839
vn -0.1062 -0.1101 -0.9882
vn 0.9285 -0.2402 -0.2830
vn 0.9275 -0.2388 -0.2877
vn 0.9294 -0.2354 -0.2841
vn -0.4723 0.2119 -0.8556
vn -0.0756 -0.0231 -0.9969
vn -0.4836 -0.3820 -0.7875
vn 0.4739 -0.8805 0.0090
vn 0.7263 -0.2900 0.6232
vn -0.0594 -0.7875 0.6135
vn -0.8476 0.5300 -0.0256
vn -0.8314 0.4706 -0.2956
vn -0.8295 0.2209 -0.5129
vn 0.9548 -0.1304 -0.2671
vn 0.9544 -0.1399 -0.2639
vn 0.9537 -0.1283 -0.2718
vn -0.1126 0.4849 0.8673
vn 0.3184 0.1358 0.9382
vn 0.6820 0.3507 0.6418
vn 0.9511 -0.0506 -0.3048
vn 0.9518 -0.0545 -0.3017
vn 0.9517 -0.0568 -0.3018
vn -0.8312 -0.4918 -0.2591
vn -0.8920 -0.4493 0.0498
vn -0.8710 -0.4730 -0.1326
vn -0.8315 -0.4906 -0.2606
vn -0.9397 0.1498 0.3075
vn -0.9352 0.1563 0.3178
vn -0.8434 0.5299 0.0890
vn -0.8466 0.4979 -0.1881
vn -0.8706 0.2439 -0.4274
vn -0.8811 -0.4678 -0.0691
vn -0.9150 0.0383 0.4016
vn -0.9081 0.3870 -0.1598
vn -0.8637 -0.4075 -0.2966
vn -0.8096 -0.5869 -0.0052
vn -0.8543 -0.1345 -0.5020
vn -0.0143 0.8130 -0.5820
vn -0.4451 0.5879 -0.6754
vn -0.0551 0.8190 -0.5712
vn -0.0227 -0.9416 0.3361
vn 0.7514 -0.4739 0.4591
vn 0.3313 -0.3469 0.8774
vn 0.9964 -0.0728 0.0437
vn -0.9946 -0.0173 -0.1021
vn -0.9936 -0.0115 -0.1126
vn -0.9934 -0.0228 -0.1128
vn -0.3162 0.7296 -0.6064
vn -0.6016 0.1782 -0.7786
vn -0.4955 0.8611 -0.1140
vn -0.9935 0.0565 0.0992
vn -0.9945 0.0455 0.0943
vn 0.9962 -0.0550 0.0670
vn 0.6649 0.5051 0.5503
vn 0.8739 -0.3952 0.2832
vn 0.6623 0.3490 -0.6630
vn -0.9171 0.3836 -0.1084
vn -0.8679 -0.4965 -0.0133
vn -0.9074 0.1714 0.3836
vn 0.7897 -0.4536 -0.4132
vn 0.9427 -0.2972 -0.1516
vn 0.7897 -0.4551 -0.4114
vn -0.9933 -0.0573 0.1007
vn -0.2727 -0.9001 -0.3397
vn -0.7987 -0.5988 0.0594
vn -0.7997 -0.5989 0.0428
vn 0.9929 -0.1143 0.0325
vn 0.9926 -0.1131 0.0445
vn 0.9924 -0.1208 0.0223
vn 0.9959 -0.0166 0.0889
vn 0.0886 0.7002 0.7084
vn 0.1965 0.1999 0.9599
vn 0.5554 0.7127 0.4285
vn -0.0876 -0.6418 -0.7618
vn 0.2201 -0.4219 -0.8796
vn -0.0801 -0.6433 -0.7614
vn -0.2203 -0.3835 0.8969
vn 0.5976 -0.1871 0.7797
vn -0.1129 -0.0248 0.9933
vn -0.8321 -0.4620 0.3068
vn -0.2790 -0.6777 0.6803
vn -0.8291 -0.4529 0.3278
vn 0.9948 0.0157 0.1006
vn 0.9956 0.0419 0.0843
vn -0.2480 0.7647 -0.5947
vn -0.4856 0.3549 -0.7989
vn -0.2583 0.7598 -0.5967
vn 0.6653 0.7388 0.1077
vn 0.8728 -0.2091 0.4410
vn 0.6648 -0.2207 -0.7137
vn 0.9920 -0.0551 0.1138
vn 0.9917 -0.0452 0.1206
vn 0.9914 -0.0672 0.1124
vn 0.8412 -0.3858 -0.3788
vn 0.8990 0.3879 -0.2031
vn 0.9254 0.1988 0.3228
vn 0.9927 -0.1188 -0.0190
vn 0.9917 -0.1281 -0.0113
vn 0.9923 -0.1199 -0.0310
vn 0.9965 0.0659 0.0521
vn 0.3632 0.4605 0.8100
vn -0.2334 0.2140 0.9486
vn -0.2359 -0.0196 0.9716
vn -0.8775 -0.2287 -0.4216
vn -0.9027 0.1013 0.4181
vn -0.9162 0.4000 -0.0243
vn -0.9932 -0.1116 -0.0323
vn -0.9941 -0.1066 -0.0212
vn 0.9961 0.0839 0.0290
vn -0.9951 -0.0585 -0.0798
vn -0.9938 -0.0659 -0.0893
vn -0.9937 0.1053 0.0375
vn -0.9947 0.0994 0.0270
vn 0.9097 0.3315 0.2502
vn 0.8298 -0.2505 -0.4987
vn 0.2950 -0.5882 -0.7530
vn 0.4484 0.2543 -0.8569
vn 0.8252 -0.2453 -0.5088
vn -0.8194 -0.1607 -0.5503
vn -0.9107 -0.2088 0.3565
vn -0.8288 0.5583 0.0382
vn 0.9920 0.1214 0.0355
vn 0.9924 0.1206 0.0235
vn 0.9915 0.1293 0.0152
vn 0.4168 0.0212 0.9088
vn -0.1379 -0.3651 0.9207
vn -0.1232 -0.7313 0.6709
vn 0.9955 0.0948 -0.0027
vn 0.2786 0.1850 -0.9424
vn 0.4896 0.4790 -0.7286
vn 0.8167 -0.0915 -0.5698
vn 0.8157 -0.0983 -0.5701
vn 0.2099 -0.7733 -0.5983
vn 0.4519 -0.8540 0.2578
vn -0.1542 -0.9880 -0.0027
vn -0.2148 -0.3300 -0.9192
vn -0.0993 -0.8430 0.5286
vn -0.0765 -0.4000 0.9133
vn -0.2111 0.3951 0.8940
vn 0.0194 -0.3340 -0.9424
vn -0.2934 -0.9140 -0.2801
vn -0.2624 0.1906 -0.9460
vn -0.0003 0.9297 0.3684
vn -0.1031 0.9319 -0.3478
vn -0.4149 0.4656 0.7817
vn -0.0514 0.8934 0.4463
vn 0.2892 -0.6322 0.7188
vn 0.4364 -0.2746 0.8568
vn 0.0769 -0.1211 0.9897
vn 0.6629 -0.5369 -0.5219
vn 0.5198 -0.8394 0.1587
vn -0.0376 -0.9831 -0.1792
vn 0.3286 -0.9196 -0.2155
vn 0.6826 -0.5109 0.5225
vn -0.1127 -0.8917 0.4385
vn 0.8504 0.0368 -0.5249
vn 0.8801 0.4583 -0.1239
vn 0.8562 -0.4935 0.1527
vn -0.2131 -0.4877 -0.8466
vn -0.0446 -0.6001 0.7987
vn -0.1725 0.1822 0.9680
vn -0.2029 -0.9296 0.3077
vn -0.3477 -0.0573 -0.9358
vn -0.1077 -0.4457 -0.8887
vn -0.0950 -0.7986 -0.5943
vn -0.0766 -0.2251 -0.9713
vn -0.0787 -0.2469 -0.9658
vn -0.0550 0.9461 0.3192
vn -0.1169 0.9769 -0.1790
vn -0.0928 0.9446 0.3147
vn -0.5661 0.5839 -0.5818
vn -0.2880 0.4019 -0.8692
vn -0.3156 0.3786 -0.8701
vn -0.3049 0.4816 -0.8217
vn -0.2070 -0.1452 -0.9675
vn -0.2996 -0.7839 -0.5438
vn -0.1065 -0.0145 -0.9942
vn -0.1028 -0.0177 -0.9945
vn -0.1031 -0.0201 -0.9945
vn -0.1051 -0.0190 -0.9943
vn 0.5912 0.7473 -0.3034
vn 0.8678 0.1411 -0.4765
vn 0.4206 -0.2271 -0.8784
vn 0.0822 -0.2631 0.9613
vn 0.1869 -0.7326 0.6545
vn 0.5502 -0.0138 0.8349
vn 0.8515 0.4790 -0.2132
vn 0.8715 0.3441 0.3495
vn 0.8690 -0.3682 -0.3306
vn 0.8402 -0.3470 -0.4167
vn 0.8980 0.4046 -0.1726
vn 0.9256 0.1686 0.3388
vn -0.0545 -0.7533 0.6554
vn -0.2086 -0.0269 0.9776
vn -0.1443 -0.9842 0.1027
vn 0.8810 0.2435 -0.4057
vn 0.5105 -0.1564 -0.8456
vn 0.6008 0.7950 -0.0835
vn -0.8841 0.2372 0.4027
vn -0.8514 0.3718 -0.3699
vn -0.9210 -0.2200 0.3214
vn 0.8399 -0.3617 -0.4047
vn 0.8991 0.4147 -0.1401
vn 0.9272 0.1441 0.3458
vn 0.6017 0.7942 0.0844
vn 0.8719 0.3391 -0.3533
vn 0.4756 0.0739 -0.8765
vn -0.1670 0.7092 0.6849
vn -0.2070 0.9772 -0.0482
vn -0.3725 0.1383 0.9177
vn -0.2769 0.9369 0.2135
vn -0.4794 0.8418 -0.2480
vn -0.2971 0.9311 0.2114
vn 0.9155 -0.3832 -0.1223
vn 0.8142 0.2598 -0.5192
vn 0.8869 0.3835 0.2576
vn 0.8955 0.3928 -0.2091
vn 0.5496 0.2688 -0.7910
vn 0.6456 0.6515 0.3985
vn -0.2187 0.1724 -0.9604
vn -0.2469 -0.5851 -0.7725
vn -0.3289 0.7045 -0.6289
vn -0.3244 0.7156 0.6186
vn -0.4496 0.8861 0.1127
vn -0.3904 0.6912 0.6081
vn 0.8201 0.5454 -0.1731
vn 0.3132 0.7793 -0.5428
vn 0.3837 0.8670 0.3180
vn 0.8174 0.5531 -0.1611
vn 0.0574 -0.9073 0.4166
vn -0.2825 -0.3729 0.8838
vn -0.3782 -0.9132 -0.1515
vn 0.0906 -0.9767 0.1948
vn -0.1141 -0.0711 0.9909
vn -0.0341 0.5595 0.8281
vn -0.3021 0.9311 0.2045
vn -0.3161 0.7750 0.5473
vn -0.6042 0.7963 -0.0287
vn -0.4931 0.3334 0.8035
vn 0.4169 0.8251 0.3813
vn 0.8621 0.5057 -0.0323
vn 0.5686 0.4668 -0.6773
vn 0.3729 -0.4244 -0.8251
vn 0.6719 -0.7381 -0.0612
vn -0.1275 -0.9043 -0.4073
vn -0.1102 0.6269 -0.7713
vn -0.0645 0.6215 -0.7808
vn -0.1115 0.5951 -0.7959
vn 0.1202 0.0780 -0.9897
vn -0.1927 0.2196 -0.9564
vn 0.0032 0.5394 -0.8421
vn 0.0792 0.3321 0.9399
vn 0.1755 -0.2300 0.9572
vn 0.5488 0.4614 0.6970
vn 0.2299 -0.3045 0.9244
vn 0.2198 -0.2950 0.9299
vn 0.2100 -0.2896 0.9338
vn 0.8884 0.4529 0.0753
vn 0.6030 0.5782 -0.5496
vn 0.5527 0.4710 0.6875
vn -0.1240 0.5480 -0.8272
vn -0.1067 0.5428 -0.8331
vn -0.1125 0.5415 -0.8331
vn -0.1452 -0.2858 0.9472
vn -0.0313 0.3754 0.9263
vn -0.2688 0.8763 0.3997
vn 0.2291 0.3143 -0.9212
vn -0.1974 -0.3539 -0.9142
vn -0.1839 0.8573 -0.4809
vn 0.8540 -0.3411 -0.3929
vn 0.8458 0.4992 -0.1882
vn 0.9600 -0.0252 0.2789
vn 0.6191 0.1454 0.7718
vn 0.9074 0.3801 0.1795
vn 0.6120 0.7058 -0.3567
vn -0.0264 -0.9639 0.2649
vn -0.5620 -0.5369 0.6292
vn -0.1829 -0.8808 -0.4367
vn -0.0261 0.7628 0.6461
vn -0.2524 0.9670 -0.0335
vn -0.3693 0.8028 0.4682
vn -0.1460 0.9289 -0.3403
vn 0.0556 0.5263 -0.8485
vn -0.2250 -0.1850 -0.9566
vn 0.2179 0.3858 0.8965
vn 0.2229 0.3980 0.8899
vn -0.9438 -0.2182 0.2484
vn -0.9467 -0.3132 0.0761
vn -0.8234 -0.4409 0.3571
vn -0.8238 -0.4402 0.3572
vn 0.8408 0.0168 -0.5410
vn 0.8976 0.4115 0.1580
vn 0.9259 -0.1102 0.3612
vn -0.4726 -0.0217 -0.8810
vn -0.0732 -0.2833 -0.9562
vn -0.4809 -0.5764 -0.6607
vn -0.1107 -0.3626 -0.9253
vn 0.2915 -0.3971 -0.8703
vn -0.1180 -0.3714 -0.9209
vn -0.8504 -0.3701 -0.3740
vn -0.8842 0.2600 -0.3879
vn -0.8509 -0.0568 -0.5223
vn -0.8514 -0.0598 -0.5210
vn 0.9498 0.1449 0.2774
vn 0.9496 0.1564 0.2716
vn 0.9457 0.1522 0.2872
vn -0.8242 0.2887 -0.4873
vn -0.9189 -0.3874 0.0743
vn -0.8258 0.3388 0.4509
vn -0.1750 -0.0189 0.9844
vn 0.3095 -0.2701 0.9117
vn 0.6860 0.0510 0.7259
vn -0.9419 -0.1652 0.2925
vn -0.9453 -0.2941 0.1410
vn -0.8204 -0.3644 0.4406
vn -0.8208 -0.3634 0.4406
vn -0.8799 -0.4344 -0.1924
vn -0.9191 -0.0565 0.3900
vn -0.9059 0.4182 -0.0663
vn 0.9494 0.2312 0.2128
vn 0.9494 0.2397 0.2031
vn 0.9486 0.2239 0.2235
vn -0.8367 0.2591 0.4825
vn -0.8505 0.4448 0.2806
vn -0.8841 0.4671 0.0088
vn 0.9418 0.3202 0.1028
vn 0.9389 0.3306 0.0957
vn 0.9382 0.3269 0.1133
vn -0.0851 0.0075 -0.9963
vn -0.0808 0.0034 -0.9967
vn -0.2033 -0.8478 -0.4898
vn 0.3854 -0.9138 0.1280
vn -0.3422 -0.8852 0.3151
vn 0.9199 -0.2907 0.2632
vn 0.8165 -0.3276 -0.4754
vn 0.8812 0.4240 -0.2090
vn -0.9459 -0.1549 0.2851
vn -0.9462 -0.2584 0.1949
vn -0.8208 -0.2725 0.5021
vn -0.8211 -0.2713 0.5022
vn -0.8323 0.3607 0.4209
vn -0.8468 0.4992 0.1839
vn -0.8806 0.4659 -0.0868
vn 0.0301 0.9673 0.2517
vn 0.0983 0.9646 -0.2448
vn 0.0005 0.9688 0.2480
vn 0.9408 0.3387 -0.0137
vn 0.9410 0.3384 0.0007
vn 0.9435 0.3313 -0.0055
vn -0.2159 -0.3999 -0.8908
vn 0.9391 0.3258 -0.1092
vn 0.9400 0.3266 -0.0988
vn 0.9415 0.3218 -0.1003
vn -0.0163 -0.7708 -0.6369
vn 0.7390 -0.6519 -0.1703
vn 0.3148 -0.9351 0.1629
vn -0.8598 -0.2030 -0.4685
vn -0.8325 -0.4814 -0.2741
vn -0.8344 0.1048 -0.5411
vn 0.8617 -0.4637 0.2061
vn 0.8409 -0.1516 -0.5196
vn 0.8927 0.4437 -0.0785
vn -0.9448 0.3269 -0.0215
vn -0.8260 0.4662 0.3168
vn -0.8259 0.5609 0.0580
vn -0.8513 -0.3996 0.3400
vn -0.8405 -0.1823 0.5102
vn -0.8141 0.1416 0.5632
vn 0.2132 0.2197 0.9520
vn 0.2005 0.2321 0.9518
vn 0.5623 -0.8266 -0.0242
vn 0.6826 -0.4230 0.5960
vn -0.1117 -0.8223 0.5579
vn 0.2029 -0.8694 -0.4506
vn 0.4652 -0.7851 0.4089
vn -0.1447 -0.9751 0.1678
vn 0.9431 0.2694 -0.1949
vn 0.9410 0.2710 -0.2027
vn 0.9424 0.2763 -0.1883
vn -0.2540 0.8095 -0.5293
vn -0.4722 0.4230 -0.7734
vn -0.9188 0.2574 0.2993
vn -0.8692 -0.2878 -0.4020
vn -0.8885 -0.2633 0.3758
vn 0.9530 0.2007 -0.2270
vn 0.9547 0.1911 -0.2281
vn 0.9538 0.1857 -0.2360
vn -0.8425 -0.4309 -0.3233
vn -0.8884 -0.0092 -0.4589
vn -0.8314 -0.3496 -0.4319
vn -0.8317 -0.3501 -0.4309
vn 0.2967 -0.3339 0.8947
vn 0.4462 0.0484 0.8936
vn 0.0890 0.2425 0.9661
vn -0.8421 -0.3313 0.4255
vn -0.8405 -0.0780 0.5361
vn -0.8455 0.2459 0.4740
vn -0.2319 0.9539 -0.1907
vn 0.1151 0.8231 -0.5561
vn -0.2699 0.9407 -0.2054
vn 0.9415 0.1523 -0.3006
vn 0.9419 0.1473 -0.3020
vn 0.9390 0.1457 -0.3116
vn -0.9205 0.3375 -0.1969
vn -0.8490 0.4603 0.2595
vn -0.8284 0.5574 -0.0556
vn -0.8285 0.5572 -0.0563
vn 0.9507 0.0755 -0.3008
vn 0.9517 0.0690 -0.2992
vn 0.9511 0.0618 -0.3027
vn -0.6618 0.4583 -0.5934
vn -0.0832 0.9865 0.1411
vn -0.0761 0.9124 -0.4023
vn 0.1560 0.6965 -0.7004
vn 0.0416 -0.7003 -0.7127
vn -0.1830 -0.4358 -0.8812
vn -0.1610 -0.1071 -0.9811
vn 0.4297 -0.7505 -0.5020
vn 0.7136 -0.6001 0.3616
vn -0.0581 -0.9963 0.0635
vn 0.4228 -0.6515 -0.6298
vn 0.7140 -0.6467 0.2684
vn -0.0286 -0.9944 -0.1019
vn -0.1367 0.2990 0.9444
vn -0.3165 0.7596 0.5682
vn -0.1553 -0.4829 0.8618
vn 0.4580 -0.8687 0.1886
vn 0.4637 -0.3392 0.8185
vn -0.1531 -0.6431 0.7503
vn -0.9241 0.2981 0.2389
vn -0.9400 0.3096 0.1434
vn -0.9266 0.3663 0.0853
vn -0.9420 0.3338 0.0358
vn -0.1762 0.9686 0.1756
vn -0.3477 0.7265 -0.5927
vn -0.2765 0.6849 0.6742
vn -0.2436 0.8533 0.4610
vn 0.0488 0.9734 -0.2237
vn -0.2560 0.5449 -0.7985
vn 0.0323 0.7586 -0.6507
vn -0.3451 0.1006 -0.9332
vn -0.3205 0.9398 -0.1183
vn 0.1533 0.8230 -0.5470
vn -0.3768 -0.8585 0.3478
vn -0.5420 -0.7422 -0.3943
vn 0.2043 -0.8627 -0.4626
vn 0.2374 -0.9624 0.1322
vn 0.4577 -0.8218 -0.3393
vn 0.4651 -0.7438 0.4802
vn -0.1538 -0.9553 0.2526
vn -0.8794 -0.4161 -0.2313
vn -0.9220 -0.0890 0.3769
vn -0.9048 0.4242 -0.0361
vn -0.9445 0.0135 -0.3283
vn -0.9277 -0.0395 -0.3714
vn -0.9409 -0.1153 -0.3184
vn -0.9373 -0.1673 -0.3059
vn -0.0666 -0.5727 -0.8170
vn -0.2556 -0.9668 -0.0057
vn -0.2643 -0.0857 -0.9606
vn -0.1968 -0.3912 -0.8990
vn 0.1305 -0.9416 -0.3104
vn -0.2830 -0.9204 0.2697
vn -0.3102 -0.6898 0.6542
vn -0.2197 -0.8093 -0.5447
vn -0.0313 -0.9977 -0.0608
vn 0.2458 -0.9280 0.2799
vn -0.8810 -0.4187 -0.2205
vn -0.9024 -0.1199 0.4138
vn -0.9109 0.4100 0.0468
vn -0.0131 0.9983 0.0561
vn -0.1979 0.7218 -0.6632
vn -0.3673 0.9142 -0.1716
vn -0.9445 -0.2536 0.2088
vn -0.9271 -0.2366 0.2906
vn -0.9388 -0.1644 0.3028
vn -0.9303 -0.1036 0.3520
vn -0.3187 0.9315 0.1754
vn -0.6046 0.7113 -0.3584
vn -0.4964 0.6358 0.5911
vn -0.0022 0.9588 -0.2840
vn 0.1087 0.6799 -0.7252
vn -0.0388 0.9530 -0.3006
vn -0.9350 0.1863 0.3019
vn -0.9454 0.2075 0.2511
vn -0.8417 0.3757 0.3879
vn -0.8552 0.4984 0.1423
vn -0.8281 0.1477 0.5407
vn -0.1146 -0.1759 -0.9777
vn -0.1125 -0.1881 -0.9757
vn -0.2161 -0.2534 -0.9429
vn 0.0802 0.1809 0.9802
vn 0.0976 0.1598 0.9823
vn 0.0921 0.1773 0.9798
vn -0.9279 0.3707 -0.0393
vn -0.9201 -0.3431 0.1888
vn -0.0239 0.9883 0.1506
vn 0.0189 0.8974 -0.4408
vn -0.3797 0.9231 -0.0611
vn -0.8510 0.3031 -0.4288
vn -0.9115 -0.3599 0.1992
vn -0.9185 0.2497 0.3067
vn -0.9326 0.1320 -0.3360
vn -0.9338 0.0719 -0.3506
vn 0.8588 -0.5069 -0.0741
vn 0.8442 0.2543 -0.4719
vn 0.9486 0.2073 0.2393
vn -0.8621 0.3655 -0.3510
vn -0.9198 -0.3520 0.1735
vn -0.9178 0.2198 0.3305
vn -0.9238 -0.2414 -0.2973
vn -0.9421 -0.2466 -0.2274
vn 0.8596 -0.4970 -0.1188
vn 0.8485 0.3130 -0.4267
vn 0.9484 0.1855 0.2572
vn -0.3169 0.9485 -0.0027
vn -0.5978 0.6385 -0.4848
vn -0.4892 0.7395 0.4624
vn -0.3419 0.4198 -0.8408
vn -0.1051 0.0582 -0.9928
vn -0.0956 -0.3944 -0.9139
vn -0.9341 -0.3416 0.1038
vn -0.2117 0.0249 -0.9770
vn -0.2133 0.0172 -0.9768
vn 0.8387 -0.3469 -0.4198
vn 0.2976 -0.6912 -0.6585
vn 0.6208 0.2498 -0.7431
vn 0.8365 -0.3442 -0.4263
vn -0.0239 0.9995 0.0218
vn 0.1198 0.8877 -0.4445
vn -0.0454 0.9987 0.0222
vn 0.2364 -0.1064 0.9658
vn 0.5059 0.3300 0.7970
vn 0.2171 -0.1016 0.9708
vn -0.9370 -0.0331 0.3477
vn 0.6543 -0.5879 0.4756
vn 0.4114 -0.5901 -0.6946
vn 0.8633 -0.4703 -0.1831
vn 0.8647 -0.4702 -0.1768
vn 0.6423 0.6437 -0.4160
vn 0.9085 0.0066 -0.4179
vn 0.6028 -0.6200 -0.5022
vn 0.0816 -0.3466 0.9344
vn 0.1867 -0.7873 0.5877
vn 0.5518 -0.0936 0.8287
vn -0.1762 -0.8929 -0.4143
vn 0.3957 -0.8885 0.2325
vn -0.3350 -0.8558 0.3942
vn 0.5771 -0.0183 -0.8164
vn 0.8864 -0.3572 -0.2943
vn 0.6642 -0.6966 0.2713
vn 0.4339 -0.6998 -0.5675
vn 0.7109 -0.6241 0.3241
vn -0.0405 -0.9990 -0.0197
vn -0.9236 0.3591 0.1343
vn -0.8499 -0.3484 -0.3954
vn -0.9086 -0.2238 0.3526
vn 0.4243 -0.7589 -0.4940
vn 0.6740 -0.6685 0.3145
vn -0.1229 -0.9889 0.0833
vn 0.3352 -0.7087 0.6208
vn 0.1393 -0.9376 -0.3185
vn 0.7351 -0.6550 0.1749
vn -0.1720 -0.1694 0.9704
vn -0.2936 0.6136 0.7330
vn -0.2339 -0.6711 0.7035
vn -0.8811 0.2436 -0.4055
vn -0.9008 -0.3019 0.3120
vn -0.9163 0.2455 0.3164
vn -0.2169 0.5819 -0.7838
vn -0.2178 0.5755 -0.7883
vn -0.9199 -0.3428 -0.1904
vn -0.3891 0.3314 -0.8595
vn -0.6736 -0.0657 -0.7362
vn -0.4034 0.7400 -0.5381
vn -0.4743 -0.6323 -0.6126
vn 0.4013 -0.8298 -0.3879
vn -0.2171 -0.9759 -0.0236
vn -0.9424 0.3199 -0.0982
vn 0.6607 -0.3453 -0.6665
vn 0.8852 -0.4646 -0.0247
vn 0.6530 -0.4122 0.6354
vn 0.0495 0.2571 -0.9651
vn -0.3400 0.1366 -0.9305
vn -0.6782 0.3219 -0.6606
vn 0.1392 -0.8829 0.4484
vn 0.1806 -0.4670 0.8656
vn 0.1726 -0.4763 0.8622
vn 0.8787 -0.4644 0.1105
vn 0.5252 -0.4790 0.7033
vn 0.5901 -0.6284 -0.5068
vn -0.8186 0.0939 -0.5667
vn -0.9117 -0.3395 0.2313
vn -0.8269 0.4916 0.2731
vn -0.2355 0.1197 -0.9645
vn -0.2367 0.1119 -0.9651
vn -0.9224 0.3181 -0.2192
vn -0.9415 0.2941 -0.1646
vn -0.3538 0.4334 -0.8289
vn -0.3550 0.4278 -0.8312
vn -0.9380 -0.3248 -0.1213
vn 0.8776 -0.4070 0.2532
vn 0.4350 -0.4062 0.8036
vn 0.6414 -0.6921 -0.3311
vn -0.8177 0.4936 -0.2961
vn -0.9129 -0.3920 -0.1137
vn -0.8309 0.0993 0.5475
vn -0.1737 0.4572 -0.8722
vn -0.1835 0.4662 -0.8654
vn -0.1726 0.4695 -0.8659
vn 0.6312 -0.7625 -0.1421
vn 0.8834 -0.3254 0.3372
vn 0.4725 -0.1304 0.8717
vn 0.0248 -0.6172 -0.7864
vn 0.7422 -0.6051 -0.2882
vn 0.3367 -0.9416 -0.0028
vn -0.2690 0.8703 0.4125
vn 0.0573 0.9959 0.0697
vn -0.3024 0.8626 0.4055
vn -0.9296 -0.3638 -0.0585
vn 0.0900 -0.5750 0.8132
vn 0.2061 -0.9083 0.3640
vn 0.5592 -0.3013 0.7723
vn 0.8810 -0.2256 0.4159
vn 0.5636 0.2883 0.7741
vn 0.5580 -0.8034 0.2079
vn -0.9211 0.2470 -0.3010
vn 0.5772 -0.7772 0.2505
vn 0.8282 -0.1803 0.5306
vn 0.2615 -0.2536 0.9313
vn -0.9342 0.0369 0.3549
vn 0.0809 -0.5062 0.8586
vn 0.1934 -0.8774 0.4390
vn 0.5503 -0.2350 0.8012
vn -0.0858 0.5168 -0.8518
vn 0.0171 0.1854 -0.9825
vn -0.0971 0.5110 -0.8541
vn 0.5757 -0.6592 0.4838
vn 0.8963 -0.0452 0.4412
vn 0.6067 0.5876 0.5354
vn 0.8430 0.4735 -0.2551
vn 0.9255 -0.0541 0.3750
vn 0.9020 -0.3912 -0.1828
vn -0.0982 0.2290 -0.9685
vn -0.0861 0.2284 -0.9698
vn -0.1023 0.2084 -0.9727
vn -0.1743 0.1213 -0.9772
vn -0.1805 0.1321 -0.9747
vn -0.1747 0.1479 -0.9735
vn 0.9067 0.0856 0.4130
vn 0.6439 0.7209 0.2564
vn 0.5843 -0.4652 0.6650
vn -0.9395 -0.3413 0.0297
vn -0.9409 0.1811 -0.2863
vn -0.2226 -0.7959 -0.5630
vn 0.3559 -0.9302 0.0902
vn -0.3531 -0.9065 0.2315
vn -0.0570 -0.7240 -0.6874
vn 0.7498 -0.6173 -0.2384
vn 0.3212 -0.9461 0.0421
vn -0.8617 0.5028 -0.0685
vn -0.9195 -0.3882 -0.0617
vn -0.9169 -0.0112 0.3990
vn 0.4301 -0.0514 0.9013
vn 0.8537 0.2529 0.4552
vn 0.6077 0.7909 0.0711
vn -0.9346 0.1224 0.3339
vn 0.8272 0.4207 0.3724
vn 0.2529 0.6835 0.6847
vn 0.2699 0.8347 0.4801
vn 0.8227 0.4134 0.3901
vn -0.8542 0.4378 -0.2807
vn -0.9202 -0.3697 -0.1287
vn -0.8097 0.0464 0.5850
vn 0.0885 -0.0940 0.9916
vn 0.1944 -0.6086 0.7693
vn 0.5593 0.1199 0.8202
vn -0.9212 -0.0713 0.3826
vn -0.8535 0.2203 0.4722
vn -0.9198 -0.2232 -0.3227
vn 0.2366 -0.1029 -0.9662
vn 0.4675 -0.7851 -0.4064
vn -0.1234 -0.6899 -0.7133
vn 0.0357 -0.0487 -0.9982
vn -0.0528 -0.7713 -0.6343
vn -0.1231 0.7038 -0.6996
vn 0.0209 0.3176 0.9480
vn 0.0135 0.9145 0.4044
vn -0.4078 -0.3721 0.8338
vn 0.0423 -0.3121 -0.9491
vn -0.1322 0.4838 -0.8652
vn 0.0485 -0.3056 -0.9509
vn 0.0161 -0.8950 -0.4457
vn -0.0390 -0.2619 -0.9643
vn 0.0239 -0.8923 -0.4508
vn 0.0079 0.2163 -0.9763
vn -0.0772 0.8660 -0.4941
vn 0.0122 0.2205 -0.9753
vn 0.0304 -0.7337 -0.6787
vn -0.1541 -0.9847 0.0813
vn -0.0603 0.0160 -0.9980
vn -0.0213 0.4646 -0.8853
vn -0.2680 0.9298 -0.2523
vn -0.0192 0.4672 -0.8840
vn 0.0866 -0.6769 0.7310
vn 0.0124 0.0875 0.9961
vn -0.0876 -0.9961 -0.0046
vn 0.0882 -0.5413 -0.8362
vn -0.0245 0.2670 -0.9634
vn 0.0979 -0.5342 -0.8397
vn -0.3146 0.0659 0.9469
vn -0.5969 0.5304 0.6020
vn -0.4830 -0.4212 0.7676
vn 0.0851 -0.9824 0.1666
vn 0.1940 -0.9011 -0.3878
vn 0.5498 -0.7610 0.3443
vn 0.2843 0.3947 -0.8737
vn 0.4531 -0.4607 -0.7632
vn -0.1559 -0.2393 -0.9583
vn 0.3525 0.3774 -0.8564
vn 0.6879 -0.4224 -0.5902
vn -0.0846 -0.2714 -0.9587
vn 0.7623 0.6376 -0.1113
vn 0.8794 0.0077 0.4760
vn 0.9448 -0.2722 -0.1823
vn 0.2145 -0.9494 0.2293
vn 0.2171 -0.9469 0.2372
vn -0.2161 0.9613 0.1707
vn 0.0835 -0.9838 -0.1586
vn 0.2101 -0.7276 -0.6530
vn 0.5459 -0.8334 0.0865
vn 0.2156 -0.9705 -0.1080
vn 0.2055 -0.9734 -0.1016
vn -0.3668 0.9249 0.1004
vn -0.4769 0.7842 -0.3970
vn -0.4501 0.7079 0.5443
vn 0.3791 -0.9155 -0.1345
vn 0.3953 -0.9076 -0.1411
vn 0.3817 -0.9183 -0.1051
vn 0.0941 0.5065 -0.8571
vn 0.7297 -0.0319 -0.6830
vn 0.0692 -0.1758 -0.9820
vn -0.7777 0.5968 0.1976
vn -0.5659 0.8242 -0.0205
vn -0.7779 0.6014 0.1821
vn -0.0522 -0.0962 -0.9940
vn 0.7598 -0.3069 -0.5732
vn 0.3327 -0.7403 -0.5842
vn 0.0689 0.9463 -0.3158
vn -0.3491 0.8685 -0.3518
vn -0.6041 0.7969 -0.0100
vn 0.0477 0.0016 0.9989
vn -0.3946 0.3085 0.8655
vn -0.3830 -0.2912 0.8767
vn -0.8707 0.4300 0.2388
vn -0.9207 -0.2875 -0.2640
vn -0.9305 0.0394 0.3643
vn 0.3436 -0.8840 0.3171
vn 0.3569 -0.8732 0.3317
vn 0.3387 -0.8772 0.3404
vn -0.2089 0.2169 -0.9536
vn 0.5987 -0.2165 -0.7712
vn -0.1439 -0.2773 -0.9499
vn -0.0735 0.4828 -0.8727
vn 0.2389 -0.3416 -0.9090
vn -0.3980 -0.3429 -0.8509
vn -0.0784 0.9964 0.0317
vn 0.0136 0.9474 -0.3198
vn -0.0928 0.9956 0.0161
vn 0.0321 0.9825 -0.1833
vn -0.3422 0.8996 -0.2715
vn -0.6753 0.7375 0.0077
vn -0.6637 -0.6469 -0.3755
vn -0.8722 -0.4650 0.1519
vn -0.8699 0.4921 0.0323
vn -0.6621 -0.2884 -0.6917
vn -0.6638 -0.5398 -0.5176
vn -0.8713 -0.4908 -0.0029
vn -0.8712 0.1378 0.4713
vn -0.6617 0.3556 -0.6601
vn 0.2287 -0.9723 -0.0474
vn 0.3626 -0.8197 0.4433
vn 0.2095 -0.9765 -0.0511
vn 0.1900 0.1912 -0.9630
vn 0.4536 -0.5933 -0.6650
vn -0.1465 -0.4236 -0.8939
vn -0.8707 0.3889 0.3012
vn -0.6651 0.6324 -0.3971
vn -0.8707 -0.4693 -0.1467
vn -0.8729 0.3516 0.3384
vn -0.6636 0.7082 -0.2408
vn -0.8686 -0.4345 -0.2381
vn -0.8713 0.2628 0.4145
vn -0.6621 0.5009 -0.5574
vn -0.8713 -0.3752 -0.3163
vn -0.8708 0.1382 0.4719
vn -0.6650 0.6191 -0.4178
vn -0.8707 -0.3191 -0.3743
vn -0.6700 -0.2482 -0.6996
vn -0.8696 -0.3082 -0.3857
vn -0.8721 -0.0215 0.4889
vn -0.6631 0.3105 0.6811
vn -0.1386 -0.9781 0.1552
vn 0.3176 -0.9418 -0.1101
vn 0.7582 -0.6520 0.0020
vn -0.5473 0.8288 0.1163
vn -0.2923 0.9406 -0.1725
vn -0.2937 0.9383 -0.1827
vn -0.8824 0.4569 -0.1123
vn -0.8990 -0.4376 -0.0172
vn -0.9170 -0.0890 0.3889
vn -0.8715 0.0266 0.4898
vn -0.6639 0.5081 0.5488
vn -0.8698 -0.1682 -0.4639
vn -0.6660 0.3544 -0.6564
vn -0.8694 -0.0779 -0.4878
vn -0.8703 -0.1574 0.4667
vn -0.6656 0.1276 0.7353
vn -0.8696 0.0285 -0.4930
vn -0.8714 -0.1720 0.4594
vn -0.6582 0.4832 0.5773
vn -0.8698 0.1135 -0.4803
vn -0.8705 -0.2104 0.4450
vn -0.6586 0.4549 0.5994
vn -0.8702 0.1885 -0.4553
vn -0.8700 -0.2825 0.4041
vn -0.9268 -0.1291 0.3526
vn -0.8536 0.1349 0.5032
vn -0.9229 -0.1568 -0.3516
vn -0.6610 0.6045 0.4446
vn -0.8707 0.2104 -0.4444
vn -0.8698 -0.3682 0.3284
vn -0.8704 0.3217 -0.3728
vn -0.8737 -0.3893 -0.2917
vn -0.6662 -0.4040 0.6268
vn -0.6620 0.0635 0.7469
vn 0.6584 0.3742 -0.6530
vn 0.7176 -0.3490 -0.6027
vn -0.0321 -0.0446 -0.9985
vn -0.6649 -0.5461 0.5095
vn -0.8698 0.4395 -0.2240
vn -0.8703 -0.4792 0.1140
vn -0.6674 -0.6713 0.3222
vn -0.8683 0.4805 -0.1232
vn -0.8715 -0.4903 -0.0042
vn 0.1367 -0.9905 0.0120
vn 0.4243 -0.8662 0.2639
vn 0.2469 -0.7456 0.6189
vn -0.6556 0.0381 0.7542
vn -0.8716 0.4901 -0.0106
vn -0.8712 -0.4853 -0.0742
vn -0.8722 0.4564 0.1759
vn -0.8700 -0.1351 -0.4742
vn -0.6637 -0.7392 -0.1146
vn -0.6604 -0.2423 0.7108
vn -0.6649 0.5505 0.5048
vn -0.8713 0.4856 0.0712
vn -0.8702 -0.4492 -0.2026
vn -0.8719 -0.3827 -0.3054
vn -0.6704 0.1232 0.7317
vn -0.8681 0.4534 0.2021
vn -0.6646 0.1307 0.7357
vn -0.8702 0.4295 0.2414
vn -0.8726 0.1833 -0.4528
vn -0.6589 -0.6759 0.3302
vn -0.6689 0.2453 0.7017
vn -0.8695 0.4042 0.2840
vn -0.8714 0.2014 -0.4474
vn -0.6645 -0.2539 -0.7028
vn -0.6787 -0.7344 -0.0021
vn -0.8717 -0.0441 0.4881
vn -0.8650 0.4842 0.1313
vn -0.6619 -0.2420 -0.7094
vn 0.0780 -0.9968 -0.0188
vn 0.0835 -0.8287 -0.5535
vn 0.4597 -0.8162 0.3500
vn -0.6631 -0.7478 0.0336
vn -0.8713 0.1207 0.4756
vn -0.8712 0.1220 -0.4756
vn -0.8705 0.0697 -0.4873
vn -0.6592 -0.5152 -0.5478
vn -0.8704 0.0843 0.4850
vn -0.6643 -0.7400 0.1056
vn -0.8708 -0.3047 0.3858
vn -0.8708 0.4907 -0.0309
vn -0.6642 -0.5624 -0.4926
vn -0.8710 0.3018 -0.3876
vn -0.6627 -0.7334 0.1513
vn -0.8705 -0.1568 0.4665
vn -0.8710 0.3762 -0.3160
vn -0.6597 -0.7513 -0.0175
vn -0.8710 -0.2321 0.4329
vn -0.6639 -0.7407 -0.1027
vn -0.8708 -0.3940 0.2941
vn -0.8707 0.4879 -0.0617
vn -0.6643 -0.5890 -0.4602
vn -0.6651 -0.6204 -0.4157
vn -0.8704 -0.3942 0.2951
vn -0.8708 0.4863 0.0723
vn -0.6636 0.0154 -0.7480
vn -0.6665 -0.2685 -0.6955
vn -0.8708 -0.4772 0.1186
vn -0.8701 0.2346 0.4334
vn -0.6642 0.4586 -0.5904
vn -0.2901 0.1253 -0.9488
vn -0.0982 0.8714 -0.4806
vn 0.3382 0.7748 -0.5341
vn 0.1855 0.0751 -0.9798
vn 0.0761 -0.9433 0.3232
vn 0.0895 -0.9677 -0.2355
vn 0.4573 -0.6480 0.6090
vn -0.1855 0.9421 -0.2794
vn -0.5614 0.8201 -0.1109
vn 0.1710 0.9843 -0.0446
vn -0.2121 0.9266 -0.3105
vn -0.2126 0.9240 -0.3178
vn 0.0239 0.0474 -0.9986
vn 0.7391 -0.2755 -0.6147
vn 0.3350 -0.7132 -0.6157
vn -0.3668 0.7256 0.5822
vn -0.5957 0.4467 0.6675
vn -0.0275 -0.0954 0.9951
vn 0.2045 0.7073 0.6767
vn -0.1105 -0.0002 0.9939
vn -0.5828 0.1818 0.7920
vn -0.1900 -0.0123 0.9817
vn 0.0179 0.9962 0.0853
vn -0.3640 0.9306 -0.0388
vn -0.6939 0.6924 0.1979
vn -0.0169 -0.1056 0.9943
vn -0.0600 0.4982 0.8650
vn -0.3821 0.0455 0.9230
vn -0.4031 -0.9068 0.1235
vn 0.1165 -0.9705 0.2109
vn 0.4510 -0.7470 0.4885
vn -0.2148 0.9767 0.0025
vn -0.8685 0.3232 0.3757
vn -0.9198 -0.1708 -0.3532
vn -0.8969 -0.4415 -0.0256
vn 0.8388 0.4498 0.3067
vn 0.8787 -0.1289 0.4597
vn 0.8652 0.1273 -0.4849
vn 0.9253 -0.3406 -0.1668
vn 0.8491 0.3964 -0.3490
vn 0.9034 0.0139 0.4287
vn -0.2666 0.1660 -0.9494
vn 0.3425 -0.4788 -0.8083
vn -0.3505 -0.5827 -0.7332
vn -0.3763 0.8784 -0.2946
vn -0.6825 0.5209 -0.5128
vn -0.3982 0.8925 0.2120
vn -0.8624 0.4202 -0.2822
vn -0.9148 -0.4000 -0.0559
vn -0.9234 -0.0594 0.3791
vn 0.1078 -0.9195 0.3780
vn 0.1122 -0.9250 0.3630
vn -0.1805 0.9073 -0.3798
vn -0.2002 0.9104 -0.3620
vn -0.1789 0.9150 -0.3616
vn -0.2604 0.3911 0.8827
vn 0.0512 0.7175 0.6947
vn -0.3154 0.3885 0.8658
vn -0.1001 0.9285 -0.3577
vn -0.0930 0.9282 -0.3604
vn -0.0994 0.9241 -0.3691
vn 0.2247 -0.9663 0.1259
vn 0.4170 -0.8078 0.4167
vn 0.3441 -0.5605 0.7533
vn 0.1197 0.9877 0.1001
vn -0.3336 0.9426 0.0152
vn -0.5824 0.7530 0.3064
vn 0.0210 0.9710 -0.2381
vn -0.2061 0.9770 0.0542
vn 0.1611 0.9739 0.1598
vn 0.8388 0.5373 -0.0878
vn 0.9074 -0.0545 0.4167
vn 0.9320 -0.3607 -0.0346
vn -0.4055 0.5539 0.7271
vn -0.4820 -0.1097 0.8693
vn 0.1783 -0.2240 0.9582
vn 0.0171 0.6608 0.7503
vn 0.2833 -0.5278 -0.8007
vn -0.3513 -0.4495 -0.8213
vn -0.0389 -0.1601 -0.9863
vn 0.0213 0.3581 -0.9334
vn 0.1431 -0.9356 -0.3228
vn 0.4263 -0.9038 -0.0387
vn 0.2428 -0.9110 0.3332
vn 0.2018 -0.9775 -0.0616
vn -0.2183 -0.9531 0.2096
vn 0.1966 -0.9767 -0.0856
vn -0.2112 0.9687 0.1301
vn -0.2039 0.9721 0.1158
vn -0.3733 0.2739 0.8864
vn -0.3263 0.3126 0.8921
vn -0.3878 0.3173 0.8654
vn -0.1972 0.3484 -0.9163
vn 0.6263 -0.0280 -0.7791
vn -0.1074 -0.2069 -0.9724
vn 0.0393 -0.0968 0.9945
vn -0.3956 0.2305 0.8890
vn -0.3844 -0.3841 0.8395
vn 0.1323 0.7566 -0.6404
vn 0.8405 0.2347 -0.4883
vn 0.3771 0.2242 -0.8986
vn -0.8141 0.1500 0.5611
vn -0.8997 0.2239 -0.3747
vn -0.9724 -0.2304 -0.0364
vn 0.2700 0.9328 -0.2389
vn 0.7200 0.6363 -0.2770
vn 0.3822 0.7120 -0.5890
vn -0.2267 -0.1788 0.9574
vn 0.1163 0.2384 0.9642
vn -0.2813 -0.1446 0.9487
vn 0.2159 -0.8577 0.4667
vn 0.2197 -0.8527 0.4739
vn -0.0321 -0.4741 0.8799
vn 0.0150 0.1233 0.9923
vn -0.3964 -0.2559 0.8817
vn -0.1150 0.4058 -0.9067
vn 0.8128 0.4217 -0.4018
vn 0.2961 -0.1908 -0.9359
vn -0.8271 0.4053 0.3893
vn -0.9107 0.0146 -0.4129
vn -0.8215 -0.5118 0.2514
vn 0.0403 0.2532 0.9666
vn -0.4057 0.5092 0.7590
vn -0.3876 -0.0655 0.9195
vn 0.3453 -0.9252 0.1573
vn 0.3578 -0.9176 0.1735
vn 0.3380 -0.9230 0.1838
vn -0.3650 0.9034 -0.2249
vn -0.7466 0.5788 -0.3279
vn -0.3877 0.8724 0.2976
vn -0.0782 0.9945 -0.0699
vn 0.0251 0.9113 -0.4111
vn -0.0895 0.9931 -0.0751
vn 0.3842 -0.9178 0.1003
vn 0.4008 -0.9089 0.1152
vn 0.3880 -0.9120 0.1331
vn -0.0177 -0.2402 0.9706
vn 0.0202 0.3711 0.9284
vn -0.3927 -0.0267 0.9193
vn 0.2011 -0.9759 0.0843
vn 0.6694 -0.7157 0.1990
vn 0.2022 -0.9731 0.1102
vn 0.1376 0.2365 -0.9618
vn 0.7682 -0.0608 -0.6373
vn -0.1977 -0.1609 -0.9670
vn 0.5920 0.6370 -0.4937
vn 0.7104 -0.1351 -0.6907
vn -0.0384 0.2923 -0.9556
vn 0.8155 -0.3361 -0.4712
vn 0.9042 0.3484 -0.2472
vn 0.8550 0.0060 0.5186
vn -0.0887 -0.9815 -0.1696
vn 0.1908 -0.9760 0.1052
vn 0.1642 -0.9794 0.1177
vn 0.1313 0.3112 -0.9412
vn 0.7725 -0.1783 -0.6095
vn 0.3359 -0.5415 -0.7707
vn 0.2217 -0.9637 0.1486
vn -0.1026 -0.9947 -0.0059
vn 0.3063 -0.8881 -0.3427
vn 0.7432 -0.6428 -0.1856
vn -0.2158 0.4942 -0.8421
vn 0.6102 0.0781 -0.7884
vn -0.1399 0.0384 -0.9894
vn 0.6565 -0.0401 0.7533
vn 0.2105 0.5121 0.8327
vn -0.2599 -0.2614 0.9296
vn 0.9108 0.0181 -0.4124
vn 0.8500 0.3082 0.4271
vn 0.9141 -0.3322 0.2324
vn -0.0609 -0.3924 0.9178
vn -0.3357 0.4374 0.8342
vn -0.6551 -0.2824 0.7008
vn 0.2289 -0.7738 -0.5906
vn 0.4055 -0.8752 -0.2640
vn 0.3209 -0.9359 0.1449
vn -0.9108 0.0588 -0.4085
vn -0.8494 -0.4396 -0.2920
vn -0.8507 -0.3509 0.3913
vn -0.9124 0.2421 0.3299
vn -0.6831 0.6817 -0.2619
vn -0.1717 0.9802 -0.0983
vn -0.3212 0.7492 -0.5793
vn -0.4505 0.8113 -0.3727
vn -0.4320 0.8366 0.3368
vn -0.0872 0.9935 -0.0727
vn 0.0311 -0.2372 0.9710
vn -0.2707 0.4590 0.8462
vn -0.7422 -0.1716 0.6479
vn -0.1872 0.9586 0.2145
vn -0.2097 0.9514 0.2253
vn -0.1730 0.9543 0.2437
vn 0.1565 -0.0996 -0.9827
vn 0.6033 -0.0869 -0.7928
vn -0.2835 -0.3363 -0.8981
vn -0.8896 0.4488 0.0844
vn -0.8903 -0.3967 -0.2235
vn -0.9158 -0.2801 0.2879
vn -0.0765 0.8955 0.4384
vn -0.0762 0.8982 0.4329
vn -0.0859 0.8963 0.4349
vn -0.4785 0.5350 -0.6963
vn 0.3437 0.1937 -0.9189
vn -0.2479 -0.1413 -0.9584
vn -0.4954 0.4326 -0.7533
vn 0.3761 0.1448 -0.9152
vn -0.2240 -0.2144 -0.9507
vn 0.2295 -0.7085 -0.6673
vn 0.4060 -0.8426 -0.3539
vn 0.3214 -0.9458 0.0469
vn -0.1134 -0.9874 0.1104
vn 0.2939 -0.9183 -0.2654
vn 0.7210 -0.6871 -0.0896
vn -0.8854 -0.2012 0.4189
vn -0.9189 0.0792 -0.3864
vn -0.8834 -0.3098 -0.3516
vn 0.3865 -0.2124 0.8975
vn -0.0048 0.4862 0.8738
vn -0.5316 -0.0898 0.8422
vn -0.1170 0.9865 -0.1143
vn -0.6308 0.7537 -0.1843
vn -0.1128 0.9886 -0.1002
vn 0.0152 0.9891 -0.1464
vn -0.3895 0.9096 -0.1447
vn -0.3991 0.9082 -0.1260
vn 0.4879 -0.8381 0.2441
vn 0.0666 -0.9908 0.1174
vn 0.0903 -0.9915 0.0941
vn 0.2108 -0.9585 -0.1919
vn 0.2051 -0.9611 -0.1849
vn 0.9053 0.3449 0.2478
vn 0.8582 -0.1931 0.4756
vn 0.8137 -0.3057 -0.4945
vn 0.8281 0.4276 -0.3626
vn 0.2277 -0.8189 -0.5268
vn 0.4076 -0.8933 -0.1893
vn 0.3382 -0.9151 0.2198
vn -0.0168 -0.6311 0.7755
vn 0.0251 -0.0616 0.9978
vn -0.3910 -0.4149 0.8215
vn 0.0742 -0.9944 0.0748
vn -0.1513 -0.8940 0.4217
vn -0.0427 -0.9629 -0.2664
vn 0.9011 0.3670 0.2310
vn 0.8309 0.1237 0.5425
vn 0.8498 -0.0572 -0.5241
vn -0.2183 0.9371 0.2723
vn 0.1864 -0.9824 0.0130
vn 0.6199 -0.7835 0.0417
vn 0.1901 -0.9815 0.0229
vn 0.6436 0.6934 -0.3239
vn 0.7137 0.0407 -0.6993
vn -0.0198 0.5187 -0.8547
vn 0.5022 -0.8647 -0.0133
vn 0.0838 -0.9964 -0.0098
vn -0.0417 -0.9034 -0.4267
vn -0.6433 0.0661 0.7628
vn -0.6384 -0.2936 0.7115
vn 0.1401 -0.3442 0.9284
vn -0.2423 0.4076 0.8804
vn -0.2867 0.7283 -0.6224
vn 0.3513 0.1794 -0.9189
vn -0.3464 0.0332 -0.9375
vn -0.0953 -0.9573 -0.2728
vn 0.3076 -0.7723 -0.5557
vn 0.7551 -0.5615 -0.3384
vn 0.2441 -0.8660 -0.4365
vn -0.0042 -0.0342 -0.9994
vn 0.3053 -0.4201 -0.8546
vn -0.3670 -0.3487 -0.8624
vn -0.7214 0.1090 0.6839
vn -0.4993 -0.4848 0.7181
vn 0.0247 -0.3088 0.9508
vn -0.1288 0.3350 0.9334
vn 0.9286 0.0599 -0.3662
vn 0.8495 0.5251 -0.0523
vn 0.8811 -0.1991 0.4290
vn 0.8560 0.1026 -0.5067
vn 0.8397 0.5040 0.2023
vn 0.9011 -0.1870 0.3912
vn -0.4339 0.8492 -0.3008
vn -0.4208 0.8141 0.4003
vn -0.0777 0.9969 0.0084
vn -0.0978 0.9941 -0.0473
vn -0.1400 0.9895 -0.0357
vn -0.1107 0.9938 -0.0090
vn 0.3581 -0.0139 -0.9336
vn 0.4428 -0.4986 -0.7452
vn -0.1586 -0.1305 -0.9787
vn -0.2082 -0.4935 0.8444
vn -0.0241 -0.0337 0.9991
vn -0.2841 -0.4796 0.8302
vn -0.8659 -0.1677 0.4713
vn -0.9200 0.2327 -0.3154
vn -0.8510 -0.4112 -0.3268
vn 0.3914 -0.3911 0.8330
vn 0.0602 0.3902 0.9188
vn -0.4390 -0.2228 0.8704
vn 0.2391 -0.8195 -0.5209
vn 0.4450 -0.8949 -0.0320
vn 0.2282 -0.8178 -0.5284
vn 0.6278 -0.2200 -0.7467
vn 0.0561 -0.4778 -0.8767
vn 0.1953 -0.0129 -0.9807
vn 0.2155 -0.0112 -0.9764
vn 0.3348 -0.8125 -0.4773
vn 0.7584 -0.6193 -0.2034
vn -0.1016 -0.9818 -0.1605
vn 0.0152 -0.8075 -0.5897
vn 0.4026 -0.8065 -0.4330
vn 0.3334 -0.9405 -0.0653
vn -0.1782 0.8252 0.5360
vn -0.1800 0.8231 0.5386
vn -0.1795 0.8175 0.5472
vn -0.9228 0.1093 -0.3695
vn -0.8176 -0.5539 -0.1573
vn -0.8857 -0.2307 0.4028
vn 0.8819 -0.3996 -0.2501
vn 0.8934 0.3905 -0.2222
vn 0.8307 0.1090 0.5460
vn 0.2816 -0.3641 -0.8878
vn -0.2417 -0.3945 -0.8865
vn -0.0286 0.0177 -0.9994
vn 0.0060 0.5286 -0.8488
vn -0.3504 0.8635 0.3628
vn -0.3820 0.9223 -0.0584
vn -0.3972 0.9168 -0.0413
vn 0.1810 -0.8208 -0.5418
vn -0.0088 -0.9965 -0.0827
vn 0.1796 -0.8187 -0.5455
vn -0.3222 0.9467 -0.0071
vn -0.5973 0.7102 -0.3728
vn -0.3364 0.9417 0.0049
vn 0.8594 0.5031 -0.0908
vn 0.9101 -0.2265 0.3470
vn 0.9216 -0.3314 -0.2020
vn -0.0142 -0.7557 0.6548
vn 0.0245 -0.2191 0.9754
vn -0.3807 -0.5438 0.7479
vn -0.3764 0.7485 0.5460
vn -0.3854 0.7671 0.5128
vn -0.3814 0.7399 0.5542
vn -0.3729 0.7859 0.4932
vn -0.5127 0.8586 0.0012
vn -0.4962 0.4057 0.7676
vn 0.8302 0.4284 0.3568
vn 0.9392 -0.3409 0.0406
vn 0.8762 0.3395 -0.3420
vn 0.0250 0.8577 0.5136
vn -0.1949 0.6542 0.7308
vn 0.1713 0.5722 0.8020
vn 0.0856 -0.9913 -0.1000
vn 0.0847 -0.9920 -0.0934
vn 0.4877 -0.7764 -0.3991
vn 0.3668 -0.9296 -0.0358
vn 0.1222 0.4411 -0.8891
vn 0.7411 -0.0998 -0.6639
vn 0.3262 -0.4256 -0.8441
vn 0.2444 -0.4817 -0.8416
vn 0.4156 -0.7100 -0.5685
vn 0.2264 -0.9339 -0.2767
vn -0.8552 0.0539 0.5154
vn -0.9179 0.1060 -0.3825
vn -0.9164 -0.3971 -0.0503
vn 0.0869 -0.6370 -0.7659
vn 0.1905 -0.1164 -0.9748
vn 0.5564 -0.6702 -0.4912
vn 0.7059 -0.1821 0.6846
vn 0.2484 0.3235 0.9130
vn -0.2513 -0.3968 0.8828
vn 0.9210 0.1469 0.3609
vn 0.8476 -0.1744 0.5011
vn 0.8666 -0.4963 -0.0517
vn 0.9142 0.3925 -0.1011
vn -0.9182 0.3059 -0.2516
vn -0.8470 -0.3886 -0.3628
vn -0.8569 -0.3585 0.3705
vn -0.8952 -0.0957 0.4353
vn -0.2591 -0.6226 0.7384
vn -0.1181 -0.2115 0.9702
vn -0.3134 -0.6137 0.7247
vn -0.8544 -0.1682 0.4916
vn -0.9151 0.0177 -0.4028
vn -0.8955 -0.4405 -0.0634
vn 0.6388 0.7460 -0.1884
vn 0.7140 0.1596 -0.6818
vn -0.0238 0.6621 -0.7490
vn -0.3225 -0.6035 0.7292
vn -0.5947 -0.0461 0.8026
vn -0.4879 -0.8352 0.2537
vn 0.3758 0.0762 -0.9236
vn 0.4836 -0.4230 -0.7663
vn -0.1415 -0.0494 -0.9887
vn -0.0039 -0.4270 0.9043
vn -0.2803 0.3061 0.9098
vn -0.7502 -0.2898 0.5943
vn 0.0864 -0.7667 -0.6361
vn 0.0933 -0.7645 -0.6378
vn 0.0931 -0.7648 -0.6375
vn 0.3749 -0.3386 0.8630
vn -0.2445 0.1876 0.9513
vn -0.5984 -0.3292 0.7305
vn -0.1555 0.9580 -0.2408
vn 0.1832 0.4370 -0.8806
vn -0.4302 0.3693 -0.8237
vn -0.8152 -0.5403 -0.2088
vn -0.8630 -0.3642 0.3501
vn -0.9508 0.2441 0.1909
vn -0.8896 0.0159 -0.4566
vn 0.0271 -0.6194 -0.7846
vn 0.4113 -0.6641 -0.6243
vn 0.3461 -0.8881 -0.3025
vn 0.3384 0.9036 -0.2626
vn 0.6857 0.1864 -0.7037
vn -0.0929 0.5603 -0.8231
vn -0.0371 0.9438 -0.3284
vn 0.7464 0.4893 -0.4510
vn 0.3283 0.3828 -0.8635
vn 0.9032 0.3206 -0.2854
vn 0.8134 0.0948 0.5740
vn 0.9004 -0.3883 -0.1961
vn 0.0763 -0.6923 -0.7176
vn 0.0834 -0.1962 -0.9770
vn 0.4729 -0.8153 -0.3341
vn 0.1833 0.0474 -0.9819
vn 0.5850 -0.1757 -0.7918
vn -0.2949 -0.1287 -0.9468
vn 0.3667 -0.6367 -0.6784
vn 0.3781 -0.6351 -0.6735
vn 0.3747 -0.6460 -0.6650
vn 0.4090 0.9105 0.0611
vn -0.0998 0.9902 0.0975
vn -0.1064 0.9874 0.1168
vn 0.6440 0.7225 -0.2514
vn 0.7107 0.0941 -0.6972
vn -0.0184 0.5962 -0.8026
vn -0.1641 -0.9708 -0.1751
vn 0.5556 -0.8306 -0.0377
vn 0.1759 -0.9819 -0.0706
vn -0.2226 -0.6325 0.7419
vn 0.1125 -0.2695 0.9564
vn -0.2789 -0.5989 0.7507
vn 0.2962 0.9509 0.0900
vn -0.4475 0.8084 -0.3823
vn -0.2272 0.9708 0.0776
vn -0.2320 0.9696 0.0781
vn 0.7517 0.5982 0.2775
vn 0.8744 -0.2248 0.4300
vn 0.9463 -0.1257 -0.2978
vn 0.1218 0.9216 -0.3684
vn -0.1439 0.9883 0.0500
vn 0.2093 0.8885 0.4084
vn -0.2551 0.8780 -0.4050
vn 0.6215 0.5971 -0.5072
vn -0.0980 0.6172 -0.7807
vn -0.0044 -0.7892 0.6141
vn -0.0527 -0.3945 0.9174
vn -0.0335 -0.7855 0.6179
vn 0.3297 -0.2968 -0.8962
vn 0.4164 -0.6192 -0.6658
vn 0.1598 -0.8643 -0.4770
vn 0.1043 0.4799 -0.8711
vn 0.7334 -0.0635 -0.6768
vn 0.3150 -0.3883 -0.8660
vn -0.8516 -0.0887 0.5166
vn -0.9181 0.2124 -0.3347
vn -0.9197 -0.3654 -0.1435
vn 0.5770 0.1728 -0.7983
vn -0.1264 -0.2435 -0.9616
vn 0.1180 0.1935 -0.9740
vn 0.2549 -0.6430 -0.7222
vn 0.0737 -0.9412 -0.3298
vn 0.2544 -0.6402 -0.7249
vn -0.2591 -0.6404 0.7230
vn -0.1448 0.2404 0.9598
vn -0.6812 -0.3543 0.6407
vn 0.9305 -0.2219 -0.2915
vn 0.8429 0.4778 0.2475
vn 0.8984 -0.3662 0.2423
vn -0.5136 0.2797 0.8112
vn -0.1848 0.5265 0.8299
vn -0.2152 0.5470 0.8090
vn -0.0982 0.9836 -0.1515
vn 0.4763 0.6110 -0.6323
vn -0.2555 0.6504 -0.7154
vn -0.0286 -0.9322 0.3609
vn 0.0153 -0.5534 0.8328
vn -0.3855 -0.7721 0.5053
vn 0.1119 -0.2843 0.9522
vn -0.2666 0.2476 0.9315
vn -0.7759 -0.2373 0.5845
vn -0.8654 -0.2504 0.4341
vn -0.9172 0.2905 -0.2726
vn -0.8482 -0.3839 -0.3649
vn -0.2247 0.9662 0.1265
vn -0.2122 0.9691 0.1255
vn -0.2224 0.9678 0.1182
vn -0.1772 0.9739 0.1416
vn -0.1619 0.9770 0.1391
vn -0.1931 0.9730 0.1261
vn 0.8901 -0.4502 -0.0707
vn 0.8855 0.4638 -0.0276
vn 0.8483 -0.1592 0.5050
vn 0.8435 -0.0667 0.5329
vn 0.8751 -0.4122 -0.2534
vn 0.9062 0.4164 -0.0731
vn 0.9149 0.2269 0.3339
vn 0.9228 0.2135 -0.3209
vn 0.8145 0.4302 0.3893
vn 0.8814 -0.3538 0.3131
vn 0.1944 -0.5824 -0.7893
vn -0.1257 -0.8556 -0.5021
vn 0.1868 -0.5720 -0.7987
vn 0.0901 -0.5698 -0.8168
vn 0.2060 -0.0342 -0.9780
vn 0.5515 -0.6393 -0.5358
vn 0.0031 0.9746 -0.2240
vn 0.7386 0.5273 -0.4200
vn 0.3446 0.4205 -0.8393
vn -0.2237 -0.7452 0.6282
vn -0.0434 -0.3706 0.9278
vn -0.2705 -0.7314 0.6259
vn 0.5159 -0.1577 0.8420
vn -0.2713 0.1279 0.9540
vn -0.4660 -0.3716 0.8030
vn -0.0949 0.9792 0.1791
vn -0.2139 0.9029 -0.3728
vn -0.0989 0.9780 0.1838
vn -0.1908 0.8714 0.4519
vn -0.3893 0.9163 0.0935
vn -0.4162 0.9036 0.1012
vn -0.4491 0.6936 0.5632
vn -0.1720 0.9753 0.1389
vn -0.1434 0.8889 -0.4351
vn 0.7091 -0.2339 -0.6652
vn -0.1563 0.0517 -0.9864
vn 0.3362 0.1657 -0.9271
vn 0.7043 0.4147 -0.5762
vn -0.2438 0.9593 -0.1423
vn -0.6943 0.7088 -0.1244
vn 0.1916 0.9791 0.0683
vn 0.0778 -0.4848 -0.8712
vn 0.0806 0.0620 -0.9948
vn 0.4675 -0.7057 -0.5324
vn 0.1917 -0.5165 -0.8345
vn -0.1086 -0.8283 -0.5496
vn 0.1801 -0.5028 -0.8455
vn -0.1030 0.5750 0.8116
vn -0.0015 0.8333 0.5529
vn -0.1174 0.5903 0.7986
vn 0.9043 0.2697 0.3308
vn 0.8590 -0.3099 0.4075
vn 0.8202 -0.2144 -0.5304
vn 0.8243 0.5097 -0.2466
vn -0.8922 -0.2041 0.4030
vn -0.8927 0.4144 -0.1768
vn -0.7861 -0.5478 -0.2864
vn 0.1485 0.5244 -0.8384
vn 0.7632 0.1532 -0.6277
vn -0.2069 0.1488 -0.9670
vn 0.0181 0.9994 -0.0285
vn 0.7392 0.5965 -0.3126
vn 0.3404 0.5709 -0.7471
vn -0.0290 -0.9807 0.1933
vn 0.0144 -0.6971 0.7168
vn -0.3772 -0.8494 0.3691
vn -0.0005 -0.8906 0.4548
vn 0.0589 -0.5478 0.8345
vn -0.0367 -0.8856 0.4629
vn 0.3563 -0.9102 -0.2110
vn 0.3466 -0.9126 -0.2169
vn 0.0554 -0.8494 -0.5248
vn 0.5671 -0.6660 -0.4845
vn -0.0927 -0.8647 -0.4936
vn 0.1815 -0.9540 -0.2385
vn 0.1739 -0.9568 -0.2331
vn -0.1171 0.4280 0.8961
vn 0.3026 0.4633 0.8329
vn -0.1268 0.4536 0.8821
vn 0.1210 0.5908 -0.7977
vn 0.7458 0.0335 -0.6654
vn 0.3033 -0.2728 -0.9130
vn 0.2863 0.9495 0.1288
vn 0.6624 0.4883 -0.5681
vn -0.1015 0.8536 -0.5109
vn -0.0038 0.2314 -0.9729
vn 0.2837 -0.2124 -0.9351
vn -0.4041 -0.0500 -0.9134
vn -0.3482 -0.6831 0.6420
vn -0.0979 0.1417 0.9851
vn -0.7123 -0.3065 0.6314
vn -0.5567 0.0525 0.8290
vn -0.2852 0.3304 0.8997
vn -0.2859 0.3460 0.8936
vn 0.2168 0.9662 0.1392
vn 0.4826 0.6056 -0.6327
vn -0.0907 0.8643 -0.4948
vn -0.0721 0.9971 0.0252
vn 0.4733 0.6747 -0.5664
vn -0.2243 0.7517 -0.6202
vn -0.4654 0.8821 -0.0731
vn -0.4350 0.6586 0.6140
vn -0.0778 0.9601 0.2686
vn -0.9111 0.1981 -0.3614
vn -0.8476 -0.3519 -0.3971
vn -0.8512 -0.4634 0.2465
vn -0.9122 0.1186 0.3922
vn 0.1359 -0.2867 0.9483
vn -0.6571 0.0601 0.7514
vn -0.4757 -0.6566 0.5853
vn -0.1694 0.9604 0.2213
vn -0.1824 0.9592 0.2158
vn -0.1792 0.9584 0.2220
vn -0.2305 0.9502 0.2098
vn -0.2136 0.9533 0.2135
vn -0.2381 0.9511 0.1965
vn 0.7468 0.3926 0.5368
vn 0.8758 -0.3846 0.2917
vn 0.9503 0.0037 -0.3112
vn 0.8904 -0.4427 -0.1056
vn 0.8852 0.4651 0.0110
vn 0.8484 -0.2012 0.4896
vn 0.1621 0.2283 -0.9600
vn 0.6099 0.1824 -0.7712
vn -0.2734 -0.0299 -0.9614
vn -0.3199 0.9461 -0.0511
vn 0.4561 0.7900 -0.4098
vn -0.3072 0.7496 -0.5863
vn -0.2373 0.9643 -0.1172
vn 0.6016 0.6997 -0.3854
vn -0.1135 0.8322 -0.5427
vn -0.2302 -0.8336 0.5021
vn -0.0398 -0.5290 0.8477
vn -0.2848 -0.8227 0.4920
vn -0.8863 -0.2064 -0.4146
vn -0.8516 -0.3751 0.3662
vn -0.9239 0.2195 -0.3136
vn -0.3714 0.4509 0.8116
vn -0.4609 0.7884 0.4075
vn -0.4501 -0.0309 0.8925
vn 0.5104 -0.2833 0.8119
vn -0.2456 0.0268 0.9690
vn -0.3463 -0.6402 0.6858
vn -0.1185 0.9654 0.2323
vn -0.6340 0.7670 0.0987
vn -0.1143 0.9625 0.2462
vn -0.7294 -0.5458 -0.4124
vn -0.8680 -0.4004 0.2937
vn -0.9439 0.2187 0.2474
vn -0.9057 0.3253 -0.2719
vn 0.1801 -0.4440 -0.8777
vn -0.0082 -0.8205 -0.5716
vn 0.1768 -0.4400 -0.8804
vn 0.2163 -0.2339 -0.9479
vn 0.4329 -0.6268 -0.6478
vn 0.2139 -0.2324 -0.9488
vn -0.3506 0.3878 0.8525
vn -0.7189 0.4353 0.5419
vn -0.3890 -0.1552 0.9081
vn 0.1308 0.6012 -0.7883
vn 0.7625 0.0905 -0.6406
vn -0.1779 0.2249 -0.9580
vn -0.3359 -0.9292 0.1543
vn -0.4353 -0.6763 0.5943
vn -0.3805 -0.9141 0.1402
vn 0.0840 -0.3399 -0.9367
vn 0.1846 0.2209 -0.9577
vn 0.5493 -0.4749 -0.6876
vn 0.0877 -0.9333 -0.3482
vn -0.2030 -0.9778 -0.0525
vn -0.1494 -0.7868 -0.5989
vn 0.1201 0.6584 -0.7430
vn 0.7437 0.0900 -0.6624
vn 0.3013 -0.1918 -0.9341
vn 0.2381 0.0211 -0.9710
vn 0.4244 -0.3401 -0.8392
vn 0.0924 -0.5432 -0.8345
vn 0.2622 -0.1223 -0.9572
vn -0.2306 -0.1557 -0.9605
vn -0.0096 0.2867 -0.9580
vn 0.0150 0.7369 -0.6759
vn 0.6368 -0.3692 0.6769
vn 0.2279 0.1086 0.9676
vn -0.3290 -0.5701 0.7528
vn 0.9129 0.0456 0.4057
vn 0.8550 -0.4997 -0.1392
vn 0.8755 -0.3133 -0.3677
vn 0.9170 0.3575 -0.1768
vn 0.6457 0.7187 0.2579
vn 0.7110 0.5230 -0.4701
vn -0.0160 0.9690 -0.2466
vn -0.2345 0.9718 -0.0258
vn 0.6066 0.7293 -0.3163
vn -0.1065 0.8783 -0.4661
vn 0.1920 -0.7074 0.6802
vn -0.3350 -0.0510 0.9408
vn -0.6676 -0.4442 0.5974
vn -0.9115 0.2259 -0.3437
vn -0.8472 -0.3264 -0.4191
vn -0.8508 -0.4811 0.2113
vn -0.9119 0.0843 0.4016
vn -0.0785 0.9560 0.2826
vn -0.5573 0.6750 0.4836
vn 0.2783 0.7685 0.5762
vn 0.1100 -0.4363 0.8931
vn -0.2684 0.0872 0.9594
vn -0.7820 -0.3155 0.5376
vn 0.0792 -0.1704 -0.9822
vn 0.0871 -0.1703 -0.9815
vn 0.0874 -0.1735 -0.9809
vn -0.1706 0.9376 0.3030
vn -0.1632 0.9361 0.3116
vn -0.1727 0.9406 0.2923
vn 0.1736 0.3030 -0.9370
vn 0.5593 0.0069 -0.8290
vn -0.2670 0.0716 -0.9610
vn 0.6454 0.7381 0.1970
vn 0.7090 0.4833 -0.5135
vn -0.0156 0.9467 -0.3218
vn -0.8499 -0.4307 0.3035
vn -0.9186 0.2534 -0.3032
vn -0.8986 -0.3129 -0.3075
vn -0.1221 0.1816 0.9758
vn -0.0996 0.1909 0.9765
vn -0.1208 0.2239 0.9671
vn 0.7429 0.2687 0.6131
vn 0.8651 -0.4611 0.1975
vn 0.9582 0.0618 -0.2792
vn -0.0878 -0.5089 -0.8563
vn 0.3047 -0.1644 -0.9382
vn 0.7564 -0.1505 -0.6365
vn 0.9056 0.3662 -0.2138
vn 0.8244 -0.0775 0.5606
vn 0.8869 -0.3150 -0.3379
vn -0.3240 -0.9191 0.2243
vn -0.5813 -0.5018 0.6405
vn -0.4987 -0.8233 -0.2710
vn -0.2045 0.9225 0.3273
vn 0.3505 0.8501 0.3931
vn -0.4224 0.8978 -0.1249
vn -0.2241 -0.9397 0.2585
vn 0.1126 -0.7758 0.6208
vn -0.2651 -0.9243 0.2745
vn -0.3653 0.8836 0.2929
vn -0.4271 0.8640 -0.2667
vn -0.3814 0.8815 0.2785
vn -0.4726 0.0199 0.8811
vn 0.0765 -0.1563 0.9847
vn -0.0858 0.1763 0.9806
vn 0.9002 0.2097 0.3816
vn 0.8618 -0.3686 0.3484
vn 0.8124 -0.0639 -0.5796
vn 0.8287 0.5338 -0.1681
vn -0.0937 -0.5714 -0.8153
vn 0.3079 -0.2424 -0.9200
vn 0.7587 -0.2017 -0.6194
vn -0.9215 0.2319 -0.3116
vn -0.7184 -0.4934 -0.4903
vn -0.8876 -0.3565 0.2917
vn -0.2920 0.9205 0.2595
vn 0.4895 0.8561 -0.1657
vn -0.1796 0.9233 -0.3395
vn 0.6525 -0.0138 -0.7577
vn 0.3546 -0.1238 -0.9268
vn 0.0456 0.6516 -0.7572
vn 0.3525 0.4145 -0.8390
vn 0.3530 -0.0152 -0.9355
vn 0.7683 -0.1444 -0.6237
vn -0.0854 -0.3782 -0.9218
vn -0.3209 -0.9446 0.0689
vn -0.4437 -0.7153 0.5398
vn -0.3836 -0.9215 0.0606
vn 0.4526 0.1169 -0.8840
vn -0.1786 -0.0880 -0.9800
vn 0.0213 0.3584 -0.9333
vn 0.0250 0.3742 -0.9270
vn -0.0680 0.0529 0.9963
vn -0.0680 0.0752 0.9949
vn -0.0914 0.0608 0.9940
vn 0.2174 -0.0602 -0.9742
vn 0.2874 -0.5565 -0.7796
vn 0.2143 -0.0605 -0.9749
vn -0.6440 -0.2117 0.7351
vn -0.6653 -0.5122 0.5432
vn -0.3104 -0.7695 0.5581
vn -0.0579 -0.0109 0.9983
vn 0.4432 -0.1403 -0.8854
vn -0.1170 0.1751 -0.9776
vn 0.3559 0.3771 -0.8551
vn 0.3729 0.3767 -0.8480
vn 0.2125 -0.1629 -0.9635
vn 0.3773 -0.6014 -0.7043
vn 0.2116 -0.1621 -0.9638
vn -0.4485 0.8909 0.0718
vn -0.4293 0.5626 0.7066
vn -0.0804 0.9017 0.4248
vn -0.0973 0.9207 0.3780
vn -0.1394 0.9116 0.3867
vn -0.1101 0.9042 0.4127
vn -0.3361 -0.3328 0.8811
vn -0.3835 -0.6651 0.6408
vn 0.3771 -0.7166 0.5868
vn 0.2669 -0.0551 0.9622
vn 0.1296 -0.4608 0.8780
vn -0.6521 -0.0651 0.7554
vn -0.4938 -0.7324 0.4688
vn -0.8659 -0.3523 0.3550
vn -0.9167 0.3524 -0.1883
vn -0.8502 -0.2487 -0.4640
vn 0.0108 -0.9997 0.0211
vn -0.1365 -0.8654 0.4821
vn -0.0290 -0.9992 0.0267
vn 0.0880 -0.0879 -0.9922
vn 0.1949 0.4589 -0.8669
vn 0.5526 -0.2807 -0.7848
vn 0.2826 -0.1128 -0.9526
vn -0.2058 0.0239 -0.9783
vn 0.1731 0.3639 -0.9152
vn 0.1801 0.3756 -0.9091
vn 0.8441 -0.2355 0.4818
vn 0.9263 -0.1697 -0.3365
vn 0.9035 0.4214 -0.0780
vn -0.1801 -0.0533 0.9822
vn -0.1868 -0.0609 0.9805
vn -0.1720 -0.0665 0.9829
vn 0.9078 0.3742 -0.1892
vn 0.8285 -0.1376 0.5429
vn 0.8797 -0.2820 -0.3828
vn -0.1196 -0.0699 0.9904
vn -0.1046 -0.0631 0.9925
vn -0.1110 -0.0479 0.9927
vn -0.2139 -0.0065 0.9768
vn -0.1229 0.7639 0.6335
vn -0.3823 0.8629 0.3306
vn -0.4084 0.8453 0.3446
vn -0.6029 0.5576 0.5706
vn -0.1661 0.9060 0.3892
vn -0.3426 0.9250 -0.1642
vn -0.2559 -0.9561 0.1431
vn 0.0591 -0.8590 0.5085
vn -0.3001 -0.9420 0.1502
vn -0.3145 0.8640 0.3932
vn -0.6355 0.7721 -0.0035
vn -0.3308 0.8535 0.4027
vn 0.0339 0.1199 -0.9922
vn 0.3919 -0.0431 -0.9190
vn 0.3089 -0.4340 -0.8463
vn -0.4276 -0.9034 0.0310
vn -0.3823 -0.7633 0.5209
vn -0.4445 -0.8951 0.0355
vn -0.8915 -0.3493 0.2883
vn -0.9133 0.4008 -0.0719
vn -0.7453 -0.4502 -0.4918
vn 0.3514 -0.8219 -0.4483
vn 0.0581 -0.6802 -0.7307
vn 0.5748 -0.5085 -0.6411
vn 0.1637 -0.8623 -0.4793
vn 0.5962 -0.7219 -0.3513
vn 0.1731 -0.8677 -0.4660
vn 0.8522 -0.3803 0.3592
vn 0.9292 -0.1061 -0.3540
vn 0.9048 0.4259 -0.0051
vn 0.0982 -0.8652 -0.4916
vn 0.0746 -0.8809 -0.4674
vn 0.0869 -0.8687 -0.4877
vn 0.0010 -0.9976 -0.0687
vn -0.0253 -0.9044 0.4260
vn -0.0328 -0.9978 -0.0578
vn -0.4142 0.2025 -0.8873
vn 0.0931 0.2780 -0.9561
vn 0.2185 -0.2106 -0.9528
vn 0.1338 0.7756 -0.6169
vn 0.7445 0.1920 -0.6394
vn 0.2923 -0.0292 -0.9559
vn -0.3679 -0.1936 0.9095
vn -0.7451 0.0480 0.6653
vn -0.3883 -0.6505 0.6527
vn 0.2044 0.8251 0.5267
vn 0.4443 0.8309 -0.3348
vn -0.1341 0.9881 -0.0751
vn -0.3103 0.8354 0.4536
vn 0.3053 0.9365 -0.1723
vn -0.3329 0.8985 -0.2861
vn -0.3173 -0.8373 0.4452
vn -0.1210 -0.1199 0.9854
vn -0.7152 -0.4627 0.5239
vn 0.7667 0.1731 0.6182
vn 0.8853 -0.4629 0.0444
vn 0.9427 0.1662 -0.2894
vn -0.3387 0.7676 0.5441
vn 0.3554 0.9342 0.0315
vn -0.3167 0.9368 -0.1488
vn -0.3318 0.8079 0.4870
vn 0.3532 0.9326 -0.0747
vn -0.3074 0.9243 -0.2260
vn 0.8660 -0.2582 -0.4283
vn 0.9118 0.3921 0.1218
vn 0.8406 -0.2444 0.4834
vn -0.9279 0.3729 -0.0021
vn -0.8476 -0.2394 -0.4735
vn -0.8641 -0.3858 0.3232
vn -0.2247 0.8641 0.4504
vn -0.2065 0.8691 0.4494
vn -0.2317 0.8666 0.4419
vn -0.1780 0.8671 0.4652
vn -0.1710 0.8687 0.4648
vn -0.1832 0.8687 0.4602
vn 0.0884 0.5378 -0.8384
vn 0.5521 0.4746 -0.6855
vn -0.3291 0.2700 -0.9049
vn -0.1106 -0.1561 0.9815
vn -0.0698 -0.1478 0.9866
vn -0.1120 -0.1162 0.9869
vn -0.2254 -0.9701 -0.0904
vn 0.1069 -0.9369 0.3328
vn -0.2755 -0.9597 -0.0561
vn -0.4568 -0.2010 0.8666
vn 0.0804 -0.4020 0.9121
vn -0.0801 -0.0765 0.9938
vn -0.8626 0.0397 0.5044
vn -0.9149 0.2372 -0.3267
vn -0.9257 -0.2985 -0.2323
vn 0.6511 0.5377 0.5356
vn 0.7101 0.6750 -0.2004
vn -0.0105 0.9800 0.1988
vn 0.9073 0.3939 -0.1471
vn 0.8240 -0.1740 0.5392
vn 0.8863 -0.2367 -0.3980
vn 0.5153 -0.4526 0.7278
vn -0.2559 -0.2160 0.9423
vn -0.3643 -0.7701 0.5236
vn -0.1125 -0.2478 0.9623
vn -0.0613 -0.2325 0.9707
vn -0.1054 -0.1977 0.9746
vn 0.0169 0.0810 0.9966
vn -0.1591 -0.2126 0.9641
vn -0.0902 -0.5640 0.8208
vn -0.1793 0.6694 0.7209
vn -0.3875 0.8287 0.4039
vn -0.4119 0.8143 0.4090
vn 0.5017 -0.8258 -0.2576
vn 0.0818 -0.8814 -0.4653
vn 0.1004 -0.8708 -0.4813
vn -0.2513 0.9456 0.2067
vn -0.6991 0.7001 0.1455
vn 0.1875 0.8941 0.4067
vn 0.8604 0.4585 0.2227
vn 0.7276 -0.4463 0.5210
vn 0.8863 -0.4275 -0.1781
vn -0.9146 -0.3288 -0.2353
vn -0.8718 0.3286 0.3633
vn -0.9009 0.1734 -0.3979
vn 0.1304 -0.6312 0.7646
vn -0.6118 0.0753 0.7874
vn -0.5840 -0.7515 0.3068
vn 0.7078 0.0038 -0.7064
vn -0.1581 0.3829 -0.9102
vn 0.3359 0.4682 -0.8173
vn 0.7048 0.5840 -0.4028
vn -0.0004 -0.9497 -0.3133
vn 0.0097 -0.9818 0.1895
vn -0.0258 -0.9532 -0.3014
vn -0.8918 -0.3343 0.3048
vn -0.8974 0.4404 -0.0285
vn -0.7791 -0.4070 -0.4767
vn -0.1196 -0.3240 0.9385
vn 0.3000 -0.2584 0.9183
vn -0.1219 -0.3097 0.9430
vn 0.1071 -0.8260 -0.5533
vn 0.1085 -0.8354 -0.5388
vn 0.1054 -0.8330 -0.5431
vn 0.2131 -0.8380 -0.5023
vn 0.1204 0.8418 -0.5261
vn 0.7685 0.2622 -0.5836
vn 0.3273 0.0797 -0.9416
vn -0.1781 -0.2903 0.9402
vn -0.2085 -0.2961 0.9321
vn -0.1764 -0.3103 0.9341
vn 0.0990 0.3398 -0.9353
vn 0.1161 0.3423 -0.9324
vn 0.1094 0.3334 -0.9364
vn 0.0133 -0.9406 -0.3391
vn -0.3859 -0.9223 0.0182
vn -0.3957 -0.7199 -0.5702
vn 0.2237 0.5546 -0.8015
vn 0.4145 0.1835 -0.8914
vn 0.0802 0.0178 -0.9966
vn -0.0218 -0.7789 -0.6267
vn -0.2077 -0.9717 0.1129
vn -0.3588 -0.8467 -0.3929
vn 0.6812 -0.4912 0.5428
vn 0.2255 -0.1347 0.9649
vn -0.2772 -0.7540 0.5955
vn 0.1823 0.6070 0.7735
vn 0.4370 0.8981 -0.0494
vn -0.1264 0.9635 0.2359
vn -0.6732 0.6986 0.2424
vn -0.1555 0.8201 0.5507
vn -0.3181 0.9473 0.0366
vn -0.0927 0.8407 0.5335
vn -0.1351 0.8305 0.5404
vn -0.1056 0.8185 0.5647
vn 0.8536 0.1697 -0.4925
vn 0.9167 0.0790 0.3916
vn 0.8404 -0.2918 0.4567
vn 0.3605 0.5266 -0.7699
vn 0.4432 0.0186 -0.8962
vn -0.1554 0.4535 -0.8776
vn 0.1134 -0.5995 0.7923
vn -0.6624 -0.1991 0.7222
vn -0.7375 -0.5651 0.3697
vn -0.9281 0.3713 0.0290
vn -0.8467 -0.1986 -0.4936
vn -0.8643 -0.4124 0.2881
vn 0.3905 -0.6721 0.6292
vn -0.1983 -0.3278 0.9237
vn -0.5671 -0.7246 0.3917
vn 0.0875 0.6105 -0.7872
vn 0.5517 0.5321 -0.6423
vn -0.3333 0.3531 -0.8742
vn -0.8156 -0.3770 -0.4389
vn -0.8650 -0.4889 0.1129
vn -0.9507 0.1380 0.2777
vn -0.8859 0.2461 -0.3932
vn -0.2372 -0.2638 0.9349
vn 0.0313 -0.4826 0.8753
vn -0.3288 -0.3730 0.8676
vn -0.6485 -0.4875 0.5846
vn -0.9175 -0.2586 -0.3023
vn -0.8708 0.2893 0.3976
vn -0.8884 0.2549 -0.3817
vn -0.4297 0.7608 0.4863
vn -0.4299 0.7622 0.4840
vn -0.1173 0.6582 0.7436
vn -0.2573 0.9506 0.1737
vn -0.1620 -0.7565 -0.6336
vn 0.5734 -0.6964 -0.4317
vn 0.1796 -0.8146 -0.5515
vn -0.2532 0.9288 0.2707
vn -0.7006 0.6894 0.1840
vn 0.1857 0.8649 0.4663
vn -0.2368 -0.3424 0.9092
vn 0.1941 0.9422 0.2729
vn -0.5974 0.7805 0.1842
vn -0.2150 0.7882 0.5767
vn -0.2287 0.7871 0.5729
vn 0.9005 0.1332 0.4139
vn 0.8282 -0.2556 0.4987
vn 0.8525 0.2844 -0.4385
vn 0.2575 0.5107 0.8203
vn 0.6664 0.7456 0.0089
vn -0.1157 0.9362 0.3318
vn -0.3403 0.5883 0.7336
vn 0.3489 0.9005 0.2595
vn -0.3180 0.9426 0.1017
vn 0.2134 -0.7903 -0.5744
vn 0.0845 -0.7541 -0.6513
vn -0.1800 -0.8941 -0.4101
vn -0.1603 -0.5158 -0.8416
vn -0.3706 -0.3486 0.8609
vn -0.7643 -0.0593 0.6422
vn -0.3915 -0.7323 0.5571
vn -0.0258 -0.1796 0.9834
vn -0.1985 -0.4556 0.8678
vn -0.1053 -0.7567 0.6453
vn 0.3386 0.3976 -0.8528
vn 0.7570 0.1560 -0.6345
vn -0.0947 0.0303 -0.9950
vn 0.0377 0.6215 -0.7825
vn 0.5107 0.5576 -0.6544
vn -0.1992 0.2246 -0.9539
vn 0.1864 -0.7615 0.6207
vn -0.1105 -0.2856 0.9520
vn -0.6820 -0.6246 0.3805
vn -0.1071 -0.4784 0.8716
vn 0.3065 -0.4033 0.8622
vn -0.1226 -0.4526 0.8832
vn 0.0449 -0.5117 0.8580
vn -0.3450 -0.4298 0.8344
vn -0.5899 -0.5939 0.5471
vn 0.9145 -0.0891 0.3946
vn 0.8475 -0.3330 0.4135
vn 0.8593 -0.1904 -0.4747
vn 0.9191 0.3921 -0.0399
vn -0.2293 0.7683 0.5976
vn -0.2070 0.7834 0.5861
vn -0.0923 0.7919 0.6036
vn -0.1344 0.7811 0.6098
vn -0.1051 0.7671 0.6329
vn -0.2237 -0.4274 0.8760
vn -0.2228 -0.4252 0.8772
vn -0.2249 -0.4244 0.8771
vn 0.3539 0.5873 -0.7278
vn 0.4402 0.0959 -0.8927
vn -0.1610 0.5296 -0.8328
vn 0.0962 -0.7603 0.6424
vn -0.2676 -0.2556 0.9290
vn -0.7771 -0.4917 0.3929
vn -0.8658 -0.4326 0.2514
vn -0.9171 0.3871 -0.0955
vn -0.8493 -0.1241 -0.5132
vn -0.1777 0.7669 0.6166
vn -0.1590 0.7693 0.6188
vn -0.1888 0.7772 0.6003
vn 0.6478 0.4347 0.6256
vn 0.7053 0.7046 -0.0781
vn -0.0161 0.9270 0.3748
vn -0.2384 0.6435 -0.7274
vn 0.5583 0.2401 -0.7941
vn 0.0732 0.3696 -0.9263
vn 0.0428 0.5333 -0.8449
vn 0.4077 0.3444 -0.8457
vn 0.3353 -0.0336 -0.9415
vn -0.1145 -0.4006 0.9091
vn 0.3042 -0.3320 0.8929
vn -0.1121 -0.3927 0.9128
vn -0.3696 -0.4775 0.7971
vn -0.4454 0.0553 0.8936
vn -0.4550 -0.7863 0.4179
vn 0.9300 0.1730 -0.3243
vn 0.8439 -0.0264 0.5358
vn 0.8975 -0.3754 -0.2314
vn 0.8811 -0.1438 -0.4506
vn 0.8934 0.4432 0.0740
vn 0.8317 -0.2649 0.4880
vn 0.5210 -0.5608 0.6434
vn -0.2489 -0.3827 0.8897
vn -0.4472 -0.7626 0.4674
vn 0.2171 0.6124 -0.7602
vn 0.5766 0.2699 -0.7711
vn -0.2716 0.4825 -0.8327
vn -0.1517 0.5497 0.8214
vn -0.3767 0.7509 0.5424
vn -0.4039 0.7308 0.5504
vn 0.3498 -0.6769 -0.6476
vn 0.0524 -0.4612 -0.8858
vn 0.5759 -0.3163 -0.7539
vn -0.9169 0.3504 -0.1913
vn -0.7447 -0.3083 -0.5920
vn -0.8949 -0.3991 0.1998
vn -0.8800 0.2033 0.4292
vn -0.8619 0.1288 -0.4905
vn -0.7949 -0.6057 -0.0370
vn 0.8347 -0.4766 0.2760
vn 0.8869 -0.3319 -0.3212
vn 0.8554 0.3702 0.3622
vn -0.9172 -0.1851 -0.3529
vn -0.8717 0.1357 0.4708
vn -0.8959 0.3385 -0.2877
vn 0.0857 -0.6900 -0.7187
vn 0.0732 -0.6939 -0.7163
vn 0.0652 -0.6884 -0.7224
vn 0.7662 -0.1924 0.6131
vn 0.8810 -0.4417 -0.1695
vn 0.9421 0.2746 -0.1924
vn 0.1141 0.9239 -0.3651
vn 0.7352 0.3949 -0.5510
vn 0.3113 0.2553 -0.9154
vn -0.0100 -0.8019 -0.5974
vn 0.0326 -0.9886 -0.1467
vn -0.0324 -0.8025 -0.5957
vn 0.2177 0.5050 -0.8352
vn 0.2196 0.5018 -0.8367
vn -0.8471 -0.4979 -0.1859
vn -0.9191 0.3937 0.0158
vn -0.8922 0.0570 -0.4479
vn 0.6586 -0.5989 0.4555
vn 0.2152 -0.2951 0.9309
vn -0.2586 -0.8769 0.4053
vn 0.1107 0.7268 -0.6778
vn 0.4187 0.4827 -0.7692
vn 0.2354 0.1616 -0.9584
vn 0.8594 0.1797 -0.4787
vn 0.9121 0.0180 0.4096
vn 0.8480 -0.4597 0.2639
vn 0.8465 -0.4273 0.3176
vn 0.9295 0.0511 -0.3653
vn 0.9017 0.3949 0.1761
vn -0.9444 0.0323 0.3272
vn -0.8699 0.0231 -0.4928
vn -0.8394 -0.5283 -0.1275
vn -0.0932 0.7328 0.6740
vn -0.1079 0.7214 0.6840
vn -0.1016 0.7078 0.6990
vn 0.3301 0.6940 -0.6398
vn 0.7858 0.4436 -0.4309
vn 0.1554 0.2620 -0.9525
vn 0.3930 -0.7854 0.4782
vn -0.1854 -0.4891 0.8523
vn -0.5645 -0.7840 0.2583
vn -0.1685 0.7237 0.6692
vn -0.1556 0.7144 0.6823
vn -0.1716 0.7342 0.6569
vn 0.0847 0.7390 -0.6683
vn 0.5574 0.6279 -0.5432
vn -0.3217 0.4929 -0.8084
vn -0.2190 -0.5513 0.8051
vn -0.1889 -0.7788 -0.5981
vn -0.4933 -0.8544 -0.1633
vn -0.2242 -0.7711 -0.5960
vn -0.4186 0.6811 0.6007
vn -0.4320 0.6692 0.6045
vn -0.2293 0.4248 0.8758
vn -0.2527 0.9062 0.3391
vn 0.1968 0.3220 0.9261
vn 0.4457 0.8617 0.2424
vn -0.1097 0.8323 0.5434
vn -0.2945 -0.6511 0.6996
vn -0.2950 -0.6493 0.7010
vn -0.2968 -0.6486 0.7008
vn -0.8560 -0.1718 0.4876
vn -0.9100 0.3663 -0.1940
vn -0.9220 -0.1710 -0.3475
vn 0.8913 -0.1433 -0.4302
vn 0.8933 0.4324 0.1225
vn 0.8203 -0.3036 0.4847
vn -0.4943 0.5610 0.6640
vn 0.3672 0.7719 0.5190
vn -0.1939 0.9591 0.2060
vn -0.6774 -0.3429 0.6508
vn -0.4541 -0.8754 0.1657
vn -0.0906 -0.9385 0.3332
vn 0.1191 -0.6726 0.7303
vn 0.5057 -0.7321 -0.4565
vn 0.0656 -0.7393 -0.6702
vn 0.1055 -0.7194 -0.6865
vn 0.3565 -0.6205 -0.6985
vn 0.0690 -0.3767 -0.9238
vn 0.5811 -0.2529 -0.7735
vn -0.0986 0.3456 -0.9332
vn 0.3181 0.6124 -0.7237
vn 0.7538 0.3971 -0.5236
vn -0.2626 0.8382 0.4780
vn -0.7078 0.6080 0.3596
vn 0.1676 0.7203 0.6731
vn -0.1148 -0.6193 0.7767
vn 0.3042 -0.5512 0.7769
vn -0.1096 -0.6156 0.7804
vn -0.2093 0.6752 0.7073
vn 0.2119 0.8586 0.4668
vn -0.6642 0.6300 0.4023
vn -0.0846 -0.8315 0.5491
vn 0.0161 -0.5838 0.8117
vn -0.0966 -0.8248 0.5572
vn -0.8801 0.1646 0.4453
vn -0.8619 0.1728 -0.4767
vn -0.7950 -0.5999 -0.0895
vn 0.2235 -0.0341 -0.9741
vn 0.6181 -0.3002 -0.7265
vn 0.2208 -0.0504 -0.9740
vn 0.1881 0.1325 0.9732
vn 0.4507 0.7875 0.4203
vn -0.1419 0.6975 0.7024
vn 0.3521 0.3573 -0.8651
vn -0.3662 0.4768 -0.7991
vn -0.0228 0.7232 -0.6903
vn 0.0292 0.9660 -0.2569
vn 0.8352 -0.1746 0.5216
vn 0.8851 -0.3685 -0.2843
vn 0.9186 0.3660 0.1494
vn 0.6543 -0.6416 0.4004
vn 0.2164 -0.3786 0.8999
vn -0.2697 -0.9047 0.3298
vn 0.0581 -0.8226 0.5656
vn -0.3554 -0.7261 0.5886
vn -0.5818 -0.7706 0.2601
vn -0.8607 -0.5089 -0.0141
vn -0.9197 0.3707 0.1293
vn -0.9181 0.0785 -0.3886
vn -0.3550 0.4068 0.8417
vn 0.3627 0.7911 0.4925
vn -0.2985 0.8900 0.3446
vn 0.8464 0.1967 -0.4949
vn 0.9004 0.3461 0.2636
vn 0.8595 -0.4093 0.3061
vn -0.8140 -0.5685 0.1195
vn -0.9141 0.3068 0.2652
vn -0.8371 0.1223 -0.5332
vn 0.0793 0.8178 -0.5700
vn 0.0888 0.8177 -0.5687
vn 0.0888 0.8168 -0.5701
vn 0.2557 0.6651 -0.7016
vn 0.0972 0.2404 -0.9658
vn 0.2538 0.6671 -0.7004
vn 0.1772 0.7258 -0.6647
vn 0.1747 0.7210 -0.6706
vn 0.3305 0.7693 -0.5467
vn 0.7513 0.4143 -0.5137
vn 0.1745 0.3974 -0.9009
vn -0.0931 0.6723 0.7344
vn -0.1127 0.6579 0.7446
vn -0.1014 0.6452 0.7573
vn 0.3310 0.7475 -0.5760
vn 0.7855 0.4801 -0.3904
vn 0.1528 0.3467 -0.9254
vn 0.1134 -0.7888 0.6041
vn -0.6626 -0.3844 0.6428
vn -0.7332 -0.6497 0.2007
vn 0.3845 -0.8244 0.4154
vn -0.1753 -0.5428 0.8214
vn -0.5724 -0.7931 0.2081
vn -0.1669 0.6629 0.7299
vn -0.1535 0.6509 0.7435
vn -0.1708 0.6784 0.7145
vn 0.0207 -0.6764 -0.7362
vn -0.3747 -0.8127 -0.4462
vn -0.4064 -0.3631 -0.8384
vn -0.1032 -0.6879 0.7184
vn -0.0991 -0.6858 0.7211
vn -0.1046 -0.6763 0.7291
vn -0.8117 -0.2991 -0.5017
vn -0.8629 -0.5050 -0.0213
vn -0.9495 0.0447 0.3105
vn -0.8880 0.3392 -0.3105
vn -0.0868 0.5098 -0.8559
vn 0.3080 0.7353 -0.6037
vn 0.7645 0.4713 -0.4399
vn -0.0200 -0.3632 -0.9315
vn -0.2090 -0.8985 -0.3860
vn -0.3576 -0.5381 -0.7633
vn 0.9069 0.4206 0.0242
vn 0.8166 -0.3431 0.4642
vn 0.8961 -0.1108 -0.4299
vn 0.1723 0.7524 -0.6358
vn 0.5867 0.4474 -0.6750
vn -0.2429 0.5290 -0.8131
vn 0.5032 -0.6855 -0.5262
vn 0.0610 -0.6733 -0.7368
vn 0.0990 -0.6613 -0.7436
vn 0.0867 0.7031 -0.7058
vn 0.1865 0.9604 -0.2072
vn 0.5555 0.4259 -0.7141
vn 0.5532 0.1399 0.8212
vn 0.6668 0.6727 0.3206
vn -0.1087 0.7040 0.7018
vn -0.2139 -0.7524 0.6230
vn -0.4094 0.6291 0.6607
vn -0.4230 0.6033 0.6760
vn -0.0422 0.5441 0.8380
vn -0.2936 0.8697 0.3967
vn 0.1936 0.8416 0.5042
vn -0.5915 0.7186 0.3657
vn -0.2215 0.6172 0.7550
vn -0.2083 0.6324 0.7461
vn 0.7752 0.4406 -0.4526
vn 0.3031 0.3718 -0.8774
vn 0.0756 0.9539 -0.2905
vn 0.3808 0.7802 -0.4963
vn 0.1855 -0.5764 -0.7958
vn 0.6149 -0.4978 -0.6116
vn 0.1892 -0.5838 -0.7895
vn 0.8040 -0.3120 0.5062
vn 0.9022 -0.2467 -0.3539
vn 0.8568 0.4100 0.3127
vn -0.3060 0.2079 0.9291
vn 0.3244 0.7181 0.6157
vn -0.3381 0.8014 0.4934
vn 0.3631 -0.5505 -0.7517
vn 0.3651 -0.5556 -0.7470
vn 0.8440 0.1560 -0.5132
vn 0.9016 0.3911 0.1846
vn 0.8470 -0.5002 0.1800
vn 0.2211 -0.6197 -0.7530
vn 0.2156 -0.6130 -0.7601
vn 0.2213 -0.6082 -0.7623
vn 0.2320 0.4295 -0.8728
vn -0.1510 0.3898 -0.9084
vn 0.0053 0.7791 -0.6268
vn 0.0262 0.8029 -0.5955
vn 0.1099 0.9130 -0.3928
vn 0.4287 0.7185 -0.5477
vn 0.2455 0.4867 -0.8383
vn -0.0136 0.2380 0.9712
vn 0.7305 0.4385 0.5234
vn 0.3282 0.8399 0.4323
vn -0.6508 -0.5491 0.5243
vn -0.3741 -0.9243 0.0763
vn -0.4703 -0.8767 0.1007
vn 0.0219 -0.5685 0.8224
vn -0.9107 0.3830 -0.1549
vn -0.8457 -0.0208 -0.5332
vn -0.8498 -0.5154 -0.1108
vn -0.9129 -0.1667 0.3726
vn -0.3406 -0.7957 0.5009
vn -0.3369 -0.7921 0.5089
vn -0.3528 -0.7924 0.4976
vn -0.1160 0.6201 -0.7759
vn 0.2917 0.8380 -0.4612
vn 0.6831 0.5023 -0.5301
vn -0.2481 0.8343 0.4923
vn -0.2560 0.0754 0.9637
vn -0.0541 0.5585 0.8277
vn -0.1190 0.6044 0.7877
vn -0.5866 0.6228 0.5178
vn 0.0371 0.1323 0.9905
vn -0.0144 -0.1901 -0.9817
vn 0.0067 -0.7537 -0.6572
vn -0.3680 -0.3873 -0.8454
vn -0.2145 0.6040 0.7676
vn -0.1977 0.6030 0.7728
vn -0.2216 0.6136 0.7579
vn -0.1761 0.5747 0.7992
vn -0.1629 0.5761 0.8010
vn -0.1854 0.5856 0.7891
vn -0.8627 -0.4873 -0.1350
vn -0.9194 0.3254 0.2209
vn -0.9175 0.1783 -0.3556
vn 0.7468 -0.4803 0.4600
vn 0.8701 -0.3415 -0.3554
vn 0.9543 0.2966 -0.0365
vn 0.0774 -0.9367 0.3414
vn -0.3386 -0.8376 0.4286
vn -0.6442 -0.7493 0.1534
vn -0.8605 -0.4745 -0.1851
vn -0.9224 0.2983 0.2454
vn -0.9178 0.2079 -0.3383
vn 0.8772 -0.0565 -0.4769
vn 0.8974 0.4066 0.1712
vn 0.8352 -0.3880 0.3897
vn 0.5250 -0.7686 0.3656
vn -0.1765 -0.6478 0.7411
vn -0.3749 -0.9225 0.0922
vn -0.2684 0.0276 0.9629
vn 0.3808 0.5700 0.7281
vn -0.3269 0.7050 0.6293
vn 0.6328 0.4792 -0.6082
vn 0.0566 0.4507 -0.8909
vn 0.1848 0.8007 -0.5699
vn 0.2173 0.7964 -0.5644
vn -0.1077 -0.8312 0.5454
vn -0.1164 -0.8345 0.5386
vn -0.1083 -0.8476 0.5195
vn -0.0966 -0.9787 0.1809
vn -0.2063 -0.5116 0.8341
vn -0.7460 -0.6448 0.1663
vn -0.4798 -0.4432 -0.7572
vn -0.3594 -0.8176 -0.4498
vn -0.5008 -0.4393 -0.7458
vn 0.3803 0.8184 -0.4309
vn 0.3927 0.8120 -0.4317
vn 0.3970 0.8032 -0.4442
vn -0.3698 -0.8123 0.4510
vn -0.7335 -0.4797 0.4815
vn -0.3973 -0.9128 -0.0944
vn -0.2687 -0.7035 -0.6579
vn -0.0266 -0.2517 -0.9674
vn 0.0890 -0.5810 -0.8091
vn 0.1094 -0.6032 -0.7900
vn -0.1664 -0.8734 0.4577
vn -0.1697 -0.8737 0.4559
vn -0.1695 -0.8785 0.4467
vn 0.7592 0.4727 -0.4475
vn 0.3288 0.4123 -0.8497
vn 0.0849 0.9654 -0.2467
vn 0.3816 0.8167 -0.4330
vn -0.5077 0.2841 0.8134
vn 0.3522 0.5578 0.7516
vn -0.2107 0.8291 0.5179
vn -0.8135 -0.5812 -0.0193
vn -0.9435 -0.0445 0.3283
vn -0.8782 0.1165 -0.4638
vn 0.3546 -0.4894 -0.7967
vn 0.3507 -0.4897 -0.7983
vn 0.0538 -0.2204 -0.9739
vn 0.5758 -0.1149 -0.8095
vn -0.0545 -0.3566 -0.9327
vn -0.1349 -0.7522 -0.6450
vn -0.0805 -0.3512 -0.9329
vn -0.2364 -0.0148 0.9715
vn 0.4460 0.4316 0.7841
vn -0.3252 0.5788 0.7478
vn 0.1105 -0.5185 -0.8479
vn 0.1352 -0.5462 -0.8267
vn 0.1040 -0.5219 -0.8467
vn 0.0908 -0.4837 -0.8705
vn -0.1621 -0.6824 -0.7127
vn -0.1638 -0.1856 -0.9689
vn -0.8795 -0.4493 0.1570
vn -0.9007 0.4333 -0.0313
vn -0.9162 0.0454 -0.3980
vn -0.0286 -0.0325 -0.9991
vn -0.2035 -0.7098 -0.6743
vn -0.3542 -0.2538 -0.9001
vn -0.3823 -0.9239 -0.0147
vn -0.0948 -0.5952 0.7979
vn -0.7229 -0.6555 0.2185
vn 0.8590 0.2987 -0.4157
vn 0.9149 -0.0822 0.3952
vn 0.8489 -0.5147 0.1201
vn 0.3337 0.9424 0.0221
vn 0.4254 0.8355 -0.3477
vn 0.1215 0.7756 -0.6194
vn -0.0732 -0.9689 0.2364
vn 0.0190 -0.8257 0.5637
vn -0.0938 -0.9656 0.2424
vn 0.3386 0.9400 -0.0412
vn 0.4282 0.8036 -0.4134
vn 0.0612 0.7957 -0.6026
vn -0.2341 0.5223 0.8200
vn -0.2152 0.5289 0.8209
vn 0.3252 0.8460 -0.4225
vn 0.7539 0.5073 -0.4175
vn 0.1828 0.5309 -0.8275
vn -0.8659 -0.4936 0.0805
vn -0.9164 0.3974 0.0471
vn -0.8478 0.0329 -0.5293
vn -0.1738 0.5171 0.8381
vn -0.1627 0.5177 0.8400
vn -0.1796 0.5250 0.8319
vn 0.0813 0.8868 -0.4550
vn 0.5456 0.7571 -0.3594
vn -0.3360 0.6860 -0.6454
vn -0.0275 -0.1200 -0.9924
vn -0.1914 -0.7660 -0.6137
vn -0.3542 -0.3331 -0.8738
vn -0.1090 -0.9280 0.3564
vn -0.1037 -0.9243 0.3674
vn -0.1068 -0.9237 0.3680
vn 0.2343 -0.9694 0.0730
vn 0.1204 -0.7878 0.6040
vn -0.1086 -0.9325 0.3444
vn 0.8459 -0.5277 -0.0780
vn 0.9270 0.2561 -0.2740
vn 0.9023 0.2185 0.3717
vn 0.2096 -0.1053 0.9721
vn 0.4722 0.6475 0.5982
vn -0.1197 0.5092 0.8523
vn -0.6273 0.3459 0.6978
vn -0.1009 0.5044 0.8576
vn -0.0897 0.8807 0.4650
vn -0.9512 0.0561 0.3034
vn -0.8668 0.1212 -0.4837
vn -0.8648 -0.4932 -0.0940
vn 0.9068 0.4159 0.0689
vn 0.8257 -0.4239 0.3722
vn 0.8832 0.0034 -0.4690
vn 0.5163 -0.7483 0.4166
vn -0.2368 -0.6724 0.7012
vn -0.3601 -0.9319 0.0435
vn 0.8066 -0.5911 0.0013
vn 0.9024 -0.0831 -0.4227
vn 0.8426 0.0376 0.5372
vn -0.0893 -0.9917 0.0930
vn -0.2059 -0.5871 0.7829
vn -0.7403 -0.6642 0.1038
vn 0.2123 0.9264 -0.3111
vn 0.2028 0.9242 -0.3236
vn -0.2520 0.7117 0.6557
vn -0.6990 0.5235 0.4871
vn 0.1893 0.5714 0.7986
vn -0.8191 -0.5573 -0.1360
vn -0.9138 0.1960 0.3558
vn -0.8292 0.3084 -0.4661
vn 0.9042 -0.0907 0.4175
vn 0.8579 -0.5139 0.0024
vn 0.8205 0.2567 -0.5108
vn 0.8253 0.5156 0.2302
vn 0.1389 0.9862 -0.0902
vn 0.7811 0.5651 -0.2657
vn 0.2781 0.5137 -0.8116
vn 0.2663 -0.0298 -0.9634
vn 0.1313 -0.5995 -0.7896
vn -0.0847 -0.3232 -0.9425
vn 0.3533 -0.4165 -0.8377
vn 0.0547 -0.1373 -0.9890
vn 0.5823 -0.0354 -0.8122
vn 0.3362 0.5713 -0.7487
vn -0.3532 0.6545 -0.6685
vn -0.0100 0.8769 -0.4805
vn 0.0247 0.9996 0.0125
vn 0.1205 0.9922 -0.0332
vn 0.7719 0.5178 -0.3689
vn 0.3299 0.5388 -0.7752
vn -0.1167 -0.9530 0.2796
vn 0.3025 -0.8983 0.3188
vn -0.1129 -0.9518 0.2852
vn 0.9301 0.3578 -0.0833
vn 0.8435 -0.4247 0.3290
vn 0.8986 -0.0579 -0.4350
vn 0.6890 -0.6840 0.2396
vn 0.2376 -0.5814 0.7782
vn -0.2420 -0.9659 0.0924
vn -0.8117 -0.1892 -0.5526
vn -0.8626 -0.4837 -0.1483
vn -0.9489 -0.0374 0.3134
vn -0.8906 0.4028 -0.2112
vn -0.4619 0.6114 -0.6425
vn 0.0813 0.7985 -0.5964
vn -0.0757 0.5710 -0.8175
vn -0.0936 0.5215 0.8481
vn 0.2926 0.5470 0.7843
vn -0.1087 0.5395 0.8349
vn 0.6339 -0.2764 0.7223
vn 0.7247 0.4565 0.5161
vn -0.0220 0.2448 0.9693
vn -0.2607 0.7626 0.5920
vn -0.4318 -0.0562 0.9002
vn -0.0698 0.4066 0.9109
vn 0.1231 -0.9133 0.3882
vn -0.6626 -0.5337 0.5255
vn -0.7069 -0.7073 0.0019
vn -0.8667 -0.4969 0.0446
vn -0.9161 0.3922 0.0836
vn -0.8497 0.0706 -0.5225
vn 0.3922 -0.8986 0.1968
vn -0.1881 -0.7496 0.6346
vn -0.5666 -0.8236 -0.0252
vn 0.8551 0.3488 -0.3835
vn 0.9035 -0.0879 0.4194
vn 0.8739 -0.4118 -0.2584
vn 0.1597 0.8912 -0.4247
vn 0.2718 0.5733 -0.7729
vn -0.3041 0.7132 -0.6316
vn 0.8685 0.0167 0.4954
vn 0.8218 -0.5504 0.1477
vn 0.9423 0.2064 -0.2635
vn -0.8705 -0.3851 -0.3065
vn -0.9216 0.2383 0.3065
vn -0.9293 0.0223 -0.3686
vn 0.0343 -0.2945 0.9550
vn 0.4068 0.3797 0.8308
vn -0.3579 0.3895 0.8486
vn 0.3724 -0.3618 0.8547
vn 0.6785 0.4276 0.5974
vn -0.1145 0.2765 0.9542
vn 0.1408 -0.9261 0.3500
vn -0.1748 -0.9610 0.2142
vn 0.0068 -0.9912 -0.1319
vn -0.1156 0.4392 0.8909
vn -0.6260 0.4127 0.6617
vn -0.1141 0.4275 0.8968
vn -0.4566 -0.0588 0.8877
vn -0.1772 0.4506 0.8750
vn -0.1444 0.8689 0.4734
vn -0.3746 0.2252 0.8994
vn -0.4516 0.6595 0.6010
vn -0.4554 -0.2635 0.8504
vn -0.3318 -0.0619 0.9413
vn 0.4836 0.2517 0.8383
vn -0.2405 0.4771 0.8453
vn -0.8624 -0.4361 0.2569
vn -0.9122 0.4024 0.0768
vn -0.9259 0.0830 -0.3686
vn -0.4112 0.4371 0.7999
vn -0.4261 0.4087 0.8071
vn -0.0456 0.3096 0.9498
vn -0.3248 0.7366 0.5932
vn 0.2561 0.9431 -0.2120
vn 0.2394 0.9437 -0.2284
vn 0.2325 0.9482 -0.2164
vn 0.1762 0.7040 0.6880
vn -0.5985 0.5902 0.5417
vn -0.2188 0.4032 0.8886
vn -0.2315 0.4026 0.8856
vn 0.5385 0.4939 -0.6827
vn 0.3214 0.5757 -0.7519
vn 0.0552 0.9965 -0.0633
vn 0.3677 0.8732 -0.3198
vn 0.1840 -0.9377 -0.2946
vn 0.1862 -0.9376 -0.2938
vn 0.1199 -0.8726 -0.4736
vn 0.1152 -0.8725 -0.4749
vn 0.1147 -0.8712 -0.4773
vn 0.1205 -0.8686 -0.4806
vn 0.1752 -0.9466 -0.2708
vn 0.1743 -0.9474 -0.2683
vn 0.1727 -0.9482 -0.2667
vn 0.1722 -0.9474 -0.2698
vn 0.2297 0.6412 -0.7322
vn -0.4256 0.7237 -0.5433
vn -0.0026 0.9168 -0.3994
vn 0.0209 0.9278 -0.3725
vn 0.0872 -0.3619 -0.9281
vn 0.0927 -0.3591 -0.9287
vn 0.0917 -0.3661 -0.9261
vn -0.7364 -0.5857 0.3386
vn -0.7396 -0.6728 -0.0156
vn 0.1048 -0.9696 0.2209
vn -0.1325 -0.7624 0.6334
vn 0.1242 -0.9901 -0.0651
vn -0.2306 -0.7110 0.6643
vn -0.6813 -0.7295 0.0613
vn 0.8582 0.3690 -0.3568
vn 0.9132 -0.1577 0.3758
vn 0.8474 -0.5275 0.0605
vn 0.2311 -0.8031 -0.5492
vn 0.2251 -0.7980 -0.5590
vn 0.2336 -0.7973 -0.5566
vn -0.0965 0.3915 0.9151
vn -0.5996 0.4695 0.6481
vn 0.2808 0.0651 0.9576
vn -0.3853 -0.8435 0.3741
vn -0.3172 -0.9483 -0.0102
vn 0.4932 -0.8691 0.0363
vn 0.2644 -0.6903 0.6735
vn -0.8656 -0.5007 0.0012
vn -0.9171 0.3839 0.1075
vn -0.8456 0.1187 -0.5204
vn 0.0998 -0.9135 -0.3945
vn 0.1016 -0.9129 -0.3954
vn 0.1076 -0.9121 -0.3955
vn 0.3677 -0.7988 -0.4761
vn 0.3746 -0.7927 -0.4810
vn 0.3700 -0.7995 -0.4731
vn -0.4074 -0.7983 -0.4435
vn -0.4153 -0.7896 -0.4516
vn -0.0507 -0.7440 -0.6662
vn 0.1481 -0.4782 -0.8656
vn 0.1513 -0.4755 -0.8666
vn 0.1502 -0.4778 -0.8656
vn 0.1965 -0.7939 -0.5755
vn 0.1971 -0.7913 -0.5788
vn 0.1978 -0.7928 -0.5766
vn 0.1783 -0.9178 -0.3547
vn 0.1751 -0.9176 -0.3570
vn 0.1775 -0.9173 -0.3564
vn 0.0066 -0.9510 -0.3090
vn 0.0007 -0.9504 -0.3111
vn 0.1508 -0.3992 -0.9044
vn 0.6380 0.6172 -0.4605
vn 0.0525 0.6608 -0.7487
vn 0.1845 0.9178 -0.3516
vn 0.2177 0.9127 -0.3457
vn -0.8886 -0.4514 -0.0819
vn -0.9208 0.3893 -0.0252
vn -0.8104 -0.1244 -0.5725
vn 0.8822 0.0900 -0.4622
vn 0.8935 0.3450 0.2875
vn 0.8314 -0.4753 0.2880
vn 0.1491 -0.9635 0.2221
vn -0.1611 -0.9869 -0.0090
vn -0.1542 -0.9879 -0.0181
vn 0.1598 0.4470 -0.8801
vn -0.8460 0.0562 -0.5303
vn -0.8002 -0.4982 -0.3339
vn -0.8757 -0.1180 0.4682
vn -0.9218 0.0946 0.3759
vn 0.1160 -0.7636 -0.6351
vn 0.1156 -0.7690 -0.6287
vn 0.1100 -0.7653 -0.6342
vn 0.1090 -0.7640 -0.6360
vn -0.3165 0.3329 0.8882
vn -0.6294 0.5943 0.5007
vn -0.3417 0.3151 0.8854
vn 0.1141 0.9885 0.0995
vn 0.7822 0.5656 -0.2610
vn 0.3159 0.6508 -0.6905
vn 0.3520 -0.2593 -0.8994
vn 0.0547 0.0423 -0.9976
vn 0.5767 0.1049 -0.8102
vn 0.0951 -0.7070 0.7008
vn 0.0956 -0.7075 0.7003
vn 0.0967 -0.7051 0.7025
vn 0.1874 -0.9818 0.0309
vn 0.1942 -0.9806 0.0273
vn 0.1958 -0.9802 0.0282
vn 0.0817 -0.5331 0.8421
vn 0.0851 -0.5364 0.8397
vn 0.0837 -0.5306 0.8435
vn 0.1146 -0.9934 0.0103
vn 0.1121 -0.9936 0.0119
vn 0.1124 -0.9936 0.0094
vn 0.1135 -0.9935 0.0086
vn 0.6556 -0.7492 0.0943
vn 0.2145 -0.7215 0.6584
vn -0.2669 -0.9603 -0.0815
vn 0.0198 0.9568 -0.2900
vn 0.3051 0.7082 -0.6367
vn -0.3529 0.7505 -0.5587
vn 0.2596 -0.9594 0.1100
vn 0.2561 -0.9618 0.0968
vn 0.2620 -0.9596 0.1028
vn 0.2057 -0.9645 0.1653
vn 0.8584 0.3981 -0.3234
vn 0.9125 -0.1894 0.3625
vn 0.8477 -0.5302 0.0164
vn 0.0769 -0.7978 0.5980
vn 0.0792 -0.7997 0.5951
vn 0.0785 -0.7963 0.5997
vn 0.1584 -0.5918 0.7904
vn 0.1587 -0.5909 0.7910
vn 0.1578 -0.5912 0.7910
vn 0.1581 -0.5917 0.7905
vn -0.9445 -0.1614 0.2863
vn -0.8675 0.2576 -0.4255
vn -0.8301 -0.3935 -0.3952
vn 0.1247 -0.9650 0.2308
vn -0.6613 -0.6170 0.4266
vn -0.7027 -0.7008 -0.1232
vn 0.3918 -0.9194 0.0352
vn -0.1869 -0.8488 0.4946
vn -0.5668 -0.8065 -0.1681
vn -0.2170 0.2753 0.9365
vn -0.1946 0.2717 0.9425
vn -0.2213 0.2943 0.9297
vn 0.1405 -0.9883 -0.0596
vn 0.1325 -0.9895 -0.0585
vn 0.1339 -0.9891 -0.0605
vn 0.1360 -0.9886 -0.0639
vn 0.2025 -0.8857 0.4177
vn 0.2615 -0.9401 0.2188
vn 0.2619 -0.9418 0.2108
vn 0.2630 -0.9410 0.2129
vn 0.2137 -0.4454 0.8694
vn 0.2165 -0.4445 0.8692
vn 0.2163 -0.4441 0.8695
vn 0.0976 -0.2661 0.9590
vn 0.0998 -0.2665 0.9587
vn 0.1003 -0.2634 0.9595
vn 0.1204 -0.4823 0.8677
vn 0.1154 -0.4828 0.8681
vn 0.1157 -0.4833 0.8677
vn 0.1183 -0.4862 0.8658
vn 0.2833 0.6710 -0.6852
vn -0.2175 0.8157 -0.5360
vn 0.2007 0.9399 -0.2761
vn 0.2406 0.9324 -0.2695
vn 0.8918 0.1039 -0.4403
vn 0.8894 0.3229 0.3236
vn 0.8254 -0.4992 0.2635
vn -0.4132 0.2992 0.8601
vn -0.4269 0.2757 0.8613
vn -0.1448 0.0037 0.9895
vn -0.2468 0.6234 0.7419
vn 0.0760 0.9861 0.1480
vn 0.0763 0.9860 0.1481
vn 0.1550 -0.5941 0.7893
vn 0.1564 -0.5937 0.7894
vn 0.1557 -0.5936 0.7895
vn 0.2071 -0.3538 0.9121
vn 0.2129 -0.3554 0.9101
vn 0.1761 -0.8885 0.4237
vn 0.1795 -0.8895 0.4201
vn 0.1792 -0.8893 0.4207
vn -0.0804 0.2928 0.9528
vn -0.3822 0.6455 0.6613
vn -0.0835 0.2718 0.9587
vn -0.2086 0.2509 0.9453
vn 0.1893 0.5636 0.8041
vn -0.6411 0.4123 0.6473
vn 0.3506 -0.1885 -0.9174
vn 0.0558 0.1227 -0.9909
vn 0.5762 0.1669 -0.8001
vn 0.1632 -0.1539 0.9745
vn 0.1644 -0.1546 0.9742
vn 0.1646 -0.1521 0.9746
vn -0.0914 0.0815 -0.9925
vn 0.1821 -0.1883 -0.9651
vn 0.1743 -0.1944 -0.9653
vn 0.2071 0.9776 0.0362
vn 0.2145 0.9761 0.0347
vn 0.2151 0.9760 0.0340
vn 0.2015 0.5270 0.8256
vn 0.2069 0.5217 0.8277
vn 0.2070 0.5222 0.8273
vn 0.0737 0.8867 0.4565
vn 0.0743 0.8865 0.4568
vn 0.1336 0.8370 0.5306
vn 0.1853 -0.0603 0.9808
vn 0.1856 -0.0602 0.9808
vn 0.0018 0.9840 -0.1781
vn 0.2730 0.7566 -0.5941
vn -0.4144 0.8124 -0.4101
vn 0.1154 0.0274 0.9929
vn 0.1174 0.0315 0.9926
vn 0.1138 0.0284 0.9931
vn 0.1150 0.0286 0.9930
vn -0.1596 -0.9279 -0.3370
vn -0.1021 -0.8294 0.5492
vn -0.7076 -0.7052 -0.0446
vn 0.8590 0.4211 -0.2912
vn 0.9121 -0.2166 0.3480
vn 0.8478 -0.5299 -0.0221
vn -0.8166 -0.0424 -0.5757
vn -0.8650 -0.4297 -0.2591
vn -0.9455 -0.1288 0.2992
vn -0.8876 0.4495 -0.1003
vn 0.1112 -0.9881 0.1062
vn -0.6619 -0.6501 0.3732
vn -0.7320 -0.6645 -0.1504
vn -0.8510 -0.5209 -0.0672
vn -0.9258 0.2412 0.2909
vn -0.8839 0.4289 -0.1863
vn -0.1852 0.1888 0.9644
vn -0.1686 0.1889 0.9674
vn -0.1934 0.2028 0.9599
vn 0.8900 -0.0736 -0.4500
vn 0.8845 0.1983 0.4223
vn 0.8562 -0.5165 0.0145
vn 0.0962 0.3902 0.9157
vn 0.0967 0.3903 0.9156
vn 0.0967 0.3913 0.9151
vn 0.1265 0.3481 0.9289
vn 0.1270 0.3474 0.9291
vn 0.1282 0.3474 0.9289
vn 0.2102 0.0653 0.9755
vn 0.2075 0.0511 0.9769
vn 0.2117 0.0576 0.9756
vn 0.2385 0.8207 0.5193
vn 0.2364 0.8251 0.5131
vn 0.2322 0.8196 0.5238
vn 0.2610 0.9082 0.3272
vn 0.2591 0.9113 0.3199
vn 0.2550 0.9081 0.3321
vn 0.2604 0.9086 0.3266
vn 0.5161 -0.8513 0.0950
vn -0.2446 -0.8697 0.4288
vn -0.3348 -0.8948 -0.2954
vn 0.2147 0.9662 -0.1430
vn 0.3264 0.7185 -0.6141
vn -0.2407 0.8900 -0.3873
vn 0.2205 0.2140 0.9516
vn 0.2207 0.2145 0.9515
vn 0.2174 0.2211 0.9507
vn 0.2136 0.2112 0.9538
vn 0.0994 0.7105 0.6967
vn 0.3163 0.7992 -0.5112
vn -0.3821 0.8411 -0.3829
vn -0.0419 0.9884 -0.1463
vn 0.0216 0.9346 0.3550
vn -0.0380 0.0710 0.9968
vn -0.3934 0.2282 0.8906
vn -0.4202 0.2027 0.8845
vn 0.3504 0.9239 -0.1539
vn 0.7067 0.5464 -0.4494
vn -0.1659 0.9507 -0.2620
vn 0.3286 0.4636 0.8229
vn -0.1375 0.1904 0.9720
vn 0.2018 -0.1406 0.9693
vn 0.2374 0.6683 0.7050
vn 0.2340 0.6739 0.7008
vn 0.2325 0.6649 0.7098
vn 0.1793 -0.0975 -0.9790
vn 0.6024 -0.1189 -0.7893
vn 0.1919 -0.1050 -0.9758
vn 0.2258 0.9277 -0.2973
vn 0.2282 0.9279 -0.2947
vn 0.2286 0.9277 -0.2950
vn 0.1722 0.9183 -0.3565
vn 0.1702 0.9181 -0.3579
vn 0.1688 0.9187 -0.3571
vn 0.0788 -0.0605 -0.9951
vn -0.1885 -0.3332 -0.9238
vn -0.1734 0.2505 -0.9525
vn 0.0596 0.2319 -0.9709
vn 0.3416 -0.0988 -0.9347
vn 0.1972 0.9630 -0.1837
vn 0.2017 0.9629 -0.1793
vn 0.2016 0.9627 -0.1807
vn 0.6703 -0.7413 -0.0340
vn 0.2267 -0.8192 0.5268
vn -0.2721 -0.9379 -0.2151
vn -0.9194 0.2960 0.2590
vn -0.8494 0.2945 -0.4380
vn -0.8556 -0.4373 -0.2770
vn -0.8918 -0.4521 -0.0169
vn 0.1750 0.0925 -0.9802
vn 0.1721 0.0947 -0.9805
vn 0.1747 0.0943 -0.9801
vn 0.0806 0.9506 -0.2998
vn 0.0810 0.9510 -0.2982
vn 0.0814 0.9503 -0.3004
vn 0.0923 0.8454 -0.5260
vn 0.0935 0.8471 -0.5232
vn 0.0929 0.8451 -0.5265
vn 0.6579 0.7358 -0.1608
vn -0.1989 0.9002 -0.3874
vn 0.2091 0.9732 -0.0958
vn 0.2349 0.9702 -0.0595
vn 0.3836 -0.9132 -0.1378
vn -0.1671 -0.9159 0.3650
vn -0.5738 -0.7699 -0.2794
vn 0.1133 0.1119 -0.9872
vn 0.1144 0.1098 -0.9874
vn 0.1113 0.1100 -0.9877
vn 0.1127 0.1113 -0.9874
vn -0.0531 0.9975 -0.0455
vn 0.2246 0.7085 0.6690
vn 0.1258 0.6479 -0.7512
vn 0.1859 0.7726 -0.6070
vn 0.1861 0.7728 -0.6067
vn 0.1145 0.1684 -0.9790
vn 0.1116 0.1710 -0.9789
vn 0.1099 0.1718 -0.9790
vn 0.1132 0.1721 -0.9786
vn 0.2418 0.3295 -0.9127
vn 0.2401 0.3418 -0.9086
vn 0.2462 0.3347 -0.9096
vn -0.7100 -0.5668 0.4179
vn -0.6602 -0.6290 -0.4104
vn -0.1167 -0.9202 -0.3735
vn -0.2177 -0.8506 0.4787
vn 0.9056 0.3383 0.2558
vn 0.8218 -0.5444 0.1680
vn 0.8930 0.1842 -0.4106
vn 0.1319 0.5538 -0.8222
vn 0.1322 0.5542 -0.8218
vn 0.1354 0.5540 -0.8214
vn -0.0957 0.0865 0.9916
vn -0.2155 0.5983 0.7717
vn -0.1004 0.0813 0.9916
vn 0.2260 0.9736 -0.0312
vn 0.2259 0.9736 -0.0320
vn 0.2231 0.9740 -0.0383
vn 0.2217 0.9747 -0.0285
vn 0.9067 -0.2516 0.3384
vn 0.8441 -0.5303 0.0791
vn 0.8658 0.4601 -0.1967
vn 0.1296 0.8651 -0.4846
vn 0.1277 0.8661 -0.4833
vn 0.1302 0.8652 -0.4842
vn -0.6034 0.2273 0.7643
vn 0.2054 0.3963 0.8949
vn -0.5079 0.4685 0.7228
vn -0.2247 0.0755 0.9715
vn -0.2017 0.0937 0.9750
vn -0.1079 0.4036 0.9086
vn -0.3994 0.1407 0.9059
vn -0.4069 0.1056 0.9074
vn 0.3599 0.9309 -0.0624
vn 0.7113 0.5801 -0.3969
vn -0.1591 0.9735 -0.1643
vn 0.0905 0.2493 -0.9642
vn 0.0931 0.2530 -0.9630
vn 0.0940 0.2468 -0.9645
vn 0.1308 0.5245 0.8413
vn -0.1390 0.1246 0.9824
vn 0.2253 -0.2349 0.9455
vn 0.0244 0.8125 0.5824
vn -0.8138 -0.4892 -0.3137
vn -0.9473 -0.2054 0.2460
vn -0.8743 0.3392 -0.3471
vn 0.1145 0.9297 0.3500
vn 0.7834 0.6129 -0.1035
vn 0.3161 0.8078 -0.4975
vn -0.2817 0.2793 0.9179
vn 0.1871 -0.0586 -0.9806
vn 0.1941 -0.0564 -0.9794
vn -0.0741 0.2359 -0.9690
vn 0.1781 -0.0286 -0.9836
vn 0.1711 -0.0347 -0.9846
vn 0.0942 0.3384 -0.9363
vn 0.3381 -0.0251 -0.9408
vn 0.1239 0.9262 0.3561
vn 0.7821 0.6227 -0.0238
vn 0.3291 0.7966 -0.5070
vn 0.0637 0.2139 0.9748
vn -0.2445 0.1457 0.9586
vn 0.6802 -0.7285 -0.0817
vn 0.2329 -0.8574 0.4590
vn -0.2383 -0.9124 -0.3329
vn 0.4787 0.8297 -0.2870
vn -0.3568 0.8827 -0.3059
vn 0.0122 0.9972 -0.0734
vn 0.0432 0.9977 -0.0518
vn 0.9960 0.0707 -0.0554
vn 0.9948 0.0796 -0.0635
vn 0.8578 0.4668 -0.2153
vn 0.9158 -0.2708 0.2966
vn 0.8473 -0.5168 -0.1221
vn -0.0893 0.2907 0.9527
vn 0.4072 -0.7255 -0.5548
vn 0.3349 -0.1652 -0.9276
vn 0.4379 -0.4497 -0.7785
vn -0.9481 -0.2211 0.2286
vn -0.8674 0.3569 -0.3468
vn -0.8280 -0.2833 -0.4840
vn -0.6614 0.1879 0.7261
vn -0.1601 0.0290 0.9867
vn -0.3105 0.5300 0.7892
vn -0.0742 0.0434 0.9963
vn -0.0916 0.0189 0.9956
vn -0.0890 0.0031 0.9960
vn 0.1206 -0.9878 -0.0984
vn -0.2622 -0.8767 0.4034
vn -0.7732 -0.6199 -0.1335
vn -0.8677 -0.4821 -0.1216
vn -0.9226 0.1903 0.3354
vn -0.8577 0.3880 -0.3375
vn 0.3774 -0.9022 -0.2087
vn -0.1815 -0.9401 0.2885
vn -0.5836 -0.7408 -0.3328
vn 0.0178 0.6845 0.7288
vn -0.5925 0.6532 0.4714
vn 0.0421 0.3619 0.9313
vn 0.4051 -0.6280 -0.6645
vn 0.4075 -0.6304 -0.6607
vn 0.1250 -0.8142 -0.5670
vn 0.0767 -0.7378 -0.6706
vn 0.0761 0.8877 0.4541
vn -0.0347 0.8110 0.5840
vn 0.1587 0.9868 0.0324
vn 0.4463 0.8231 -0.3512
vn -0.3038 0.9318 -0.1988
vn -0.1135 0.0033 0.9935
vn -0.6388 -0.0060 0.7694
vn -0.1040 -0.0064 0.9946
vn 0.4341 -0.7354 -0.5203
vn 0.2043 -0.9202 -0.3340
vn 0.2954 -0.5485 -0.7822
vn 0.4311 -0.7317 -0.5280
vn -0.2750 0.4562 0.8463
vn -0.3930 0.0901 0.9151
vn -0.4578 -0.4315 0.7774
vn 0.0072 -0.1674 0.9859
vn 0.8931 -0.2560 0.3699
vn 0.8267 -0.5556 0.0883
vn 0.8527 0.5224 -0.0029
vn -0.2558 0.6713 -0.6957
vn 0.9938 -0.0323 0.1064
vn 0.9950 -0.0250 0.0969
vn -0.2079 -0.0119 0.9781
vn 0.2951 0.1332 0.9461
vn -0.5719 0.3277 0.7521
vn -0.8804 -0.1987 0.4306
vn -0.8617 0.4602 -0.2136
vn -0.7950 -0.3599 -0.4883
vn -0.0237 0.6445 -0.7642
vn 0.0999 0.8482 0.5201
vn 0.7573 0.6531 -0.0012
vn 0.3096 0.8832 -0.3523
vn -0.5346 0.7896 0.3012
vn 0.4117 -0.8902 0.1951
vn 0.3035 -0.8058 0.5084
vn 0.3796 -0.9121 -0.1547
vn 0.4067 -0.8925 0.1949
vn 0.6818 -0.7157 -0.1513
vn 0.2314 -0.8934 0.3851
vn -0.2355 -0.8813 -0.4096
vn 0.0067 0.9989 0.0471
vn 0.2936 0.8855 -0.3602
vn -0.3635 0.8907 -0.2731
vn -0.5744 0.8183 -0.0199
vn 0.8584 0.4827 -0.1737
vn 0.9127 -0.3005 0.2768
vn 0.8486 -0.4962 -0.1834
vn -0.5961 0.6513 -0.4695
vn -0.0472 0.9547 0.2937
vn -0.8167 0.1932 -0.5437
vn -0.8310 -0.2368 -0.5033
vn -0.9317 -0.3256 0.1613
vn -0.8883 0.4590 0.0130
vn 0.1115 -0.7448 0.6580
vn 0.3833 -0.5498 0.7422
vn 0.3825 -0.5405 0.7494
vn -0.1822 0.9348 -0.3049
vn -0.0939 -0.0463 0.9945
vn -0.1084 -0.0614 0.9922
vn -0.1022 -0.0816 0.9914
vn 0.3301 0.9363 0.1200
vn 0.7855 0.6157 0.0627
vn 0.1549 0.8978 -0.4122
vn 0.1227 -0.9761 -0.1796
vn -0.2629 -0.9069 0.3291
vn -0.7714 -0.6118 -0.1750
vn 0.3935 -0.8692 -0.2993
vn -0.1826 -0.9684 0.1696
vn -0.5633 -0.7004 -0.4382
vn -0.1666 -0.0519 0.9846
vn -0.1541 -0.0683 0.9857
vn -0.1700 -0.0345 0.9848
vn 0.9015 -0.2537 0.3505
vn 0.8260 -0.5605 0.0593
vn 0.8815 0.2524 -0.3991
vn 0.8893 -0.0046 0.4573
vn 0.2344 0.8470 -0.4771
vn 0.3571 0.8225 -0.4427
vn 0.1730 0.9848 0.0149
vn 0.2145 0.9759 0.0390
vn -0.4101 -0.0134 0.9120
vn -0.4240 -0.0354 0.9050
vn -0.1392 -0.3335 0.9324
vn -0.2461 0.3320 0.9106
vn -0.6001 0.7795 0.1795
vn 0.4197 0.8853 -0.2001
vn -0.3899 0.9122 -0.1259
vn 0.0168 0.9951 0.0972
vn 0.0324 0.9926 0.1172
vn -0.0818 0.9076 0.4118
vn 0.1701 0.4311 -0.8861
vn 0.6009 0.0135 -0.7992
vn 0.1831 0.0532 -0.9817
vn 0.0961 -0.8827 0.4600
vn 0.3986 -0.7284 0.5573
vn 0.3977 -0.7230 0.5650
vn -0.5708 0.5692 -0.5918
vn -0.2607 0.9653 -0.0178
vn -0.2072 0.9671 0.1475
vn -0.2105 -0.0939 0.9731
vn 0.2113 0.2147 0.9535
vn -0.6420 0.1615 0.7495
vn 0.1828 0.1515 -0.9714
vn 0.6187 0.1305 -0.7748
vn 0.1936 0.1392 -0.9712
vn 0.1515 0.8680 0.4728
vn 0.7743 0.6262 0.0912
vn 0.3120 0.8647 -0.3937
vn -0.1879 -0.1606 -0.9690
vn 0.1047 0.1460 -0.9837
vn 0.0641 0.1427 -0.9877
vn 0.1133 0.1519 -0.9819
vn 0.4247 -0.0239 0.9050
vn 0.3619 -0.6507 0.6676
vn 0.4662 -0.3625 0.8070
vn 0.0986 0.1750 -0.9796
vn -0.1854 -0.1110 -0.9764
vn -0.0341 0.5378 -0.8424
vn -0.5596 -0.3342 -0.7584
vn -0.2192 0.2087 -0.9531
vn 0.6639 -0.7153 -0.2180
vn 0.2300 -0.9290 0.2900
vn -0.2642 -0.8381 -0.4772
vn 0.3730 0.1116 -0.9211
vn 0.5229 0.5501 -0.6512
vn 0.3828 0.1168 -0.9164
vn -0.8173 0.2374 -0.5250
vn -0.8326 -0.2144 -0.5107
vn -0.9350 -0.3299 0.1304
vn -0.8874 0.4577 0.0543
vn 0.1565 0.6978 0.6990
vn 0.3513 0.1842 0.9180
vn 0.4280 0.4878 0.7609
vn 0.3700 0.6566 0.6573
vn 0.2385 0.1237 0.9632
vn 0.4481 0.3555 0.8203
vn 0.4392 0.1903 0.8780
vn 0.2810 0.4958 0.8217
vn 0.2391 -0.0834 0.9674
vn 0.4356 0.1852 0.8809
vn -0.0963 0.2047 -0.9741
vn 0.8805 0.2836 -0.3799
vn 0.9140 0.0108 0.4057
vn 0.8262 -0.5242 -0.2064
vn 0.1316 -0.9592 -0.2504
vn -0.2620 -0.9363 0.2339
vn -0.7676 -0.5975 -0.2319
vn -0.8571 -0.4017 -0.3225
vn -0.9183 -0.3028 0.2549
vn -0.8726 0.4816 -0.0821
vn 0.3741 -0.8479 -0.3756
vn -0.1523 -0.9793 0.1332
vn -0.5850 -0.6783 -0.4447
vn -0.2207 -0.1441 0.9646
vn -0.1992 -0.1368 0.9704
vn -0.2406 -0.1387 0.9607
vn 0.1966 0.9426 0.2697
vn 0.6856 0.7179 0.1205
vn -0.1513 0.9869 -0.0563
vn -0.5837 0.4603 -0.6689
vn -0.0703 0.2741 -0.9591
vn -0.2277 0.0450 -0.9727
vn -0.1058 -0.1496 0.9831
vn -0.3040 -0.6249 0.7191
vn -0.0936 -0.1717 0.9807
vn -0.5748 0.2296 -0.7854
vn -0.6672 -0.7388 -0.0952
vn -0.4144 -0.6273 -0.6594
vn -0.3369 -0.6588 -0.6726
vn -0.0720 -0.9866 0.1463
vn -0.3727 -0.0663 0.9256
vn -0.4763 -0.5252 0.7052
vn 0.0567 -0.3007 0.9520
vn 0.3893 0.6380 0.6644
vn 0.2068 0.8605 0.4657
vn 0.0775 0.5759 0.8138
vn 0.3837 0.6337 0.6717
vn -0.0598 -0.4767 -0.8770
vn 0.8834 -0.3021 0.3583
vn 0.8333 -0.5523 0.0247
vn 0.8418 0.5254 0.1242
vn 0.4371 -0.0423 0.8984
vn 0.4396 -0.0353 0.8975
vn 0.2359 0.2456 0.9402
vn 0.3188 -0.3619 0.8760
vn 0.1252 0.8213 0.5567
vn 0.7707 0.6364 0.0318
vn 0.3243 0.8993 -0.2934
vn -0.2367 -0.7541 -0.6127
vn 0.2390 0.2002 -0.9501
vn 0.3728 0.2008 -0.9059
vn 0.3750 0.1856 -0.9083
vn 0.3646 0.1876 -0.9121
vn 0.0841 0.2607 -0.9618
vn -0.1875 -0.0167 -0.9821
vn -0.0314 0.5778 -0.8156
vn 0.3936 0.8610 0.3223
vn 0.2023 0.9775 0.0602
vn 0.1112 0.8367 0.5362
vn 0.3885 0.8603 0.3302
vn 0.0240 0.9735 0.2273
vn 0.3026 0.9303 -0.2072
vn -0.3533 0.9308 -0.0940
vn -0.5605 -0.6129 -0.5570
vn 0.8470 -0.4610 -0.2648
vn 0.8671 0.1440 -0.4769
vn 0.9167 0.0287 0.3985
vn 0.9185 -0.3860 0.0862
vn -0.2684 -0.9507 -0.1552
vn -0.0673 -0.9139 -0.4003
vn -0.6205 -0.7501 -0.2287
vn -0.0896 -0.6686 -0.7382
vn -0.2189 -0.1949 0.9561
vn -0.2119 -0.1949 0.9577
vn -0.0934 -0.2150 0.9721
vn -0.5895 0.0060 0.8077
vn 0.2815 -0.5126 0.8112
vn -0.8661 -0.4097 -0.2862
vn -0.9165 0.2517 0.3109
vn -0.8471 0.3943 -0.3562
vn -0.9961 -0.0570 -0.0672
vn -0.0892 -0.8556 -0.5099
vn -0.0443 -0.9713 -0.2337
vn -0.0068 0.7724 0.6351
vn 0.3137 0.8005 0.5106
vn 0.3131 0.8088 0.4978
vn -0.1971 -0.9130 -0.3572
vn -0.2165 -0.9634 0.1583
vn -0.8880 0.3932 -0.2384
vn -0.8456 -0.3213 -0.4262
vn -0.9548 -0.2331 0.1844
vn -0.8914 0.4428 0.0971
vn 0.8953 -0.2819 0.3450
vn 0.8281 -0.5591 -0.0399
vn 0.8814 0.3408 -0.3271
vn 0.8858 -0.1059 0.4517
vn -0.3267 -0.9450 0.0169
vn -0.3473 -0.7181 -0.6031
vn 0.4285 -0.7630 -0.4839
vn 0.0569 -0.9863 0.1547
vn 0.3001 0.9324 -0.2015
vn -0.2292 0.9730 -0.0261
vn 0.1662 0.9428 0.2889
vn 0.1880 0.9334 0.3058
vn 0.2668 0.9523 -0.1484
vn 0.3883 0.7978 0.4612
vn 0.4623 0.8769 0.1318
vn 0.5690 0.7993 -0.1931
vn 0.3274 0.9205 -0.2134
vn 0.0659 0.8092 0.5838
vn 0.3699 0.8743 0.3144
vn -0.1161 -0.4643 0.8780
vn -0.3888 -0.1623 0.9069
vn -0.4120 -0.1776 0.8937
vn -0.5256 -0.5671 0.6341
vn -0.1533 -0.2358 0.9596
vn -0.3432 0.3108 0.8864
vn -0.0751 -0.7885 -0.6104
vn -0.2133 -0.9674 0.1363
vn -0.7515 -0.5362 -0.3844
vn -0.2368 -0.8274 -0.5092
vn -0.5760 -0.8169 0.0304
vn 0.1862 0.2876 -0.9395
vn 0.1835 0.2853 -0.9407
vn 0.1862 0.2948 -0.9372
vn -0.0599 -0.7284 0.6826
vn -0.5623 -0.8026 0.1990
vn -0.2400 -0.3812 0.8928
vn 0.3635 0.2722 -0.8909
vn 0.3655 0.2664 -0.8919
vn 0.3596 0.2670 -0.8941
vn 0.6837 0.3390 -0.6462
vn 0.2905 0.3180 -0.9025
vn -0.0485 0.5403 -0.8401
vn 0.1356 0.7694 0.6242
vn 0.7773 0.6136 0.1385
vn 0.3410 0.9126 -0.2255
vn -0.2346 -0.9294 0.2849
vn -0.0291 -0.8850 0.4647
vn 0.3935 0.7863 -0.4764
vn 0.3955 0.7799 -0.4850
vn 0.1048 0.7324 -0.6728
vn 0.2486 0.9453 -0.2113
vn 0.0803 0.1403 -0.9868
vn 0.3543 0.3294 -0.8752
vn 0.3593 0.3196 -0.8768
vn 0.6715 -0.6414 -0.3710
vn 0.2454 -0.9665 0.0757
vn -0.2678 -0.7177 -0.6428
vn -0.3495 -0.5715 -0.7424
vn -0.1398 -0.9887 0.0533
vn -0.6851 -0.5440 -0.4844
vn 0.8591 0.5103 -0.0388
vn 0.9126 -0.3618 0.1906
vn 0.8482 -0.4358 -0.3009
vn -0.1909 -0.8186 0.5418
vn -0.0384 -0.3378 0.9404
vn -0.8444 -0.1419 -0.5166
vn -0.9553 -0.1798 0.2347
vn -0.8662 0.4604 -0.1940
vn -0.0968 -0.2938 0.9510
vn -0.5991 -0.0562 0.7987
vn 0.2657 -0.5874 0.7645
vn 0.1238 -0.9207 -0.3701
vn -0.6625 -0.7491 -0.0049
vn -0.7096 -0.5014 -0.4951
vn -0.8662 -0.3935 -0.3079
vn -0.9160 0.2169 0.3375
vn -0.8537 0.4050 -0.3272
vn 0.3974 -0.8259 -0.4000
vn -0.3245 -0.9458 0.0109
vn -0.4790 -0.6069 -0.6342
vn -0.1626 -0.3145 0.9352
vn -0.1458 -0.3157 0.9376
vn -0.1725 -0.2988 0.9386
vn 0.0895 0.8985 0.4298
vn 0.5292 0.8005 0.2812
vn -0.4017 0.8902 0.2150
vn -0.0255 -0.9795 0.1996
vn -0.9957 -0.0282 -0.0880
vn 0.3616 0.1408 -0.9216
vn 0.3618 0.1269 -0.9236
vn 0.0336 0.0390 -0.9987
vn 0.1241 0.3865 -0.9139
vn -0.2150 -0.6795 0.7015
vn 0.8820 0.3755 -0.2846
vn 0.8967 0.0707 0.4370
vn 0.8264 -0.5563 -0.0867
vn 0.1146 0.8485 -0.5166
vn 0.3481 0.6487 -0.6768
vn 0.3468 0.6416 -0.6842
vn -0.5863 -0.4630 0.6648
vn -0.5660 -0.6037 0.5614
vn -0.2928 -0.2101 0.9328
vn -0.6127 -0.4579 0.6441
vn 0.2021 -0.3048 0.9307
vn -0.8454 0.4690 -0.2555
vn -0.8494 -0.0820 -0.5213
vn -0.8916 -0.3835 -0.2408
vn -0.9215 0.1195 0.3695
vn 0.5030 0.5158 -0.6935
vn 0.0725 0.3565 -0.9315
vn -0.1408 0.6920 -0.7080
vn -0.5833 -0.3046 0.7529
vn 0.0281 0.6840 -0.7289
vn 0.3281 0.7586 -0.5630
vn 0.3294 0.7538 -0.5685
vn -0.9957 -0.0040 -0.0924
vn -0.7797 -0.2546 0.5720
vn 0.2152 0.3496 -0.9119
vn -0.0804 0.6352 -0.7682
vn 0.1943 0.3937 -0.8985
vn 0.1737 0.3860 -0.9060
vn 0.0676 0.6586 0.7494
vn 0.7198 0.6414 0.2655
vn -0.2561 0.8820 0.3956
vn 0.0293 -0.0292 0.9991
vn 0.9960 -0.0763 -0.0469
vn 0.9915 -0.0008 -0.1300
vn 0.9913 0.0217 -0.1298
vn 0.9981 -0.0290 -0.0542
vn 0.9928 0.0849 -0.0848
vn 0.9927 0.0988 -0.0689
vn -0.0393 0.9203 0.3893
vn 0.2839 0.9585 -0.0260
vn -0.4355 0.8951 0.0952
vn -0.8228 -0.1302 -0.5532
vn 0.0552 -0.6515 -0.7566
vn -0.2256 -0.9741 -0.0150
vn -0.6979 -0.5315 -0.4800
vn 0.9962 -0.0874 -0.0003
vn 0.9917 -0.0572 -0.1152
vn 0.9923 -0.0354 -0.1183
vn 0.9878 -0.0227 0.1543
vn 0.9920 -0.1095 0.0631
vn 0.9905 0.0890 0.1044
vn 0.9884 -0.0146 0.1510
vn 0.9998 0.0102 0.0163
vn 0.9921 -0.0691 0.1051
vn 0.9917 -0.0882 0.0932
vn -0.2637 -0.4028 0.8764
vn -0.2776 -0.4122 0.8678
vn -0.0956 -0.3812 0.9195
vn -0.1188 -0.3929 0.9119
vn -0.1062 -0.4110 0.9054
vn 0.1254 -0.8856 -0.4471
vn -0.6568 -0.7503 -0.0755
vn -0.5880 -0.4434 -0.6765
vn -0.1579 -0.3920 0.9063
vn -0.1869 -0.3786 0.9065
vn -0.1781 -0.3933 0.9020
vn -0.7997 -0.5913 0.1039
vn 1.0000 -0.0056 -0.0016
vn 0.9923 -0.1077 -0.0616
vn 0.9920 -0.0960 -0.0822
vn 0.0292 -0.1728 0.9845
vn -0.2746 -0.0300 0.9611
vn 0.9908 0.0218 0.1332
vn 0.9992 -0.0347 0.0215
vn 0.9923 0.1147 0.0457
vn 0.9914 0.0360 0.1260
vn -0.3714 -0.9124 -0.1722
vn -0.4603 -0.6884 -0.5606
vn 0.4281 -0.6754 -0.6005
vn 0.0536 -0.9986 0.0013
vn -0.9199 0.2816 0.2730
vn -0.8216 0.2983 -0.4857
vn -0.8885 -0.2820 -0.3619
vn 0.8853 -0.1884 0.4252
vn 0.8244 -0.5499 -0.1342
vn 0.8850 0.3881 -0.2573
vn 0.3580 0.9240 -0.1343
vn 0.3375 0.9247 -0.1763
vn 0.1734 0.9284 0.3286
vn 0.1934 0.9145 0.3552
vn 0.9998 0.0143 -0.0165
vn 0.9928 0.1066 0.0550
vn 0.9920 0.1005 0.0762
vn -0.7965 -0.6044 -0.0178
vn -0.0941 -0.4171 0.9040
vn -0.2094 0.1365 0.9683
vn -0.1005 -0.4233 0.9004
vn 0.0149 -0.4397 0.8980
vn -0.3771 -0.3284 0.8660
vn -0.3903 -0.3429 0.8545
vn 0.5220 0.1838 -0.8329
vn 0.0738 0.3898 -0.9179
vn 0.0969 0.4019 -0.9105
vn 0.8455 -0.4965 -0.1967
vn 0.8748 0.3470 -0.3382
vn 0.9064 -0.0360 0.4209
vn 0.9158 -0.3790 0.1328
vn -0.7829 -0.4347 0.4451
vn -0.7975 -0.5549 0.2368
vn 0.7068 0.7047 -0.0614
vn -0.1487 0.9511 0.2706
vn 0.3315 0.8563 0.3960
vn 0.7167 0.4500 0.5328
vn 0.0789 0.4216 -0.9033
vn -0.1388 0.0864 -0.9865
vn -0.0349 0.7193 -0.6938
vn 0.3095 0.9497 0.0482
vn 0.2954 0.9551 0.0233
vn 0.0108 0.8968 0.4423
vn 0.0318 0.8840 0.4665
vn 0.1359 0.6541 0.7441
vn 0.7822 0.5907 0.1981
vn 0.3371 0.9399 -0.0544
vn -0.7899 0.0163 0.6130
vn -0.8150 -0.4969 -0.2982
vn 0.1867 0.4352 -0.8808
vn 0.1937 0.4366 -0.8786
vn 0.0706 0.7555 -0.6513
vn 0.3324 0.4541 -0.8266
vn -0.8083 -0.4038 -0.4285
vn -0.8034 0.0976 -0.5874
vn -0.7954 0.2167 -0.5660
vn -0.8266 0.2954 -0.4791
vn -0.9956 0.0720 -0.0599
vn -0.8449 0.4889 -0.2169
vn -0.8511 -0.0524 -0.5223
vn -0.8928 -0.3646 -0.2644
vn -0.9208 0.0912 0.3793
vn -0.3880 -0.4501 -0.8043
vn -0.0978 -0.9886 -0.1141
vn -0.7281 -0.5097 -0.4584
vn 0.8589 0.5090 0.0570
vn 0.9149 -0.3839 0.1249
vn 0.8485 -0.3699 -0.3784
vn -0.8166 0.2475 0.5215
vn -0.7840 0.5051 0.3608
vn -0.2249 -0.4367 0.8710
vn -0.2111 -0.4376 0.8740
vn -0.0957 -0.4568 0.8844
vn -0.5957 -0.1907 0.7802
vn 0.2661 -0.7132 0.6485
vn 0.1113 -0.8448 -0.5235
vn -0.6683 -0.7332 -0.1257
vn -0.7408 -0.4185 -0.5254
vn 0.9947 -0.1002 0.0213
vn 0.9934 -0.1121 0.0224
vn -0.7984 -0.2901 -0.5276
vn -0.7877 0.4005 -0.4681
vn 0.9935 -0.1035 -0.0476
vn 0.9944 -0.0923 -0.0521
vn -0.9953 0.0923 -0.0295
vn -0.7884 0.3883 0.4772
vn -0.9557 0.0160 0.2939
vn -0.9556 0.0031 0.2947
vn -0.9535 0.0271 0.3003
vn -0.9504 -0.2501 0.1848
vn -0.8589 0.4871 -0.1583
vn -0.8182 0.1167 -0.5629
vn 0.8860 -0.2183 0.4092
vn 0.8302 -0.5263 -0.1838
vn 0.8810 0.4181 -0.2215
vn 0.5153 -0.7257 -0.4558
vn -0.2336 -0.9433 -0.2357
vn -0.3546 -0.4919 -0.7952
vn 0.9938 0.1100 -0.0153
vn 0.9951 0.0982 -0.0134
vn 0.1911 0.8126 0.5505
vn 0.4575 0.8808 0.1219
vn -0.2980 0.8838 0.3607
vn -0.7748 -0.6044 -0.1856
vn -0.8292 0.5568 -0.0485
vn -0.2247 -0.7441 0.6291
vn -0.3862 -0.3927 0.8346
vn -0.4050 -0.4080 0.8183
vn 0.9927 0.0920 0.0774
vn 0.9939 0.0879 0.0661
vn 0.1769 0.5313 -0.8285
vn 0.1705 0.5252 -0.8337
vn 0.1759 0.5447 -0.8200
vn 0.8341 -0.5448 -0.0867
vn 0.8352 -0.5423 -0.0915
vn 0.8647 -0.3382 -0.3713
vn 0.9084 -0.3686 0.1971
vn -0.8810 -0.3857 0.2741
vn -0.8611 0.5067 0.0418
vn -0.7946 -0.0673 -0.6034
vn -0.9962 -0.0550 0.0670
vn 0.2382 0.5145 -0.8238
vn 0.5040 0.7341 -0.4550
vn 0.3848 0.4828 -0.7867
vn 0.3751 0.4893 -0.7873
vn 0.2750 0.9519 0.1354
vn -0.2521 0.9610 0.1139
vn -0.0322 0.8506 0.5248
vn 0.0017 0.4614 0.8872
vn 0.8242 -0.5663 -0.0012
vn 0.8330 -0.4234 0.3561
vn 0.8312 -0.5403 0.1306
vn 0.8636 -0.4068 -0.2980
vn 0.8543 -0.1344 -0.5020
vn 0.9359 -0.3501 0.0387
vn 0.9946 -0.0173 -0.1021
vn 0.9940 -0.0290 -0.1053
vn 0.9936 -0.0115 -0.1126
vn 0.7014 -0.5150 -0.4927
vn 0.2346 -0.9514 -0.1996
vn -0.2528 -0.5098 -0.8223
vn -0.6746 -0.6501 -0.3498
vn -0.4301 -0.3500 -0.8322
vn -0.2367 -0.3969 -0.8868
vn -0.1497 -0.9709 -0.1871
vn 0.8434 0.5299 0.0890
vn 0.8694 0.2453 -0.4289
vn 0.8464 0.4988 -0.1866
vn 0.9935 0.0565 0.0992
vn 0.9945 0.0455 0.0943
vn 0.8579 0.5050 0.0944
vn 0.9157 -0.3918 0.0893
vn 0.8491 -0.3264 -0.4154
vn 0.8473 0.5304 -0.0257
vn 0.8295 0.2209 -0.5129
vn 0.8314 0.4707 -0.2953
vn 0.8207 0.3014 -0.4853
vn 0.8208 0.3027 -0.4844
vn 0.8801 0.4113 -0.2370
vn 0.9327 0.0179 -0.3602
vn -0.8281 0.0517 -0.5582
vn -0.9552 -0.2575 0.1461
vn -0.8666 0.4925 -0.0802
vn -0.0938 -0.5371 0.8383
vn -0.1084 -0.5490 0.8288
vn -0.1021 -0.5661 0.8180
vn 0.3319 0.7508 0.5711
vn 0.7856 0.5011 0.3631
vn 0.1537 0.9836 0.0943
vn 0.1156 -0.7355 -0.6676
vn -0.2664 -0.9479 -0.1748
vn -0.7258 -0.3737 -0.5775
vn -0.2148 -0.5150 0.8298
vn -0.1981 -0.5202 0.8307
vn -0.2222 -0.5028 0.8354
vn -0.1798 -0.5498 0.8157
vn -0.1666 -0.5512 0.8176
vn -0.1892 -0.5365 0.8224
vn -0.3695 -0.5027 0.7816
vn -0.3814 -0.4859 0.7864
vn -0.3875 -0.4875 0.7824
vn -0.9948 0.0157 0.1006
vn -0.3897 -0.8767 -0.2821
vn -0.3420 -0.4823 -0.8065
vn 0.0342 -0.4596 -0.8875
vn 0.2227 -0.9520 -0.2100
vn 0.8220 0.1957 0.5349
vn 0.9099 -0.0339 0.4134
vn 0.8994 0.3177 0.3003
vn -0.9570 -0.2863 -0.0472
vn -0.9564 -0.2867 -0.0554
vn -0.9557 -0.2911 -0.0430
vn -0.9515 -0.0499 -0.3036
vn -0.9516 -0.0567 -0.3021
vn -0.9518 -0.0545 -0.3017
vn -0.9277 -0.2368 -0.2886
vn -0.9294 -0.2354 -0.2841
vn -0.9282 -0.2343 -0.2891
vn 0.1669 0.7448 0.6460
vn 0.6301 0.6881 0.3597
vn -0.2054 0.9172 0.3414
vn -0.3166 -0.1682 0.9335
vn -0.7317 -0.0611 0.6789
vn -0.4178 -0.5084 0.7530
vn -0.6135 0.7442 -0.2642
vn -0.6516 -0.5204 -0.5519
vn -0.8680 0.1428 -0.4757
vn 0.7973 0.4386 0.4147
vn 0.8461 -0.3960 0.3567
vn 0.8577 -0.4995 -0.1220
vn -0.9583 -0.1007 0.2675
vn -0.9561 -0.0867 0.2798
vn -0.9586 -0.0911 0.2696
vn 0.1851 0.6226 -0.7604
vn 0.6211 0.4617 -0.6333
vn 0.1922 0.6111 -0.7678
vn 0.1506 0.5162 0.8431
vn 0.7766 0.4853 0.4018
vn 0.3278 0.9401 0.0943
vn -0.0008 -0.6863 -0.7273
vn 0.2623 0.1906 -0.9460
vn 0.2938 -0.9139 -0.2800
vn -0.7949 -0.0097 -0.6067
vn -0.9125 -0.3899 -0.1233
vn -0.8607 0.5012 0.0892
vn 0.3291 -0.0587 0.9425
vn 0.1059 0.9727 0.2066
vn 0.0313 0.6785 0.7339
vn 0.0980 0.6527 -0.7513
vn 0.0837 0.6430 -0.7613
vn 0.0684 0.6587 -0.7493
vn 0.8184 0.5702 0.0715
vn 0.9088 -0.0580 0.4132
vn 0.8499 -0.3609 -0.3839
vn 0.0662 0.8443 -0.5318
vn 0.3554 0.5849 -0.7291
vn 0.3419 0.5749 -0.7434
vn 0.2254 -0.2819 0.9326
vn 0.1579 0.9004 0.4054
vn 0.0384 0.5162 0.8556
vn -0.5206 0.6631 0.5379
vn -0.6141 0.3901 -0.6861
vn -0.8621 0.5057 -0.0323
vn 0.2824 0.9364 0.2083
vn -0.3938 0.8594 0.3261
vn -0.0382 0.7979 0.6015
vn 0.0183 0.3905 0.9204
vn -0.8262 -0.2579 -0.5009
vn -0.8268 -0.2461 -0.5057
vn -0.2332 -0.3635 -0.9019
vn -0.4874 -0.8074 -0.3324
vn -0.6321 -0.6335 -0.4463
vn -0.5842 -0.3364 -0.7386
vn 0.1074 -0.4408 -0.8911
vn -0.1836 -0.9463 -0.2660
vn -0.3533 -0.7671 -0.5354
vn -0.3056 -0.4891 -0.8169
vn 0.4412 -0.4270 -0.7893
vn 0.2728 -0.9312 -0.2417
vn 0.0196 -0.4676 0.8837
vn 0.3419 -0.8874 0.3091
vn 0.1727 0.1822 0.9680
vn 0.3081 0.6805 0.6648
vn 0.7531 0.4922 0.4367
vn 0.1299 0.9668 0.2198
vn -0.4386 -0.3217 0.8391
vn -0.4160 -0.8346 0.3611
vn -0.0716 -0.6490 0.7574
vn -0.1029 -0.6106 0.7853
vn -0.1151 -0.6188 0.7771
vn -0.1088 -0.6349 0.7649
vn 0.1197 -0.6816 -0.7219
vn -0.2660 -0.9279 -0.2612
vn -0.7393 -0.3428 -0.5796
vn -0.6599 0.0617 0.7488
vn -0.5333 0.8189 -0.2123
vn -0.9074 0.3801 0.1795
vn -0.3644 -0.5922 0.7186
vn -0.3752 -0.5834 0.7204
vn -0.3761 -0.5837 0.7196
vn -0.9955 0.0948 -0.0027
vn -0.3841 -0.6560 -0.6497
vn -0.8156 -0.0984 -0.5702
vn -0.8179 -0.0931 -0.5677
vn -0.2675 -0.0085 -0.9635
vn 0.9934 0.1106 0.0315
vn 0.9947 0.0994 0.0270
vn 0.2902 0.4819 -0.8268
vn 0.3666 -0.7687 -0.5242
vn 0.2158 -0.3158 -0.9239
vn 0.0527 -0.6336 0.7718
vn 0.2873 -0.9526 0.0998
vn 0.2088 -0.0269 0.9776
vn 0.2238 0.0013 -0.9746
vn 0.2970 0.7091 -0.6396
vn 0.4126 -0.5669 -0.7130
vn -0.8873 -0.1591 -0.4329
vn -0.9211 0.2172 0.3231
vn -0.8127 0.4401 -0.3818
vn 0.8825 0.4444 -0.1538
vn 0.8966 -0.0853 0.4345
vn 0.8259 -0.4953 -0.2693
vn 0.1880 0.7379 0.6482
vn 0.2654 0.9528 0.1474
vn -0.2451 0.8987 0.3637
vn -0.9965 0.0659 0.0521
vn -0.8884 0.4529 0.0754
vn -0.6058 0.3671 0.7059
vn -0.6038 0.5769 -0.5501
vn 0.1913 0.9772 -0.0918
vn 0.1793 0.7063 0.6849
vn 0.1764 0.7662 -0.6180
vn 0.1414 0.4411 0.8862
vn 0.7774 0.4577 0.4314
vn 0.3230 0.9301 0.1748
vn 0.3533 0.6453 -0.6773
vn 0.3475 0.6487 -0.6771
vn 0.0473 0.8826 -0.4678
vn 0.5749 0.7552 -0.3150
vn 0.8730 -0.3801 -0.3055
vn 0.8317 -0.3501 -0.4309
vn 0.8315 -0.3493 -0.4319
vn 0.8900 -0.0092 -0.4558
vn -0.9431 0.2694 -0.1949
vn -0.9424 0.2763 -0.1883
vn -0.9412 0.2703 -0.2029
vn 0.2118 0.6322 -0.7453
vn -0.0844 0.8578 -0.5071
vn 0.1978 0.6761 -0.7098
vn 0.1711 0.6725 -0.7200
vn 0.5771 -0.8166 0.0122
vn -0.2380 -0.9623 0.1319
vn -0.2023 -0.8627 -0.4635
vn 0.5456 -0.7438 -0.3861
vn 0.0715 -0.9275 0.3669
vn 0.1869 -0.8801 -0.4365
vn 0.2633 -0.5371 0.8014
vn -0.9498 0.1449 0.2774
vn -0.9498 0.1333 0.2832
vn -0.9485 0.1575 0.2749
vn 0.3178 0.9072 0.2755
vn -0.3835 0.8327 0.3993
vn -0.0404 0.7519 0.6580
vn 0.0333 0.3340 0.9420
vn -0.9530 0.2007 -0.2270
vn -0.9538 0.1857 -0.2360
vn -0.9547 0.1911 -0.2281
vn 0.6991 -0.4613 -0.5463
vn 0.2317 -0.9323 -0.2778
vn -0.2407 -0.4334 -0.8685
vn -0.8833 0.4666 0.0457
vn -0.8540 -0.0163 -0.5200
vn -0.9530 -0.2975 0.0581
vn -0.8890 0.3385 0.3084
vn 0.8549 -0.0989 0.5093
vn 0.8208 -0.3634 0.4406
vn 0.8204 -0.3644 0.4406
vn 0.8425 -0.5180 0.1479
vn -0.1795 -0.2409 -0.9538
vn -0.1172 -0.9195 -0.3753
vn -0.7081 -0.3650 -0.6045
vn 0.8588 0.4813 0.1757
vn 0.9155 -0.4016 0.0232
vn 0.8481 -0.2505 -0.4669
vn 0.8425 0.4425 -0.3073
vn 0.8285 0.5572 -0.0563
vn 0.8284 0.5574 -0.0556
vn 0.9484 0.2974 0.1101
vn -0.9494 0.2312 0.2128
vn -0.9486 0.2239 0.2235
vn -0.9453 0.2385 0.2227
vn 0.1347 -0.6288 -0.7658
vn -0.2533 -0.9031 -0.3467
vn -0.7294 -0.2839 -0.6224
vn -0.8639 -0.2201 -0.4530
vn -0.9193 0.0437 0.3912
vn -0.8539 0.4873 -0.1826
vn -0.2181 -0.6522 0.7260
vn -0.2014 -0.6576 0.7260
vn -0.2268 -0.6394 0.7346
vn -0.1867 -0.6832 0.7060
vn -0.1700 -0.6856 0.7079
vn -0.1950 -0.6716 0.7148
vn 0.8646 0.0009 0.5024
vn 0.8210 -0.2714 0.5023
vn 0.8208 -0.2725 0.5021
vn 0.8436 -0.4786 0.2436
vn 0.3101 0.2974 -0.9030
vn -0.1560 0.6965 -0.7004
vn 0.0104 0.7767 -0.6298
vn 0.3379 0.9361 0.0972
vn 0.6558 0.6313 0.4139
vn 0.0853 0.9554 0.2826
vn 0.1817 0.6986 0.6921
vn 0.2107 0.6818 0.7006
vn 0.4473 -0.5076 -0.7363
vn -0.2569 -0.8705 -0.4199
vn -0.3945 -0.2729 -0.8774
vn -0.6247 -0.5861 0.5159
vn -0.0989 -0.6968 0.7104
vn -0.0880 -0.2184 0.9719
vn 0.3423 0.8229 0.4534
vn 0.2888 0.5369 -0.7927
vn -0.0492 0.9706 -0.2357
vn 0.8714 0.2207 0.4381
vn 0.8401 0.5419 0.0237
vn 0.8505 0.4448 0.2806
vn -0.0539 -0.8017 0.5953
vn -0.3950 -0.5971 0.6982
vn -0.4117 -0.6101 0.6770
vn 0.9277 -0.0395 -0.3714
vn 0.9445 -0.2536 0.2088
vn 0.8916 -0.4370 0.1189
vn 0.8480 -0.4515 -0.2777
vn 0.8237 0.3706 0.4292
vn -0.9387 0.3272 -0.1084
vn -0.9415 0.3218 -0.1003
vn -0.9402 0.3264 -0.0980
vn 0.8667 0.3149 0.3869
vn 0.8369 0.5404 -0.0876
vn 0.8468 0.4992 0.1839
vn 0.1811 0.7473 -0.6393
vn 0.6096 0.5730 -0.5478
vn 0.1860 0.7371 -0.6496
vn 0.9380 -0.3248 -0.1213
vn 0.2273 0.9059 0.3574
vn -0.4122 0.7593 0.5036
vn -0.0118 0.6744 0.7383
vn 0.0250 0.6452 0.7636
vn -0.8798 -0.4470 0.1617
vn -0.8631 0.4755 0.1703
vn -0.7937 0.0882 -0.6018
vn -0.6676 0.1327 -0.7326
vn -0.4452 -0.8825 -0.1518
vn -0.8854 -0.3640 -0.2893
vn 0.8417 0.3757 0.3879
vn 0.8647 0.1207 0.4876
vn 0.8552 0.4984 0.1423
vn 0.9370 -0.0331 0.3477
vn 0.9224 0.3181 -0.2192
vn 0.9303 -0.1036 0.3520
vn 0.6416 -0.4044 -0.6518
vn 0.2284 -0.8973 -0.3776
vn -0.3252 -0.3735 -0.8688
vn 0.5241 -0.6960 0.4908
vn -0.2406 -0.9273 0.2866
vn -0.0910 -0.9850 0.1468
vn 0.4601 -0.7904 -0.4044
vn 0.9159 -0.4012 -0.0136
vn 0.8476 -0.2249 -0.4807
vn 0.8594 0.4610 0.2210
vn 0.2005 -0.2348 -0.9511
vn -0.3263 -0.8017 -0.5008
vn -0.6540 -0.3011 -0.6939
vn -0.3783 -0.6746 0.6338
vn -0.3808 -0.6743 0.6327
vn -0.3753 -0.6831 0.6264
vn -0.3720 -0.6736 0.6386
vn -0.0948 -0.7354 0.6709
vn -0.1069 -0.7423 0.6615
vn -0.1006 -0.7561 0.6467
vn 0.3299 0.5764 0.7476
vn 0.7853 0.3903 0.4806
vn 0.1555 0.9258 0.3446
vn -0.2176 -0.7213 0.6575
vn -0.2029 -0.7264 0.6567
vn -0.2161 -0.7124 0.6676
vn -0.6842 -0.6184 -0.3866
vn -0.4282 -0.1083 -0.8972
vn -0.1941 -0.1445 -0.9703
vn 0.0978 -0.6769 -0.7295
vn -0.5969 0.6167 -0.5132
vn -0.6163 -0.6291 -0.4737
vn -0.9083 0.0161 -0.4179
vn 0.1829 0.0957 0.9785
vn 0.2487 -0.6691 0.7003
vn 0.2318 0.6230 0.7471
vn 0.9421 -0.2466 -0.2274
vn 0.9350 0.1863 0.3019
vn 0.9201 -0.3431 0.1888
vn 0.2441 0.6245 0.7419
vn 0.2223 0.9315 0.2879
vn -0.2231 0.7978 0.5601
vn 0.9388 -0.1644 0.3028
vn -0.9211 0.1553 0.3571
vn -0.8800 0.4693 0.0733
vn -0.8113 -0.0298 -0.5839
vn -0.8755 -0.3033 -0.3763
vn -0.2170 -0.7431 0.6330
vn 0.3327 -0.7716 0.5422
vn -0.2377 -0.3224 0.9163
vn 0.9199 -0.3428 -0.1904
vn 0.8905 -0.4470 0.0855
vn 0.8464 -0.4274 -0.3176
vn 0.8244 0.3289 0.4607
vn -0.3505 -0.9342 -0.0664
vn -0.8630 -0.4747 -0.1730
vn -0.8647 -0.4704 -0.1763
vn -0.6526 -0.1336 -0.7459
vn 0.9341 -0.3416 0.1038
vn 0.0530 0.7992 -0.5988
vn 0.0862 0.8158 -0.5719
vn 0.0972 0.8213 -0.5621
vn 0.1192 0.7972 -0.5919
vn 0.1578 0.2671 0.9507
vn 0.7768 0.3623 0.5151
vn 0.3287 0.8822 0.3372
vn 0.0212 0.4646 -0.8853
vn 0.0192 0.4665 -0.8843
vn 0.0901 0.9674 -0.2366
vn -0.8783 -0.4627 0.1202
vn -0.8622 0.4570 0.2185
vn -0.7947 0.1472 -0.5889
vn 0.3500 0.7522 -0.5583
vn 0.0658 0.9486 -0.3096
vn 0.5741 0.7952 -0.1951
vn -0.9076 0.1077 0.4058
vn -0.6401 -0.5282 0.5579
vn -0.6314 0.7218 0.2834
vn 0.2110 0.7495 -0.6275
vn 0.8118 0.5418 0.2177
vn 0.9028 -0.1674 0.3962
vn 0.8596 -0.2419 -0.4500
vn -0.0885 0.9332 -0.3482
vn 0.1891 0.7912 -0.5816
vn 0.1678 0.7898 -0.5900
vn 0.9409 0.1811 -0.2863
vn -0.8759 -0.4032 0.2648
vn -0.5970 -0.7523 -0.2786
vn -0.6390 0.0005 0.7692
vn 0.6624 -0.2624 -0.7017
vn 0.6620 0.6216 -0.4187
vn 0.8705 0.4388 0.2226
vn 0.8728 -0.2113 0.4400
vn -0.8812 -0.2156 0.4208
vn -0.5579 -0.8034 0.2081
vn -0.5659 0.2917 0.7712
vn 0.6841 -0.3532 -0.6382
vn 0.2321 -0.8626 -0.4495
vn -0.2743 -0.2970 -0.9146
vn 0.0025 0.5805 0.8143
vn 0.3885 0.7819 0.4876
vn -0.4089 0.7112 0.5718
vn 0.9211 0.2470 -0.3010
vn -0.0357 -0.0481 -0.9982
vn 0.1296 0.7025 -0.6998
vn 0.1165 -0.7622 -0.6367
vn 0.6639 0.2466 -0.7060
vn 0.6625 0.7316 -0.1607
vn 0.8710 0.4130 0.2661
vn 0.8716 -0.4389 0.2183
vn -0.4408 -0.5235 0.7291
vn -0.4192 -0.8993 0.1248
vn -0.0782 -0.8257 0.5586
vn -0.8170 0.5418 -0.1975
vn -0.8670 0.0513 -0.4957
vn -0.9482 -0.3174 0.0090
vn -0.8885 0.2779 0.3650
vn -0.1004 -0.7904 0.6043
vn -0.1150 -0.7982 0.5912
vn -0.1088 -0.8107 0.5753
vn 0.1107 -0.4802 -0.8702
vn -0.6552 -0.6040 -0.4536
vn -0.4994 -0.0038 -0.8664
vn 0.3544 -0.2062 -0.9121
vn -0.1944 -0.7460 -0.6370
vn -0.6026 -0.1967 -0.7734
vn -0.6770 -0.6796 0.2824
vn -0.5618 0.5475 0.6201
vn -0.8954 -0.0324 0.4440
vn -0.4308 -0.0530 0.9009
vn -0.6077 0.7910 0.0711
vn -0.8588 0.2617 0.4405
vn -0.0421 -0.3121 -0.9491
vn -0.0485 -0.3059 -0.9508
vn 0.1251 0.4853 -0.8653
vn 0.8708 0.2407 0.4286
vn 0.8707 -0.3840 -0.3074
vn 0.6650 0.6281 -0.4040
vn -0.4008 -0.7177 0.5694
vn -0.4160 -0.7251 0.5488
vn -0.0301 -0.8722 0.4881
vn -0.2443 -0.4925 0.8353
vn -0.0866 -0.6769 0.7310
vn -0.0105 -0.9998 -0.0195
vn 0.0703 0.0755 0.9947
vn 0.2115 0.5195 0.8279
vn 0.3591 0.8401 0.4066
vn -0.2473 0.7244 0.6435
vn 0.8709 0.4308 0.2365
vn 0.8704 -0.4908 -0.0390
vn 0.6649 -0.2276 -0.7114
vn 0.3036 -0.7922 0.5294
vn -0.2542 -0.3675 0.8946
vn -0.2316 -0.7853 0.5742
vn -0.2182 -0.7895 0.5737
vn 0.7942 0.2715 0.5437
vn 0.8500 -0.4986 0.1702
vn 0.8592 -0.4254 -0.2842
vn -0.0881 -0.5413 -0.8362
vn -0.0979 -0.5342 -0.8397
vn 0.1822 0.2293 -0.9561
vn 0.9346 0.1224 0.3339
vn -0.0161 -0.8950 -0.4457
vn -0.0238 -0.8926 -0.4502
vn 0.1377 -0.2695 -0.9531
vn 0.4393 0.6312 -0.6392
vn -0.0691 0.0509 -0.9963
vn -0.4318 0.2196 -0.8749
vn 0.0235 0.8801 -0.4742
vn 0.6636 -0.1976 0.7215
vn 0.6608 -0.6321 -0.4047
vn 0.8716 -0.1406 -0.4696
vn 0.8713 0.4454 -0.2059
vn -0.7939 0.1959 -0.5756
vn -0.9125 -0.3242 -0.2495
vn -0.8610 0.4408 0.2537
vn 0.8727 0.0888 -0.4801
vn 0.6684 0.6041 -0.4339
vn 0.6621 0.1184 0.7400
vn 0.8709 -0.4782 0.1134
vn 0.2265 0.8028 -0.5516
vn 0.2189 0.8143 -0.5376
vn 0.2580 0.7921 -0.5532
vn 0.8693 0.0049 -0.4943
vn 0.8735 0.2492 0.4183
vn 0.6645 -0.1901 0.7227
vn -0.6657 -0.4047 -0.6270
vn -0.3994 0.0830 -0.9130
vn 0.2247 -0.3306 -0.9166
vn -0.3848 -0.7309 -0.5636
vn 0.6661 0.7441 0.0517
vn 0.6620 0.1624 -0.7317
vn 0.8713 0.1373 0.4713
vn 0.8706 -0.4531 -0.1918
vn 0.8705 0.0988 0.4821
vn 0.8713 -0.2738 -0.4072
vn 0.6654 0.0373 -0.7456
vn 0.3588 0.7868 -0.5022
vn 0.7102 0.4158 -0.5682
vn 0.3631 0.7745 -0.5180
vn 0.0028 0.5095 0.8605
vn 0.3201 0.7953 0.5148
vn -0.3994 0.6712 0.6244
vn 0.6644 -0.2366 -0.7089
vn 0.6643 0.1514 -0.7320
vn 0.8708 0.4164 -0.2614
vn 0.8708 -0.2194 0.4399
vn 0.6651 -0.6297 -0.4015
vn 0.6636 -0.0284 -0.7476
vn 0.8708 0.4853 -0.0788
vn 0.8704 -0.1138 0.4791
vn 0.6661 0.7395 -0.0966
vn 0.8694 -0.4602 0.1800
vn 0.8709 0.3953 -0.2918
vn 0.8575 0.4139 0.3056
vn 0.9158 -0.3911 -0.0909
vn 0.8484 -0.1313 -0.5127
vn 0.6591 0.6918 -0.2950
vn 0.8694 -0.1548 0.4691
vn 0.8712 0.0265 -0.4902
vn 0.8710 0.2289 -0.4347
vn 0.8705 -0.0839 0.4849
vn 0.6630 -0.3744 -0.6483
vn -0.3454 -0.5465 -0.7629
vn -0.3311 -0.1519 -0.9313
vn 0.4751 -0.1088 -0.8732
vn 0.2887 -0.7638 -0.5773
vn 0.6555 0.0048 0.7551
vn 0.8708 -0.4906 -0.0328
vn 0.8723 0.4819 -0.0826
vn -0.2135 -0.8103 0.5457
vn 0.4989 -0.0802 0.8629
vn 0.0525 0.6692 0.7412
vn -0.4165 0.2504 0.8740
vn 0.0868 -0.2929 0.9522
vn -0.0935 -0.8404 0.5338
vn -0.1081 -0.8473 0.5201
vn -0.1018 -0.8582 0.5031
vn 0.3750 0.4259 0.8234
vn 0.7765 0.3964 0.4898
vn -0.1241 0.6804 0.7223
vn 0.1159 -0.4635 -0.8785
vn -0.6543 -0.5673 -0.5000
vn -0.7390 -0.0949 -0.6670
vn 0.6787 -0.7344 -0.0028
vn 0.6618 -0.2350 -0.7119
vn 0.8661 0.3400 -0.3665
vn 0.8707 0.0165 0.4915
vn 0.8512 0.3863 0.3553
vn 0.8957 -0.4441 -0.0217
vn 0.8924 0.2070 -0.4011
vn 0.8705 0.3015 -0.3889
vn 0.8714 -0.1587 0.4642
vn 0.6598 -0.2693 -0.7015
vn 0.6652 -0.6502 0.3670
vn 0.8703 -0.4668 -0.1572
vn 0.8710 0.4879 -0.0570
vn 0.8719 -0.4174 -0.2561
vn 0.8681 0.4775 0.1352
vn 0.6708 -0.6625 0.3332
vn 0.2146 0.4471 0.8684
vn 0.3389 0.8115 0.4760
vn -0.2489 0.6628 0.7062
vn 0.9042 -0.4186 -0.0847
vn 0.8597 -0.0037 -0.5109
vn 0.8200 0.5077 0.2643
vn 0.8205 -0.2447 0.5166
vn 0.6673 -0.2705 0.6939
vn 0.6630 -0.4759 0.5779
vn 0.8706 -0.0556 -0.4888
vn 0.8699 0.4060 -0.2802
vn 0.6610 0.7195 -0.2131
vn 0.8694 -0.2462 0.4285
vn 0.8721 0.0550 -0.4862
vn -0.8119 0.0793 -0.5784
vn -0.9470 -0.3091 -0.0873
vn -0.8748 0.4581 0.1579
vn 0.1431 0.0919 0.9854
vn 0.7811 0.2617 0.5670
vn 0.3030 0.8082 0.5049
vn -0.0770 -0.8424 0.5333
vn -0.0939 -0.9909 0.0960
vn -0.0648 -0.9928 0.1007
vn -0.8789 -0.4754 0.0403
vn -0.8623 0.4121 0.2942
vn -0.7966 0.2447 -0.5527
vn 0.5138 0.3611 0.7782
vn 0.0523 0.2638 0.9632
vn 0.0228 -0.3691 0.9291
vn 0.7374 -0.2544 0.6257
vn 0.2116 0.8567 -0.4703
vn -0.6555 -0.3563 -0.6658
vn -0.6242 0.0194 -0.7811
vn 0.0826 0.0022 -0.9966
vn -0.3296 -0.6998 -0.6337
vn -0.1050 0.2118 -0.9717
vn -0.3017 -0.6050 -0.7369
vn -0.7494 -0.2019 -0.6306
vn -0.0066 0.4434 0.8963
vn 0.2926 0.7573 0.5839
vn -0.4018 0.6274 0.6670
vn -0.8222 -0.4846 -0.2986
vn -0.8607 -0.1073 0.4978
vn -0.9022 0.3852 -0.1940
vn 0.0280 -0.9762 -0.2153
vn -0.1689 -0.9784 0.1194
vn -0.1904 -0.9762 0.1037
vn 0.2184 0.8694 -0.4431
vn 0.0771 0.9969 0.0155
vn 0.2258 0.8293 0.5111
vn 0.0023 -0.2807 0.9598
vn 0.7749 -0.0676 0.6284
vn 0.0857 0.3636 0.9276
vn -0.3025 -0.5978 0.7424
vn -0.4299 -0.9009 -0.0601
vn -0.0746 -0.9126 0.4021
vn -0.8820 0.4385 0.1728
vn -0.8437 0.1650 -0.5108
vn -0.9562 -0.2863 -0.0604
vn -0.8882 0.2235 0.4014
vn 0.1196 -0.3718 -0.9206
vn -0.6602 -0.5163 -0.5456
vn -0.6756 0.0450 -0.7359
vn 0.4494 -0.0060 -0.8933
vn 0.0760 -0.7551 -0.6512
vn -0.4035 -0.1711 -0.8988
vn -0.2217 -0.9637 0.1486
vn 0.1170 0.9865 -0.1143
vn 0.1052 0.9888 -0.1056
vn 0.6021 0.7910 0.1083
vn 0.3636 0.7632 0.5341
vn 0.0743 0.8064 0.5867
vn 0.1705 0.4184 0.8921
vn 0.2026 0.3975 0.8950
vn -0.1881 -0.9821 0.0117
vn -0.1895 -0.9816 0.0226
vn -0.5841 -0.7945 -0.1663
vn -0.4971 -0.8642 -0.0779
vn 0.2555 -0.9236 -0.2858
vn -0.0810 -0.9967 -0.0114
vn -0.1194 -0.8902 0.4396
vn -0.6383 -0.6541 0.4059
vn -0.1191 -0.8909 0.4384
vn 0.5105 0.6796 -0.5268
vn 0.0701 0.8844 -0.4614
vn 0.1082 0.8874 -0.4482
vn -0.1085 0.7487 -0.6540
vn 0.0272 0.9992 -0.0290
vn 0.1881 0.8805 -0.4351
vn -0.4491 -0.0706 0.8907
vn 0.4102 -0.2882 0.8652
vn -0.0039 0.4850 0.8745
vn 0.9284 0.3141 -0.1984
vn 0.9190 0.3172 0.2343
vn 0.8495 -0.3692 0.3770
vn 0.8499 -0.4344 -0.2984
vn -0.0747 -0.9939 0.0810
vn 0.2138 -0.9653 -0.1497
vn 0.1164 -0.8902 0.4405
vn 0.1844 0.9570 0.2240
vn 0.3925 0.9120 -0.1189
vn 0.3929 0.9083 -0.1437
vn -0.8911 0.4502 0.0572
vn -0.8591 -0.1501 -0.4894
vn -0.8821 -0.4681 0.0529
vn 0.8859 -0.4625 -0.0359
vn 0.8447 -0.3405 -0.4129
vn 0.8246 0.1903 0.5328
vn -0.1902 0.1217 0.9742
vn 0.7340 -0.1273 0.6671
vn 0.1120 0.4006 0.9094
vn 0.7649 0.3394 0.5475
vn 0.3055 0.7530 0.5827
vn 0.0633 0.0403 0.9972
vn 0.3772 0.2691 0.8862
vn -0.1350 0.9228 -0.3608
vn -0.1025 0.8711 0.4802
vn 0.1425 0.9875 0.0681
vn -0.9135 0.3661 0.1777
vn -0.9236 0.2143 -0.3178
vn -0.8469 0.0785 -0.5259
vn -0.8642 -0.4869 0.1270
vn -0.1600 -0.8955 -0.4154
vn -0.1759 -0.9819 -0.0706
vn -0.5151 -0.8234 -0.2380
vn -0.8724 0.4884 0.0187
vn -0.8627 -0.0767 -0.4999
vn -0.8536 -0.1740 0.4910
vn 0.1886 0.8984 -0.3965
vn 0.1985 0.8976 -0.3936
vn 0.3503 0.8720 -0.3420
vn 0.3578 0.8665 -0.3481
vn 0.3520 0.8688 -0.3483
vn 0.0823 0.9406 -0.3293
vn -0.1920 0.7997 -0.5689
vn -0.0360 0.9992 0.0156
vn 0.8653 -0.1752 0.4696
vn 0.8514 -0.4050 -0.3332
vn 0.9284 0.3521 -0.1186
vn 0.2954 0.7183 0.6299
vn -0.3324 0.6572 0.6765
vn -0.0252 0.4149 0.9095
vn 0.0300 -0.0999 0.9945
vn -0.6451 -0.3290 -0.6896
vn -0.5833 0.0802 -0.8083
vn -0.0061 0.1369 -0.9906
vn -0.1578 -0.6827 -0.7134
vn -0.8618 0.4220 0.2816
vn -0.8566 0.0822 -0.5093
vn -0.8990 -0.1007 -0.4262
vn -0.9186 -0.1807 0.3515
vn -0.0160 0.9990 -0.0420
vn 0.3943 0.9183 -0.0357
vn 0.3857 0.9207 -0.0595
vn -0.1845 0.0469 -0.9817
vn 0.2473 -0.2251 -0.9424
vn -0.4916 -0.3063 -0.8152
vn -0.0722 0.4594 -0.8853
vn 0.2125 0.0569 -0.9755
vn -0.7603 0.1004 -0.6417
vn 0.8583 0.5058 0.0868
vn 0.9133 -0.3429 0.2198
vn 0.8481 -0.1995 -0.4909
vn -0.3595 -0.3849 -0.8501
vn -0.3206 0.0158 -0.9471
vn 0.4131 0.0393 -0.9098
vn 0.2708 -0.6796 -0.6817
vn -0.0930 0.4224 -0.9016
vn 0.1965 0.0087 -0.9805
vn -0.7699 0.0744 -0.6338
vn -0.8133 0.5771 -0.0739
vn -0.8180 0.4633 -0.3409
vn -0.9481 -0.3111 -0.0651
vn -0.8910 0.1802 0.4167
vn -0.0105 -0.4091 0.9124
vn 0.7868 -0.1735 0.5923
vn 0.0954 0.1982 0.9755
vn 0.2247 0.9662 0.1265
vn 0.2303 0.9657 0.1198
vn 0.2158 0.9669 0.1359
vn -0.1655 0.2271 -0.9597
vn 0.2890 -0.0009 -0.9573
vn -0.3464 -0.2241 -0.9109
vn 0.1874 0.2417 0.9521
vn 0.4586 0.6092 0.6470
vn -0.2562 0.4978 0.8286
vn 0.3270 0.9449 -0.0159
vn 0.3313 0.9435 0.0053
vn 0.7361 0.6627 -0.1380
vn -0.2172 -0.1363 0.9666
vn 0.7142 -0.2714 0.6451
vn -0.0066 0.1406 0.9900
vn 0.1236 -0.2870 -0.9499
vn -0.6153 -0.6460 -0.4517
vn -0.6151 0.2534 -0.7466
vn -0.2401 -0.9707 -0.0069
vn -0.3933 -0.8434 0.3661
vn -0.4113 -0.8419 0.3494
vn 0.8827 -0.4662 -0.0590
vn 0.8454 -0.3061 -0.4378
vn 0.8239 0.1448 0.5480
vn -0.5764 0.1326 -0.8063
vn -0.1180 0.1935 -0.9740
vn 0.1867 -0.2038 -0.9610
vn -0.0856 -0.9913 -0.1000
vn -0.0804 -0.9921 -0.0959
vn 0.1395 -0.1265 0.9821
vn 0.7930 0.1265 0.5960
vn 0.3220 0.6797 0.6590
vn -0.3516 -0.9131 -0.2064
vn -0.5997 -0.6620 -0.4496
vn 0.0647 -0.9405 -0.3336
vn -0.3466 -0.9126 -0.2169
vn 0.8137 0.4224 0.3994
vn 0.9072 -0.2942 0.3007
vn 0.8550 -0.0738 -0.5133
vn -0.8713 0.0500 -0.4882
vn -0.9039 -0.4039 0.1411
vn -0.8505 0.4180 0.3192
vn -0.8250 0.1741 -0.5377
vn -0.8368 -0.0657 0.5435
vn -0.8970 0.3894 -0.2093
vn -0.1123 -0.4396 0.8911
vn 0.7291 -0.3974 0.5571
vn 0.4678 0.1725 0.8668
vn 0.3662 0.5869 0.7221
vn -0.3812 0.5331 0.7553
vn -0.0319 0.3177 0.9476
vn 0.0236 -0.2016 0.9792
vn 0.6728 -0.1026 -0.7326
vn 0.2350 -0.6536 -0.7195
vn -0.2835 0.0410 -0.9581
vn -0.8919 0.1410 0.4296
vn -0.8181 0.5750 0.0139
vn -0.8411 0.3486 -0.4135
vn -0.9320 -0.2641 -0.2483
vn 0.8817 -0.2882 0.3735
vn 0.8186 -0.3284 -0.4713
vn 0.8873 0.3551 -0.2943
vn -0.0880 -0.9349 -0.3438
vn 0.0930 -0.7696 -0.6317
vn 0.0334 -0.9985 0.0442
vn 0.2004 -0.7612 0.6168
vn -0.1518 -0.9533 0.2609
vn 0.1555 -0.9816 -0.1112
vn 0.3138 0.1732 0.9335
vn 0.7560 0.1488 0.6375
vn 0.1375 0.6642 0.7348
vn -0.5005 -0.1903 0.8445
vn 0.3565 -0.6311 0.6890
vn 0.2349 0.0338 0.9714
vn 0.0976 -0.0862 -0.9915
vn -0.2668 -0.6022 -0.7524
vn -0.7758 -0.0342 -0.6300
vn 0.3045 0.1577 -0.9394
vn -0.1480 -0.5322 -0.8336
vn -0.6068 0.0440 -0.7936
vn 0.7594 -0.3804 -0.5279
vn 0.8828 0.2396 -0.4042
vn 0.8864 -0.0955 0.4530
vn 0.8235 -0.5662 0.0350
vn -0.8620 -0.5000 -0.0832
vn -0.9132 0.2808 0.2954
vn -0.9137 0.2420 -0.3264
vn -0.8634 -0.0459 -0.5025
vn -0.9061 0.1862 0.3800
vn -0.8243 0.5096 -0.2467
vn -0.8222 -0.3068 -0.4795
vn -0.8708 -0.4749 0.1270
vn -0.0108 0.2285 -0.9735
vn 0.3159 -0.1565 -0.9358
vn -0.4895 0.1756 -0.8542
vn 0.8730 -0.4631 0.1533
vn 0.8123 -0.2848 -0.5089
vn 0.8992 0.4302 0.0795
vn 0.1707 0.2134 0.9619
vn 0.3204 0.6604 0.6791
vn -0.2584 0.5071 0.8223
vn -0.0166 -0.9336 0.3580
vn -0.5849 -0.5068 0.6333
vn -0.4001 -0.8797 0.2570
vn -0.6514 -0.6394 0.4086
vn -0.1598 -0.9406 0.2996
vn -0.2009 -0.6015 0.7732
vn 0.0316 -0.8428 -0.5373
vn -0.1716 -0.9569 -0.2344
vn -0.1819 -0.9546 -0.2359
vn 0.2948 -0.9246 0.2413
vn -0.4410 -0.6274 0.6417
vn -0.2288 -0.9378 0.2610
vn -0.2324 -0.9372 0.2601
vn -0.6928 -0.2540 -0.6749
vn -0.5072 0.5992 -0.6195
vn -0.3471 0.1782 -0.9208
vn -0.2653 -0.3559 -0.8961
vn 0.9284 0.3650 -0.0698
vn 0.9184 0.2182 0.3301
vn 0.8499 -0.4757 0.2266
vn 0.8543 -0.2456 -0.4581
vn 0.1066 0.9218 0.3729
vn 0.0909 0.9114 0.4013
vn 0.1382 0.9068 0.3983
vn 0.1981 0.9235 0.3284
vn 0.6287 0.7673 0.1265
vn -0.2076 0.9760 -0.0652
vn 0.1422 0.5324 0.8345
vn 0.5758 0.8174 -0.0181
vn 0.1662 0.9063 0.3885
vn 0.2126 0.9484 -0.2353
vn 0.1024 0.9822 -0.1574
vn -0.1708 0.8929 -0.4166
vn -0.1578 0.9774 0.1409
vn -0.7751 0.2174 -0.5933
vn -0.3496 0.4162 -0.8394
vn -0.0112 0.6114 -0.7912
vn 0.1820 0.3370 -0.9238
vn -0.4412 0.0964 -0.8922
vn -0.0428 0.3653 -0.9299
vn -0.0232 0.3614 -0.9321
vn 0.2394 -0.0556 -0.9693
vn 0.4526 0.0104 0.8917
vn -0.1148 -0.2000 0.9730
vn -0.2230 -0.3356 0.9152
vn 0.3693 -0.7622 0.5317
vn -0.0218 0.1755 0.9842
vn 0.4889 0.2818 0.8256
vn -0.4059 0.4024 0.8206
vn 0.1387 0.2639 -0.9545
vn -0.3858 -0.4475 -0.8068
vn -0.6726 0.1224 -0.7298
vn 0.8575 0.2869 0.4271
vn 0.9158 -0.3368 -0.2187
vn 0.8486 0.0532 -0.5263
vn -0.1772 0.3015 -0.9369
vn 0.2631 0.0644 -0.9626
vn -0.5117 -0.0549 -0.8574
vn -0.0939 -0.9727 0.2123
vn -0.1061 -0.9739 0.2007
vn -0.0993 -0.9782 0.1824
vn 0.3737 0.1159 0.9203
vn 0.7730 0.2218 0.5944
vn -0.1256 0.3895 0.9124
vn -0.8655 0.0939 -0.4921
vn -0.9204 -0.1707 0.3518
vn -0.8409 0.5354 -0.0788
vn 0.4360 0.2332 -0.8692
vn 0.0779 -0.5498 -0.8317
vn -0.4075 0.0746 -0.9101
vn -0.5288 -0.5776 0.6219
vn 0.2873 -0.6204 0.7297
vn -0.1999 0.1133 0.9732
vn 0.0895 -0.0653 0.9938
vn -0.2305 -0.0371 0.9724
vn -0.5541 -0.4364 0.7089
vn 0.2308 -0.7824 0.5784
vn -0.8072 0.5903 -0.0036
vn -0.8127 0.5188 -0.2654
vn -0.9502 -0.2892 -0.1165
vn -0.8935 0.1190 0.4330
vn -0.1141 -0.5510 0.8266
vn 0.7245 -0.4924 0.4822
vn 0.4621 0.0264 0.8865
vn -0.8888 0.4244 0.1728
vn -0.8517 0.0544 -0.5211
vn -0.8561 -0.3521 0.3783
vn -0.7782 0.2058 -0.5933
vn -0.3551 0.3941 -0.8477
vn -0.3559 0.3771 -0.8551
vn -0.1521 -0.0933 -0.9839
vn 0.2275 0.9723 -0.0540
vn 0.0798 0.8991 0.4304
vn 0.2242 0.5295 0.8181
vn -0.9018 0.1256 0.4134
vn -0.8284 0.5371 -0.1589
vn -0.8168 -0.2873 -0.5003
vn -0.8718 -0.4889 0.0311
vn 0.8836 -0.4573 0.1006
vn 0.8312 -0.1949 -0.5208
vn 0.8805 0.4417 0.1721
vn 0.3589 0.8904 0.2799
vn 0.3785 0.8817 0.2816
vn 0.5616 0.7949 -0.2296
vn 0.2106 0.1113 0.9712
vn 0.3214 0.5953 0.7365
vn -0.2542 0.3690 0.8940
vn -0.0787 0.2540 -0.9640
vn -0.2059 -0.5301 -0.8225
vn -0.7445 0.1137 -0.6578
vn 0.9248 0.3715 -0.0817
vn 0.8635 -0.3915 0.3180
vn 0.8537 -0.1376 -0.5023
vn -0.2375 -0.9549 -0.1782
vn -0.3885 -0.8961 0.2145
vn -0.4082 -0.8916 0.1959
vn -0.1952 -0.9650 0.1749
vn 0.3136 -0.9479 0.0568
vn -0.3485 -0.7140 0.6073
vn 0.1819 0.9784 -0.0980
vn 0.6154 0.7782 -0.1253
vn 0.1868 0.9759 -0.1124
vn 0.1376 -0.2542 0.9573
vn 0.7793 0.0536 0.6244
vn 0.2796 0.5827 0.7631
vn 0.3652 0.9256 -0.0996
vn 0.3674 0.9240 -0.1064
vn 0.8286 0.3809 0.4103
vn 0.9084 -0.3426 0.2397
vn 0.8479 0.0125 -0.5300
vn 0.2190 0.9617 -0.1649
vn 0.2134 0.9645 -0.1556
vn 0.2192 0.9640 -0.1505
vn 0.1020 0.8428 0.5285
vn 0.0864 0.8275 0.5547
vn 0.1340 0.8237 0.5510
vn 0.0139 0.0273 0.9995
vn 0.5141 0.1545 0.8437
vn -0.3979 0.2304 0.8880
vn -0.9223 -0.2551 0.2903
vn -0.8603 0.3337 0.3854
vn -0.8605 0.1839 -0.4750
vn -0.8949 0.0154 -0.4460
vn 0.2778 0.9398 0.1992
vn -0.1993 0.9042 0.3778
vn 0.6994 0.6960 0.1626
vn -0.1150 -0.8278 -0.5492
vn -0.1054 -0.8330 -0.5431
vn -0.1089 -0.8352 -0.5390
vn 0.2521 0.0110 0.9676
vn 0.7182 -0.0057 0.6958
vn 0.1092 0.5338 0.8385
vn -0.4715 -0.7883 0.3954
vn -0.4378 -0.8236 -0.3606
vn -0.0826 -0.9936 0.0771
vn -0.3876 -0.6998 0.6000
vn 0.5663 -0.7257 0.3906
vn 0.1525 -0.3279 0.9323
vn -0.3495 -0.1129 -0.9301
vn -0.2610 0.2603 -0.9296
vn 0.5382 0.1556 -0.8284
vn 0.2917 -0.4902 -0.8213
vn 0.1785 0.4115 -0.8937
vn -0.1044 -0.3748 -0.9212
vn -0.6440 0.1617 -0.7478
vn -0.6916 -0.0117 -0.7222
vn -0.5078 0.7726 -0.3811
vn -0.3469 0.4777 -0.8071
vn -0.2615 -0.0335 -0.9646
vn -0.1836 -0.9755 0.1210
vn -0.1711 -0.9791 0.1102
vn -0.1880 -0.9726 0.1366
vn 0.8551 0.2336 0.4629
vn 0.9022 -0.3686 -0.2238
vn 0.8790 0.3973 -0.2636
vn -0.3268 -0.9327 0.1528
vn -0.3347 -0.9287 0.1596
vn -0.3354 -0.9285 0.1593
vn -0.1680 -0.8599 -0.4820
vn -0.1724 -0.8677 -0.4663
vn -0.5672 -0.6315 -0.5287
vn -0.2210 -0.4424 0.8691
vn 0.6768 -0.5531 0.4859
vn -0.0056 -0.2158 0.9764
vn -0.2131 -0.8380 -0.5023
vn -0.8150 0.5791 0.0202
vn -0.8679 0.2843 -0.4073
vn -0.9484 -0.2880 -0.1328
vn -0.8884 0.0657 0.4544
vn -0.6749 -0.2690 -0.6871
vn -0.5388 0.3972 -0.7429
vn -0.0759 0.3471 -0.9347
vn 0.1168 -0.1319 -0.9844
vn -0.1125 -0.9877 0.1089
vn -0.6319 -0.7575 0.1638
vn -0.1099 -0.9892 0.0974
vn 0.5279 0.8081 -0.2614
vn 0.0610 0.9897 -0.1295
vn 0.1056 0.9891 -0.1028
vn 0.3574 0.3855 0.8507
vn -0.3896 0.3231 0.8625
vn -0.0367 0.0661 0.9971
vn 0.0110 -0.4436 0.8962
vn -0.5097 -0.4063 0.7583
vn 0.3045 -0.8142 0.4944
vn 0.2448 -0.2092 0.9467
vn 0.8798 -0.4086 0.2431
vn 0.8092 -0.1721 -0.5618
vn 0.8922 0.4276 -0.1454
vn -0.0924 -0.7119 0.6962
vn 0.5012 -0.8081 0.3096
vn 0.4716 -0.1338 0.8716
vn -0.8564 0.0694 -0.5117
vn -0.8524 -0.4258 0.3035
vn -0.9175 0.3907 -0.0746
vn -0.2437 0.9071 0.3432
vn 0.2074 0.8032 0.5585
vn 0.2475 0.7908 0.5597
vn 0.5995 0.7784 0.1864
vn 0.1770 0.9826 -0.0566
vn 0.1833 0.9819 -0.0485
vn 0.2396 0.9708 -0.0139
vn 0.2157 0.9751 -0.0509
vn 0.2080 0.9768 -0.0514
vn 0.2030 0.9780 -0.0483
vn -0.1635 -0.5673 -0.8071
vn -0.1796 -0.8146 -0.5515
vn -0.5486 -0.5996 -0.5827
vn 0.6558 0.0889 -0.7497
vn 0.2268 -0.4409 -0.8684
vn -0.2884 0.3186 -0.9030
vn 0.9405 0.3314 0.0752
vn 0.8763 -0.4666 0.1198
vn 0.7721 -0.1120 -0.6255
vn -0.5195 -0.5497 0.6542
vn 0.1707 -0.9409 0.2925
vn 0.2381 -0.3770 0.8951
vn 0.1395 0.2856 -0.9481
vn -0.5819 -0.2150 -0.7843
vn -0.6719 0.3457 -0.6550
vn -0.8919 0.3051 0.3339
vn -0.8617 0.1881 -0.4713
vn -0.8805 -0.3973 -0.2585
vn -0.0383 0.6218 -0.7822
vn 0.2481 0.2505 -0.9358
vn -0.5117 0.5354 -0.6719
vn 0.1015 0.7943 0.5989
vn 0.0858 0.7770 0.6237
vn 0.1332 0.7734 0.6197
vn -0.8393 0.4502 -0.3048
vn -0.9554 -0.2710 -0.1175
vn -0.8650 0.3455 0.3640
vn -0.2228 -0.9739 0.0427
vn 0.9220 -0.1753 -0.3454
vn 0.8409 -0.0158 -0.5409
vn 0.8643 0.4388 0.2457
vn 0.9175 -0.2769 0.2854
vn -0.9230 -0.2775 0.2665
vn -0.8778 0.0711 0.4737
vn -0.8425 0.4860 -0.2324
vn -0.9034 0.0490 -0.4260
vn 0.3739 -0.0471 0.9263
vn 0.7714 0.1214 0.6246
vn -0.1240 0.2264 0.9661
vn -0.0183 0.3605 -0.9326
vn -0.2801 -0.3695 -0.8860
vn -0.7551 0.2459 -0.6077
vn -0.3498 -0.6769 -0.6476
vn -0.6087 -0.3305 -0.7213
vn 0.0712 -0.6426 -0.7629
vn 0.1727 0.4469 -0.8777
vn -0.0555 -0.3903 -0.9190
vn -0.5925 0.1633 -0.7888
vn -0.2323 -0.9704 0.0660
vn -0.2221 -0.9725 0.0701
vn -0.2389 -0.9687 0.0672
vn -0.1698 -0.9853 0.0165
vn -0.1639 -0.9863 0.0164
vn -0.1736 -0.9846 0.0222
vn 0.4095 0.7795 0.4740
vn 0.0737 0.9288 0.3633
vn 0.2802 0.5380 0.7950
vn 0.4240 0.7566 0.4978
vn 0.8724 0.0029 0.4888
vn 0.7963 -0.6049 -0.0097
vn 0.8706 0.2366 -0.4314
vn -0.0847 -0.7559 -0.6492
vn 0.1073 -0.4896 -0.8653
vn 0.0232 -0.9421 -0.3345
vn -0.2183 0.6117 -0.7604
vn 0.2463 0.4270 -0.8701
vn -0.5404 0.2379 -0.8071
vn 0.0584 0.6396 0.7665
vn 0.3977 0.7245 0.5630
vn 0.3820 0.7502 0.5396
vn 0.1551 -0.1252 0.9799
vn 0.6293 0.0544 0.7752
vn -0.2151 0.2227 0.9509
vn 0.7628 0.0776 0.6420
vn 0.3222 0.4451 0.8355
vn 0.0885 -0.3699 0.9249
vn 0.3829 -0.1289 0.9148
vn -0.1203 -0.9373 0.3270
vn -0.4085 -0.9109 0.0588
vn -0.4108 -0.9114 0.0219
vn 0.8856 -0.4138 -0.2106
vn 0.8494 -0.1393 -0.5091
vn 0.8180 -0.0568 0.5724
vn 0.8618 -0.0940 -0.4985
vn 0.9484 0.3169 -0.0128
vn 0.8917 -0.2428 0.3820
vn 0.8184 -0.5539 -0.1531
vn -0.2134 -0.7903 -0.5744
vn 0.3221 -0.9061 0.2743
vn -0.1149 -0.9931 0.0219
vn 0.0709 -0.9052 -0.4190
vn -0.3539 0.5873 -0.7278
vn 0.1236 0.4322 -0.8933
vn -0.7767 0.3534 -0.5214
vn -0.8535 -0.0369 -0.5198
vn -0.8650 -0.4672 0.1830
vn -0.9049 0.4216 0.0580
vn 0.1143 0.9883 0.1012
vn 0.1340 0.9899 0.0465
vn 0.1027 0.9917 0.0779
vn 0.3586 0.9302 0.0790
vn 0.3749 0.9245 0.0690
vn 0.3628 0.9293 0.0691
vn 0.1234 0.9878 0.0946
vn -0.1656 0.9680 -0.1886
vn -0.1410 0.9135 0.3816
vn -0.5503 -0.7722 0.3175
vn 0.2417 -0.8882 0.3907
vn -0.1931 -0.2955 0.9356
vn 0.1685 0.7237 0.6692
vn 0.1732 0.7337 0.6570
vn 0.1509 0.7188 0.6787
vn -0.3336 0.7480 -0.5738
vn 0.1192 0.5863 -0.8013
vn -0.7656 0.3868 -0.5140
vn -0.0226 -0.0924 0.9955
vn 0.4858 0.0606 0.8720
vn -0.4021 0.1792 0.8979
vn -0.2689 0.5896 -0.7616
vn -0.1117 -0.2956 -0.9488
vn -0.6985 0.2111 -0.6838
vn 0.8464 0.4738 -0.2431
vn 0.8774 0.3926 0.2759
vn 0.9126 -0.3048 0.2727
vn 0.9199 -0.1425 -0.3652
vn 0.2339 0.6633 0.7109
vn 0.6648 0.6288 0.4034
vn -0.2232 0.8478 0.4810
vn -0.8362 0.4679 -0.2861
vn -0.9545 -0.2652 -0.1361
vn -0.8692 0.3187 0.3782
vn 0.4163 -0.9091 -0.0165
vn -0.2594 -0.8694 0.4206
vn -0.0928 -0.9892 -0.1132
vn -0.1008 0.7404 -0.6645
vn 0.3391 0.5138 -0.7881
vn -0.5576 0.6014 -0.5722
vn 0.1024 0.6755 0.7302
vn 0.0911 0.6513 0.7534
vn 0.1131 0.6606 0.7422
vn -0.8656 0.1398 -0.4808
vn -0.9226 -0.2610 0.2841
vn -0.8814 0.0357 0.4711
vn -0.8481 0.4020 -0.3452
vn -0.8656 -0.4619 -0.1934
vn -0.9086 0.2152 0.3580
vn -0.3319 0.7694 -0.5457
vn 0.0944 0.6088 -0.7877
vn -0.7745 0.4862 -0.4046
vn -0.5184 0.5861 -0.6227
vn -0.3980 0.8281 -0.3949
vn 0.0079 0.7425 -0.6698
vn -0.0389 0.3336 -0.9419
vn -0.0937 -0.8678 0.4880
vn 0.4969 -0.8639 0.0828
vn 0.4745 -0.3587 0.8039
vn 0.5308 0.0840 -0.8433
vn -0.2405 -0.1849 -0.9529
vn -0.4366 0.3566 -0.8260
vn 0.2040 -0.1515 0.9672
vn 0.3212 0.3762 0.8691
vn -0.2587 0.1210 0.9583
vn 0.4307 0.6690 0.6057
vn 0.0726 0.8504 0.5210
vn 0.1994 0.4465 0.8723
vn 0.4233 0.6546 0.6263
vn -0.5461 -0.8001 0.2482
vn 0.2536 -0.9147 0.3146
vn -0.1933 -0.3792 0.9049
vn -0.6357 0.7608 -0.1304
vn -0.6331 0.7709 -0.0701
vn -0.4423 0.8956 -0.0472
vn 0.2815 0.8049 -0.5224
vn 0.1011 0.1807 -0.9783
vn -0.6265 -0.3785 -0.6813
vn -0.6457 0.5385 -0.5414
vn 0.8884 -0.3859 -0.2487
vn 0.8508 -0.0917 -0.5174
vn 0.8165 -0.1054 0.5676
vn -0.3329 0.6948 -0.6376
vn 0.1198 0.5138 -0.8495
vn -0.7666 0.3410 -0.5441
vn -0.5696 0.4296 -0.7008
vn -0.2279 0.7905 -0.5685
vn -0.2005 0.8105 -0.5503
vn 0.1979 0.6114 -0.7661
vn 0.4612 -0.4362 0.7727
vn -0.1289 -0.6865 0.7156
vn -0.2244 -0.7410 0.6328
vn 0.6588 -0.7234 0.2066
vn 0.2191 0.9666 0.1328
vn 0.7301 0.6300 0.2647
vn 0.5736 0.8181 -0.0418
vn 0.4302 0.7509 0.5011
vn -0.3917 0.9046 -0.1684
vn -0.4077 0.8976 -0.1674
vn -0.4171 0.8958 -0.1536
vn -0.8794 0.3268 0.3462
vn -0.8618 0.2826 -0.4213
vn -0.8543 -0.4710 0.2198
vn -0.8455 0.1044 -0.5237
vn -0.8436 -0.4772 0.2462
vn -0.8998 0.3654 0.2385
vn -0.1788 0.7501 -0.6367
vn 0.2939 0.6024 -0.7421
vn -0.5344 0.3983 -0.7455
vn 0.2182 0.5118 0.8309
vn 0.2152 0.5289 0.8209
vn -0.2250 -0.6160 -0.7549
vn -0.2154 -0.6069 -0.7650
vn -0.2156 -0.6130 -0.7601
vn 0.3928 0.7485 0.5343
vn 0.0524 0.5357 0.8428
vn 0.3756 0.1279 0.9179
vn -0.0213 -0.1735 0.9846
vn 0.4873 -0.0123 0.8732
vn -0.4078 0.0913 0.9085
vn 0.2207 0.3289 -0.9182
vn -0.6054 -0.0266 -0.7955
vn -0.4033 0.6456 -0.6485
vn -0.0928 -0.9254 -0.3676
vn -0.0990 -0.6613 -0.7436
vn -0.0592 -0.6586 -0.7501
vn -0.8446 0.3267 -0.4242
vn -0.8607 -0.4846 0.1557
vn -0.8947 0.3848 0.2268
vn -0.3278 0.0807 -0.9413
vn -0.3596 0.4363 -0.8248
vn 0.5410 0.4023 -0.7386
vn 0.2930 -0.2071 -0.9334
vn -0.0798 -0.9890 -0.1246
vn -0.0948 -0.9857 -0.1391
vn -0.0887 -0.9832 -0.1593
vn -0.8263 -0.2068 -0.5239
vn -0.6472 -0.7459 -0.1576
vn -0.8728 -0.2904 0.3924
vn -0.3260 0.8460 -0.4219
vn 0.1031 0.7276 -0.6782
vn -0.7700 0.5680 -0.2906
vn -0.1848 -0.9696 -0.1601
vn -0.1681 -0.9724 -0.1618
vn -0.1940 -0.9702 -0.1451
vn 0.4279 0.6084 0.6684
vn 0.0442 0.7685 0.6383
vn 0.2322 0.3348 0.9132
vn 0.4152 0.5983 0.6853
vn 0.9286 0.3317 0.1663
vn 0.9194 -0.0509 0.3901
vn 0.8484 -0.5120 -0.1343
vn 0.8514 0.0814 -0.5182
vn -0.9181 -0.1820 0.3520
vn -0.8023 0.5812 0.1361
vn -0.8746 0.3752 -0.3070
vn 0.8894 -0.4509 -0.0756
vn 0.8306 0.0011 -0.5569
vn 0.8777 0.3455 0.3320
vn -0.0493 -0.9277 0.3700
vn 0.7900 -0.5453 0.2804
vn 0.1437 -0.5533 0.8205
vn 0.2090 -0.2330 0.9498
vn 0.3292 0.3003 0.8952
vn -0.2545 0.0383 0.9663
vn 0.3671 -0.2723 0.8894
vn 0.5406 0.1959 0.8181
vn 0.5111 0.1541 0.8456
vn -0.3182 -0.9350 -0.1568
vn -0.6297 -0.7351 0.2512
vn -0.3472 -0.9211 -0.1764
vn 0.1761 0.5747 0.7992
vn 0.1877 0.5840 0.7898
vn 0.1642 0.5806 0.7974
vn 0.3571 0.9107 0.2077
vn 0.3514 0.9125 0.2094
vn 0.3476 0.9116 0.2195
vn 0.3513 0.9089 0.2247
vn 0.8727 0.2406 -0.4249
vn 0.4715 0.5834 -0.6614
vn 0.4265 0.9015 0.0734
vn -0.5270 0.3330 -0.7819
vn -0.3815 0.7796 -0.4967
vn -0.0265 0.9363 -0.3502
vn 0.1677 0.7662 -0.6203
vn -0.2070 0.8295 0.5187
vn 0.2330 0.6142 0.7540
vn 0.2533 0.6309 0.7334
vn 0.5953 0.7141 0.3683
vn -0.5481 -0.8364 -0.0055
vn 0.2194 -0.9733 0.0680
vn -0.2165 -0.5836 0.7826
vn -0.8794 -0.3893 -0.2740
vn -0.8616 0.1317 0.4902
vn -0.7933 0.5467 -0.2679
vn 0.1094 0.9615 0.2521
vn 0.1306 0.9717 0.1967
vn 0.0979 0.9684 0.2296
vn 0.3145 0.1886 0.9303
vn -0.3942 0.0732 0.9161
vn -0.0406 -0.2000 0.9790
vn 0.0237 -0.6631 0.7481
vn 0.9191 -0.2325 0.3182
vn 0.8204 -0.4393 -0.3660
vn 0.8921 0.2049 -0.4027
vn -0.6390 0.0820 -0.7648
vn -0.6689 0.4163 -0.6158
vn -0.4647 0.6073 -0.6445
vn -0.0070 -0.0795 -0.9968
vn -0.8853 0.2406 0.3979
vn -0.8548 0.3457 -0.3871
vn -0.8557 -0.5050 0.1126
vn -0.7769 0.5177 -0.3584
vn -0.3668 0.8738 -0.3192
vn -0.0165 0.9933 -0.1140
vn 0.1506 0.8982 -0.4131
vn -0.5175 -0.7529 0.4066
vn 0.3403 -0.9400 0.0257
vn 0.2252 -0.6691 0.7082
vn -0.7245 0.0725 -0.6854
vn -0.7268 0.4253 -0.5394
vn 0.0631 0.5052 -0.8607
vn -0.1301 -0.0715 -0.9889
vn -0.8475 0.5111 -0.1433
vn -0.8649 -0.3261 -0.3815
vn -0.9096 0.0467 0.4128
vn -0.0926 -0.9722 -0.2150
vn -0.1078 -0.9672 -0.2299
vn -0.1009 -0.9632 -0.2493
vn 0.3746 -0.2826 0.8831
vn 0.7763 -0.0663 0.6268
vn -0.1247 -0.0331 0.9916
vn -0.8861 -0.0991 0.4528
vn -0.8835 0.2034 0.4219
vn -0.8637 0.4112 -0.2914
vn -0.9462 -0.2201 -0.2372
vn 0.1738 0.5171 0.8381
vn 0.1814 0.5238 0.8323
vn 0.1637 0.5221 0.8370
vn -0.3533 -0.4165 -0.8377
vn -0.6123 -0.0576 -0.7885
vn 0.0661 -0.3485 -0.9350
vn 0.5189 -0.5902 0.6184
vn 0.0534 -0.8164 0.5750
vn 0.1800 -0.9699 -0.1641
vn 0.4968 -0.8427 -0.2075
vn -0.4796 0.8301 -0.2845
vn -0.0408 0.9234 -0.3817
vn -0.0096 0.9251 -0.3797
vn -0.0568 0.6045 -0.7946
vn 0.6798 0.2164 0.7008
vn 0.4103 0.7862 0.4622
vn 0.1772 0.4506 0.8750
vn 0.4303 0.4140 0.8022
vn 0.0424 0.5618 0.8262
vn 0.2350 0.0884 0.9680
vn 0.4183 0.4015 0.8147
vn 0.8938 -0.4416 -0.0777
vn 0.8328 0.0535 -0.5511
vn 0.8756 0.3588 0.3233
vn 0.5121 0.3478 -0.7853
vn -0.1789 0.0223 -0.9836
vn -0.4595 0.5398 -0.7054
vn 0.8828 0.2210 -0.4146
vn 0.9510 0.2683 0.1535
vn 0.8879 -0.4112 0.2062
vn 0.8167 -0.4005 -0.4154
vn 0.2202 -0.2901 0.9313
vn 0.3124 0.2514 0.9161
vn -0.2478 -0.0270 0.9684
vn -0.0863 -0.9621 -0.2585
vn -0.2100 -0.9348 0.2865
vn -0.0885 -0.9614 -0.2605
vn -0.5280 -0.6369 -0.5617
vn -0.1651 -0.9573 -0.2374
vn -0.3328 -0.8893 0.3137
vn -0.9054 -0.1799 0.3846
vn -0.8251 0.5138 0.2349
vn -0.8216 0.1821 -0.5402
vn -0.8691 -0.4076 -0.2802
vn 0.9119 -0.2264 -0.3424
vn 0.8527 0.1020 -0.5124
vn 0.8566 0.0240 0.5155
vn 0.3743 0.8861 0.2732
vn 0.3622 0.8906 0.2750
vn 0.3597 0.8850 0.2955
vn 0.3635 0.8842 0.2933
vn 0.3323 -0.0122 0.9431
vn 0.5619 0.5884 0.5814
vn 0.1009 0.5044 0.8576
vn 0.8661 -0.4984 0.0371
vn 0.8560 0.1878 -0.4816
vn 0.9244 0.2613 0.2779
vn -0.0594 -0.9540 0.2940
vn 0.7841 -0.5819 0.2157
vn 0.1429 -0.6269 0.7658
vn 0.1508 -0.6104 0.7776
vn 0.7721 -0.1961 0.6045
vn 0.3228 0.2451 0.9142
vn 0.2064 0.9315 0.2994
vn 0.3828 0.0814 0.9202
vn -0.3851 -0.0344 0.9222
vn -0.0290 -0.2857 0.9579
vn 0.0309 -0.7143 0.6991
vn 0.2321 -0.7244 0.6492
vn -0.2229 -0.6833 0.6952
vn -0.5305 -0.8419 0.0990
vn 0.0521 -0.9889 -0.1394
vn -0.0803 0.9942 0.0714
vn 0.1597 0.9353 -0.3156
vn -0.7912 0.5796 -0.1952
vn -0.3506 -0.1885 -0.9174
vn -0.6088 0.1368 -0.7815
vn 0.0673 -0.0945 -0.9932
vn -0.3884 -0.9215 -0.0029
vn 0.5654 -0.8069 -0.1710
vn 0.1418 -0.8544 0.4999
vn 0.1759 0.5503 -0.8162
vn -0.5928 0.0831 -0.8010
vn -0.6587 0.5459 -0.5178
vn 0.9165 -0.1883 -0.3529
vn 0.8482 0.3200 -0.4220
vn 0.8589 0.0391 0.5106
vn 0.2170 0.2753 0.9365
vn 0.2290 0.2904 0.9291
vn 0.1995 0.2618 0.9443
vn -0.9230 -0.3524 0.1549
vn -0.8488 0.2768 0.4504
vn -0.8620 0.3618 -0.3551
vn -0.8962 0.2052 -0.3933
vn 0.0945 0.5138 -0.8527
vn -0.2722 -0.0607 -0.9603
vn -0.7535 0.4120 -0.5123
vn 0.8704 -0.4650 -0.1620
vn 0.8731 0.2410 -0.4237
vn 0.9539 0.2285 0.1945
vn -0.2135 -0.9366 -0.2777
vn -0.2023 -0.9382 -0.2810
vn -0.2189 -0.9379 -0.2692
vn -0.8497 0.4206 -0.3181
vn -0.8608 -0.5080 0.0317
vn -0.8902 0.3080 0.3358
vn -0.8471 0.5223 -0.0981
vn -0.8662 -0.2860 -0.4099
vn -0.9087 0.0076 0.4173
vn -0.8575 0.4338 -0.2766
vn -0.8596 -0.5110 0.0039
vn -0.8852 0.2856 0.3672
vn -0.0324 0.9558 -0.2923
vn 0.3515 0.7500 -0.5604
vn -0.4988 0.8252 -0.2650
vn -0.6493 0.7437 -0.1592
vn -0.2101 0.9451 -0.2503
vn -0.2074 0.9411 -0.2669
vn -0.0225 0.7119 -0.7019
vn -0.1015 -0.9926 0.0669
vn 0.5403 -0.8005 -0.2593
vn 0.4671 -0.6631 0.5849
vn 0.0623 0.2669 0.9617
vn 0.0835 0.2718 0.9587
vn 0.5663 0.4199 0.7092
vn -0.8874 -0.1347 0.4409
vn -0.8777 0.2104 0.4306
vn -0.8578 0.4436 -0.2597
vn -0.9520 -0.1843 -0.2446
vn 0.4248 0.2863 0.8588
vn 0.0656 0.4841 0.8726
vn 0.1042 0.0507 0.9933
vn 0.4163 0.2635 0.8702
vn 0.8897 -0.4303 -0.1526
vn 0.8306 0.0958 -0.5485
vn 0.8780 0.2899 0.3810
vn 0.5200 0.4315 -0.7372
vn -0.1187 0.0533 -0.9915
vn -0.4661 0.5443 -0.6975
vn -0.6217 -0.7166 -0.3162
vn -0.0944 -0.9398 -0.3284
vn -0.0838 -0.9732 0.2142
vn 0.2123 -0.3718 0.9037
vn 0.3269 0.1605 0.9313
vn -0.2514 -0.1132 0.9612
vn 0.0299 0.1303 -0.9910
vn -0.1720 -0.1932 -0.9660
vn -0.1825 -0.1909 -0.9645
vn -0.5361 -0.5825 -0.6109
vn -0.1640 -0.9326 -0.3215
vn -0.3380 -0.9119 0.2327
vn 0.1035 0.3949 0.9129
vn -0.0489 -0.0921 0.9945
vn 0.5591 0.0431 0.8280
vn 0.3610 0.8601 0.3604
vn 0.3488 0.8643 0.3625
vn 0.3411 0.8590 0.3817
vn 0.3496 0.8580 0.3763
vn 0.8618 0.3673 -0.3499
vn 0.8900 0.4160 -0.1867
vn 0.8628 -0.3882 0.3239
vn 0.8016 -0.5112 -0.3101
vn -0.3520 -0.2593 -0.8994
vn -0.6092 0.0765 -0.7893
vn 0.0662 -0.1741 -0.9825
vn -0.0791 -0.0632 -0.9949
vn 0.1179 0.2874 -0.9505
vn 0.0282 -0.4224 -0.9060
vn -0.8753 -0.3386 -0.3452
vn -0.8610 0.0491 0.5062
vn -0.7968 0.5837 -0.1562
vn 0.3876 -0.0310 0.9213
vn -0.3995 -0.1106 0.9100
vn -0.0478 -0.3718 0.9271
vn 0.0269 -0.7784 0.6272
vn 0.8770 0.3041 -0.3720
vn 0.9447 0.2528 0.2090
vn 0.8865 -0.4524 0.0972
vn 0.8202 -0.2736 -0.5024
vn -0.8473 0.5284 -0.0541
vn -0.8667 -0.2567 -0.4278
vn -0.9082 -0.0223 0.4179
vn -0.9014 -0.0618 0.4286
vn -0.8589 0.5088 -0.0577
vn -0.8685 -0.0536 -0.4927
vn 0.6849 0.3714 -0.6269
vn 0.2339 -0.0386 -0.9715
vn -0.2752 0.6456 -0.7124
vn -0.2353 0.9602 -0.1508
vn 0.2692 0.9094 -0.3171
vn -0.6610 0.7481 -0.0594
vn -0.0995 -0.9948 0.0229
vn 0.4996 -0.7901 -0.3551
vn 0.4696 -0.7095 0.5255
vn 0.8580 -0.0011 0.5136
vn 0.9158 -0.1527 -0.3715
vn 0.8476 0.3400 -0.4074
vn -0.0965 -0.9086 -0.4063
vn -0.0899 -0.9011 -0.4241
vn -0.0825 -0.9092 -0.4081
vn 0.7547 -0.2746 -0.5959
vn 0.8752 0.3406 -0.3435
vn 0.9406 -0.2547 0.2245
vn 0.3237 -0.4506 0.8320
vn 0.7516 -0.2954 0.5898
vn 0.1027 0.0154 0.9946
vn 0.2282 -0.1491 0.9621
vn 0.4163 0.1953 0.8880
vn 0.4024 0.2302 0.8861
vn 0.3746 -0.4326 0.8201
vn 0.7734 -0.1614 0.6130
vn -0.1264 -0.2074 0.9700
vn 0.1048 0.5294 -0.8418
vn -0.6527 0.0945 -0.7517
vn -0.4818 0.7604 -0.4354
vn 0.3308 0.7208 -0.6092
vn -0.1669 0.1734 -0.9706
vn -0.6009 0.5759 -0.5543
vn -0.1689 -0.9100 -0.3786
vn -0.1620 -0.9076 -0.3873
vn -0.1710 -0.9140 -0.3679
vn -0.2027 -0.9786 0.0349
vn 0.6898 -0.7187 -0.0881
vn -0.0231 -0.8843 0.4663
vn -0.0217 0.9831 -0.1818
vn 0.2905 0.7789 -0.5558
vn -0.4948 0.8529 -0.1665
vn -0.3698 0.9267 -0.0672
vn 0.0957 0.9334 -0.3458
vn -0.6954 0.5843 -0.4182
vn -0.2185 0.3777 0.8998
vn 0.2271 0.0757 0.9709
vn 0.2462 0.1027 0.9638
vn 0.5137 0.4634 0.7220
vn -0.8885 -0.1767 0.4234
vn -0.8752 0.1644 0.4549
vn -0.8555 0.4742 -0.2078
vn -0.9546 -0.1541 -0.2550
vn 0.8211 0.1201 -0.5581
vn 0.8906 0.2945 0.3466
vn 0.9286 -0.2451 0.2785
vn 0.8940 -0.2700 -0.3575
vn 0.2988 -0.8596 -0.4146
vn -0.4515 -0.8888 0.0786
vn -0.2234 -0.8849 -0.4088
vn -0.2287 -0.8842 -0.4072
vn -0.5527 -0.7903 -0.2643
vn 0.2070 -0.9349 -0.2882
vn -0.2058 -0.8226 0.5301
vn 0.1748 -0.4400 0.8808
vn 0.2799 0.0885 0.9560
vn -0.2492 -0.1397 0.9583
vn -0.0230 -0.9645 -0.2631
vn -0.5804 -0.7978 0.1630
vn -0.3930 -0.8442 -0.3646
vn 0.1852 0.1888 0.9644
vn 0.1966 0.2003 0.9598
vn 0.1702 0.1964 0.9656
vn -0.1360 0.8731 0.4681
vn 0.5518 0.7810 0.2926
vn 0.1732 0.9141 0.3667
vn -0.8796 0.0721 0.4701
vn -0.8608 0.4692 -0.1973
vn -0.8569 -0.5070 -0.0935
vn -0.5022 0.8542 -0.1350
vn -0.3873 0.9066 0.1673
vn 0.0204 0.9939 -0.1082
vn -0.0065 0.8109 -0.5851
vn -0.8158 0.5781 -0.0165
vn -0.8436 -0.5213 0.1287
vn -0.8936 0.3433 0.2891
vn 0.0283 0.2760 0.9608
vn 0.4037 0.1045 0.9089
vn 0.4158 0.1222 0.9012
vn 0.3700 0.8267 0.4239
vn 0.3637 0.8287 0.4254
vn 0.3610 0.8198 0.4446
vn 0.3637 0.8181 0.4455
vn 0.1251 -0.7604 0.6373
vn 0.7823 -0.3004 0.5457
vn 0.3101 0.0504 0.9494
vn 0.2062 0.8655 0.4566
vn -0.3329 0.9350 0.1220
vn 0.1202 0.9809 -0.1530
vn -0.7663 0.6364 -0.0884
vn -0.8706 0.3749 -0.3186
vn -0.9013 -0.3893 -0.1902
vn -0.8550 0.0633 0.5148
vn 0.3792 -0.1066 0.9192
vn -0.4039 -0.1810 0.8967
vn -0.0527 -0.4458 0.8936
vn 0.0250 -0.8285 0.5594
vn 0.0772 0.1037 -0.9916
vn -0.3381 -0.0251 -0.9408
vn -0.5526 -0.7584 -0.3457
vn 0.2291 -0.9110 -0.3430
vn -0.2103 -0.8614 0.4624
vn -0.0191 0.9988 0.0445
vn 0.3654 0.8906 -0.2707
vn -0.4880 0.8724 0.0269
vn -0.0620 0.8654 0.4972
vn 0.1985 0.9781 0.0620
vn -0.7680 0.6373 0.0634
vn -0.7209 0.2547 -0.6446
vn -0.4852 0.7902 -0.3745
vn 0.0216 0.7504 -0.6606
vn -0.1384 0.1937 -0.9713
vn 0.2314 0.6170 -0.7522
vn -0.6007 0.2485 -0.7599
vn -0.6260 0.6443 -0.4394
vn 0.9166 -0.1230 -0.3805
vn 0.8477 0.3734 -0.3768
vn 0.8584 -0.0507 0.5105
vn 0.1901 -0.8025 -0.5656
vn 0.7365 -0.6126 -0.2868
vn 0.0597 -0.9756 0.2115
vn -0.8830 -0.0851 0.4616
vn -0.8646 0.4906 -0.1088
vn -0.8888 -0.0438 -0.4562
vn -0.1703 0.9849 0.0318
vn 0.2514 0.9244 -0.2869
vn -0.6043 0.7899 0.1041
vn 0.3054 -0.5138 0.8017
vn 0.7274 -0.3513 0.5895
vn -0.1377 -0.2292 0.9636
vn -0.6510 -0.7343 -0.1926
vn -0.1338 -0.8723 -0.4703
vn -0.2877 -0.9561 0.0562
vn -0.3268 0.3997 -0.8564
vn -0.3611 0.6927 -0.6243
vn 0.4659 0.7179 -0.5173
vn 0.2864 0.1379 -0.9481
vn 0.8624 0.3772 -0.3377
vn 0.9500 0.1575 0.2696
vn 0.9199 -0.3770 0.1080
vn 0.8406 -0.2805 -0.4634
vn 0.1031 -0.0410 0.9938
vn 0.0919 -0.0746 0.9930
vn 0.1084 -0.0614 0.9922
vn -0.3926 -0.8663 -0.3087
vn 0.5627 -0.7002 -0.4395
vn 0.1376 -0.9753 0.1726
vn -0.5539 -0.7236 -0.4118
vn 0.2263 -0.8790 -0.4196
vn -0.2095 -0.8976 0.3878
vn 0.4014 0.0882 0.9117
vn -0.0056 -0.1702 0.9854
vn 0.8025 0.0067 0.5966
vn -0.6219 -0.6656 -0.4125
vn -0.0919 -0.8664 -0.4909
vn -0.0745 -0.9965 0.0375
vn 0.8592 -0.4553 -0.2333
vn 0.8484 0.2675 -0.4567
vn 0.9195 0.2623 0.2928
vn -0.9170 -0.3000 0.2627
vn -0.8709 0.0877 0.4835
vn -0.8757 0.4513 -0.1718
vn 0.1626 -0.5373 0.8276
vn 0.3349 -0.0276 0.9418
vn -0.2608 -0.2256 0.9387
vn 0.2321 -0.0065 0.9727
vn 0.6009 0.2872 0.7459
vn -0.2981 0.1207 0.9469
vn 0.4986 0.8280 0.2564
vn 0.0708 0.8856 0.4590
vn 0.1107 0.8703 0.4800
vn -0.4814 0.8300 -0.2816
vn -0.0623 0.9961 -0.0619
vn -0.0179 0.9983 -0.0546
vn -0.2555 0.8432 -0.4729
vn 0.3171 -0.1509 0.9363
vn -0.3968 -0.2536 0.8822
vn -0.0380 -0.5291 0.8477
vn 0.0228 -0.8837 0.4674
vn -0.1900 -0.8539 -0.4846
vn 0.3139 -0.7659 -0.5611
vn -0.4796 -0.8761 -0.0481
vn 0.9020 -0.1757 -0.3943
vn 0.8377 0.1806 -0.5154
vn 0.8425 -0.2635 0.4698
vn -0.0990 0.1702 -0.9804
vn 0.2247 0.4165 -0.8809
vn 0.0178 -0.2074 -0.9781
vn 0.1091 0.8178 0.5651
vn 0.1242 0.8425 0.5242
vn 0.0976 0.8319 0.5462
vn 0.2510 0.8577 0.4487
vn 0.3671 0.7835 0.5014
vn 0.3719 0.7933 0.4821
vn 0.3656 0.7952 0.4836
vn 0.1047 0.8095 0.5777
vn -0.1665 0.9282 0.3328
vn -0.1570 0.5995 0.7848
vn -0.9211 -0.3672 0.1290
vn -0.8515 0.0298 0.5236
vn -0.8694 0.4017 -0.2877
vn 0.1244 -0.8492 0.5132
vn 0.7651 -0.2896 0.5750
vn 0.3258 -0.0926 0.9409
vn 0.1988 -0.7411 -0.6413
vn 0.7292 -0.5876 -0.3506
vn 0.0645 -0.9912 0.1160
vn 0.4221 -0.0253 0.9062
vn 0.0651 0.1599 0.9850
vn 0.0998 -0.2913 0.9514
vn 0.4134 -0.0503 0.9091
vn 0.2207 -0.1441 0.9646
vn 0.2219 -0.1233 0.9673
vn 0.1982 -0.1489 0.9688
vn -0.6395 0.3882 -0.6636
vn -0.6609 0.6338 -0.4018
vn -0.2114 0.9067 -0.3650
vn -0.1562 0.2422 -0.9576
vn 0.8631 0.4031 -0.3042
vn 0.9495 0.1339 0.2838
vn 0.9231 -0.3775 0.0729
vn 0.8357 -0.2294 -0.4989
vn 0.2319 -0.1006 0.9675
vn 0.6428 0.1598 0.7491
vn -0.2229 0.1967 0.9548
vn -0.2390 0.2002 -0.9501
vn 0.8396 -0.1211 -0.5295
vn 0.8681 0.4751 -0.1442
vn 0.9215 -0.2408 0.3048
vn -0.9466 -0.0521 -0.3183
vn -0.8973 0.0183 0.4410
vn -0.8060 0.5240 0.2752
vn -0.1790 -0.8238 -0.5379
vn -0.1656 -0.8273 -0.5368
vn -0.1014 -0.8366 -0.5383
vn -0.1101 -0.8234 -0.5566
vn -0.1059 -0.8169 -0.5670
vn 0.9230 0.0485 -0.3818
vn 0.8418 0.2928 -0.4535
vn 0.8631 0.2513 0.4380
vn 0.9176 -0.3885 0.0843
vn 0.8810 0.4711 0.0429
vn 0.8871 0.3814 0.2600
vn 0.9051 -0.4200 0.0658
vn 0.9161 -0.0141 -0.4007
vn 0.3631 -0.5649 0.7410
vn 0.7659 -0.2897 0.5740
vn -0.1353 -0.3686 0.9197
vn -0.3627 0.3645 -0.8577
vn -0.4834 0.6754 -0.5569
vn 0.4862 0.6292 -0.6064
vn -0.2180 0.2882 -0.9324
vn -0.3721 -0.8439 -0.3866
vn 0.5766 -0.6735 -0.4625
vn 0.1095 -0.9853 0.1315
vn -0.0951 0.8379 0.5375
vn 0.1706 0.9662 0.1932
vn -0.7855 0.6032 0.1385
vn -0.0842 0.2589 -0.9622
vn 0.2024 0.4716 -0.8583
vn 0.0227 -0.1099 -0.9937
vn 0.4715 -0.8681 0.1556
vn -0.1009 -0.9938 -0.0478
vn -0.2011 -0.9611 -0.1895
vn 0.6635 -0.5995 -0.4476
vn 0.3803 -0.0670 0.9224
vn -0.0147 -0.3710 0.9285
vn 0.7767 -0.0876 0.6237
vn 0.1875 -0.5785 0.7938
vn 0.2536 -0.0601 0.9654
vn -0.2484 -0.2838 0.9261
vn -0.0655 0.8620 -0.5026
vn -0.2003 0.2205 -0.9546
vn -0.7411 0.5432 -0.3947
vn -0.4859 0.8709 -0.0737
vn -0.0524 0.9929 0.1068
vn -0.0257 0.9935 0.1108
vn -0.0019 0.9236 -0.3833
vn -0.8475 0.4823 0.2218
vn -0.8658 -0.0227 -0.4998
vn -0.9089 -0.2299 0.3480
vn -0.1841 0.1531 -0.9709
vn -0.1929 0.1393 -0.9713
vn -0.5249 0.3943 -0.7543
vn -0.2439 0.9283 0.2808
vn 0.2226 0.9731 0.0592
vn -0.6884 0.6877 0.2305
vn 0.1626 -0.3145 0.9352
vn 0.1743 -0.3000 0.9379
vn 0.1481 -0.3071 0.9401
vn 0.1032 -0.2902 0.9514
vn -0.0771 -0.7051 0.7049
vn 0.5558 -0.5086 0.6575
vn 0.2067 0.7730 0.5998
vn 0.3541 0.7340 0.5795
vn 0.3627 0.7378 0.5693
vn 0.3559 0.7464 0.5623
vn -0.8632 -0.0601 -0.5013
vn -0.9112 -0.2372 0.3368
vn -0.9262 0.2698 0.2635
vn -0.8481 0.5032 0.1659
vn 0.8656 -0.4061 -0.2931
vn 0.8527 0.4487 -0.2674
vn 0.9256 0.0286 0.3774
vn 0.1388 -0.7379 0.6604
vn 0.5622 0.1633 0.8108
vn 0.1539 -0.2333 0.9601
vn 0.7038 0.5019 -0.5028
vn 0.2480 0.2090 -0.9460
vn -0.2519 0.8135 -0.5242
vn -0.0041 -0.6414 0.7672
vn 0.3172 -0.2203 0.9224
vn -0.4065 -0.3662 0.8371
vn 0.9166 -0.0580 -0.3956
vn 0.8480 0.4349 -0.3031
vn 0.8585 -0.1353 0.4947
vn -0.0327 -0.8710 -0.4901
vn 0.7935 -0.5571 -0.2450
vn 0.1504 -0.9840 0.0956
vn -0.9253 -0.3783 0.0259
vn -0.8825 -0.2113 0.4201
vn -0.8486 0.4687 -0.2454
vn -0.9036 0.3161 -0.2891
vn 0.8658 -0.3895 -0.3142
vn 0.8612 0.4718 -0.1888
vn 0.9228 -0.0221 0.3847
vn 0.3154 -0.9485 0.0291
vn -0.3168 -0.9484 0.0092
vn -0.4318 -0.7646 -0.4785
vn 0.3591 -0.7209 -0.5928
vn 0.3389 -0.6377 0.6918
vn 0.7916 -0.4109 0.4523
vn 0.1606 -0.1989 0.9668
vn 0.0269 0.8487 -0.5282
vn -0.2757 0.2741 -0.9214
vn -0.7467 0.5792 -0.3270
vn 0.2939 -0.2098 0.9325
vn -0.0084 -0.5946 0.8040
vn 0.7153 -0.1207 0.6883
vn 0.1867 0.9076 -0.3761
vn -0.0830 0.3333 -0.9392
vn -0.6267 0.6334 -0.4539
vn 0.2179 -0.1982 0.9556
vn 0.2119 -0.1949 0.9577
vn 0.1002 -0.2111 0.9723
vn -0.0694 -0.6510 0.7559
vn 0.5466 -0.4512 0.7054
vn -0.9024 -0.3364 0.2693
vn -0.9268 0.3239 0.1901
vn -0.8528 0.5212 -0.0318
vn -0.8905 0.0299 -0.4539
vn -0.9211 -0.3236 0.2166
vn -0.8131 0.3570 0.4599
vn -0.8867 0.4346 -0.1576
vn -0.3601 0.2739 -0.8918
vn -0.3596 0.2670 -0.8941
vn -0.3596 0.2610 -0.8959
vn 0.2110 -0.6681 0.7136
vn 0.3439 -0.1771 0.9222
vn -0.2506 -0.4405 0.8621
vn -0.1569 -0.9228 -0.3519
vn -0.5862 -0.8088 -0.0468
vn -0.4234 -0.7099 -0.5627
vn 0.5212 0.7603 0.3876
vn 0.0716 0.7902 0.6087
vn 0.1050 0.7733 0.6254
vn -0.6324 0.7226 0.2791
vn -0.2187 0.9332 0.2851
vn -0.1947 0.9325 0.3043
vn 0.2827 0.9570 0.0650
vn -0.1904 -0.9367 -0.2937
vn 0.7293 -0.5663 -0.3839
vn 0.0219 -0.9993 -0.0307
vn 0.3051 -0.7326 -0.6084
vn -0.2628 -0.9573 -0.1208
vn -0.2210 -0.7546 -0.6179
vn -0.2213 -0.7563 -0.6157
vn 0.8862 -0.1728 -0.4298
vn 0.8446 0.2304 -0.4834
vn 0.8252 -0.3968 0.4019
vn 0.8341 0.2168 -0.5073
vn 0.9461 0.1013 0.3078
vn 0.8972 -0.4293 -0.1037
vn 0.8029 -0.0677 -0.5922
vn 0.3319 -0.8818 -0.3351
vn -0.1233 -0.7823 -0.6105
vn 0.2734 -0.5673 -0.7768
vn 0.7596 -0.3577 0.5432
vn 0.3207 -0.1949 0.9269
vn 0.0660 -0.8777 0.4746
vn 0.3703 -0.6802 0.6326
vn 0.2781 -0.2661 0.9229
vn -0.3844 -0.4195 0.8223
vn 0.0078 -0.6601 0.7512
vn 0.0381 -0.6824 0.7300
vn -0.0834 -0.0798 -0.9933
vn -0.0975 0.4016 -0.9106
vn -0.0724 0.4032 -0.9122
vn 0.1833 0.7390 0.6483
vn 0.1926 0.7348 0.6503
vn 0.2290 0.7165 0.6590
vn 0.3519 0.6980 0.6237
vn 0.3529 0.7116 0.6076
vn 0.3466 0.7130 0.6095
vn 0.0601 0.4701 0.8806
vn 0.1939 0.7280 0.6576
vn 0.1759 0.7346 0.6553
vn 0.1101 0.6945 0.7110
vn -0.1797 0.8606 0.4765
vn -0.1483 0.4660 0.8722
vn 0.1302 -0.9050 0.4051
vn 0.7804 -0.4267 0.4571
vn 0.3334 -0.2059 0.9200
vn -0.1050 -0.8099 -0.5771
vn 0.6583 -0.4479 -0.6050
vn 0.4654 -0.8849 0.0173
vn -0.9074 0.1814 0.3791
vn -0.8569 0.5120 0.0605
vn -0.8544 -0.3888 -0.3448
vn 0.6966 0.5444 -0.4673
vn 0.2304 0.2919 -0.9283
vn -0.2627 0.8618 -0.4339
vn 0.3583 0.6953 0.6230
vn 0.7400 0.3176 0.5929
vn 0.3832 0.6899 0.6141
vn -0.5337 0.1444 -0.8332
vn 0.2144 0.6485 -0.7304
vn -0.0725 0.3565 -0.9315
vn 0.2231 -0.4427 0.8685
vn 0.2111 -0.4376 0.8740
vn 0.9193 0.1196 -0.3750
vn 0.8404 0.3698 -0.3962
vn 0.8644 0.1554 0.4783
vn 0.9196 -0.3926 0.0137
vn -0.8628 0.2089 -0.4603
vn -0.9142 -0.3571 0.1918
vn -0.9133 0.2528 0.3193
vn -0.8629 0.4979 0.0872
vn -0.6678 -0.6463 -0.3693
vn -0.1680 -0.7204 -0.6729
vn -0.3217 -0.9300 -0.1779
vn -0.1076 -0.7300 -0.6750
vn -0.1124 -0.7199 -0.6849
vn -0.1094 -0.7124 -0.6932
vn 0.8483 0.5061 -0.1557
vn 0.9144 0.2083 0.3472
vn 0.9249 -0.1778 0.3360
vn 0.8576 -0.1655 -0.4870
vn -0.3631 0.4526 -0.8145
vn -0.6044 0.7026 -0.3755
vn 0.1548 0.9608 -0.2301
vn 0.0362 0.4807 -0.8762
vn 0.1219 0.7837 -0.6090
vn -0.2645 0.3566 -0.8960
vn -0.7378 0.6126 -0.2835
vn -0.8564 0.4981 -0.1361
vn -0.9210 -0.0287 -0.3885
vn -0.8751 -0.2325 0.4244
vn -0.6341 0.6978 0.3333
vn -0.2278 0.9147 0.3337
vn -0.1744 0.9252 0.3370
vn 0.0671 0.9910 -0.1158
vn -0.2152 0.3496 -0.9119
vn -0.1864 0.4374 -0.8798
vn -0.1937 0.4366 -0.8786
vn -0.1942 -0.8719 -0.4495
vn 0.7036 -0.4862 -0.5182
vn -0.0040 -0.9792 -0.2029
vn -0.0789 0.4216 -0.9033
vn 0.2155 0.6156 -0.7580
vn 0.1018 0.0666 -0.9926
vn -0.9175 -0.3556 0.1782
vn -0.8780 -0.0617 0.4747
vn -0.8755 0.4803 -0.0532
vn 0.1418 -0.7449 0.6520
vn 0.4599 -0.3536 0.8146
vn -0.2497 -0.4547 0.8549
vn -0.0317 -0.8000 -0.5992
vn -0.6064 -0.7866 -0.1165
vn -0.4070 -0.6635 -0.6278
vn 0.0192 0.6726 -0.7397
vn -0.1790 0.3833 -0.9061
vn -0.1946 0.3924 -0.8990
vn 0.8338 0.3146 -0.4537
vn 0.8625 -0.2281 0.4518
vn 0.8884 -0.4212 -0.1827
vn 0.8944 -0.0542 -0.4439
vn 0.2995 -0.6749 -0.6744
vn -0.4596 -0.8566 -0.2344
vn -0.2229 -0.6907 -0.6879
vn -0.2165 -0.6978 -0.6828
vn 0.3599 0.6246 0.6931
vn 0.3217 0.6341 0.7031
vn 0.0567 0.4314 0.9004
vn 0.5584 0.2955 0.7752
vn -0.8469 0.4125 0.3357
vn -0.8649 0.0978 -0.4923
vn -0.9122 -0.3100 0.2680
vn 0.1010 0.6362 0.7648
vn 0.1101 0.6663 0.7375
vn 0.0929 0.6530 0.7517
vn 0.0996 0.6458 0.7570
vn -0.1775 0.8208 0.5430
vn -0.0180 0.3469 0.9377
vn 0.3804 -0.8841 -0.2713
vn -0.3311 -0.8877 -0.3200
vn -0.4329 -0.6482 -0.6264
vn 0.3539 -0.4866 -0.7987
vn 0.8480 0.4824 -0.2197
vn 0.8662 0.3093 0.3924
vn 0.9170 -0.3437 -0.2024
vn 0.9190 0.1517 -0.3638
vn -0.9053 0.1573 0.3945
vn -0.8519 0.5126 0.1070
vn -0.8579 -0.3523 -0.3740
vn -0.1878 0.6238 -0.7587
vn -0.1916 0.6115 -0.7677
vn -0.6014 0.6012 -0.5263
vn -0.0879 -0.7524 -0.6528
vn 0.4997 -0.3810 -0.7779
vn 0.4724 -0.8802 -0.0466
vn 0.7168 0.5561 -0.4208
vn 0.2368 0.3705 -0.8981
vn -0.2538 0.8834 -0.3940
vn 0.9148 -0.4006 -0.0516
vn 0.8668 -0.1748 -0.4670
vn 0.8887 0.4574 -0.0315
vn -0.0010 -0.7653 0.6436
vn 0.4779 -0.5722 0.6665
vn -0.4106 -0.5296 0.7422
vn -0.4106 0.9005 -0.1430
vn -0.0944 0.4741 -0.8754
vn -0.7296 0.5951 -0.3371
vn 0.3621 -0.4931 0.7910
vn 0.3857 -0.4899 0.7818
vn 0.3814 -0.4859 0.7864
vn 0.8734 -0.4793 0.0867
vn 0.7961 -0.0940 -0.5979
vn 0.8699 0.4672 0.1579
vn -0.2115 -0.6708 -0.7108
vn -0.2102 -0.6719 -0.7101
vn -0.9234 -0.3803 -0.0522
vn -0.8474 0.0269 0.5303
vn -0.8515 0.4994 0.1596
vn -0.8980 0.3703 -0.2377
vn -0.0925 -0.6717 -0.7350
vn -0.1106 -0.6597 -0.7434
vn -0.1030 -0.6502 -0.7528
vn 0.1082 0.8242 -0.5559
vn -0.6525 0.4022 -0.6423
vn -0.4802 0.8733 -0.0815
vn -0.1173 0.5425 0.8318
vn 0.1921 0.7890 0.5836
vn -0.7627 0.5634 0.3175
vn 0.4183 0.8303 -0.3683
vn -0.2507 0.5165 -0.8187
vn -0.5496 0.7596 -0.3478
vn -0.1728 -0.6492 -0.7408
vn -0.1705 -0.6495 -0.7410
vn -0.1743 -0.6510 -0.7388
vn 0.1686 -0.4210 -0.8913
vn 0.7776 -0.4551 -0.4339
vn 0.0706 -0.9490 -0.3073
vn -0.5153 -0.7259 -0.4555
vn 0.3642 -0.4977 -0.7872
vn 0.2202 -0.9483 -0.2286
vn -0.8259 0.4794 0.2967
vn -0.9444 0.1435 -0.2957
vn -0.8395 -0.3726 0.3954
vn -0.2106 0.8115 0.5451
vn 0.2761 0.9083 0.3143
vn -0.6299 0.6077 0.4837
vn -0.3952 0.7868 -0.4742
vn -0.3751 0.4893 -0.7873
vn -0.3801 0.4794 -0.7910
vn 0.8288 0.3502 -0.4364
vn 0.8832 0.0876 0.4608
vn 0.8858 -0.3148 -0.3411
vn 0.8982 -0.1093 -0.4259
vn -0.4704 0.7528 0.4604
vn -0.4017 0.5740 0.7136
vn 0.0191 0.8390 0.5438
vn 0.2484 0.9622 0.1120
vn -0.8655 0.4996 0.0357
vn -0.9486 -0.1240 -0.2912
vn -0.8845 -0.1121 0.4528
vn -0.8479 0.3525 0.3960
vn -0.8641 0.1701 -0.4737
vn -0.9123 -0.3507 0.2117
vn 0.2259 -0.7604 0.6089
vn 0.2305 -0.3144 0.9209
vn -0.2368 -0.5773 0.7814
vn -0.5365 -0.3285 -0.7773
vn 0.1836 -0.4521 -0.8729
vn -0.2130 -0.9563 -0.2001
vn 0.3807 -0.7118 0.5903
vn 0.7557 -0.2434 0.6080
vn -0.1337 -0.7037 0.6978
vn -0.5053 0.6619 0.5537
vn -0.3898 0.4579 0.7990
vn 0.0181 0.7252 0.6883
vn -0.0169 0.9706 0.2402
vn 0.2414 0.6381 0.7312
vn 0.3673 0.5684 0.7362
vn 0.3716 0.5843 0.7214
vn 0.3654 0.5856 0.7236
vn 0.0534 0.2994 0.9526
vn 0.1956 0.5914 0.7823
vn 0.1777 0.5982 0.7814
vn -0.4861 0.7047 0.5168
vn -0.3899 0.5088 0.7675
vn 0.0211 0.7800 0.6254
vn 0.0376 0.9861 0.1620
vn 0.1115 -0.6061 0.7875
vn 0.0985 -0.6301 0.7702
vn 0.1151 -0.6188 0.7771
vn -0.0000 -0.7981 0.6025
vn 0.3421 -0.4548 0.8222
vn -0.3887 -0.5505 0.7388
vn 0.3714 0.5728 0.7307
vn 0.7494 0.1861 0.6354
vn 0.3957 0.5685 0.7212
vn 0.1176 0.9826 -0.1438
vn -0.3615 0.5341 -0.7642
vn -0.6730 0.7046 -0.2248
vn 0.9168 0.0475 -0.3965
vn 0.8498 0.5006 -0.1650
vn 0.8575 -0.2670 0.4398
vn -0.0990 0.6422 -0.7601
vn -0.0789 0.6634 -0.7441
vn -0.0802 0.6447 -0.7602
vn -0.2097 0.7400 0.6391
vn 0.2952 0.8448 0.4464
vn -0.6356 0.5529 0.5388
vn 0.3217 -0.8179 0.4771
vn 0.7631 -0.5326 0.3660
vn 0.1425 -0.4765 0.8676
vn -0.0964 -0.6103 -0.7863
vn -0.1139 -0.5973 -0.7939
vn -0.1063 -0.5814 -0.8066
vn 0.3825 -0.7727 0.5065
vn 0.7987 -0.4928 0.3453
vn -0.0977 -0.6651 0.7404
vn -0.8666 0.4815 -0.1311
vn -0.9206 -0.3903 -0.0096
vn -0.8501 -0.0396 0.5252
vn 0.6064 0.7221 -0.3331
vn -0.1927 0.6536 -0.7319
vn -0.3741 0.8956 -0.2407
vn -0.1644 -0.5923 -0.7887
vn -0.1584 -0.5865 -0.7943
vn -0.1656 -0.5978 -0.7844
vn -0.3102 0.6790 0.6654
vn 0.1168 0.8982 0.4237
vn -0.7273 0.6024 0.3288
vn -0.0520 0.8001 -0.5976
vn -0.0949 0.7892 -0.6068
vn -0.1080 0.8112 -0.5747
vn -0.0818 0.8144 -0.5745
vn 0.1781 -0.3368 -0.9246
vn 0.7704 -0.4004 -0.4961
vn 0.0710 -0.9166 -0.3934
vn 0.1900 -0.2338 -0.9535
vn 0.7627 -0.3491 -0.5444
vn 0.0588 -0.8781 -0.4749
vn 0.1867 -0.6832 0.7060
vn 0.1981 -0.6729 0.7127
vn 0.1717 -0.6798 0.7130
vn -0.8915 0.4499 -0.0535
vn -0.9191 -0.3744 0.1231
vn -0.8225 0.2072 0.5296
vn 0.8846 -0.2801 -0.3729
vn 0.8243 0.3864 -0.4139
vn 0.8859 0.0527 0.4609
vn 0.1728 -0.8125 0.5568
vn 0.3306 -0.4084 0.8508
vn -0.2488 -0.5919 0.7667
vn -0.1032 0.4717 0.8757
vn 0.1942 0.7325 0.6525
vn -0.7611 0.5454 0.3512
vn -0.3342 -0.5598 -0.7582
vn -0.6151 -0.7145 -0.3334
vn -0.3432 -0.5447 -0.7652
vn 0.8168 0.4554 -0.3541
vn 0.9503 -0.0586 0.3059
vn 0.8931 -0.3213 -0.3149
vn 0.8122 0.2395 -0.5319
vn 0.1121 0.8369 -0.5358
vn -0.6246 0.2704 -0.7326
vn -0.6037 0.7949 0.0612
vn 0.2229 -0.2255 0.9484
vn 0.0706 -0.6594 0.7485
vn 0.2368 -0.9221 0.3060
vn -0.0196 -0.4918 -0.8705
vn -0.3927 -0.5739 -0.7186
vn -0.4070 -0.5538 -0.7264
vn 0.2066 -0.9319 -0.2982
vn -0.2445 -0.9419 -0.2304
vn -0.5838 -0.5805 -0.5677
vn 0.0150 -0.3887 -0.9212
vn 0.3623 -0.5885 0.7228
vn 0.3756 -0.5841 0.7195
vn 0.3752 -0.5834 0.7204
vn 0.8635 -0.2137 -0.4569
vn 0.8682 0.4867 0.0971
vn 0.9248 -0.1882 0.3308
vn 0.3364 0.5248 0.7819
vn 0.3373 0.5420 0.7697
vn 0.3310 0.5428 0.7719
vn 0.0842 0.5041 0.8595
vn -0.1758 0.7076 0.6844
vn -0.0340 0.1577 0.9869
vn -0.0600 0.7373 0.6729
vn 0.1898 0.5229 0.8310
vn 0.2085 0.5468 0.8109
vn -0.5082 0.8181 0.2690
vn -0.2401 0.6907 0.6821
vn -0.1957 0.6815 0.7052
vn 0.1933 0.8646 0.4638
vn 0.8702 -0.4834 -0.0956
vn 0.7961 0.1190 -0.5933
vn 0.8706 0.3823 0.3096
vn 0.9330 0.0771 0.3517
vn 0.9471 -0.3106 0.0806
vn 0.7560 0.3246 -0.5685
vn 0.8191 0.4874 -0.3025
vn 0.0088 -0.8582 0.5133
vn 0.3160 -0.5290 0.7876
vn -0.4148 -0.6460 0.6408
vn 0.2399 0.9033 -0.3557
vn -0.5948 0.5986 -0.5366
vn -0.6438 0.7590 -0.0973
vn 0.6661 -0.4359 0.6052
vn 0.1117 -0.4547 0.8836
vn 0.2890 -0.8051 0.5180
vn 0.3236 -0.7957 0.5120
vn -0.1801 0.7469 -0.6400
vn -0.1854 0.7375 -0.6494
vn -0.5882 0.6933 -0.4163
vn -0.9227 -0.3709 -0.1053
vn -0.8642 -0.2428 0.4406
vn -0.8591 0.5106 -0.0361
vn -0.9000 0.4025 -0.1673
vn -0.6568 -0.5147 -0.5511
vn -0.1604 -0.5221 -0.8377
vn -0.3286 -0.8519 -0.4077
vn -0.0990 -0.5309 -0.8416
vn -0.1129 -0.5201 -0.8466
vn -0.1069 -0.5094 -0.8539
vn 0.8650 0.0153 0.5016
vn 0.9131 -0.2733 -0.3027
vn 0.8402 0.4545 -0.2958
vn 0.3692 -0.8175 0.4420
vn 0.7782 -0.5019 0.3775
vn -0.1206 -0.7284 0.6745
vn 0.1054 0.9162 -0.3865
vn -0.6532 0.5105 -0.5592
vn -0.4801 0.8740 0.0756
vn -0.3186 0.7740 -0.5472
vn -0.3719 0.9042 -0.2100
vn 0.4218 0.9039 -0.0707
vn 0.2637 0.5942 -0.7598
vn 0.1034 -0.7316 0.6739
vn 0.0904 -0.7522 0.6527
vn 0.1069 -0.7423 0.6615
vn -0.2472 -0.5370 -0.8066
vn -0.2454 -0.5402 -0.8050
vn -0.2556 -0.5369 -0.8040
vn 0.1699 -0.8828 0.4379
vn 0.5041 -0.5817 0.6384
vn -0.3309 -0.7533 0.5684
vn 0.3298 -0.9143 0.2351
vn 0.5657 -0.4149 0.7126
vn 0.0989 -0.6968 0.7104
vn -0.6066 -0.6990 -0.3788
vn -0.3563 -0.4840 -0.7993
vn -0.3533 -0.4787 -0.8038
vn 0.1496 -0.7179 -0.6799
vn -0.8155 0.5770 0.0450
vn -0.8625 -0.1457 -0.4846
vn -0.9018 -0.2278 0.3672
vn 0.0590 -0.8069 0.5878
vn 0.4045 -0.6193 0.6729
vn 0.4006 -0.5961 0.6958
vn -0.4572 -0.6230 -0.6347
vn 0.4030 -0.2786 -0.8717
vn 0.2477 -0.8745 -0.4170
vn 0.8716 -0.4883 -0.0435
vn 0.7951 0.0607 -0.6034
vn 0.8717 0.4083 0.2708
vn -0.5215 -0.2431 -0.8179
vn 0.2771 -0.3219 -0.9053
vn -0.2028 -0.9038 -0.3768
vn -0.9518 -0.0311 -0.3050
vn -0.8605 -0.1323 0.4921
vn -0.8196 0.4171 0.3928
vn 0.5684 0.1829 0.8022
vn 0.3936 0.8245 0.4065
vn 0.3410 0.5188 0.7840
vn 0.2176 -0.7213 0.6575
vn 0.2056 -0.7194 0.6635
vn 0.2184 -0.7316 0.6458
vn -0.3500 0.7522 -0.5583
vn -0.6040 0.7680 -0.2129
vn 0.0580 0.8611 -0.5051
vn -0.5490 -0.1484 -0.8225
vn 0.1858 -0.2084 -0.9602
vn -0.2112 -0.8672 -0.4509
vn -0.9226 -0.3570 -0.1460
vn -0.8485 -0.1244 0.5144
vn -0.8624 0.5061 0.0064
vn -0.8965 0.4240 -0.1286
vn 0.9015 0.0371 -0.4311
vn 0.8334 0.4318 -0.3450
vn 0.8450 -0.4592 0.2742
vn 0.2288 0.4838 0.8447
vn 0.1176 0.4085 0.9051
vn -0.1570 0.6333 0.7578
vn -0.1405 0.1261 0.9820
vn 0.1249 -0.9917 0.0307
vn 0.7787 -0.5649 0.2729
vn 0.3273 -0.5445 0.7723
vn 0.4668 -0.6893 -0.5540
vn -0.0411 -0.6869 -0.7256
vn -0.2174 -0.3017 -0.9283
vn 0.6273 -0.0405 -0.7777
vn -0.3772 0.4264 0.8221
vn 0.1623 0.5884 0.7921
vn -0.4883 0.7764 0.3985
vn -0.3651 0.7860 -0.4990
vn -0.3570 0.7801 -0.5139
vn -0.7298 0.4312 -0.5305
vn 0.1097 -0.7864 0.6079
vn 0.0985 -0.8074 0.5817
vn 0.1150 -0.7982 0.5912
vn -0.2265 0.8028 -0.5516
vn -0.0944 -0.3221 -0.9420
vn 0.4801 0.0733 -0.8741
vn 0.4714 -0.7244 -0.5030
vn 0.7529 0.4273 -0.5006
vn 0.8757 0.4554 0.1606
vn 0.9402 -0.3101 -0.1409
vn -0.0135 -0.9003 0.4351
vn 0.2397 -0.5998 0.7634
vn -0.4001 -0.6477 0.6484
vn -0.0254 0.9974 0.0674
vn -0.3212 0.6361 -0.7016
vn -0.7095 0.6931 -0.1271
vn -0.2399 0.5247 0.8168
vn 0.2773 0.6674 0.6911
vn -0.6574 0.3667 0.6583
vn 0.2135 -0.8103 0.5457
vn -0.1703 -0.4466 -0.8784
vn -0.1684 -0.4446 -0.8797
vn -0.1709 -0.4493 -0.8769
vn 0.1678 -0.8986 0.4055
vn 0.2673 -0.5384 0.7992
vn -0.3066 -0.7881 0.5338
vn -0.2420 0.4540 0.8575
vn 0.2768 0.6049 0.7467
vn -0.6585 0.3102 0.6857
vn -0.3781 -0.4757 -0.7942
vn 0.5247 -0.0535 -0.8496
vn 0.1477 -0.7536 -0.6406
vn 0.0013 -0.8158 -0.5783
vn -0.2476 -0.7842 -0.5690
vn -0.5717 -0.2580 -0.7788
vn 0.3045 -0.1257 -0.9442
vn -0.8250 0.3570 0.4380
vn -0.9428 0.2645 -0.2030
vn -0.8379 -0.4859 0.2487
vn 0.2261 -0.4587 0.8593
vn 0.0776 -0.8302 0.5520
vn 0.2303 -0.9721 0.0456
vn -0.2116 0.8567 -0.4703
vn 0.0750 -0.4067 0.9105
vn 0.2238 -0.7908 0.5696
vn 0.2238 -0.7923 0.5676
vn 0.6744 -0.5142 0.5299
vn 0.7589 -0.5203 0.3916
vn 0.3000 -0.5896 0.7499
vn 0.0568 -0.9973 0.0467
vn 0.3651 -0.8790 0.3068
vn -0.9182 -0.3924 0.0533
vn -0.8125 0.1331 0.5676
vn -0.8734 0.4721 0.1196
vn 0.5189 0.8254 -0.2224
vn -0.1069 0.7235 -0.6820
vn -0.4703 0.8707 -0.1438
vn -0.0957 -0.4225 -0.9013
vn -0.2098 -0.8288 -0.5187
vn -0.1003 -0.4184 -0.9027
vn 0.9072 0.1207 -0.4031
vn 0.8427 0.4678 -0.2667
vn 0.8685 -0.3622 0.3385
vn -0.3806 -0.4241 -0.8217
vn -0.1188 -0.8230 -0.5555
vn -0.3840 -0.4335 -0.8152
vn 0.1218 0.9142 -0.3865
vn -0.6177 0.3982 -0.6781
vn -0.6045 0.7734 0.1907
vn 0.9019 0.0832 -0.4239
vn 0.8361 0.4546 -0.3071
vn 0.8421 -0.4883 0.2289
vn 0.3572 -0.8596 0.3652
vn 0.7188 -0.4034 0.5663
vn -0.1014 -0.7768 0.6215
vn 0.1287 -0.7803 -0.6120
vn -0.1321 -0.4481 -0.8842
vn 0.2851 -0.1561 -0.9457
vn 0.1903 0.3862 0.9026
vn 0.1843 0.3943 0.9003
vn 0.1890 0.3716 0.9089
vn 0.0757 0.3608 0.9296
vn 0.0757 0.3859 0.9194
vn 0.0679 0.3698 0.9266
vn 0.3635 -0.6460 0.6712
vn -0.3520 -0.6961 0.6258
vn -0.0108 -0.9116 0.4110
vn 0.0198 -0.9952 -0.0961
vn -0.1004 -0.0937 0.9905
vn 0.1637 0.2983 0.9403
vn -0.7784 0.2575 0.5725
vn 0.4568 -0.6412 -0.6167
vn -0.0499 -0.6136 -0.7880
vn -0.2293 -0.4332 -0.8716
vn 0.4040 0.1501 -0.9024
vn 0.8195 0.5490 -0.1642
vn 0.9508 -0.1582 0.2664
vn 0.8958 -0.1886 -0.4024
vn 0.8021 0.4129 -0.4314
vn -0.8509 0.3630 0.3798
vn -0.8579 0.0486 -0.5115
vn -0.9182 -0.1983 0.3430
vn 0.7294 0.6649 -0.1608
vn 0.2597 0.6919 -0.6737
vn -0.2382 0.9711 -0.0157
vn -0.3474 0.8723 -0.3440
vn -0.3520 0.8688 -0.3483
vn -0.3566 0.8657 -0.3512
vn 0.9149 -0.2173 -0.3403
vn 0.8415 0.5133 -0.1682
vn 0.8681 0.1483 0.4737
vn -0.8186 0.5298 0.2219
vn -0.8592 0.0282 -0.5109
vn -0.9055 -0.3389 0.2553
vn -0.9219 -0.3462 -0.1736
vn -0.8458 -0.1592 0.5091
vn -0.8541 0.4007 0.3315
vn -0.8978 0.4274 -0.1059
vn -0.1603 0.6517 -0.7413
vn -0.1877 0.8814 -0.4334
vn 0.1969 0.9604 -0.1972
vn 0.8614 0.4637 0.2075
vn 0.9503 -0.1608 0.2667
vn 0.8875 -0.1709 -0.4280
vn 0.8709 0.1636 -0.4634
vn -0.0967 -0.3752 -0.9219
vn -0.5853 -0.4592 -0.6682
vn 0.0821 0.1056 -0.9910
vn 0.1181 0.9645 -0.2362
vn -0.6483 0.6028 -0.4651
vn -0.4809 0.8495 0.2171
vn -0.8095 0.0356 0.5861
vn -0.8171 0.3428 0.4635
vn -0.9511 0.0676 -0.3015
vn -0.8951 -0.4034 0.1898
vn 0.3620 0.9316 -0.0329
vn -0.2349 0.7976 -0.5556
vn -0.6065 0.7951 0.0025
vn -0.2232 -0.3588 -0.9063
vn -0.2160 -0.3577 -0.9085
vn -0.2288 -0.3630 -0.9033
vn 0.2151 -0.9334 0.2874
vn 0.6608 -0.6947 0.2841
vn -0.2663 -0.8461 0.4618
vn 0.0141 -0.9657 0.2593
vn 0.4081 -0.8456 0.3442
vn 0.3982 -0.8408 0.3667
vn -0.0108 0.4461 0.8949
vn 0.2980 0.7336 0.6107
vn -0.4895 0.4046 0.7725
vn -0.8644 -0.4762 0.1614
vn -0.8429 0.2734 0.4634
vn -0.9174 0.3540 -0.1817
vn 0.1194 -0.8902 0.4396
vn 0.1183 -0.8907 0.4389
vn 0.6166 -0.7644 0.1884
vn 0.1884 -0.6611 -0.7263
vn -0.2321 -0.6998 -0.6756
vn -0.5665 -0.2189 -0.7945
vn 0.0917 0.1406 -0.9858
vn -0.1690 -0.0628 -0.9836
vn -0.3825 -0.3727 -0.8454
vn -0.3886 -0.3628 -0.8470
vn -0.6585 0.2487 0.7103
vn -0.2374 0.4123 0.8796
vn -0.1876 0.3932 0.9001
vn 0.2022 0.6618 0.7219
vn 0.8378 0.4646 -0.2867
vn 0.8598 -0.4151 0.2974
vn 0.8785 -0.3167 -0.3578
vn 0.8883 0.1157 -0.4444
vn 0.2202 0.2929 0.9304
vn 0.8701 0.0655 -0.4885
vn 0.8392 0.5292 0.1251
vn 0.8833 -0.0759 0.4626
vn 0.1258 -0.9900 -0.0633
vn 0.7734 -0.6065 0.1845
vn 0.3170 -0.6175 0.7198
vn 0.2869 -0.7131 0.6396
vn -0.4083 -0.7727 0.4861
vn -0.0202 -0.9531 0.3021
vn 0.0311 -0.9766 -0.2129
vn 0.1021 0.2496 0.9629
vn -0.1704 0.4964 0.8512
vn -0.1570 -0.0409 0.9868
vn -0.4841 0.3618 0.7967
vn -0.3962 -0.0182 0.9180
vn 0.0170 0.2885 0.9573
vn -0.0443 0.7195 0.6930
vn 0.9513 -0.1945 0.2393
vn 0.9204 -0.2315 -0.3151
vn 0.8360 0.3771 -0.3987
vn 0.8584 0.4576 0.2319
vn -0.1030 0.9807 -0.1660
vn 0.0965 0.9786 0.1817
vn 0.0126 0.8645 -0.5025
vn -0.8470 0.0547 0.5288
vn -0.8649 0.4275 -0.2631
vn -0.9124 -0.4080 -0.0334
vn 0.3397 0.2817 0.8974
vn 0.7017 -0.0173 0.7123
vn 0.3513 0.2890 0.8906
vn -0.5829 -0.0358 -0.8117
vn 0.3501 0.1661 -0.9219
vn -0.2713 -0.4911 -0.8278
vn 0.1865 0.9819 -0.0327
vn -0.5876 0.7142 -0.3803
vn -0.6685 0.7306 0.1394
vn 0.9175 0.1793 -0.3550
vn 0.8470 0.5316 -0.0055
vn 0.8580 -0.3913 0.3328
vn 0.0011 0.1570 0.9876
vn -0.0794 0.6453 0.7598
vn -0.4758 0.0227 0.8793
vn -0.9227 -0.3324 -0.1952
vn -0.8479 -0.2102 0.4866
vn -0.8635 0.4949 0.0968
vn -0.8937 0.4428 -0.0726
vn -0.9038 -0.2040 0.3761
vn -0.8688 0.2716 0.4140
vn -0.8520 -0.0044 -0.5235
vn -0.9326 -0.3433 -0.1115
vn -0.8170 0.0274 0.5759
vn -0.8718 0.4362 0.2228
vn 0.0330 0.9970 0.0698
vn -0.2731 0.7556 -0.5954
vn -0.7394 0.6703 0.0633
vn 0.8705 0.3896 0.3008
vn 0.9561 -0.2039 0.2106
vn 0.8870 -0.0961 -0.4517
vn 0.8661 0.2484 -0.4339
vn -0.1762 -0.2704 -0.9465
vn -0.1748 -0.2704 -0.9467
vn -0.1775 -0.2721 -0.9457
vn -0.2371 0.1219 0.9638
vn 0.2816 0.3017 0.9109
vn -0.6546 0.0521 0.7542
vn -0.0582 0.0706 -0.9958
vn 0.7793 0.0038 -0.6266
vn 0.1430 -0.5002 -0.8540
vn -0.9024 -0.2057 0.3787
vn -0.8498 0.2415 0.4686
vn -0.8587 0.0629 -0.5086
vn -0.1964 0.2197 0.9556
vn 0.3082 0.4134 0.8568
vn -0.6261 0.1309 0.7687
vn -0.6241 -0.1835 -0.7595
vn -0.0947 -0.2705 -0.9581
vn -0.0951 -0.2720 -0.9576
vn -0.0769 -0.7356 -0.6730
vn 0.5321 0.8434 -0.0743
vn -0.1173 0.8422 -0.5262
vn -0.4655 0.8848 0.0210
vn 0.2170 -0.9503 0.2233
vn 0.3096 -0.6672 0.6775
vn -0.2393 -0.8544 0.4612
vn 0.1936 -0.9655 0.1740
vn 0.5530 -0.7053 0.4436
vn -0.2715 -0.8730 0.4052
vn 0.5049 0.4047 0.7624
vn 0.0739 0.3013 0.9506
vn 0.1073 0.2783 0.9545
vn -0.3759 0.1169 0.9193
vn 0.1639 0.2790 0.9462
vn -0.5014 0.5856 0.6369
vn -0.3707 -0.2866 -0.8834
vn -0.1233 -0.7119 -0.6913
vn -0.3831 -0.2863 -0.8782
vn -0.0051 0.3310 -0.9436
vn 0.7942 0.1181 -0.5960
vn 0.1006 -0.2676 -0.9583
vn -0.2556 -0.1606 -0.9534
vn 0.6269 0.2148 -0.7489
vn 0.0611 -0.4461 -0.8929
vn 0.8858 0.1162 -0.4493
vn 0.8427 0.4762 -0.2511
vn 0.8299 -0.5493 0.0978
vn 0.1131 -0.9793 -0.1681
vn 0.7617 -0.6016 0.2406
vn -0.1765 -0.9579 0.2263
vn -0.8301 0.4423 0.3395
vn -0.8518 0.1085 -0.5124
vn -0.9063 -0.3798 0.1856
vn -0.1809 -0.0140 -0.9834
vn 0.4360 0.5375 -0.7219
vn 0.4236 -0.3239 -0.8460
vn 0.2081 0.2099 0.9553
vn 0.3497 0.1934 0.9167
vn 0.3581 0.1926 0.9136
vn 0.3514 0.2037 0.9138
vn 0.8148 -0.5087 0.2781
vn 0.8843 -0.0820 -0.4597
vn 0.8519 0.5111 -0.1144
vn -0.3398 -0.0442 -0.9395
vn 0.5791 0.3122 -0.7531
vn 0.0744 -0.3697 -0.9262
vn -0.0001 -0.9767 0.2144
vn 0.2921 -0.7796 0.5540
vn -0.3559 -0.7749 0.5224
vn 0.1793 0.9826 0.0480
vn -0.5864 0.7444 -0.3193
vn -0.6712 0.7137 0.2004
vn 0.9173 0.2118 -0.3371
vn 0.8477 0.5298 0.0257
vn 0.8577 -0.4239 0.2910
vn -0.2562 0.0073 0.9666
vn 0.1696 0.3247 0.9305
vn -0.7158 0.0941 0.6920
vn 0.8343 0.4724 -0.2842
vn 0.8833 0.2673 0.3852
vn 0.9226 -0.1368 -0.3606
vn -0.9254 -0.3022 -0.2289
vn -0.8492 -0.2106 0.4842
vn -0.8746 0.4846 0.0116
vn -0.8926 0.4498 -0.0306
vn -0.3629 0.9263 -0.1011
vn -0.3674 0.9240 -0.1064
vn 0.6601 -0.7207 0.2115
vn -0.1558 -0.8452 0.5113
vn 0.2076 -0.9611 0.1821
vn 0.2300 -0.9625 0.1439
vn -0.7339 0.6287 0.2571
vn -0.4857 0.6604 0.5727
vn -0.6219 0.7790 -0.0802
vn 0.9162 -0.1648 0.3652
vn 0.9272 -0.3722 0.0418
vn 0.8396 0.4939 -0.2261
vn 0.8466 0.4983 0.1868
vn 0.6077 -0.3529 -0.7114
vn 0.3318 -0.5368 -0.7757
vn -0.0611 0.1679 -0.9839
vn 0.7075 0.2413 -0.6643
vn 0.2228 -0.9739 0.0427
vn 0.8783 0.3330 0.3432
vn 0.9481 -0.2331 0.2162
vn 0.8899 -0.0628 -0.4518
vn 0.8189 0.5277 -0.2257
vn -0.2396 0.9708 -0.0139
vn -0.8891 0.4416 0.1204
vn -0.9167 -0.3943 -0.0638
vn -0.8507 -0.1327 0.5087
vn 0.5293 0.8482 -0.0197
vn -0.1367 0.8803 -0.4544
vn -0.4687 0.8787 0.0908
vn -0.9154 -0.3737 -0.1499
vn -0.9144 -0.3405 0.2189
vn -0.8563 0.1982 0.4770
vn -0.8661 0.4995 -0.0186
vn -0.1015 0.9480 0.3016
vn -0.1879 0.8254 -0.5324
vn -0.7447 0.6644 0.0633
vn -0.1737 0.9834 -0.0518
vn -0.1833 0.9819 -0.0485
vn -0.2094 0.9768 -0.0436
vn -0.2026 0.9780 -0.0491
vn -0.2080 0.9768 -0.0514
vn -0.1745 -0.1795 -0.9682
vn 0.3460 -0.0298 -0.9378
vn -0.3072 -0.6084 -0.7318
vn -0.2228 0.9615 -0.1609
vn -0.2131 0.9658 -0.1479
vn -0.2134 0.9645 -0.1556
vn 0.2274 -0.7988 0.5570
vn 0.0821 -0.9942 0.0695
vn 0.2580 -0.8476 -0.4637
vn 0.0995 -0.5957 -0.7970
vn -0.1090 -0.1971 -0.9743
vn 0.3522 0.0250 -0.9356
vn 0.1189 -0.9565 -0.2666
vn 0.7861 -0.6157 0.0546
vn 0.3092 -0.7590 0.5729
vn 0.4065 0.9028 -0.1404
vn 0.4140 0.8977 -0.1510
vn 0.4097 0.8967 -0.1676
vn 0.1848 0.1502 0.9712
vn 0.1946 0.1472 0.9698
vn 0.0717 -0.2149 0.9740
vn 0.3311 0.0897 0.9393
vn 0.3227 0.1199 0.9389
vn 0.0070 -0.2328 -0.9725
vn -0.2604 -0.2240 -0.9392
vn -0.5443 0.3963 -0.7394
vn 0.2251 0.5715 -0.7891
vn 0.0031 -0.9957 0.0922
vn 0.3025 -0.8195 0.4867
vn -0.4224 -0.8468 0.3232
vn 0.8589 -0.4454 0.2527
vn 0.9150 0.2447 -0.3207
vn 0.8475 0.5228 0.0919
vn 0.0892 -0.9889 -0.1190
vn 0.0783 -0.9852 -0.1524
vn 0.0948 -0.9857 -0.1391
vn -0.3541 0.9212 -0.1613
vn -0.3708 0.9041 0.2125
vn 0.3964 0.8668 0.3025
vn 0.2517 0.8573 -0.4491
vn -0.1234 0.9877 0.0960
vn -0.1022 0.9912 0.0837
vn -0.1324 0.9901 0.0455
vn -0.0930 -0.1273 -0.9875
vn -0.1070 -0.1159 -0.9875
vn -0.0989 -0.0983 -0.9902
vn -0.8635 0.4877 0.1287
vn -0.9198 -0.3335 -0.2066
vn -0.8792 -0.4594 0.1265
vn -0.1242 0.9888 0.0832
vn 0.0798 0.9035 0.4212
vn 0.0033 0.9591 -0.2830
vn 0.2323 -0.9704 0.0660
vn 0.2283 -0.9709 0.0717
vn 0.2215 -0.9730 0.0650
vn -0.6746 0.6796 -0.2881
vn -0.6173 0.7219 0.3127
vn -0.1227 0.9105 0.3948
vn 0.1044 0.9851 -0.1364
vn -0.4227 -0.8990 -0.1145
vn 0.0876 -0.9894 -0.1162
vn 0.4620 -0.8377 0.2912
vn 0.8303 0.4930 -0.2599
vn 0.8858 0.2470 0.3928
vn 0.9200 -0.1161 -0.3743
vn -0.8367 0.2958 -0.4609
vn -0.9157 -0.3553 -0.1876
vn -0.9090 -0.3695 0.1928
vn -0.8726 0.1581 0.4622
vn -0.9220 -0.3777 -0.0848
vn -0.8814 -0.3348 0.3333
vn -0.8713 0.4159 0.2606
vn 0.1949 -0.9806 0.0186
vn 0.4486 -0.7920 0.4141
vn -0.2885 -0.9352 0.2053
vn -0.6677 0.6465 -0.3691
vn -0.3913 0.7715 0.5017
vn -0.0205 0.9290 0.3696
vn -0.1798 0.8729 -0.4536
vn -0.3348 -0.0962 -0.9373
vn -0.6262 -0.4364 -0.6461
vn -0.3393 -0.0880 -0.9366
vn -0.2191 0.9666 0.1328
vn -0.5300 0.0761 -0.8446
vn 0.1426 0.6082 -0.7809
vn 0.2256 -0.1959 -0.9543
vn 0.1698 -0.9853 0.0165
vn 0.1739 -0.9845 0.0219
vn 0.1649 -0.9861 0.0199
vn -0.2042 0.2317 -0.9511
vn -0.3923 -0.1316 -0.9104
vn -0.4008 -0.1216 -0.9080
vn 0.8779 0.1783 -0.4445
vn 0.8423 0.5082 -0.1794
vn 0.8288 -0.5596 -0.0051
vn 0.1516 0.0162 0.9883
vn 0.1449 0.0243 0.9891
vn 0.1499 0.0016 0.9887
vn 0.2842 0.1039 0.9531
vn -0.6340 -0.1774 0.7527
vn 0.1247 -0.9371 -0.3259
vn 0.7715 -0.6362 0.0032
vn 0.3192 -0.7901 0.5233
vn 0.9529 -0.2912 0.0848
vn 0.8940 0.2945 -0.3377
vn 0.8843 0.1679 0.4357
vn 0.3517 0.0684 0.9336
vn 0.3766 0.0720 0.9236
vn 0.3430 0.0905 0.9350
vn 0.1031 -0.0043 0.9947
vn -0.1696 0.2628 0.9498
vn -0.1568 -0.2906 0.9439
vn 0.8144 -0.5095 0.2780
vn 0.9085 -0.2140 -0.3590
vn 0.8532 0.5202 0.0377
vn 0.2414 0.0568 0.9688
vn -0.9069 -0.3706 -0.2007
vn -0.8494 -0.1236 0.5130
vn -0.8786 0.4650 0.1084
vn 0.1019 -0.9724 -0.2097
vn 0.0906 -0.9659 -0.2426
vn 0.1079 -0.9674 -0.2292
vn 0.8510 -0.1444 -0.5050
vn 0.8707 -0.2959 0.3929
vn 0.6509 -0.7583 0.0357
vn 0.0173 -0.9996 0.0211
vn 0.3960 -0.8355 0.3808
vn -0.3903 -0.8872 0.2461
vn -0.3154 0.9438 -0.0986
vn -0.3652 0.8955 0.2543
vn 0.4239 0.8221 0.3800
vn 0.2818 0.8793 -0.3840
vn 0.8709 -0.2383 -0.4298
vn 0.7949 0.5317 -0.2923
vn 0.8704 0.0126 0.4922
vn -0.4842 -0.1378 0.8640
vn -0.3914 -0.4696 0.7914
vn 0.0223 -0.2317 0.9725
vn 0.0061 0.2754 0.9613
vn 0.2054 0.9135 0.3511
vn -0.4041 0.8730 -0.2732
vn -0.6897 0.7012 0.1804
vn -0.9120 0.3763 -0.1634
vn -0.8670 -0.4574 0.1978
vn -0.8598 0.4493 0.2427
vn 0.6399 -0.7677 0.0348
vn -0.2529 -0.9484 0.1914
vn 0.1887 -0.9806 -0.0533
vn 0.1969 -0.9779 -0.0701
vn -0.8933 -0.4492 0.0157
vn -0.8766 -0.3446 0.3359
vn -0.8227 0.1952 0.5338
vn -0.9506 0.1686 -0.2608
vn -0.9132 -0.3382 -0.2274
vn -0.8481 -0.2104 0.4863
vn -0.8641 0.5007 -0.0518
vn -0.9068 -0.3148 0.2803
vn -0.8496 0.0695 0.5229
vn -0.8569 0.2390 -0.4567
vn -0.3626 0.8942 0.2625
vn -0.3800 0.8829 0.2758
vn -0.3423 0.8982 0.2758
vn -0.3622 0.8906 0.2750
vn 0.4550 -0.1545 -0.8770
vn -0.0889 0.0663 -0.9938
vn -0.2203 0.1761 -0.9594
vn 0.3968 0.6496 -0.6486
vn -0.7820 0.3690 0.5024
vn -0.5133 0.1514 0.8447
vn -0.5339 0.2003 0.8215
vn -0.3527 0.9134 0.2034
vn -0.3661 0.9068 0.2091
vn -0.3412 0.9163 0.2098
vn -0.3514 0.9125 0.2094
vn -0.6696 0.7124 -0.2103
vn -0.6434 0.6762 0.3588
vn -0.0660 0.8980 0.4350
vn 0.0911 0.9941 -0.0581
vn -0.1185 0.9618 0.2469
vn -0.0973 0.9670 0.2353
vn -0.1285 0.9723 0.1954
vn -0.1169 -0.0278 -0.9928
vn -0.6304 -0.1200 -0.7669
vn -0.1136 -0.0148 -0.9934
vn -0.3330 -0.4120 -0.8481
vn -0.0920 0.0132 -0.9957
vn -0.0757 0.0107 -0.9971
vn 0.4751 0.1710 0.8632
vn 0.0800 0.0331 0.9962
vn 0.1013 0.0149 0.9947
vn -0.9070 -0.3572 0.2231
vn -0.8485 -0.0295 0.5283
vn -0.8569 0.3133 -0.4094
vn -0.1977 -0.0164 -0.9801
vn 0.3421 0.0924 -0.9351
vn -0.2018 -0.5065 -0.8383
vn 0.8881 0.2235 -0.4017
vn 0.8422 0.5248 -0.1235
vn 0.8309 -0.5554 -0.0332
vn -0.1050 -0.5832 0.8055
vn 0.2008 -0.2782 0.9393
vn -0.7570 -0.0934 0.6467
vn 0.1127 -0.9013 -0.4182
vn 0.7687 -0.6350 0.0769
vn 0.3228 -0.8415 0.4332
vn 0.9482 -0.3134 0.0511
vn 0.8979 0.1801 -0.4017
vn 0.8109 0.5825 0.0555
vn 0.8263 0.4466 0.3431
vn -0.2373 -0.3597 0.9024
vn 0.2800 -0.1838 0.9423
vn -0.6568 -0.3196 0.6830
vn -0.8480 -0.2471 0.4689
vn -0.8642 0.5023 0.0283
vn -0.9126 -0.3143 -0.2614
vn 0.3332 -0.0431 0.9419
vn 0.6904 -0.2474 0.6798
vn 0.3463 -0.0337 0.9375
vn 0.6912 0.7117 0.1250
vn 0.2314 0.9044 -0.3586
vn -0.2840 0.8977 0.3370
vn 0.0139 -0.9976 -0.0685
vn 0.3883 -0.8718 0.2985
vn -0.4046 -0.9015 0.1533
vn -0.3224 -0.4501 0.8328
vn 0.0782 -0.1372 0.9874
vn -0.7254 -0.1636 0.6686
vn 0.8577 -0.4838 0.1740
vn 0.9158 0.2954 -0.2722
vn 0.8475 0.5044 0.1653
vn 0.1376 -0.5929 -0.7934
vn 0.5690 -0.8180 0.0845
vn 0.1642 -0.9328 -0.3207
vn -0.8935 0.4072 0.1894
vn -0.9016 -0.1896 -0.3888
vn -0.8828 -0.4360 -0.1750
vn -0.8560 -0.0830 0.5103
vn -0.9052 -0.4052 -0.1281
vn -0.8514 -0.3627 0.3789
vn -0.8489 0.3243 0.4174
vn -0.9166 0.3598 -0.1743
vn -0.0928 0.0419 -0.9948
vn -0.5874 -0.1452 -0.7961
vn 0.2928 0.3489 -0.8903
vn 0.8664 -0.1621 -0.4724
vn 0.7993 0.5651 -0.2044
vn 0.8711 -0.0882 0.4832
vn 0.2939 0.8217 0.4882
vn -0.1529 0.9718 -0.1794
vn -0.6232 0.7188 0.3082
vn -0.5183 0.3146 -0.7952
vn 0.3363 0.7179 -0.6096
vn 0.1006 0.0483 -0.9938
vn 0.1160 -0.9873 -0.1082
vn 0.3900 -0.8449 -0.3661
vn 0.7661 -0.6427 -0.0024
vn -0.3767 -0.4312 0.8198
vn 0.1643 -0.3195 0.9332
vn -0.4941 0.1157 0.8617
vn -0.9306 -0.3422 -0.1301
vn -0.8679 -0.3818 0.3179
vn -0.8678 0.3617 0.3408
vn 0.2333 -0.9666 -0.1059
vn 0.2770 -0.8594 0.4298
vn -0.2281 -0.9619 0.1507
vn -0.4824 -0.2051 0.8516
vn -0.3850 -0.6006 0.7008
vn 0.0259 -0.4083 0.9125
vn -0.0250 0.0951 0.9952
vn -0.0356 -0.1538 -0.9875
vn -0.7195 -0.3498 -0.6000
vn -0.4014 0.0465 -0.9147
vn 0.9167 -0.3022 0.2612
vn 0.9297 -0.3479 -0.1209
vn 0.8399 0.5425 0.0177
vn 0.8501 0.2559 0.4603
vn -0.3641 0.8316 0.4193
vn -0.3848 0.8205 0.4228
vn -0.3438 0.8359 0.4279
vn -0.3637 0.8287 0.4254
vn -0.3704 0.0290 -0.9284
vn -0.3063 -0.4990 -0.8107
vn -0.3719 0.0265 -0.9279
vn -0.7156 0.6322 -0.2969
vn -0.5730 0.5857 0.5733
vn 0.1008 0.9638 0.2468
vn -0.2421 0.9242 -0.2954
vn -0.5280 0.6641 -0.5293
vn 0.2089 0.7120 -0.6704
vn -0.2154 -0.0400 -0.9757
vn 0.3137 0.1086 -0.9433
vn -0.2395 -0.4634 -0.8532
vn -0.2206 0.0590 -0.9736
vn -0.2195 0.0591 -0.9738
vn 0.8848 0.2489 -0.3939
vn 0.8473 0.5216 -0.1007
vn 0.8200 -0.5633 -0.1019
vn 0.1689 -0.9100 -0.3786
vn 0.1718 -0.9138 -0.3680
vn 0.1594 -0.9092 -0.3847
vn 0.3315 -0.6025 -0.7260
vn 0.5578 -0.8272 -0.0672
vn 0.0944 -0.9398 -0.3284
vn -0.1926 -0.4329 0.8806
vn 0.2997 -0.2355 0.9245
vn -0.6305 -0.3882 0.6722
vn 0.3650 -0.1298 0.9219
vn 0.3524 -0.1262 0.9273
vn 0.0845 -0.4546 0.8867
vn 0.5530 -0.3896 0.7364
vn 0.1749 -0.1540 0.9725
vn 0.5943 -0.0891 0.7993
vn 0.1749 -0.1395 0.9746
vn -0.4840 -0.4300 0.7621
vn -0.3933 -0.7183 0.5739
vn 0.0182 -0.5569 0.8304
vn 0.0311 -0.0754 0.9967
vn 0.0933 -0.1845 0.9784
vn -0.1840 0.0958 0.9783
vn -0.1458 -0.4502 0.8810
vn 0.8148 -0.5469 0.1925
vn 0.9097 -0.1469 -0.3884
vn 0.8530 0.5073 0.1229
vn -0.9131 -0.2921 -0.2844
vn -0.8474 -0.2943 0.4419
vn -0.8652 0.4970 0.0668
vn 0.2177 -0.0962 0.9713
vn 0.2142 -0.0906 0.9726
vn 0.2033 -0.0911 0.9749
vn -0.0857 -0.8370 0.5404
vn 0.1863 -0.5195 0.8339
vn -0.7786 -0.3507 0.5204
vn 0.9313 -0.3508 -0.0983
vn 0.8664 0.4273 -0.2585
vn 0.8394 0.2508 0.4822
vn -0.1056 0.8160 0.5683
vn 0.0993 0.5734 0.8132
vn 0.0117 0.9672 0.2538
vn -0.8913 -0.3396 -0.3005
vn -0.8535 -0.1604 0.4958
vn -0.8936 0.3926 0.2176
vn 0.6950 0.6950 0.1841
vn 0.2253 0.9317 -0.2849
vn -0.2738 0.8651 0.4204
vn 0.0188 -0.9915 -0.1288
vn 0.3539 -0.8997 0.2555
vn -0.3435 -0.9192 0.1925
vn 0.8692 0.3903 -0.3036
vn 0.8443 0.2821 0.4557
vn 0.8847 -0.3866 0.2605
vn 0.0954 -0.8353 -0.5415
vn 0.1003 -0.8196 -0.5641
vn 0.1101 -0.8234 -0.5566
vn -0.4537 -0.1655 -0.8756
vn -0.4378 0.5308 -0.7257
vn -0.0846 0.1766 -0.9806
vn 0.7714 -0.6364 -0.0016
vn 0.1589 -0.9290 0.3344
vn 0.3269 -0.9269 -0.1845
vn 0.3599 -0.9125 -0.1946
vn -0.0998 0.1362 -0.9856
vn -0.1183 0.1410 -0.9829
vn -0.1044 0.1516 -0.9829
vn 0.2996 -0.4600 -0.8359
vn 0.5591 -0.7995 -0.2194
vn 0.0919 -0.8664 -0.4909
vn -0.9137 0.3932 -0.1027
vn -0.8600 -0.4850 0.1584
vn -0.8500 0.1257 0.5116
vn 0.3282 0.7945 0.5110
vn -0.1777 0.9789 -0.1012
vn -0.6114 0.6932 0.3817
vn -0.2231 0.1431 -0.9642
vn -0.2202 0.1438 -0.9648
vn -0.2243 0.1386 -0.9646
vn 0.4602 0.2144 -0.8615
vn -0.0520 0.4192 -0.9064
vn -0.2309 0.5190 -0.8230
vn 0.3765 0.8605 -0.3431
vn -0.2328 0.4541 -0.8600
vn 0.3919 0.8294 -0.3981
vn 0.4137 0.1327 -0.9007
vn 0.1728 -0.8198 -0.5460
vn 0.1656 -0.8273 -0.5368
vn 0.5146 0.0850 -0.8532
vn 0.0646 0.2672 -0.9615
vn 0.0179 0.7849 -0.6194
vn 0.7438 0.5254 -0.4132
vn -0.1088 0.9933 0.0382
vn -0.1185 0.8716 0.4756
vn -0.0690 0.8765 0.4765
vn -0.9160 -0.2245 -0.3325
vn -0.9146 -0.4042 -0.0054
vn -0.8532 -0.1335 0.5042
vn -0.8655 0.4206 0.2722
vn 0.6343 -0.7685 0.0843
vn 0.0731 -0.9456 0.3171
vn 0.1869 -0.9689 -0.1621
vn 0.2148 -0.9627 -0.1648
vn -0.9524 0.1620 -0.2583
vn -0.8698 -0.4422 0.2189
vn -0.8232 0.0669 0.5638
vn 0.8933 -0.2590 0.3674
vn 0.8889 -0.1535 -0.4315
vn 0.8244 0.5651 -0.0303
vn -0.6790 0.7287 -0.0890
vn -0.6363 0.5967 0.4889
vn -0.1059 0.7930 0.6000
vn 0.1020 0.9874 0.1210
vn -0.0670 -0.0787 -0.9946
vn -0.5314 -0.4397 -0.7240
vn -0.4202 0.1061 -0.9012
vn -0.8432 -0.3046 0.4429
vn -0.7958 0.2605 0.5467
vn -0.8755 0.3457 -0.3377
vn -0.9275 0.0953 -0.3614
vn -0.3062 -0.5141 0.8012
vn -0.0883 -0.0361 0.9954
vn -0.6986 -0.2247 0.6793
vn -0.2173 0.1413 -0.9658
vn 0.3073 0.1713 -0.9361
vn -0.5789 -0.2079 -0.7884
vn 0.1682 -0.2456 0.9547
vn 0.5821 -0.1871 0.7913
vn 0.1835 -0.2130 0.9597
vn 0.1256 -0.8224 -0.5548
vn 0.7670 -0.6202 -0.1645
vn 0.3141 -0.8979 0.3086
vn 0.4613 -0.8871 0.0144
vn -0.2136 -0.9522 0.2184
vn 0.0223 -0.9779 -0.2077
vn 0.0238 -0.9732 -0.2288
vn -0.2088 -0.5692 0.7953
vn 0.2980 -0.3721 0.8791
vn -0.6351 -0.4818 0.6037
vn 0.2319 -0.1861 0.9548
vn 0.2331 -0.1844 0.9548
vn 0.2297 -0.1849 0.9555
vn 0.1013 -0.2643 0.9591
vn -0.1709 0.0057 0.9853
vn -0.1574 -0.5280 0.8345
vn 0.8119 -0.5632 0.1535
vn 0.9100 -0.1180 -0.3975
vn 0.8542 0.4886 0.1777
vn 0.9556 -0.2859 -0.0716
vn 0.8668 0.4905 -0.0902
vn 0.8681 0.0298 0.4956
vn -0.5094 -0.6005 0.6164
vn -0.0639 -0.6711 0.7386
vn -0.0128 -0.6736 0.7389
vn -0.3013 -0.2771 0.9124
vn 0.6957 0.6837 0.2203
vn 0.2279 0.9522 -0.2037
vn -0.2784 0.8205 0.4993
vn 0.3522 0.3533 -0.8667
vn -0.2303 0.3273 -0.9164
vn -0.4985 0.4858 -0.7180
vn 0.0426 0.9251 -0.3774
vn -0.2388 -0.6557 0.7162
vn 0.2792 -0.4992 0.8203
vn -0.6563 -0.5429 0.5240
vn 0.7607 -0.6368 -0.1256
vn 0.1942 -0.9560 0.2198
vn 0.3235 -0.8934 -0.3118
vn 0.3411 -0.8821 -0.3248
vn -0.5497 0.7681 -0.3284
vn 0.1806 0.8682 -0.4621
vn -0.2292 0.2091 -0.9507
vn -0.0079 0.8108 0.5853
vn -0.2812 0.9505 -0.1325
vn -0.7513 0.5380 0.3824
vn 0.3512 0.7388 0.5752
vn -0.1874 0.9822 0.0081
vn -0.6007 0.6486 0.4674
vn -0.1614 0.2095 -0.9644
vn -0.1570 0.2152 -0.9639
vn -0.1627 0.2025 -0.9657
vn -0.0705 0.7539 -0.6532
vn 0.7681 0.4679 -0.4371
vn 0.1396 0.2615 -0.9550
vn -0.2290 0.7165 0.6590
vn -0.3359 0.7533 0.5655
vn -0.3559 0.7464 0.5623
vn -0.3679 0.7419 0.5606
vn -0.9134 -0.2343 -0.3329
vn -0.8479 -0.3637 0.3858
vn -0.8649 0.4767 0.1571
vn -0.2067 0.7730 0.5998
vn -0.0167 -0.6385 0.7695
vn 0.2786 -0.2484 0.9277
vn -0.5001 -0.5093 0.7003
vn -0.8152 -0.2937 0.4992
vn -0.8156 -0.0330 0.5777
vn -0.9484 0.2303 -0.2178
vn -0.8914 -0.4441 -0.0902
vn 0.2254 -0.9345 0.2755
vn 0.0409 -0.9605 0.2753
vn 0.1578 -0.9628 -0.2193
vn 0.1800 -0.9563 -0.2304
vn 0.8769 0.0901 -0.4721
vn 0.8177 0.5755 0.0124
vn 0.8956 -0.2856 0.3410
vn -0.1824 0.7369 0.6509
vn -0.1926 0.7348 0.6503
vn -0.1186 0.2334 -0.9651
vn -0.6343 0.0928 -0.7675
vn -0.1173 0.2390 -0.9639
vn -0.1295 0.4907 -0.8616
vn -0.3849 0.1727 -0.9066
vn -0.4033 0.1834 -0.8965
vn -0.1112 0.7039 0.7015
vn 0.0900 0.4351 0.8959
vn 0.0166 0.9155 0.4019
vn -0.8549 0.4050 -0.3242
vn -0.8941 -0.2766 -0.3524
vn -0.8985 -0.4383 -0.0239
vn -0.8243 -0.3791 0.4204
vn 0.2983 0.2767 -0.9135
vn -0.4486 -0.2362 -0.8619
vn -0.2358 0.2370 -0.9425
vn -0.2275 0.2387 -0.9441
vn -0.0997 0.6473 0.7557
vn 0.1882 0.4420 0.8771
vn 0.0102 0.8829 0.4694
vn -0.8899 0.3172 0.3278
vn -0.9059 -0.0188 -0.4231
vn -0.9249 -0.3456 0.1583
vn -0.8496 -0.2946 0.4374
vn 0.1750 -0.2993 0.9380
vn 0.1835 -0.3013 0.9357
vn 0.1172 -0.3493 0.9296
vn -0.1586 -0.0872 0.9835
vn -0.1405 -0.6038 0.7847
vn -0.9176 -0.2151 -0.3344
vn -0.8520 -0.5023 0.1473
vn -0.8713 0.3694 0.3230
vn 0.8318 0.4934 0.2545
vn 0.8817 -0.1004 0.4610
vn 0.9205 0.1663 -0.3535
vn 0.1703 -0.2189 -0.9608
vn 0.2147 -0.9615 -0.1713
vn 0.1665 -0.7218 -0.6718
vn 0.1728 -0.6492 -0.7408
vn 0.1748 -0.6507 -0.7390
vn 0.1708 -0.6502 -0.7404
vn -0.0122 -0.7711 0.6366
vn 0.0090 -0.3501 0.9367
vn -0.4777 -0.7401 0.4733
vn 0.6794 0.6810 0.2733
vn 0.2312 0.9682 -0.0955
vn -0.3276 0.7713 0.5458
vn 0.0115 -0.9510 -0.3089
vn 0.3863 -0.9188 0.0810
vn -0.3702 -0.9283 -0.0348
vn 0.9174 0.3514 -0.1866
vn 0.8470 0.4405 0.2976
vn 0.8579 -0.5117 0.0461
vn 0.1581 0.6786 0.7172
vn -0.3011 0.9533 0.0248
vn -0.6695 0.6129 0.4197
vn 0.3526 -0.8843 -0.3060
vn 0.5155 -0.8379 0.1794
vn -0.1435 -0.9795 -0.1413
vn -0.0805 0.3111 -0.9469
vn -0.0949 0.3242 -0.9412
vn -0.0926 0.3352 -0.9376
vn 0.3635 -0.8710 -0.3304
vn 0.4446 -0.8726 0.2021
vn -0.1121 -0.9871 -0.1144
vn 0.1229 0.8947 0.4295
vn -0.6381 0.7694 0.0287
vn -0.4788 0.5228 0.7053
vn -0.1655 0.3007 -0.9393
vn -0.1620 0.3051 -0.9384
vn -0.1665 0.2953 -0.9408
vn -0.2421 -0.7516 0.6136
vn 0.2645 -0.6286 0.7314
vn -0.6657 -0.6104 0.4293
vn 0.1031 -0.7286 -0.6771
vn 0.1031 -0.7160 -0.6904
vn 0.1124 -0.7199 -0.6849
vn 0.2581 -0.9513 0.1687
vn -0.2198 -0.9749 0.0362
vn 0.1463 -0.9374 -0.3161
vn 0.1620 -0.9262 -0.3404
vn 0.9499 -0.2916 -0.1123
vn 0.8933 0.4325 -0.1223
vn 0.8136 0.3479 0.4659
vn 0.1750 0.9531 -0.2471
vn 0.7678 0.5396 -0.3455
vn 0.0693 0.4855 -0.8715
vn 0.1499 -0.8954 -0.4194
vn 0.4038 -0.6637 -0.6296
vn 0.7551 -0.6262 -0.1943
vn -0.8959 0.3372 0.2892
vn -0.8884 -0.1280 -0.4409
vn -0.9115 -0.4029 0.0830
vn -0.8926 0.1519 0.4244
vn -0.1669 -0.7417 0.6496
vn 0.3193 -0.5429 0.7767
vn -0.6038 -0.6362 0.4803
vn 0.0664 -0.9649 -0.2540
vn 0.2290 -0.6890 -0.6877
vn 0.2393 -0.6964 -0.6766
vn 0.6754 -0.6083 -0.4170
vn -0.9190 -0.3129 -0.2399
vn -0.8527 -0.4636 0.2408
vn -0.8759 0.2462 0.4149
vn 0.9080 -0.2105 -0.3621
vn 0.8236 0.5622 0.0751
vn 0.8872 -0.3274 0.3250
vn 0.8660 0.4844 -0.1240
vn 0.8498 -0.0346 0.5260
vn 0.9292 -0.2960 -0.2212
vn -0.5419 0.8213 -0.1782
vn 0.1495 0.9434 -0.2962
vn -0.2193 0.3717 -0.9021
vn -0.0273 0.1637 -0.9861
vn -0.5823 -0.2394 -0.7769
vn -0.3874 0.2848 -0.8768
vn -0.2056 0.3212 -0.9244
vn 0.3374 0.3897 -0.8569
vn -0.4044 -0.1477 -0.9026
vn -0.1066 0.8308 -0.5463
vn 0.7418 0.6369 -0.2101
vn 0.4710 0.3769 -0.7976
vn 0.1210 0.6727 0.7300
vn -0.2128 0.5407 0.8138
vn -0.1911 0.5223 0.8311
vn -0.3447 0.8812 0.3236
vn -0.3667 0.6717 0.6437
vn 0.3769 0.6095 0.6975
vn 0.2543 0.9669 0.0197
vn 0.1125 0.4190 0.9010
vn -0.1751 0.5975 0.7825
vn -0.1928 0.5807 0.7910
vn -0.0975 0.8947 -0.4359
vn 0.7308 0.6825 -0.0122
vn 0.6203 0.2701 -0.7364
vn 0.0064 -0.9213 -0.3887
vn 0.4818 -0.8397 -0.2505
vn -0.4180 -0.8971 -0.1433
vn -0.1129 0.5652 0.8172
vn -0.2301 0.9727 0.0294
vn -0.7117 0.5623 0.4211
vn 0.9175 0.3665 -0.1544
vn 0.8467 0.4201 0.3264
vn 0.8576 -0.5144 -0.0032
vn -0.0131 -0.7966 0.6043
vn 0.2994 -0.4848 0.8218
vn -0.4968 -0.6409 0.5852
vn 0.9165 -0.4000 0.0087
vn 0.9327 -0.1884 -0.3074
vn 0.8378 0.4171 0.3523
vn 0.8451 0.0955 0.5259
vn 0.3694 -0.8361 -0.4055
vn 0.7450 -0.6598 -0.0978
vn -0.0609 -0.9938 -0.0928
vn -0.0127 0.7032 0.7109
vn -0.2843 0.9584 0.0252
vn -0.7541 0.4633 0.4654
vn -0.8536 0.3404 0.3943
vn -0.9271 -0.0344 -0.3732
vn -0.8803 -0.4606 -0.1134
vn -0.6099 0.6433 -0.4629
vn 0.2624 0.9574 -0.1203
vn -0.1164 0.5772 -0.8083
vn -0.2414 0.6381 0.7312
vn -0.3815 0.5519 0.7415
vn -0.3929 0.5700 0.7217
vn -0.5007 0.0666 0.8631
vn -0.3240 -0.4030 0.8559
vn -0.3309 -0.7872 0.5204
vn -0.2891 -0.8052 0.5177
vn 0.1371 -0.6356 0.7597
vn -0.8953 -0.4129 -0.1673
vn -0.8770 -0.4611 0.1348
vn -0.8296 -0.0325 0.5574
vn -0.9448 0.2654 -0.1919
vn 0.1644 -0.5923 -0.7887
vn 0.1663 -0.5975 -0.7844
vn 0.1559 -0.5890 -0.7929
vn 0.1631 0.0273 -0.9862
vn 0.2082 -0.8890 -0.4079
vn 0.1599 -0.5227 -0.8374
vn 0.2650 -0.9609 0.0796
vn -0.2577 -0.9597 -0.1122
vn 0.1565 -0.9023 -0.4016
vn 0.1671 -0.8955 -0.4124
vn 0.9080 -0.1793 -0.3786
vn 0.8253 0.5498 0.1292
vn 0.8850 -0.3722 0.2796
vn 0.2302 -0.2552 -0.9391
vn 0.4038 -0.5498 -0.7312
vn 0.3857 -0.5741 -0.7223
vn -0.6487 0.1080 -0.7534
vn -0.1578 0.3946 -0.9052
vn -0.1972 -0.1879 -0.9622
vn -0.3824 -0.7728 0.5065
vn 0.1335 -0.7388 0.6605
vn -0.4079 -0.3227 0.8541
vn -0.1243 -0.4623 0.8780
vn 0.5289 -0.3398 0.7777
vn 0.1800 -0.3605 0.9152
vn 0.7653 -0.6067 -0.2149
vn 0.3236 -0.9446 0.0548
vn 0.0689 -0.6879 -0.7225
vn 0.3712 -0.7908 -0.4867
vn -0.3553 0.5736 0.7381
vn -0.3654 0.5856 0.7236
vn -0.3688 0.5891 0.7190
vn -0.1843 0.4034 -0.8963
vn 0.3307 0.4922 -0.8052
vn -0.4106 -0.0557 -0.9101
vn 0.3774 -0.8382 -0.3938
vn 0.7496 -0.6609 0.0353
vn -0.1431 -0.9385 -0.3141
vn 0.5463 -0.8372 0.0253
vn 0.3471 -0.9356 0.0648
vn 0.0331 -0.7158 -0.6975
vn 0.3416 -0.8163 -0.4658
vn -0.0870 -0.9943 0.0609
vn 0.1848 -0.8634 0.4694
vn -0.7689 -0.5431 0.3374
vn 0.3608 -0.4554 0.8139
vn 0.3633 -0.4491 0.8163
vn 0.0991 -0.5108 0.8540
vn 0.0846 -0.5002 0.8618
vn 0.0662 -0.5202 0.8515
vn 0.8157 -0.5783 -0.0135
vn 0.9052 -0.0047 -0.4249
vn 0.8528 0.4337 0.2908
vn -0.1317 -0.6428 0.7546
vn 0.1920 -0.4588 0.8676
vn 0.1743 -0.4483 0.8767
vn -0.1056 0.9556 -0.2751
vn 0.7144 0.6904 0.1143
vn 0.6118 0.3987 -0.6832
vn 0.1059 -0.5339 -0.8389
vn 0.0997 -0.5140 -0.8520
vn 0.1128 -0.5193 -0.8471
vn -0.6614 0.6930 0.2870
vn -0.6604 0.4900 0.5690
vn -0.3972 0.4498 0.7999
vn -0.0158 0.9841 0.1770
vn -0.2288 0.4838 0.8447
vn -0.1184 0.4189 0.9003
vn 0.0820 0.0890 0.9927
vn 0.0018 0.7077 0.7065
vn -0.9022 -0.0839 -0.4231
vn -0.8612 -0.4566 0.2233
vn -0.8710 0.2110 0.4436
vn 0.6894 0.5828 0.4302
vn 0.2285 0.9724 0.0465
vn -0.2747 0.6684 0.6912
vn 0.0062 -0.8847 -0.4661
vn 0.3658 -0.9275 -0.0770
vn -0.3849 -0.9039 -0.1866
vn -0.3693 -0.8174 0.4421
vn 0.1541 -0.7893 0.5944
vn -0.4699 -0.4043 0.7847
vn -0.2247 0.8689 -0.4411
vn 0.6313 0.7755 0.0092
vn 0.0786 0.7220 -0.6874
vn 0.9162 -0.3993 -0.0327
vn 0.9297 -0.1650 -0.3292
vn 0.8403 0.3784 0.3882
vn 0.8498 -0.1461 0.5065
vn 0.3702 -0.4362 -0.8202
vn 0.3835 -0.4326 -0.8160
vn 0.2537 -0.8369 -0.4851
vn -0.1970 0.4629 -0.8643
vn -0.1746 0.4611 -0.8700
vn -0.4612 0.1463 -0.8752
vn -0.4435 0.7479 -0.4940
vn -0.0926 0.5056 -0.8578
vn -0.8674 0.3247 0.3772
vn -0.9194 -0.1530 -0.3624
vn -0.8522 -0.4876 0.1896
vn 0.3930 0.6046 0.6929
vn -0.2302 0.9552 0.1862
vn -0.5528 0.5830 0.5954
vn -0.2302 0.4442 -0.8658
vn -0.2294 0.4453 -0.8655
vn -0.2296 0.4411 -0.8676
vn -0.8911 -0.1008 -0.4424
vn -0.8539 -0.4141 0.3152
vn -0.8913 0.1982 0.4078
vn -0.1335 -0.8855 0.4450
vn 0.1480 -0.6102 0.7783
vn -0.5955 -0.7490 0.2904
vn 0.0325 0.6004 -0.7990
vn -0.2322 0.5878 -0.7750
vn -0.5953 0.7236 -0.3492
vn 0.2002 0.9777 -0.0633
vn 0.7709 -0.4318 -0.4681
vn 0.0825 -0.8711 -0.4841
vn 0.3468 -0.4858 -0.8023
vn 0.3544 -0.4831 -0.8006
vn -0.5202 0.7682 -0.3733
vn 0.3283 0.9431 0.0519
vn 0.0894 0.7215 -0.6866
vn 0.1703 -0.4466 -0.8784
vn 0.1712 -0.4492 -0.8769
vn 0.1678 -0.4454 -0.8795
vn 0.0006 -0.8992 0.4374
vn 0.3686 -0.6302 0.6834
vn -0.4658 -0.8006 0.3769
vn 0.3415 -0.9398 -0.0104
vn -0.2456 -0.9545 -0.1689
vn 0.1609 -0.8700 -0.4661
vn 0.1655 -0.8627 -0.4779
vn -0.9519 0.2394 -0.1910
vn -0.8667 -0.4867 0.1090
vn -0.8711 0.1626 0.4635
vn 0.8916 0.2064 -0.4029
vn 0.8261 0.5333 0.1822
vn 0.8812 -0.4010 0.2504
vn -0.6716 0.7202 0.1738
vn -0.6218 0.3952 0.6762
vn -0.0658 0.5707 0.8185
vn 0.1124 0.8855 0.4508
vn -0.1199 0.4675 -0.8758
vn -0.6356 0.2796 -0.7197
vn -0.1175 0.4727 -0.8734
vn -0.4214 0.4148 -0.8065
vn -0.4173 0.4193 -0.8063
vn -0.0323 0.5792 -0.8145
vn -0.2424 0.0882 -0.9661
vn -0.2022 -0.8877 0.4136
vn 0.2060 -0.6855 0.6983
vn -0.6246 -0.7281 0.2823
vn -0.0035 0.9939 0.1099
vn 0.7728 0.6338 -0.0341
vn 0.0843 0.8535 -0.5143
vn 0.3000 0.2603 -0.9177
vn 0.5632 -0.4109 -0.7169
vn 0.0951 -0.2720 -0.9576
vn 0.0937 -0.2712 -0.9580
vn 0.8574 -0.2144 0.4679
vn 0.9587 -0.2249 -0.1743
vn 0.8916 0.4189 -0.1718
vn 0.8692 0.4621 0.1760
vn 0.2232 -0.3588 -0.9063
vn 0.2234 -0.3658 -0.9035
vn 0.2175 -0.3547 -0.9093
vn -0.1421 -0.7742 -0.6168
vn -0.0287 0.0153 -0.9995
vn 0.1313 -0.4404 -0.8882
vn 0.2170 -0.5105 0.8320
vn 0.0905 -0.5822 0.8080
vn 0.0781 -0.5786 0.8119
vn 0.0677 -0.5865 0.8071
vn 0.2178 -0.5298 0.8197
vn 0.2067 -0.5317 0.8213
vn 0.1972 -0.5427 0.8165
vn 0.6669 -0.6471 -0.3694
vn -0.1373 -0.9618 -0.2369
vn 0.2130 -0.8039 -0.5554
vn 0.2289 -0.7905 -0.5681
vn -0.4982 -0.7519 0.4318
vn -0.4086 -0.9082 0.0906
vn 0.0032 -0.9191 0.3941
vn -0.0714 -0.6242 0.7780
vn -0.9146 -0.0095 -0.4042
vn -0.8479 -0.5184 0.1109
vn -0.8634 0.3095 0.3984
vn -0.0144 -0.8463 -0.5326
vn 0.3375 -0.9275 -0.1608
vn -0.3586 -0.9131 -0.1941
vn -0.1903 0.3862 0.9026
vn -0.1757 0.3817 0.9074
vn -0.1808 0.3903 0.9028
vn 0.2278 0.6723 0.7044
vn -0.5788 0.7581 0.3004
vn -0.6498 0.4049 0.6433
vn 0.9157 0.3918 -0.0898
vn 0.8475 0.3387 0.4087
vn 0.8578 -0.5072 -0.0829
vn -0.2202 0.2929 0.9304
vn -0.0906 -0.9953 -0.0345
vn 0.1941 -0.9291 0.3149
vn -0.7553 -0.5778 0.3092
vn -0.8817 0.1809 0.4357
vn -0.9181 -0.2429 -0.3133
vn -0.8245 -0.4095 0.3906
vn 0.1204 0.7467 0.6541
vn -0.6409 0.7354 0.2201
vn -0.4824 0.3212 0.8149
vn -0.8591 0.2296 0.4573
vn -0.9193 0.3778 -0.1106
vn -0.8711 -0.4736 -0.1295
vn -0.1837 0.5472 -0.8166
vn -0.1782 0.5482 -0.8171
vn -0.1844 0.5460 -0.8172
vn -0.5301 0.8168 -0.2276
vn 0.3144 0.9198 0.2346
vn 0.0990 0.8410 -0.5319
vn 0.1762 -0.2704 -0.9465
vn 0.1775 -0.2721 -0.9457
vn 0.1749 -0.2712 -0.9465
vn -0.5563 0.8145 0.1649
vn 0.1447 0.9853 0.0913
vn -0.2419 0.6948 -0.6773
vn 0.7606 -0.6447 -0.0761
vn 0.2120 -0.9729 -0.0929
vn 0.3418 -0.7729 -0.5346
vn 0.7090 -0.3621 -0.6051
vn -0.4900 -0.8302 0.2659
vn -0.3959 -0.9176 -0.0356
vn 0.0081 -0.9598 0.2807
vn -0.0371 -0.6961 0.7170
vn 0.8888 0.2565 -0.3798
vn 0.8295 0.5090 0.2300
vn 0.8801 -0.4307 0.1997
vn 0.5345 0.6086 0.5865
vn -0.1295 0.9464 0.2959
vn -0.4618 0.5595 0.6882
vn 0.9167 -0.3878 -0.0961
vn 0.9257 -0.0968 -0.3656
vn 0.8423 0.2990 0.4486
vn 0.8492 -0.2305 0.4752
vn 0.5295 -0.3047 0.7917
vn 0.0883 -0.5293 0.8438
vn 0.1106 -0.5387 0.8352
vn 0.2000 0.4492 -0.8708
vn -0.3136 0.5408 -0.7805
vn -0.3117 0.5453 -0.7781
vn 0.9162 -0.3947 -0.0696
vn 0.9252 -0.1439 -0.3511
vn 0.8645 0.4807 0.1468
vn 0.8487 -0.2163 0.4826
vn -0.1030 0.2606 0.9599
vn 0.0980 -0.0798 0.9920
vn 0.0157 0.5780 0.8159
vn 0.3642 -0.5688 0.7375
vn 0.3242 -0.5790 0.7481
vn 0.0650 -0.8221 0.5657
vn 0.5535 -0.7090 0.4370
vn 0.2035 0.1667 -0.9648
vn -0.1282 0.5381 -0.8331
vn 0.2587 0.7502 -0.6086
vn 0.8210 -0.5627 -0.0963
vn 0.9055 0.0593 -0.4203
vn 0.8468 0.3755 0.3766
vn -0.8484 -0.5291 0.0144
vn -0.8648 0.2267 0.4479
vn -0.9119 0.0671 -0.4050
vn -0.8545 -0.5043 0.1244
vn -0.8579 0.1707 0.4847
vn -0.8955 0.3137 0.3157
vn -0.9206 -0.0174 -0.3902
vn 0.0018 -0.7914 -0.6113
vn 0.3417 -0.9139 -0.2191
vn -0.3843 -0.8591 -0.3381
vn -0.5255 0.8346 -0.1651
vn 0.3034 0.8984 0.3177
vn 0.1155 0.8794 -0.4619
vn -0.9139 0.0300 -0.4049
vn -0.8469 -0.5289 0.0561
vn -0.8656 0.2453 0.4365
vn -0.2328 0.3097 0.9219
vn -0.1311 0.9447 0.3007
vn -0.7159 0.4625 0.5230
vn -0.4558 0.2984 -0.8385
vn -0.4319 0.8282 -0.3570
vn -0.0763 0.6434 -0.7617
vn 0.3562 -0.7255 -0.5888
vn 0.3603 -0.9266 -0.1078
vn -0.1618 -0.8368 -0.5231
vn -0.3413 0.2050 0.9173
vn -0.3514 0.2037 0.9138
vn -0.3635 0.2015 0.9095
vn -0.2168 0.5830 -0.7830
vn -0.2081 0.5862 -0.7830
vn -0.2183 0.5794 -0.7853
vn 0.2063 -0.7290 -0.6527
vn 0.6544 -0.5135 -0.5551
vn -0.2003 -0.8991 -0.3891
vn -0.1982 0.9604 -0.1959
vn 0.3993 0.8247 0.4006
vn 0.4210 0.7814 -0.4607
vn -0.1661 -0.5608 -0.8111
vn 0.0474 0.3083 -0.9501
vn 0.1087 -0.1940 -0.9750
vn 0.1015 -0.1320 -0.9860
vn 0.0909 -0.1040 -0.9904
vn 0.1069 -0.1151 -0.9876
vn -0.2365 -0.9438 0.2308
vn 0.2676 -0.8792 0.3941
vn -0.6620 -0.7386 0.1274
vn -0.4785 -0.7062 0.5219
vn -0.2526 -0.9548 0.1567
vn -0.2236 -0.9617 0.1585
vn 0.0079 -0.7920 0.6105
vn -0.1044 0.9940 0.0315
vn 0.7465 0.6629 0.0578
vn 0.1241 0.8560 -0.5018
vn -0.6744 0.6799 0.2881
vn -0.4328 0.2547 0.8648
vn -0.0783 0.4266 0.9011
vn 0.1067 0.7922 0.6009
vn -0.8599 0.0574 0.5072
vn -0.9467 0.2806 -0.1581
vn -0.8732 -0.4853 0.0444
vn 0.5169 0.6435 0.5646
vn -0.2582 0.8919 0.3712
vn -0.4683 0.5235 0.7118
vn 0.1741 -0.1794 -0.9683
vn 0.5328 -0.4372 -0.7245
vn -0.2521 -0.4938 -0.8322
vn -0.3430 0.8383 -0.4238
vn -0.3792 0.5441 -0.7484
vn -0.3913 0.5507 -0.7373
vn -0.8447 -0.1965 0.4978
vn -0.8626 0.5058 -0.0064
vn -0.9029 -0.3804 -0.2002
vn 0.8634 0.4877 0.1289
vn 0.8459 0.0397 0.5318
vn 0.9278 -0.1464 -0.3431
vn -0.1934 0.6143 -0.7650
vn 0.3322 0.6763 -0.6574
vn -0.1987 0.1380 -0.9703
vn -0.0898 -0.9847 -0.1493
vn -0.3165 -0.7014 0.6386
vn -0.7784 -0.6174 0.1140
vn 0.0678 -0.0033 0.9977
vn -0.3097 0.1177 0.9435
vn -0.3373 0.1024 0.9358
vn 0.6030 0.7422 -0.2923
vn 0.3318 0.8292 -0.4499
vn -0.0863 0.9665 0.2416
vn 0.6060 0.6908 0.3944
vn 0.8932 0.4275 -0.1395
vn 0.8433 0.4753 0.2508
vn 0.8359 -0.4071 -0.3683
vn 0.1154 0.2161 -0.9695
vn -0.1307 0.6077 -0.7833
vn 0.2569 0.8131 -0.5223
vn -0.1844 0.1476 0.9717
vn -0.1946 0.1472 0.9698
vn -0.8702 0.0405 -0.4911
vn -0.8486 -0.5231 0.0785
vn -0.9115 0.0578 0.4073
vn 0.1763 -0.6554 0.7344
vn 0.1812 -0.6583 0.7307
vn 0.1816 -0.6557 0.7329
vn 0.0573 -0.8652 0.4982
vn 0.3354 -0.6611 0.6712
vn 0.3163 -0.6435 0.6970
vn 0.2202 -0.9392 -0.2634
vn -0.4120 -0.7990 -0.4380
vn 0.0106 -0.7456 -0.6663
vn 0.0301 -0.7302 -0.6825
vn -0.5131 -0.8076 0.2906
vn -0.2079 -0.9760 -0.0645
vn -0.1996 -0.9778 -0.0631
vn 0.1240 -0.9311 0.3432
vn 0.6655 0.6469 -0.3723
vn -0.0466 0.9571 -0.2861
vn -0.2151 0.9760 0.0350
vn 0.7131 0.6514 0.2590
vn 0.6941 0.4616 0.5524
vn 0.2289 0.9255 0.3018
vn -0.2758 0.4700 0.8384
vn 0.9522 -0.1633 -0.2584
vn 0.8869 0.4226 0.1867
vn 0.8195 -0.0184 0.5728
vn -0.8458 -0.5279 0.0773
vn -0.8497 -0.0929 0.5190
vn -0.8965 0.2711 0.3505
vn -0.9206 0.0073 -0.3905
vn -0.4501 0.2385 0.8605
vn -0.1008 0.9143 0.3923
vn -0.7473 0.3887 0.5390
vn 0.9148 0.4033 -0.0201
vn 0.8476 0.2738 0.4545
vn 0.8581 -0.4838 -0.1721
vn -0.2137 0.6468 -0.7321
vn -0.2110 0.6476 -0.7322
vn -0.0938 0.6735 -0.7332
vn -0.1150 0.6791 -0.7250
vn -0.1024 0.6909 -0.7157
vn 0.3604 -0.6606 -0.6585
vn 0.3815 -0.9056 -0.1854
vn -0.1185 -0.8516 -0.5106
vn 0.1044 0.6247 0.7739
vn -0.6441 0.6817 0.3470
vn -0.4884 0.1637 0.8571
vn 0.8860 -0.0695 0.4585
vn 0.8926 -0.3216 0.3160
vn 0.8997 0.0112 -0.4363
vn 0.9123 0.4084 0.0303
vn 0.4084 0.4404 0.7996
vn -0.2458 0.8643 0.4388
vn -0.5572 0.4144 0.7196
vn -0.4185 0.6089 -0.6738
vn -0.4154 0.6134 -0.6717
vn -0.0320 0.7734 -0.6331
vn -0.2298 0.3410 -0.9116
vn 0.1169 -0.0278 -0.9928
vn 0.1058 -0.0202 -0.9942
vn 0.6028 0.1750 -0.7785
vn -0.8542 -0.0212 -0.5194
vn -0.8482 -0.5207 0.0967
vn -0.9168 0.0940 0.3882
vn 0.9475 -0.1877 -0.2588
vn 0.8979 0.4398 -0.0206
vn 0.8627 0.3817 0.3318
vn 0.8310 -0.1165 0.5439
vn -0.1516 0.0162 0.9883
vn -0.1384 0.0100 0.9903
vn -0.1415 0.0188 0.9898
vn 0.6017 0.7040 -0.3772
vn 0.3242 0.7876 -0.5240
vn -0.1171 0.9897 0.0827
vn 0.6226 0.7195 0.3078
vn 0.3319 -0.0909 -0.9389
vn 0.3381 -0.0880 -0.9370
vn 0.7631 -0.1769 -0.6216
vn -0.3517 0.0684 0.9336
vn -0.3300 0.0751 0.9410
vn -0.3684 0.0881 0.9255
vn 0.9237 -0.1470 -0.3539
vn 0.9228 0.2821 -0.2623
vn 0.8476 0.3068 0.4329
vn 0.8511 -0.3592 0.3828
vn -0.9185 -0.1933 -0.3449
vn -0.8144 -0.5090 0.2785
vn -0.8891 0.1162 0.4427
vn 0.2181 -0.6824 -0.6977
vn 0.3262 -0.9144 -0.2397
vn -0.2422 -0.8285 -0.5049
vn -0.0860 -0.9130 -0.3988
vn 0.1695 -0.9851 -0.0305
vn -0.7845 -0.6184 -0.0466
vn -0.0257 -0.9975 -0.0659
vn 0.2760 -0.9068 0.3185
vn -0.4993 -0.8613 0.0936
vn -0.0938 -0.1775 0.9796
vn 0.0899 -0.4856 0.8696
vn 0.0194 0.1909 0.9814
vn -0.0946 0.4375 0.8942
vn -0.1049 0.0169 0.9943
vn -0.0787 0.0196 0.9967
vn 0.9281 0.0645 -0.3668
vn 0.8655 0.3866 0.3184
vn 0.8663 -0.4955 0.0636
vn 0.0983 -0.7411 0.6642
vn 0.0964 -0.7412 0.6644
vn 0.2201 0.1422 -0.9651
vn 0.6760 -0.0036 -0.7369
vn 0.0633 -0.3647 -0.9290
vn 0.3684 -0.6819 0.6318
vn 0.3737 -0.6733 0.6380
vn 0.3633 -0.6771 0.6400
vn 0.1076 -0.9259 0.3622
vn 0.1743 -0.7261 0.6652
vn 0.1709 -0.7275 0.6645
vn 0.8255 -0.5500 -0.1263
vn 0.9048 0.1445 -0.4006
vn 0.8543 0.3095 0.4176
vn -0.1458 -0.8561 0.4957
vn 0.1931 -0.7339 0.6512
vn 0.1736 -0.7256 0.6659
vn 0.6770 -0.5700 0.4655
vn 0.2939 -0.6920 0.6594
vn 0.0491 -0.8939 0.4456
vn 0.1159 -0.3579 -0.9265
vn 0.7489 -0.5385 -0.3861
vn 0.3318 -0.9074 -0.2581
vn 0.3236 -0.8730 -0.3649
vn -0.2316 -0.9031 -0.3617
vn -0.0149 -0.6984 -0.7156
vn 0.0248 -0.2402 -0.9704
vn -0.2526 -0.9628 -0.0957
vn 0.2553 -0.9635 0.0810
vn -0.6721 -0.7301 -0.1231
vn 0.0982 -0.1329 -0.9862
vn 0.4179 0.1072 -0.9022
vn 0.8175 -0.1396 -0.5587
vn 0.4585 -0.8529 -0.2495
vn -0.1190 -0.8033 -0.5836
vn 0.3568 -0.6099 -0.7076
vn 0.3582 -0.6058 -0.7104
vn -0.2402 0.1658 0.9565
vn -0.2280 0.8739 0.4293
vn -0.6840 0.2125 0.6978
vn 0.3691 0.0268 -0.9290
vn 0.3719 0.0265 -0.9279
vn 0.4729 -0.4733 -0.7432
vn 0.2231 0.1431 -0.9642
vn 0.2256 0.1392 -0.9642
vn 0.2208 0.1451 -0.9645
vn -0.5566 0.6818 0.4748
vn 0.1714 0.8313 0.5288
vn -0.2065 0.9355 -0.2868
vn -0.4695 0.4196 -0.7768
vn -0.4396 0.8796 -0.1817
vn -0.0718 0.7660 -0.6388
vn -0.8645 0.0847 -0.4955
vn -0.8429 -0.5373 0.0277
vn -0.9232 -0.0005 0.3844
vn -0.1010 0.7304 -0.6755
vn -0.1357 0.7333 -0.6662
vn -0.1114 0.7527 -0.6489
vn -0.9196 0.0411 -0.3907
vn -0.8495 -0.5275 0.0086
vn -0.8557 0.0236 0.5170
vn -0.8926 0.2479 0.3767
vn -0.8134 -0.4443 0.3755
vn -0.8174 -0.2859 0.5001
vn -0.9515 0.3055 -0.0368
vn -0.8871 -0.3220 -0.3307
vn -0.2301 0.7130 -0.6623
vn -0.2242 0.7148 -0.6624
vn -0.2334 0.7090 -0.6654
vn 0.1787 -0.6627 -0.7272
vn 0.2434 -0.9184 -0.3118
vn -0.2658 -0.8195 -0.5077
vn -0.3706 0.9220 0.1123
vn 0.5574 0.6949 0.4543
vn 0.1110 0.9779 -0.1771
vn -0.8215 -0.3982 0.4080
vn -0.8586 0.4574 0.2316
vn -0.9077 -0.0861 -0.4107
vn 0.2168 -0.3160 -0.9237
vn 0.0845 0.1777 -0.9804
vn 0.2215 0.6553 -0.7222
vn -0.3603 0.7660 0.5324
vn -0.4808 0.4204 0.7695
vn 0.3048 0.2469 0.9199
vn 0.0364 0.8971 0.4403
vn 0.8836 0.3557 -0.3045
vn 0.8240 0.4464 0.3489
vn 0.8870 -0.4541 0.0843
vn -0.6829 0.6106 0.4009
vn -0.4385 0.0960 0.8936
vn -0.0884 0.2499 0.9642
vn 0.1199 0.6751 0.7280
vn -0.5739 -0.7980 0.1840
vn -0.2257 -0.9613 -0.1579
vn -0.2005 -0.9629 -0.1807
vn 0.2026 -0.9735 0.1057
vn -0.3317 0.8967 -0.2931
vn -0.3850 0.6671 -0.6378
vn -0.3984 0.6687 -0.6277
vn -0.5505 0.8037 -0.2260
vn -0.1538 0.7361 -0.6591
vn -0.3180 0.2395 -0.9174
vn 0.6104 0.7743 -0.1668
vn 0.3328 0.8911 -0.3086
vn -0.0881 0.9233 0.3739
vn 0.6227 0.5997 0.5026
vn 0.0518 -0.4442 -0.8944
vn 0.2195 0.0591 -0.9738
vn 0.2196 0.0601 -0.9737
vn 0.6748 -0.0906 -0.7324
vn -0.1678 -0.2453 0.9548
vn -0.1833 -0.2131 0.9597
vn -0.5161 -0.4129 0.7504
vn -0.1179 -0.3386 0.9335
vn 0.0820 -0.6375 0.7660
vn 0.0028 0.0026 1.0000
vn 0.9612 -0.1076 -0.2539
vn 0.8861 0.3848 0.2586
vn 0.8234 -0.1878 0.5355
vn 0.0845 -0.7570 0.6479
vn -0.1294 -0.4868 0.8639
vn -0.0290 -0.9420 0.3343
vn 0.7016 0.6399 -0.3136
vn 0.0229 0.9959 -0.0874
vn 0.1280 0.8388 0.5292
vn 0.7501 0.5286 0.3975
vn -0.3621 -0.8713 -0.3313
vn 0.1534 -0.9594 -0.2365
vn -0.7798 -0.6067 -0.1541
vn -0.0224 -0.9514 -0.3070
vn 0.2894 -0.9555 0.0573
vn -0.5146 -0.8422 -0.1610
vn -0.0931 -0.8401 -0.5343
vn 0.2002 -0.9614 -0.1889
vn -0.7497 -0.6608 -0.0352
vn 0.3649 -0.7620 0.5349
vn 0.3778 -0.7462 0.5482
vn 0.3716 -0.7482 0.5497
vn 0.1292 -0.2211 -0.9667
vn 0.7398 -0.5071 -0.4423
vn 0.3403 -0.8611 -0.3778
vn 0.1655 0.3007 -0.9393
vn 0.1671 0.2954 -0.9406
vn 0.1608 0.3039 -0.9391
vn -0.3498 -0.8850 -0.3074
vn 0.0878 -0.9957 -0.0283
vn -0.7431 -0.6659 -0.0666
vn -0.9073 -0.1566 -0.3902
vn -0.8764 -0.3812 -0.2944
vn -0.8464 -0.1109 0.5209
vn -0.9168 0.3666 0.1587
vn 0.6844 0.3425 0.6436
vn 0.2192 0.8601 0.4606
vn -0.2819 0.3087 0.9084
vn 0.0221 -0.6030 -0.7974
vn 0.5024 -0.4937 -0.7099
vn -0.1772 -0.8767 -0.4472
vn 0.9163 0.3977 0.0471
vn 0.8477 0.1993 0.4916
vn 0.8583 -0.4405 -0.2633
vn -0.0179 0.8305 0.5568
vn 0.7856 0.5559 0.2716
vn 0.0990 0.9950 -0.0153
vn -0.9501 0.3103 0.0302
vn -0.8680 -0.4865 -0.0994
vn -0.8320 -0.2321 0.5038
vn 0.3647 -0.5465 -0.7538
vn 0.4759 -0.8219 -0.3132
vn -0.1535 -0.6693 -0.7269
vn 0.1060 0.4770 0.8725
vn -0.6458 0.6143 0.4534
vn -0.4907 0.0159 0.8712
vn -0.8177 -0.4423 0.3685
vn -0.8588 0.4316 0.2760
vn -0.9082 -0.0546 -0.4149
vn 0.3166 0.1677 0.9336
vn -0.1556 0.7646 0.6254
vn -0.6074 0.2182 0.7638
vn -0.5244 0.6367 0.5654
vn 0.1808 0.7792 0.6001
vn -0.2068 0.9565 -0.2056
vn 0.8218 0.4198 0.3852
vn 0.8869 -0.4578 0.0614
vn 0.8847 0.3599 -0.2962
vn 0.8965 0.4398 -0.0534
vn -0.6583 -0.7475 0.0888
vn -0.3870 -0.8727 -0.2977
vn -0.3268 -0.8907 -0.3159
vn 0.1091 -0.9934 -0.0358
vn -0.4387 -0.8968 0.0572
vn -0.0491 -0.9752 -0.2157
vn -0.0246 -0.9772 -0.2109
vn 0.2650 -0.9465 0.1844
vn 0.1186 0.2334 -0.9651
vn 0.1137 0.2366 -0.9649
vn 0.6066 0.3693 -0.7040
vn 0.3004 0.7953 -0.5266
vn -0.4325 0.3705 -0.8220
vn -0.2334 0.7879 -0.5699
vn -0.2228 0.7912 -0.5695
vn 0.1759 -0.5635 -0.8072
vn 0.5860 -0.6366 -0.5014
vn -0.2431 -0.7597 -0.6032
vn -0.1196 0.5683 -0.8141
vn -0.5406 0.2087 -0.8150
vn -0.4071 0.7312 -0.5473
vn -0.6530 0.4643 -0.5984
vn -0.1533 0.7910 -0.5923
vn -0.2054 0.3057 -0.9297
vn 0.3004 0.5427 -0.7844
vn -0.1301 0.7892 -0.6002
vn 0.1580 0.9556 -0.2489
vn -0.9143 0.2287 -0.3342
vn -0.8475 -0.4875 -0.2098
vn -0.8640 0.0087 0.5034
vn 0.0391 -0.2570 -0.9656
vn 0.2313 0.2410 -0.9426
vn 0.2285 0.2428 -0.9428
vn 0.6809 0.0631 -0.7297
vn -0.1022 -0.2532 0.9620
vn 0.0985 -0.5643 0.8197
vn 0.0163 0.0937 0.9955
vn -0.3586 -0.4545 0.8154
vn -0.3633 -0.4491 0.8163
vn 0.1706 -0.8456 0.5058
vn 0.6001 -0.6719 0.4342
vn 0.1783 -0.8344 0.5215
vn -0.5098 -0.8599 0.0278
vn -0.3713 -0.7908 -0.4866
vn -0.0287 -0.7263 -0.6867
vn 0.1838 -0.8805 -0.4369
vn 0.1053 -0.8425 0.5284
vn 0.1025 -0.8427 0.5285
vn 0.1095 -0.8435 0.5259
vn 0.2252 -0.8018 0.5535
vn 0.2263 -0.8006 0.5548
vn 0.2230 -0.8017 0.5545
vn 0.1080 -0.8667 0.4869
vn 0.0820 -0.8603 0.5032
vn 0.0631 -0.8721 0.4853
vn -0.9143 0.2553 -0.3146
vn -0.8473 -0.4678 -0.2516
vn -0.8643 -0.0411 0.5013
vn 0.1953 0.9781 0.0715
vn -0.2156 0.9765 0.0001
vn -0.5656 0.7304 0.3829
vn 0.0455 0.5937 0.8034
vn -0.0078 -0.5360 -0.8442
vn 0.2849 -0.7973 -0.5321
vn -0.3794 -0.7328 -0.5648
vn -0.8851 0.1475 -0.4414
vn -0.8510 -0.5223 -0.0559
vn -0.8557 0.4178 0.3054
vn -0.5022 0.0571 0.8629
vn -0.0624 0.7984 0.5988
vn -0.7119 0.1807 0.6787
vn 0.8581 -0.4205 -0.2948
vn 0.9155 0.3936 0.0840
vn 0.8470 0.1622 0.5063
vn -0.3717 -0.8357 -0.4043
vn 0.1388 -0.9596 -0.2449
vn -0.5387 -0.8359 0.1053
vn 0.8598 0.3938 0.3251
vn 0.8476 -0.2258 0.4802
vn 0.9241 -0.1170 -0.3639
vn 0.4592 0.8857 0.0692
vn -0.0993 0.9395 0.3277
vn -0.2272 0.8639 0.4494
vn 0.3724 0.4559 0.8084
vn -0.8809 -0.0161 0.4731
vn -0.9187 -0.0871 -0.3852
vn -0.8258 -0.5324 0.1861
vn -0.8861 0.1889 -0.4234
vn -0.8513 -0.5170 -0.0899
vn -0.8563 0.3863 0.3429
vn 0.3555 -0.4803 -0.8018
vn 0.7522 -0.4738 -0.4579
vn -0.1179 -0.7030 -0.7013
vn -0.8629 -0.0003 0.5054
vn -0.9190 0.3909 0.0521
vn -0.8647 -0.4051 -0.2969
vn -0.2145 0.8129 -0.5414
vn -0.2053 0.8213 -0.5322
vn -0.2217 0.8050 -0.5503
vn 0.1927 -0.4143 -0.8895
vn 0.6652 -0.3302 -0.6696
vn -0.0955 -0.7419 -0.6637
vn -0.7599 -0.6137 -0.2142
vn -0.3394 -0.8162 -0.4676
vn 0.0022 -0.7521 -0.6590
vn 0.1946 -0.8947 -0.4022
vn -0.2288 0.8996 0.3720
vn 0.6543 0.5143 0.5544
vn 0.0135 0.9908 0.1348
vn -0.8228 -0.5109 0.2488
vn -0.8585 0.3500 0.3747
vn -0.9030 0.0641 -0.4249
vn 0.8276 0.3701 0.4220
vn 0.8845 -0.4666 -0.0001
vn 0.9269 -0.0964 -0.3628
vn 0.8960 0.4425 -0.0361
vn -0.6752 0.5430 0.4992
vn -0.4623 -0.0501 0.8853
vn -0.0890 0.0945 0.9915
vn 0.1145 0.5500 0.8273
vn 0.5075 0.3270 0.7972
vn -0.1868 0.6864 0.7028
vn -0.4042 0.0363 0.9139
vn -0.5302 0.8464 -0.0498
vn -0.1561 0.8460 -0.5098
vn -0.3276 0.4065 -0.8529
vn -0.0851 0.8396 -0.5364
vn -0.5554 0.7737 -0.3047
vn 0.3788 0.8842 -0.2732
vn -0.1000 -0.5013 0.8595
vn -0.0784 -0.5266 0.8465
vn -0.0804 -0.5024 0.8609
vn -0.0739 0.2366 -0.9688
vn 0.3108 0.5454 -0.7784
vn 0.3151 0.5430 -0.7784
vn 0.1834 0.4035 -0.8964
vn 0.6015 0.1343 -0.7875
vn -0.1457 -0.0109 -0.9893
vn -0.6110 -0.6868 -0.3937
vn -0.1835 -0.8973 -0.4015
vn -0.1638 -0.8974 -0.4097
vn 0.0318 -0.9971 0.0684
vn 0.1351 0.8350 -0.5335
vn 0.3047 -0.1732 -0.9366
vn 0.1573 0.3942 -0.9054
vn -0.5640 0.4840 0.6691
vn 0.1760 0.6016 0.7792
vn -0.2063 0.9774 0.0459
vn 0.1683 -0.8808 0.4425
vn 0.5856 -0.7288 0.3550
vn 0.1800 -0.8675 0.4637
vn -0.2410 0.8227 0.5148
vn 0.3613 0.3384 0.8689
vn 0.4067 0.8881 0.2141
vn -0.9110 -0.1520 -0.3834
vn -0.8529 -0.5120 -0.1018
vn -0.8540 0.3527 0.3825
vn 0.1155 -0.9051 0.4093
vn -0.1578 -0.7564 0.6348
vn -0.1439 -0.9813 0.1282
vn 0.2312 -0.8555 0.4634
vn 0.2283 -0.8526 0.4700
vn 0.2227 -0.8530 0.4720
vn 0.1243 -0.0990 -0.9873
vn 0.7444 -0.4372 -0.5048
vn 0.3402 -0.8070 -0.4827
vn 0.2659 -0.7827 -0.5627
vn -0.3823 -0.6209 -0.6843
vn 0.0182 -0.4733 -0.8807
vn 0.0460 -0.4635 -0.8849
vn -0.0753 0.0976 -0.9924
vn -0.0451 0.8600 -0.5083
vn 0.1275 0.5450 -0.8287
vn 0.6613 0.2175 0.7179
vn 0.2198 0.7629 0.6080
vn -0.2790 0.1085 0.9542
vn 0.6043 0.7881 0.1173
vn 0.3314 0.9435 0.0073
vn -0.0716 0.7122 0.6983
vn 0.6300 0.3964 0.6678
vn -0.2174 -0.5330 0.8177
vn -0.1974 -0.5428 0.8163
vn -0.2067 -0.5317 0.8213
vn 0.8575 -0.3914 -0.3340
vn 0.9160 0.3826 0.1209
vn 0.8473 0.0983 0.5219
vn -0.5313 0.7063 0.4678
vn 0.2866 0.4096 0.8661
vn 0.1156 0.9494 0.2919
vn -0.7136 0.3882 0.5832
vn -0.4890 -0.1442 0.8603
vn -0.0144 0.0878 0.9960
vn -0.1457 0.6946 0.7045
vn -0.1230 0.7580 0.6405
vn 0.7390 0.3801 0.5562
vn 0.4633 0.8722 0.1566
vn 0.8668 0.3194 0.3829
vn 0.8527 -0.4901 0.1808
vn 0.9272 0.0772 -0.3666
vn 0.3717 -0.3940 -0.8406
vn 0.4002 -0.7854 -0.4723
vn -0.1153 -0.6171 -0.7784
vn 0.8815 -0.2183 0.4186
vn 0.8915 -0.3885 0.2329
vn 0.9050 0.1528 -0.3970
vn 0.9098 0.3721 0.1839
vn -0.8721 0.0918 0.4807
vn -0.9241 0.2169 -0.3147
vn -0.8488 -0.5153 -0.1188
vn 0.3534 0.0369 0.9347
vn -0.1860 0.6320 0.7523
vn -0.5969 0.0549 0.8005
vn -0.6117 -0.6561 -0.4419
vn -0.1844 -0.8647 -0.4673
vn -0.1660 -0.8656 -0.4725
vn -0.0191 -0.9997 0.0124
vn -0.4317 0.8020 0.4128
vn 0.2935 0.4322 0.8527
vn 0.1992 0.9635 0.1788
vn -0.8172 -0.5638 0.1199
vn -0.8674 -0.1358 0.4786
vn -0.9516 0.3051 0.0359
vn -0.8808 -0.2236 -0.4173
vn 0.8829 0.1851 0.4314
vn 0.8673 -0.4861 0.1076
vn 0.9478 0.0223 -0.3180
vn 0.2596 -0.7985 -0.5431
vn -0.2239 -0.7027 -0.6753
vn 0.1575 -0.4453 -0.8814
vn 0.1670 -0.4267 -0.8889
vn 0.2989 0.8668 -0.3991
vn -0.4498 0.5135 -0.7307
vn -0.2421 0.8729 -0.4236
vn -0.2169 0.8802 -0.4221
vn -0.4453 0.8941 0.0478
vn -0.1607 0.8747 -0.4572
vn -0.1316 0.4690 -0.8734
vn -0.0922 0.8820 -0.4621
vn -0.5930 0.6921 -0.4114
vn 0.3646 0.9062 -0.2142
vn 0.1837 0.5472 -0.8166
vn 0.1848 0.5462 -0.8170
vn 0.1787 0.5456 -0.8187
vn -0.6593 -0.7518 0.0106
vn -0.5015 -0.3247 -0.8019
vn -0.3549 -0.7595 -0.5452
vn 0.1041 -0.9100 -0.4013
vn 0.2302 0.4442 -0.8658
vn 0.2321 0.4413 -0.8668
vn 0.2289 0.4446 -0.8660
vn 0.9058 0.4088 0.1116
vn 0.8587 -0.0150 0.5122
vn 0.8196 -0.4813 -0.3107
vn 0.8254 0.2741 -0.4935
vn -0.4297 0.6721 0.6031
vn 0.2970 0.1999 0.9337
vn 0.2101 0.8771 0.4320
vn -0.1762 -0.6562 0.7337
vn -0.1816 -0.6557 0.7329
vn -0.1844 -0.6567 0.7312
vn 0.2162 -0.8913 0.3986
vn 0.3857 -0.8456 0.3690
vn 0.3816 -0.8396 0.3866
vn 0.3754 -0.8421 0.3874
vn -0.6793 0.4385 0.5885
vn -0.5185 -0.1979 0.8319
vn -0.0775 -0.0885 0.9931
vn 0.1149 0.3879 0.9145
vn 0.1192 0.0207 -0.9927
vn 0.7457 -0.3596 -0.5609
vn 0.3287 -0.7421 -0.5842
vn -0.2518 0.7712 0.5847
vn 0.6452 0.3643 0.6715
vn -0.0101 0.9194 0.3932
vn -0.2199 -0.7170 -0.6615
vn -0.0533 -0.9745 -0.2179
vn -0.6596 -0.5671 -0.4932
vn -0.5512 0.2841 0.7845
vn 0.1755 0.3808 0.9079
vn -0.2116 0.9294 0.3023
vn 0.6973 0.1519 0.7005
vn 0.2324 0.6708 0.7043
vn -0.2755 0.0159 0.9612
vn -0.0155 -0.7931 -0.6089
vn 0.3165 -0.9096 -0.2694
vn -0.4986 -0.7360 -0.4580
vn -0.1489 0.2333 -0.9610
vn -0.0717 0.9020 -0.4258
vn 0.1295 0.6180 -0.7754
vn -0.4577 0.6715 -0.5827
vn -0.4382 0.8919 0.1116
vn -0.0815 0.9373 -0.3389
vn 0.3534 -0.3326 -0.8743
vn 0.3915 -0.7391 -0.5482
vn -0.1645 -0.4608 -0.8721
vn -0.9085 0.2906 0.3004
vn -0.8623 -0.3549 -0.3612
vn -0.8516 -0.2950 0.4333
vn 0.3407 0.0258 0.9398
vn -0.2097 0.6022 0.7703
vn -0.6151 0.0375 0.7876
vn 0.0924 -0.2732 -0.9575
vn 0.5230 -0.3665 -0.7695
vn -0.3345 -0.5166 -0.7882
vn -0.1062 0.6340 0.7660
vn 0.7442 0.2662 0.6126
vn 0.4712 0.8259 0.3096
vn 0.4009 0.6000 -0.6923
vn 0.0689 0.5000 -0.8633
vn 0.2430 0.8766 -0.4153
vn 0.4099 0.6206 -0.6685
vn -0.8258 -0.5430 0.1522
vn -0.8513 0.2821 0.4424
vn -0.9033 0.1361 -0.4070
vn 0.8260 -0.1686 0.5379
vn 0.8952 -0.4425 -0.0541
vn 0.9160 0.3868 0.1063
vn 0.6084 0.7545 0.2461
vn 0.3329 0.9275 0.1702
vn -0.0548 0.5809 0.8122
vn 0.7622 0.3592 0.5385
vn -0.8753 0.3611 -0.3216
vn -0.8495 -0.4482 -0.2781
vn -0.9017 -0.2853 0.3248
vn -0.8618 -0.1959 0.4679
vn -0.9540 0.2991 -0.0191
vn -0.8757 -0.4206 -0.2372
vn 0.8761 0.4411 -0.1945
vn 0.8126 0.3271 0.4824
vn 0.8996 -0.4351 -0.0369
vn -0.1101 0.9244 -0.3652
vn -0.6232 0.6808 -0.3849
vn -0.1028 0.9338 -0.3426
vn -0.6519 0.6034 -0.4593
vn -0.1595 0.9120 -0.3779
vn -0.2065 0.5328 -0.8206
vn 0.1977 -0.9340 0.2974
vn 0.1923 -0.9326 0.3054
vn 0.1744 -0.9367 0.3037
vn 0.1806 -0.9379 0.2964
vn -0.2914 0.8480 -0.4427
vn -0.7059 0.6616 -0.2528
vn 0.1996 0.9120 -0.3583
vn 0.0470 -0.7561 0.6528
vn -0.3356 -0.6380 0.6930
vn -0.3416 -0.6514 0.6775
vn -0.3556 -0.7255 -0.5892
vn 0.1272 -0.8918 -0.4342
vn -0.7756 -0.4665 -0.4253
vn 0.2129 0.6489 -0.7305
vn 0.2110 0.6476 -0.7322
vn -0.9117 0.3524 -0.2113
vn -0.8476 -0.3495 -0.3994
vn -0.8644 -0.2048 0.4593
vn -0.2104 0.9149 -0.3446
vn 0.3107 0.8976 -0.3128
vn -0.4426 0.5756 -0.6876
vn -0.3575 -0.7614 0.5408
vn -0.3716 -0.7482 0.5497
vn -0.3762 -0.7439 0.5523
vn 0.2731 -0.9195 0.2828
vn 0.2520 -0.9227 0.2918
vn 0.2423 -0.9302 0.2756
vn -0.2195 0.4967 0.8397
vn -0.2127 -0.1101 0.9709
vn 0.6587 0.1105 0.7443
vn 0.4423 0.6664 0.6003
vn -0.1683 -0.6609 -0.7313
vn 0.2930 -0.7845 -0.5466
vn -0.6107 -0.4998 -0.6142
vn -0.0146 0.7457 -0.6661
vn 0.3948 0.6749 -0.6235
vn 0.3866 0.6662 -0.6377
vn -0.1023 -0.2412 -0.9651
vn 0.1934 -0.6167 -0.7631
vn -0.7721 -0.3588 -0.5246
vn 0.3369 -0.8898 0.3076
vn 0.6771 -0.5509 0.4879
vn 0.3363 -0.8841 0.3246
vn -0.6542 0.2800 0.7026
vn -0.6772 -0.0755 0.7319
vn -0.3808 -0.2591 0.8876
vn -0.0471 0.5861 0.8089
vn -0.0152 -0.2960 -0.9551
vn 0.2689 -0.6425 -0.7176
vn -0.3879 -0.5616 -0.7309
vn -0.8285 -0.5591 -0.0319
vn -0.8602 0.2165 0.4618
vn -0.9023 0.2064 -0.3786
vn 0.1378 0.9818 -0.1307
vn 0.5703 0.3297 -0.7523
vn 0.1540 0.7354 -0.6599
vn 0.2301 0.7130 -0.6623
vn 0.2294 0.7091 -0.6668
vn 0.2266 0.7171 -0.6591
vn -0.9247 0.1983 -0.3249
vn -0.8435 -0.5292 -0.0915
vn -0.8470 -0.3430 0.4060
vn -0.8986 0.0667 0.4336
vn -0.9459 0.2829 0.1591
vn -0.8679 -0.4247 -0.2575
vn -0.8341 -0.3699 0.4093
vn -0.0951 0.9493 -0.2997
vn -0.1332 0.9476 -0.2904
vn -0.0831 0.9563 -0.2802
vn 0.8541 -0.2606 -0.4502
vn 0.9168 0.3542 0.1844
vn 0.8408 0.1639 0.5160
vn 0.3559 -0.2564 -0.8987
vn 0.4648 -0.6652 -0.5843
vn -0.1614 -0.3771 -0.9120
vn 0.1074 0.2098 0.9718
vn -0.6644 0.4266 0.6136
vn -0.7453 -0.0704 0.6630
vn 0.2196 0.3316 -0.9175
vn 0.0709 0.7733 -0.6301
vn 0.2396 0.9652 -0.1045
vn 0.3758 0.0127 0.9266
vn -0.2965 0.5451 0.7842
vn -0.5255 -0.1120 0.8434
vn -0.2364 0.9273 -0.2901
vn -0.2239 0.9305 -0.2900
vn -0.2516 0.9229 -0.2913
vn 0.2003 -0.1955 -0.9600
vn 0.6568 -0.1715 -0.7343
vn -0.2717 -0.3789 -0.8846
vn -0.4932 -0.6366 -0.5929
vn -0.4044 -0.3855 -0.8294
vn 0.0010 -0.6823 -0.7311
vn 0.2440 -0.8977 -0.3669
vn -0.0236 -0.6020 -0.7982
vn 0.2186 -0.8599 -0.4613
vn -0.5037 -0.5189 -0.6906
vn -0.0836 -0.3833 -0.9198
vn 0.1936 -0.7139 -0.6729
vn -0.7715 -0.4107 -0.4859
vn 0.9134 -0.0774 -0.3996
vn 0.9258 0.2777 -0.2566
vn 0.8456 -0.1637 0.5080
vn 0.8495 -0.5275 0.0086
vn -0.7792 -0.4561 -0.4299
vn -0.3638 -0.6081 -0.7056
vn -0.3567 -0.6100 -0.7076
vn -0.1597 -0.9291 -0.3336
vn 0.8971 0.4335 0.0860
vn 0.8274 0.2455 0.5051
vn 0.8811 -0.4577 -0.1193
vn 0.8849 0.4452 -0.1369
vn -0.2120 -0.4007 -0.8914
vn 0.2068 -0.6454 -0.7354
vn -0.6597 -0.2495 -0.7089
vn -0.0156 0.9281 -0.3721
vn -0.5856 0.4610 -0.6667
vn -0.4127 0.8694 -0.2716
vn -0.4885 0.8497 0.1984
vn -0.1600 0.9468 -0.2792
vn -0.3334 0.6100 -0.7189
vn -0.1088 0.4935 0.8629
vn 0.7445 0.1606 0.6480
vn 0.4636 0.7678 0.4423
vn -0.0120 -0.9188 0.3945
vn -0.1709 -0.7275 0.6645
vn -0.1731 -0.7252 0.6664
vn -0.5585 0.1519 0.8154
vn 0.1869 0.2146 0.9587
vn -0.2009 0.8640 0.4617
vn -0.9126 0.3813 -0.1480
vn -0.8466 -0.2719 -0.4575
vn -0.8665 -0.2831 0.4112
vn 0.8823 -0.0096 0.4706
vn 0.8687 -0.4842 -0.1041
vn 0.9476 0.1542 -0.2799
vn 0.8129 -0.3915 -0.4311
vn 0.9103 0.3087 -0.2759
vn 0.8543 0.0468 0.5177
vn 0.6850 -0.7278 0.0317
vn 0.3005 -0.9351 0.1879
vn -0.0358 -0.9993 -0.0143
vn 0.2439 -0.9430 0.2264
vn 0.2365 -0.9467 0.2188
vn 0.2380 -0.9480 0.2113
vn 0.1409 0.1925 -0.9711
vn 0.7666 -0.2828 -0.5765
vn 0.3456 -0.6368 -0.6892
vn -0.3756 0.4953 0.7833
vn 0.5406 0.0909 0.8363
vn 0.1117 0.7679 0.6307
vn 0.0170 0.7066 -0.7074
vn 0.4032 0.7336 -0.5471
vn 0.8104 0.2967 -0.5052
vn -0.2252 -0.8018 0.5535
vn -0.2228 -0.8021 0.5540
vn -0.2271 -0.8009 0.5540
vn 0.3677 -0.9066 0.2071
vn 0.6070 -0.5995 0.5217
vn 0.3607 -0.9051 0.2252
vn -0.0200 -0.2162 -0.9761
vn 0.2905 -0.5561 -0.7787
vn -0.3627 -0.5347 -0.7632
vn 0.0360 -0.3144 0.9486
vn -0.3215 0.5093 0.7983
vn -0.6835 -0.1041 0.7225
vn 0.0002 -0.5371 -0.8435
vn 0.3568 -0.7546 -0.5507
vn -0.4684 -0.4860 -0.7378
vn -0.4983 0.4253 0.7555
vn 0.3926 0.0233 0.9194
vn 0.1721 0.6932 0.6998
vn -0.9443 0.2784 0.1756
vn -0.8609 -0.4036 -0.3097
vn -0.8193 -0.5560 0.1397
vn -0.4288 0.7819 -0.4525
vn -0.4215 0.8708 0.2532
vn -0.0757 0.9829 -0.1678
vn 0.0540 0.3905 -0.9190
vn -0.1572 0.9558 -0.2484
vn 0.1292 0.7948 -0.5929
vn -0.1002 0.9701 -0.2209
vn -0.1374 0.9685 -0.2078
vn -0.1131 0.9766 -0.1831
vn 0.3590 -0.1768 -0.9164
vn 0.4443 -0.6210 -0.6457
vn -0.1578 -0.2976 -0.9416
vn 0.0963 -0.0183 0.9952
vn -0.2688 0.5397 0.7978
vn -0.7412 -0.1134 0.6616
vn -0.8658 -0.0869 0.4928
vn -0.9167 0.1783 -0.3575
vn -0.8493 -0.4731 -0.2342
vn 0.5102 -0.1288 0.8504
vn 0.0565 0.5686 0.8207
vn -0.4073 -0.0934 0.9085
vn -0.1852 0.9629 -0.1964
vn -0.1702 0.9655 -0.1973
vn -0.1943 0.9594 -0.2046
vn 0.8945 0.4426 0.0626
vn 0.8795 -0.3341 0.3388
vn 0.8558 -0.2671 -0.4429
vn -0.8917 -0.3718 0.2583
vn -0.9038 0.4247 0.0527
vn -0.8850 0.3978 -0.2419
vn -0.8503 -0.3744 -0.3700
vn 0.2145 0.8129 -0.5414
vn 0.2057 0.8086 -0.5512
vn 0.1998 0.8176 -0.5400
vn 0.1376 0.9889 0.0567
vn 0.5723 0.4629 -0.6769
vn 0.1564 0.8452 -0.5110
vn 0.6093 0.6277 0.4845
vn 0.3373 0.8213 0.4600
vn -0.0586 0.2906 0.9551
vn 0.7543 0.1353 0.6425
vn 0.4155 -0.5448 -0.7284
vn -0.2513 -0.4718 -0.8451
vn 0.1596 -0.1943 -0.9679
vn 0.1621 -0.1832 -0.9696
vn -0.2263 -0.8566 0.4637
vn -0.2236 -0.8519 0.4736
vn -0.2283 -0.8526 0.4700
vn -0.4553 0.8403 0.2944
vn -0.1768 0.9636 -0.2006
vn -0.1471 0.6867 -0.7119
vn 0.0019 -0.9910 -0.1342
vn 0.5953 -0.7920 0.1354
vn 0.1818 -0.9605 0.2106
vn 0.0954 0.8357 -0.5409
vn 0.0283 0.9995 -0.0144
vn 0.5750 0.6566 -0.4882
vn -0.1053 -0.8425 0.5284
vn -0.1053 -0.8451 0.5241
vn -0.1026 -0.8424 0.5290
vn 0.5794 0.6063 -0.5448
vn 0.6543 -0.0394 -0.7552
vn -0.1448 0.2765 -0.9500
vn -0.2215 -0.3336 0.9163
vn -0.0287 0.1305 0.9910
vn -0.2810 -0.3239 0.9034
vn -0.1731 -0.9551 -0.2404
vn 0.5638 -0.8138 -0.1409
vn 0.1686 -0.9760 -0.1376
vn -0.1038 0.3450 0.9328
vn 0.2076 0.5716 0.7938
vn -0.1174 0.3570 0.9267
vn -0.1653 -0.8936 -0.4173
vn 0.5526 -0.7977 -0.2414
vn 0.1773 -0.9300 -0.3219
vn -0.1135 0.0994 0.9885
vn -0.0651 0.1172 0.9910
vn -0.1052 0.1484 0.9833
vn 0.0896 0.5744 -0.8136
vn 0.1950 0.9102 -0.3653
vn 0.5589 0.3019 -0.7723
vn -0.1660 -0.6382 -0.7518
vn 0.5669 -0.6174 -0.5453
vn 0.1748 -0.7182 -0.6736
vn -0.1821 -0.7716 0.6095
vn -0.5717 -0.7201 0.3932
vn 0.1654 -0.9033 0.3959
vn -0.1745 -0.4130 -0.8939
vn 0.5615 -0.4532 -0.6923
vn 0.1678 -0.5048 -0.8468
vn -0.1595 -0.2593 -0.9525
vn 0.5725 -0.3252 -0.7527
vn 0.1814 -0.3639 -0.9136
vn -0.1657 -0.1770 -0.9702
vn 0.5700 -0.2608 -0.7792
vn 0.1752 -0.2859 -0.9421
vn 0.1973 0.8999 0.3889
vn 0.2033 0.8967 0.3932
vn 0.2042 0.8971 0.3919
vn -0.1519 0.8619 0.4838
vn 0.4950 0.0170 -0.8687
vn -0.0770 -0.2292 -0.9703
vn -0.2495 0.5615 -0.7890
vn -0.8196 0.5460 -0.1739
vn -0.8175 0.5529 -0.1611
vn -0.2612 0.7826 -0.5651
vn -0.3245 0.7541 -0.5710
vn 0.0610 0.5747 -0.8161
vn -0.1595 0.8188 -0.5514
vn 0.6536 0.6777 -0.3371
vn 0.2008 0.0667 -0.9774
vn 0.1772 0.9739 0.1416
vn 0.1949 0.9724 0.1283
vn 0.1663 0.9774 0.1307
vn -0.8248 0.2205 -0.5207
vn -0.8369 -0.1114 0.5359
vn -0.8967 0.4064 -0.1752
vn -0.3514 -0.8219 -0.4483
vn -0.6050 -0.5133 -0.6088
vn 0.0625 -0.8201 -0.5688
vn 0.4436 0.8194 0.3632
vn 0.5001 0.7289 -0.4675
vn 0.3725 0.9269 -0.0453
vn 0.0708 -0.9853 -0.1557
vn 0.2123 -0.7621 -0.6117
vn 0.2322 -0.7613 -0.6054
vn 0.6634 -0.6675 -0.3382
vn -0.2325 -0.6846 -0.6909
vn 0.2685 -0.7855 -0.5575
vn -0.6590 -0.4935 -0.5676
vn -0.2038 -0.8148 0.5428
vn 0.6945 -0.7015 0.1596
vn -0.0132 -0.6695 0.7427
vn -0.1135 -0.9924 -0.0471
vn -0.4897 -0.8643 -0.1147
vn -0.6633 -0.6500 -0.3709
vn -0.0490 -0.4873 -0.8718
vn 0.5224 -0.8018 -0.2902
vn 0.0606 -0.8841 0.4633
vn 0.0295 -0.8469 -0.5309
vn -0.0724 -0.8561 0.5117
vn -0.4712 -0.7909 0.3904
vn -0.5764 -0.7660 0.2847
vn -0.1044 -0.8763 -0.4704
vn 0.5232 -0.7564 0.3927
vn 0.1617 -0.1340 0.9777
vn 0.0525 -0.9216 0.3845
vn -0.1267 0.0136 0.9918
vn -0.5541 -0.0138 0.8324
vn -0.6169 -0.0391 0.7861
vn -0.2341 -0.8277 0.5099
vn 0.4816 -0.6508 0.5870
vn 0.1223 0.0868 0.9887
vn -0.0068 -0.8065 0.5912
vn 0.4998 0.6126 0.6123
vn 0.0960 0.9894 -0.1091
vn 0.0015 0.6017 0.7987
vn -0.0614 0.9170 -0.3942
vn -0.4990 0.8083 -0.3125
vn -0.5820 0.7732 -0.2520
vn -0.1765 0.8034 0.5687
vn 0.5098 0.7815 0.3597
vn 0.1370 0.8706 -0.4724
vn 0.0392 0.8533 0.5199
vn -0.0565 0.8216 -0.5673
vn -0.4800 0.7462 -0.4612
vn -0.5849 0.7223 -0.3690
vn -0.1431 0.9031 0.4048
vn 0.5090 0.8567 -0.0838
vn 0.1307 0.5159 -0.8466
vn 0.0353 0.9993 0.0141
vn -0.0522 0.4306 -0.9010
vn -0.4747 0.4186 -0.7742
vn -0.2836 0.3713 -0.8841
vn -0.1426 0.9841 -0.1061
vn 0.3344 -0.1400 -0.9320
vn -0.3082 -0.4020 -0.8622
vn -0.1260 0.5723 -0.8103
vn -0.0632 0.5398 -0.8394
vn 0.0131 -0.9359 0.3519
vn -0.0567 -0.9350 -0.3501
vn 0.0399 -0.8434 -0.5358
vn 0.0146 -0.7195 -0.6943
vn -0.0286 -0.0799 -0.9964
vn -0.9092 -0.3790 -0.1722
vn -0.9068 -0.3824 -0.1772
vn -0.0452 0.9551 -0.2929
vn -0.0476 0.9646 0.2595
vn 0.9862 -0.0636 0.1530
vn 0.9937 -0.1050 0.0384
vn 0.9835 0.0572 0.1715
vn -0.1424 0.2050 -0.9684
vn -0.1400 -0.7272 -0.6720
vn -0.5144 -0.5839 -0.6280
vn -0.6363 -0.4430 -0.6316
vn 0.5798 0.1291 -0.8044
vn 0.1923 -0.6780 -0.7095
vn 0.1557 0.2936 -0.9432
vn -0.1827 -0.0261 -0.9828
vn -0.1979 -0.8602 -0.4700
vn -0.5567 -0.6971 -0.4519
vn -0.6720 -0.5613 -0.4830
vn 0.5902 -0.1657 -0.7901
vn 0.1139 -0.8437 -0.5245
vn 0.1252 0.0391 -0.9914
vn 0.5661 -0.3654 -0.7389
vn 0.0880 -0.9486 -0.3039
vn 0.0909 -0.2092 -0.9737
vn 0.5723 -0.4704 -0.6717
vn 0.1352 -0.9860 -0.0981
vn 0.1181 -0.4016 -0.9082
vn -0.1868 -0.2701 -0.9445
vn -0.1795 -0.9533 -0.2427
vn -0.5478 -0.7929 -0.2668
vn -0.6426 -0.7017 -0.3077
vn 0.2433 -0.6340 -0.7340
vn 0.0110 -0.9921 0.1253
vn -0.4507 -0.7342 -0.5077
vn 0.4228 -0.8189 -0.3882
vn -0.1797 -0.9779 0.1073
vn -0.4490 -0.8935 -0.0112
vn -0.0537 -0.6104 -0.7903
vn -0.1629 -0.7562 -0.6337
vn -0.1634 -0.9297 0.3302
vn -0.5316 -0.8177 0.2210
vn -0.6401 -0.7596 0.1151
vn 0.4843 -0.8748 -0.0118
vn -0.1623 -0.9515 0.2615
vn -0.0237 -0.7338 -0.6790
vn 0.4969 -0.8516 -0.1669
vn 0.0393 -0.8040 0.5933
vn 0.0045 -0.9199 -0.3922
vn -0.0938 -0.7663 0.6356
vn -0.4984 -0.7105 0.4969
vn -0.6069 -0.7007 0.3751
vn -0.1275 -0.9373 -0.3244
vn -0.2048 -0.9660 -0.1578
vn -0.1512 -0.6278 0.7635
vn -0.5425 -0.5718 0.6154
vn -0.6137 -0.5667 0.5497
vn 0.4963 -0.8681 -0.0084
vn 0.0263 -0.6879 0.7253
vn -0.0033 -0.9742 -0.2255
vn -0.1757 -0.4196 0.8906
vn -0.5791 -0.3685 0.7272
vn -0.6524 -0.3702 0.6613
vn -0.2626 -0.9614 0.0817
vn 0.5548 -0.8310 0.0413
vn 0.1758 -0.5480 0.8178
vn 0.0911 -0.9937 -0.0652
vn -0.1288 -0.2184 0.9673
vn -0.5413 -0.2085 0.8145
vn -0.6191 -0.2312 0.7505
vn -0.2276 -0.9269 0.2983
vn 0.5147 -0.8246 0.2347
vn 0.1464 -0.3475 0.9262
vn 0.0477 -0.9844 0.1696
vn 0.2449 -0.6316 0.7356
vn 0.0032 0.2681 0.9634
vn -0.4534 -0.3918 0.8006
vn -0.0488 0.2173 0.9749
vn -0.4910 0.1615 0.8561
vn -0.5661 0.1177 0.8159
vn -0.1756 -0.7012 0.6910
vn -0.1833 -0.5312 0.8272
vn -0.1653 0.4469 0.8792
vn -0.5517 0.3071 0.7755
vn -0.6186 0.2588 0.7419
vn 0.4799 0.1112 0.8703
vn -0.1794 0.3801 0.9074
vn -0.0313 -0.5713 0.8201
vn 0.6101 -0.2506 0.7517
vn 0.2165 0.5656 0.7958
vn 0.1335 -0.4222 0.8966
vn 0.3341 -0.8590 0.3881
vn 0.7586 -0.5231 0.3884
vn -0.1006 -0.6976 0.7094
vn -0.2093 0.3254 0.9221
vn -0.0294 0.7429 0.6688
vn -0.2924 0.3268 0.8987
vn -0.1492 0.9030 0.4030
vn -0.5285 0.7489 0.3998
vn -0.6309 0.6411 0.4369
vn -0.1681 0.1056 0.9801
vn 0.5512 0.3157 0.7723
vn 0.0009 0.8837 0.4681
vn 0.0243 0.0432 0.9988
vn 0.5744 0.3491 0.7405
vn 0.1217 0.9562 0.2662
vn 0.1121 0.2380 0.9648
vn -0.1783 0.9619 0.2072
vn -0.5511 0.8004 0.2360
vn -0.6565 0.6939 0.2959
vn -0.1794 0.3014 0.9365
vn -0.1839 0.5054 0.8431
vn -0.1542 0.9879 -0.0149
vn -0.5365 0.8425 0.0489
vn -0.6147 0.7831 0.0939
vn 0.5487 0.5341 0.6432
vn 0.0775 0.9959 0.0471
vn 0.0639 0.4549 0.8883
vn 0.4747 0.7092 0.5213
vn 0.1038 0.9537 -0.2823
vn -0.0172 0.7336 0.6793
vn -0.0654 0.9754 -0.2103
vn -0.4929 0.8584 -0.1419
vn -0.5720 0.8151 -0.0920
vn -0.1652 0.6774 0.7169
vn -0.0321 0.7259 -0.6870
vn -0.4669 0.6807 -0.5645
vn -0.5558 0.6727 -0.4884
vn -0.1213 0.9584 0.2584
vn 0.4709 0.8644 0.1763
vn 0.0549 0.7711 -0.6344
vn -0.0294 0.9399 0.3401
vn -0.0601 0.5956 -0.8010
vn -0.4939 0.5510 -0.6727
vn -0.5705 0.5498 -0.6101
vn -0.1652 0.9824 0.0875
vn 0.4794 0.8756 0.0598
vn 0.0811 0.6696 -0.7383
vn -0.0228 0.9806 0.1946
vn -0.0101 0.3007 -0.9537
vn -0.4586 0.3323 -0.8242
vn -0.5148 0.3422 -0.7861
vn -0.1094 0.9625 -0.2483
vn 0.4693 0.8335 -0.2917
vn 0.0484 0.3593 -0.9320
vn -0.0485 0.9843 -0.1698
vn 0.5593 0.7664 -0.3160
vn 0.2075 0.1915 -0.9593
vn 0.0452 0.9375 -0.3450
vn -0.1207 0.9924 -0.0257
vn 0.2340 0.9613 -0.1451
vn -0.1139 0.9927 -0.0400
vn -0.1926 -0.0866 -0.9774
vn -0.5984 -0.0498 -0.7996
vn -0.6808 0.0009 -0.7325
vn -0.2707 0.7862 -0.5555
vn -0.0599 -0.2842 -0.9569
vn -0.4435 -0.1702 -0.8800
vn -0.5699 0.3973 -0.7193
vn 0.0771 0.6384 -0.7659
vn 0.5958 0.4976 -0.6304
vn 0.1901 -0.2379 -0.9525
vn 0.1653 0.7189 -0.6751
vn -0.2235 0.3711 -0.9013
vn -0.1396 -0.5934 -0.7927
vn -0.5510 -0.4732 -0.6874
vn -0.6316 -0.4056 -0.6607
vn 0.5402 0.3765 -0.7526
vn 0.1987 -0.4723 -0.8587
vn 0.1001 0.5161 -0.8507
vn 0.8422 -0.5002 0.2012
vn 0.9034 0.0099 -0.4287
vn 0.9259 0.3774 -0.0194
vn -0.9153 0.1760 -0.3624
vn -0.8729 -0.3170 0.3710
vn -0.8999 0.4240 0.1021
vn 0.6375 -0.3328 0.6949
vn 0.7072 0.4096 0.5762
vn -0.0264 0.1362 0.9903
vn 0.1000 -0.1780 0.9789
vn -0.0761 -0.4078 0.9099
vn 0.2309 0.4141 0.8805
vn -0.3819 0.4198 0.8234
vn 0.0653 -0.4682 0.8812
vn -0.8485 -0.2173 -0.4825
vn -0.9177 0.2695 0.2918
vn -0.8912 0.3652 -0.2689
vn 0.0068 -0.5804 0.8143
vn -0.3807 -0.9154 0.1309
vn -0.4759 -0.6744 0.5645
vn -0.4995 -0.7886 -0.3585
vn 0.8702 0.3540 0.3428
vn 0.6637 -0.7470 0.0376
vn 0.6645 0.6412 -0.3837
vn 0.6699 -0.2039 -0.7139
vn 0.8751 0.3654 -0.3173
vn 0.6600 0.0558 0.7492
vn 0.8674 0.4839 -0.1163
vn 0.6628 -0.4397 0.6061
vn 0.6701 0.0996 -0.7356
vn 0.1119 -0.8256 0.5530
vn 0.0458 -0.9074 0.4178
vn 0.6582 -0.7248 0.2034
vn 0.8694 -0.2490 -0.4268
vn 0.6702 0.6706 0.3180
vn 0.6708 0.0412 0.7405
vn 0.8733 -0.4163 0.2531
vn 0.6680 -0.0269 -0.7436
vn 0.0464 -0.9856 0.1625
vn 0.6663 0.0621 0.7431
vn 0.8738 -0.4382 0.2109
vn 0.6676 0.2064 -0.7154
vn 0.0316 -0.9959 0.0843
vn 0.0101 -0.4130 0.9107
vn 0.3871 0.2990 0.8722
vn 0.0054 -0.4068 0.9135
vn 0.0068 -0.9961 -0.0876
vn 0.0541 -0.9949 -0.0854
vn 0.0198 -0.9721 -0.2339
vn -0.0597 -0.9846 -0.1641
vn 0.9184 -0.3885 -0.0749
vn -0.7766 -0.2060 0.5954
vn -0.2164 -0.5217 0.8252
vn -0.7750 -0.1870 0.6037
vn 0.0441 -0.7753 -0.6300
vn 0.0194 -0.8109 -0.5849
vn 0.8999 -0.2571 -0.3522
vn -0.0413 -0.5832 -0.8113
vn 0.9121 0.3957 0.1069
vn 0.1171 -0.5362 -0.8359
vn -0.2457 0.5974 -0.7633
vn 0.5487 0.5614 -0.6195
vn -0.1919 0.2397 -0.9517
vn 0.7845 0.6036 0.1423
vn 0.8964 0.4406 -0.0488
vn 0.0481 -0.3440 -0.9377
vn -0.9165 0.3061 -0.2575
vn -0.9126 0.3132 -0.2628
vn -0.1227 0.5121 -0.8501
vn 0.6091 0.2884 -0.7388
vn -0.1199 0.0658 -0.9906
vn -0.0364 -0.2924 -0.9556
vn -0.1869 0.5868 0.7879
vn 0.2212 0.1223 0.9675
vn -0.1644 0.7715 0.6146
vn 0.0568 -0.0215 -0.9982
vn 0.1078 0.0451 -0.9932
vn -0.0282 0.0630 -0.9976
vn 0.0191 0.2039 -0.9788
vn -0.0417 0.2754 -0.9604
vn 0.9923 -0.1039 -0.0671
vn 0.9921 -0.1113 -0.0576
vn 0.9914 -0.1045 -0.0792
vn 0.9930 -0.0633 -0.1002
vn 0.9928 -0.0740 -0.0946
vn 0.9922 -0.0575 -0.1109
vn 0.9907 -0.1047 0.0867
vn 0.9905 -0.0986 0.0958
vn 0.9903 -0.1142 0.0793
vn 0.1105 0.5617 -0.8200
vn 0.9924 0.0265 -0.1202
vn 0.9920 0.0156 -0.1254
vn 0.9920 0.0385 -0.1199
vn 0.0384 0.6683 -0.7429
vn -0.0432 0.7679 -0.6391
vn 0.1030 0.8299 -0.5484
vn 0.1028 0.8298 -0.5485
vn 0.0560 0.9006 -0.4311
vn 0.0372 0.9282 -0.3702
vn 0.9528 -0.0107 -0.3033
vn 0.8149 0.2114 -0.5398
vn 0.8153 0.2132 -0.5383
vn -0.8639 0.3811 -0.3294
vn 0.0414 0.9834 -0.1767
vn 0.0297 0.9800 -0.1966
vn 0.0274 0.9965 -0.0790
vn 0.0980 0.9951 -0.0130
vn 0.0470 0.9892 0.1386
vn 0.0269 0.9942 0.1038
vn 0.9895 0.1358 0.0502
vn 0.9890 0.0581 0.1358
vn 0.9922 -0.0611 0.1089
vn 0.9876 0.1149 0.1066
vn 0.9946 -0.0055 0.1034
vn 0.9850 0.1722 0.0058
vn 0.9916 -0.1254 0.0318
vn 1.0000 -0.0053 -0.0003
vn 0.9877 -0.0574 0.1451
vn 0.9882 -0.0376 -0.1485
vn 0.9916 0.0821 -0.0996
vn 0.9884 -0.1303 -0.0780
vn 0.0761 0.7610 0.6443
vn 0.9865 -0.1134 -0.1183
vn 0.9896 0.0085 -0.1433
vn 0.9860 -0.1666 -0.0050
vn 0.9888 0.0138 -0.1488
vn 0.9982 0.0519 -0.0308
vn 0.9858 -0.1168 -0.1208
vn 0.4389 0.7354 -0.5162
vn 0.4741 0.4729 -0.7427
vn 0.3676 0.1911 -0.9102
vn 0.0459 0.5772 0.8153
vn -0.9942 -0.0163 -0.1059
vn 0.0558 0.4197 0.9060
vn 0.0599 0.4227 -0.9043
vn 0.3426 0.5621 -0.7528
vn 0.3483 0.5538 -0.7563
vn -0.1417 -0.6887 0.7110
vn 0.0095 0.2898 0.9570
vn -0.3334 -0.8338 0.4401
vn -0.1144 -0.9933 0.0148
vn 0.0489 0.1014 0.9936
vn 0.0923 -0.0259 0.9954
vn -0.0942 -0.1224 -0.9880
vn 0.1940 -0.5080 -0.8392
vn -0.7728 -0.2917 -0.5636
vn -0.5138 -0.3504 -0.7831
vn -0.0533 -0.4667 -0.8828
vn -0.0302 -0.4544 -0.8903
vn -0.0697 -0.8348 -0.5461
vn -0.5531 0.0292 0.8326
vn 0.2258 0.0512 0.9728
vn -0.2009 0.7668 0.6096
vn -0.8470 -0.1927 -0.4954
vn -0.8641 -0.3492 0.3624
vn -0.9126 0.4015 -0.0777
vn 0.5169 0.6467 0.5609
vn 0.0700 0.6443 0.7616
vn -0.0009 0.1083 0.9941
vn 0.7533 0.0422 0.6564
vn -0.3706 -0.3936 -0.8413
vn 0.1454 -0.5400 -0.8290
vn -0.7871 -0.2693 -0.5549
vn -0.8543 0.0839 0.5130
vn -0.8869 0.4541 -0.0848
vn -0.8973 0.2376 -0.3720
vn -0.8277 -0.1687 -0.5352
vn 0.8648 -0.0088 0.5021
vn 0.8499 -0.5079 -0.1406
vn 0.9209 0.1498 -0.3598
vn -0.3812 0.3169 0.8685
vn 0.5203 -0.0955 0.8486
vn 0.1391 0.6383 0.7572
vn 0.8675 -0.4618 -0.1848
vn 0.9463 0.1584 -0.2819
vn 0.8964 0.2042 0.3934
vn 0.8155 -0.4326 0.3844
vn -0.6170 -0.2950 -0.7296
vn -0.1906 -0.4393 -0.8779
vn -0.1638 -0.4366 -0.8846
vn 0.0181 -0.8157 -0.5783
vn 0.0381 0.5787 -0.8147
vn 0.2301 0.8816 -0.4122
vn 0.2217 0.8838 -0.4119
vn 0.6766 0.6033 -0.4223
vn 0.6635 0.7165 -0.2152
vn 0.3842 0.4609 -0.8000
vn 0.1607 0.8747 -0.4572
vn 0.1017 0.8787 -0.4665
vn 0.0531 0.9968 0.0599
vn 0.5773 0.7788 -0.2452
vn -0.9075 0.3683 0.2018
vn -0.8258 0.2646 -0.4980
vn -0.8217 -0.5299 -0.2097
vn -0.8706 -0.3189 0.3746
vn -0.2162 -0.8913 0.3986
vn -0.3751 -0.8508 0.3679
vn -0.3754 -0.8421 0.3874
vn -0.3759 -0.8391 0.3933
vn 0.6123 0.5266 0.5897
vn 0.3378 0.7209 0.6051
vn -0.0586 0.0967 0.9936
vn 0.7228 -0.0404 0.6898
vn -0.0895 -0.0026 -0.9960
vn 0.1951 -0.4051 -0.8932
vn -0.7708 -0.1975 -0.6057
vn -0.5645 -0.1135 0.8176
vn 0.1868 -0.0865 0.9786
vn -0.2108 0.6749 0.7072
vn 0.2206 0.6393 -0.7366
vn 0.0810 0.9398 -0.3320
vn 0.2352 0.9480 0.2144
vn -0.3537 -0.3327 -0.8742
vn 0.1292 -0.5548 -0.8219
vn -0.7754 -0.2258 -0.5897
vn 0.9244 0.3539 -0.1426
vn 0.8576 -0.1901 0.4779
vn 0.8638 -0.3374 -0.3741
vn -0.3665 0.2707 0.8902
vn 0.5257 -0.1363 0.8397
vn 0.1666 0.6088 0.7756
vn -0.0708 -0.2780 -0.9580
vn 0.3621 -0.4722 -0.8037
vn -0.5251 -0.1166 -0.8430
vn 0.8215 -0.4214 0.3841
vn 0.8807 -0.4018 -0.2507
vn 0.9226 0.2662 0.2793
vn -0.9062 0.1656 -0.3891
vn -0.8673 -0.3030 -0.3949
vn -0.8515 0.0544 0.5215
vn 0.1101 0.9244 -0.3652
vn 0.0899 0.9319 -0.3515
vn 0.5939 0.7989 -0.0947
vn 0.1454 0.9697 0.1962
vn 0.3235 0.5260 -0.7866
vn 0.1593 0.9119 -0.3781
vn -0.1959 -0.9350 0.2957
vn -0.1831 -0.9380 0.2944
vn -0.1867 -0.9293 0.3188
vn -0.1902 -0.9323 0.3077
vn 0.2968 0.8460 -0.4430
vn 0.0080 0.9988 -0.0488
vn 0.6807 0.7123 -0.1712
vn 0.2209 0.9120 -0.3456
vn 0.6673 0.6440 -0.3741
vn -0.2297 0.7685 -0.5971
vn -0.2660 -0.9248 0.2719
vn -0.2354 -0.9293 0.2847
vn -0.2515 -0.9228 0.2918
vn 0.2423 0.4543 0.8573
vn -0.3037 0.7414 0.5984
vn -0.5429 -0.1044 0.8333
vn -0.0168 -0.2309 0.9728
vn -0.3450 -0.8873 0.3061
vn -0.3327 -0.8873 0.3193
vn -0.7002 -0.5566 0.4471
vn 0.4707 0.5467 0.6925
vn -0.0960 0.4300 0.8977
vn -0.2034 0.2916 0.9347
vn 0.3880 -0.2734 0.8802
vn 0.0031 -0.2981 -0.9545
vn 0.3667 -0.5851 -0.7233
vn -0.4631 -0.2729 -0.8433
vn 0.9185 0.0955 -0.3838
vn 0.9309 0.3501 -0.1046
vn 0.8544 -0.2241 0.4688
vn 0.8583 -0.3963 -0.3261
vn 0.9394 0.2700 0.2114
vn 0.8345 -0.3674 0.4106
vn 0.8839 -0.3639 -0.2936
vn 0.1010 0.9477 -0.3027
vn 0.1054 0.9586 -0.2646
vn 0.1320 0.9513 -0.2785
vn -0.8496 -0.1702 -0.4992
vn -0.8681 -0.4704 0.1587
vn -0.9133 0.4072 -0.0081
vn -0.3541 -0.2556 -0.8996
vn 0.1243 -0.4825 -0.8671
vn -0.7735 -0.2509 -0.5820
vn -0.0897 0.0907 0.9918
vn 0.4901 -0.2870 0.8230
vn 0.4703 0.5854 0.6604
vn -0.3937 0.2861 0.8736
vn 0.4006 -0.2413 0.8839
vn 0.2661 0.5598 0.7848
vn 0.2364 0.9273 -0.2901
vn 0.2465 0.9213 -0.3007
vn 0.2348 0.9238 -0.3024
vn -0.2316 -0.1970 -0.9527
vn 0.2524 -0.4218 -0.8709
vn -0.5913 -0.4042 -0.6978
vn -0.9038 0.3948 0.1655
vn -0.9259 -0.0027 -0.3778
vn -0.8522 -0.2842 -0.4394
vn -0.8895 -0.4262 0.1647
vn 0.1814 0.7708 -0.6107
vn 0.4181 0.8665 -0.2726
vn 0.8027 0.4472 -0.3946
vn 0.1373 0.9427 0.3040
vn 0.5658 0.6204 -0.5431
vn 0.1603 0.9465 -0.2801
vn -0.8177 -0.5153 -0.2565
vn -0.8586 -0.0609 0.5090
vn -0.9085 0.3511 -0.2266
vn -0.5885 -0.7940 -0.1528
vn 0.0406 -0.9992 -0.0057
vn -0.3062 -0.9332 0.1878
vn -0.2464 -0.9433 0.2226
vn -0.2338 -0.9489 0.2119
vn -0.2365 -0.9467 0.2188
vn -0.1047 0.1662 -0.9805
vn 0.1607 -0.2751 -0.9479
vn -0.7956 -0.1265 -0.5925
vn -0.3730 -0.9041 0.2084
vn -0.3584 -0.9072 0.2204
vn -0.6557 -0.5927 0.4677
vn 0.0091 -0.2178 -0.9759
vn 0.3891 -0.5062 -0.7696
vn -0.4545 -0.2405 -0.8577
vn -0.2415 0.1718 0.9551
vn 0.6509 -0.1733 0.7391
vn 0.0356 0.4659 0.8841
vn 0.9381 0.2606 0.2281
vn 0.9009 -0.1324 0.4134
vn 0.8790 -0.3283 -0.3457
vn 0.2343 0.7776 -0.5835
vn 0.0749 0.9846 -0.1581
vn 0.2257 0.9055 0.3592
vn 0.1095 0.9680 -0.2258
vn 0.0939 0.9760 -0.1966
vn 0.1365 0.9706 -0.1985
vn -0.3577 -0.1762 -0.9170
vn 0.1185 -0.4103 -0.9042
vn -0.7794 -0.1674 -0.6038
vn 0.1135 -0.2968 0.9482
vn 0.7711 -0.0224 0.6363
vn 0.0763 0.4495 0.8900
vn 0.8652 -0.0948 0.4924
vn 0.8519 -0.4462 -0.2740
vn 0.9257 0.3349 -0.1761
vn -0.5266 -0.0988 0.8444
vn 0.3870 -0.1272 0.9133
vn -0.2757 0.4997 0.8212
vn 0.1852 0.9629 -0.1964
vn 0.1950 0.9594 -0.2037
vn 0.1736 0.9630 -0.2063
vn -0.8980 0.4233 0.1200
vn -0.8263 -0.0228 -0.5628
vn -0.8538 -0.0612 0.5169
vn -0.6108 -0.0850 -0.7872
vn -0.1800 -0.1903 -0.9651
vn -0.1644 -0.1875 -0.9684
vn 0.0107 -0.6381 -0.7699
vn 0.6792 0.7336 -0.0204
vn 0.3813 0.6564 -0.6510
vn 0.1768 0.9636 -0.2006
vn 0.1830 -0.9794 0.0856
vn -0.1776 -0.9612 0.2110
vn -0.4465 -0.8809 -0.1572
vn 0.0075 -0.8985 -0.4389
vn -0.1686 -0.9760 -0.1376
vn -0.4362 -0.7967 -0.4183
vn -0.1538 -0.7577 -0.6342
vn -0.1773 -0.9300 -0.3219
vn -0.5296 -0.7459 -0.4039
vn -0.1576 -0.4242 -0.8918
vn -0.1687 -0.7167 -0.6767
vn -0.5416 -0.4961 -0.6787
vn -0.1527 -0.1708 -0.9734
vn -0.1678 -0.5048 -0.8468
vn -0.5381 -0.3029 -0.7866
vn -0.1557 -0.0058 -0.9878
vn -0.1752 -0.3613 -0.9159
vn -0.5462 -0.1578 -0.8226
vn -0.1487 0.0772 -0.9859
vn -0.1690 -0.2832 -0.9441
vn -0.5429 -0.0857 -0.8354
vn -0.4783 0.2221 -0.8496
vn 0.2505 0.5608 -0.7891
vn 0.1232 -0.2028 -0.9714
vn -0.4578 0.8134 0.3589
vn -0.3707 0.9278 -0.0418
vn -0.7366 0.6442 -0.2059
vn 0.1477 -0.9882 -0.0415
vn -0.1577 -0.5802 -0.7991
vn 0.4183 -0.4376 -0.7960
vn 0.5362 -0.4949 -0.6838
vn -0.4710 -0.8281 0.3038
vn -0.0797 -0.8406 -0.5358
vn 0.0308 -0.8948 0.4454
vn 0.1223 -0.8474 0.5166
vn 0.0238 -0.8897 -0.4559
vn 0.4641 -0.8025 -0.3749
vn 0.5381 -0.7969 -0.2746
vn -0.5859 -0.2559 0.7689
vn -0.1358 -0.9223 0.3618
vn -0.1278 -0.1402 0.9818
vn 0.2077 0.0381 0.9774
vn 0.2023 -0.8302 0.5194
vn 0.5703 -0.6806 0.4599
vn 0.6596 -0.5528 0.5092
vn -0.5575 -0.1059 0.8234
vn -0.0875 -0.8172 0.5696
vn -0.0906 0.0827 0.9924
vn -0.5259 0.8485 0.0591
vn -0.0832 0.5855 0.8064
vn -0.0374 0.9944 -0.0992
vn 0.1510 0.8980 -0.4134
vn 0.1378 0.8126 0.5663
vn 0.5277 0.7228 0.4463
vn 0.6147 0.7253 0.3099
vn -0.5551 0.7891 -0.2631
vn -0.1165 0.8390 0.5316
vn -0.0981 0.8777 -0.4691
vn 0.1336 0.8051 -0.5779
vn 0.0856 0.9139 0.3967
vn 0.5028 0.8030 0.3199
vn 0.5808 0.7880 0.2044
vn -0.5542 0.5541 -0.6211
vn -0.1100 0.9935 0.0309
vn -0.0906 0.5236 -0.8471
vn 0.1306 0.4107 -0.9024
vn 0.0851 0.9893 -0.1183
vn 0.1652 0.9843 -0.0622
vn 0.5771 0.7856 -0.2232
vn -0.0641 -0.4027 -0.9131
vn 0.1176 0.5424 -0.8318
vn 0.1848 -0.4523 -0.8725
vn 0.5809 -0.1174 -0.8055
vn -0.0131 -0.9359 0.3519
vn 0.0567 -0.9350 -0.3501
vn -0.0399 -0.8434 -0.5358
vn -0.0146 -0.7195 -0.6943
vn 0.0286 -0.0799 -0.9964
vn 0.0452 0.9551 -0.2929
vn 0.0476 0.9646 0.2595
vn 0.0378 0.1750 -0.9838
vn 0.4993 0.1496 -0.8534
vn 0.5637 0.0656 -0.8234
vn 0.1762 -0.7273 -0.6633
vn -0.5679 -0.4984 -0.6550
vn -0.1932 0.2987 -0.9346
vn -0.1469 -0.6764 -0.7217
vn 0.0794 -0.0618 -0.9949
vn 0.5353 -0.0428 -0.8436
vn 0.5905 -0.1076 -0.7998
vn 0.2226 -0.8577 -0.4634
vn -0.4918 -0.6976 -0.5211
vn -0.1508 0.0426 -0.9876
vn -0.0103 -0.8329 -0.5533
vn -0.4761 -0.8072 -0.3490
vn -0.1226 -0.2042 -0.9712
vn 0.0148 -0.9433 -0.3317
vn -0.5171 -0.8384 -0.1723
vn -0.1535 -0.3943 -0.9061
vn -0.0572 -0.9914 -0.1178
vn 0.1092 -0.2941 -0.9495
vn 0.5379 -0.2622 -0.8012
vn 0.5892 -0.3148 -0.7441
vn 0.2098 -0.9489 -0.2357
vn -0.4826 -0.7282 -0.4866
vn 0.1703 -0.6208 -0.7652
vn 0.0147 -0.9922 0.1239
vn -0.1864 -0.9815 0.0442
vn 0.0280 -0.6127 -0.7898
vn 0.4124 -0.6201 -0.6674
vn 0.3877 -0.9217 0.0146
vn 0.0724 -0.7814 -0.6198
vn 0.5180 -0.6746 -0.5260
vn 0.5731 -0.6867 -0.4473
vn 0.1939 -0.9226 0.3335
vn -0.2498 -0.9367 0.2455
vn -0.0078 -0.7325 -0.6807
vn 0.4325 -0.9016 -0.0049
vn -0.4568 -0.7853 0.4178
vn -0.0569 -0.9156 -0.3981
vn 0.0412 -0.8132 0.5805
vn 0.1422 -0.7560 0.6389
vn 0.0225 -0.9538 -0.2995
vn 0.4801 -0.8396 -0.2542
vn 0.5638 -0.8132 -0.1447
vn 0.1612 -0.9755 -0.1497
vn 0.5537 -0.8284 -0.0846
vn 0.6102 -0.7922 -0.0076
vn 0.2018 -0.6131 0.7638
vn -0.4414 -0.7007 0.5606
vn -0.0481 -0.9716 -0.2319
vn 0.0691 -0.7012 0.7096
vn 0.2443 -0.3946 0.8858
vn 0.2295 -0.9691 0.0902
vn 0.6050 -0.7904 0.0959
vn 0.6694 -0.7218 0.1759
vn -0.5855 -0.5518 0.5939
vn -0.1609 -0.9836 -0.0814
vn -0.1323 -0.5588 0.8187
vn 0.2068 -0.1937 0.9590
vn 0.1948 -0.9316 0.3070
vn 0.5717 -0.7694 0.2848
vn 0.6425 -0.6824 0.3485
vn -0.5667 -0.4243 0.7063
vn -0.1233 -0.9808 0.1512
vn -0.1130 -0.3539 0.9284
vn -0.4792 -0.3739 0.7941
vn 0.1747 -0.6639 0.7271
vn 0.0297 0.2659 0.9635
vn 0.1439 0.2418 0.9596
vn 0.1430 -0.7011 0.6986
vn 0.5192 -0.5759 0.6314
vn 0.6129 -0.4350 0.6596
vn 0.1242 -0.5243 0.8424
vn 0.5380 -0.4173 0.7324
vn 0.5942 -0.3221 0.7370
vn 0.1963 0.4495 0.8715
vn -0.2647 0.3581 0.8954
vn -0.0029 -0.5735 0.8192
vn 0.4311 0.1304 0.8928
vn -0.6245 0.3589 0.6937
vn -0.2060 -0.4353 0.8764
vn -0.1567 0.5594 0.8139
vn 0.1879 0.8999 0.3934
vn 0.0866 0.1289 0.9879
vn 0.5220 0.1248 0.8438
vn 0.5809 0.1842 0.7928
vn -0.4055 0.7673 0.4968
vn -0.0639 0.0385 0.9972
vn 0.1626 0.8425 0.5136
vn -0.5126 0.7980 0.3170
vn -0.1450 0.2320 0.9618
vn -0.0407 0.9571 0.2870
vn 0.2103 0.9570 0.1998
vn 0.0851 0.3335 0.9389
vn 0.5305 0.2848 0.7984
vn 0.5949 0.3379 0.7294
vn 0.1254 0.5218 0.8438
vn 0.5338 0.4702 0.7029
vn 0.5894 0.5069 0.6290
vn 0.1932 0.9809 -0.0226
vn -0.4805 0.8653 0.1425
vn -0.1046 0.4481 0.8878
vn 0.0166 0.9974 0.0702
vn -0.5381 0.8399 -0.0705
vn -0.0755 0.7167 0.6933
vn -0.0649 0.9584 -0.2780
vn 0.1450 0.9628 -0.2282
vn 0.1263 0.6864 0.7162
vn 0.5174 0.6271 0.5822
vn 0.5966 0.6551 0.4636
vn 0.1071 0.7106 -0.6954
vn 0.0683 0.9657 0.2505
vn 0.4810 0.8570 0.1849
vn 0.5654 0.8225 0.0615
vn -0.4917 0.7635 -0.4188
vn -0.0461 0.9346 0.3528
vn 0.0034 0.7778 -0.6285
vn 0.1437 0.5727 -0.8071
vn 0.1257 0.9888 0.0809
vn 0.5139 0.8576 0.0211
vn 0.6022 0.7922 -0.0990
vn -0.5188 0.6861 -0.5101
vn -0.0644 0.9750 0.2126
vn -0.0280 0.6777 -0.7348
vn 0.0858 0.2834 -0.9551
vn 0.0677 0.9645 -0.2552
vn 0.4550 0.8457 -0.2790
vn 0.5584 0.7326 -0.3891
vn -0.4986 0.4764 -0.7242
vn -0.0360 0.9874 -0.1538
vn 0.0046 0.3669 -0.9302
vn -0.6561 0.3132 -0.6866
vn -0.1628 0.9400 -0.2998
vn -0.1645 0.2022 -0.9654
vn 0.2619 -0.1071 -0.9591
vn 0.2156 0.7881 -0.5765
vn 0.6049 0.6373 -0.4775
vn 0.6894 0.5132 -0.5112
vn 0.0929 -0.2873 -0.9533
vn -0.3434 0.3672 -0.8644
vn 0.2972 0.6557 -0.6941
vn 0.4888 0.4969 -0.7170
vn -0.5675 -0.1144 -0.8154
vn -0.1990 0.7188 -0.6661
vn -0.1352 -0.2278 -0.9643
vn 0.1782 0.3648 -0.9139
vn 0.5684 0.2783 -0.7742
vn 0.6437 0.1620 -0.7479
vn 0.2101 -0.6016 -0.7706
vn -0.5970 -0.2742 -0.7540
vn -0.1736 0.5270 -0.8319
vn -0.1688 -0.4703 -0.8662
vn -0.1000 -0.1780 0.9789
vn -0.0653 -0.4682 0.8812
vn -0.0068 -0.5804 0.8143
vn -0.1119 -0.8256 0.5530
vn -0.0458 -0.9074 0.4178
vn -0.0464 -0.9856 0.1625
vn -0.0316 -0.9959 0.0843
vn -0.0068 -0.9961 -0.0876
vn -0.0541 -0.9949 -0.0854
vn -0.0198 -0.9721 -0.2339
vn 0.0597 -0.9846 -0.1641
vn -0.0441 -0.7753 -0.6300
vn -0.0194 -0.8109 -0.5849
vn 0.0413 -0.5832 -0.8113
vn -0.1171 -0.5362 -0.8359
vn -0.0481 -0.3440 -0.9377
vn 0.0364 -0.2924 -0.9556
vn -0.0568 -0.0215 -0.9982
vn -0.1078 0.0451 -0.9932
vn 0.0282 0.0630 -0.9976
vn -0.0191 0.2039 -0.9788
vn 0.0417 0.2754 -0.9604
vn -0.1105 0.5617 -0.8200
vn -0.0384 0.6683 -0.7429
vn 0.0432 0.7679 -0.6391
vn -0.1030 0.8299 -0.5484
vn -0.1028 0.8298 -0.5485
vn -0.0560 0.9006 -0.4311
vn -0.0372 0.9282 -0.3702
vn -0.0414 0.9834 -0.1767
vn -0.0297 0.9800 -0.1966
vn -0.0274 0.9965 -0.0790
vn -0.0980 0.9951 -0.0130
vn -0.0470 0.9892 0.1386
vn -0.0269 0.9942 0.1038
vn -0.0761 0.7610 0.6443
vn -0.0459 0.5772 0.8153
vn -0.0558 0.4197 0.9060
vn -0.0095 0.2898 0.9570
vn -0.0489 0.1014 0.9936
vn -0.0923 -0.0259 0.9954
vt 0.737672 0.443807
vt 0.757903 0.420924
vt 0.760392 0.458333
vt 0.779909 0.396551
vt 0.757667 0.396242
vt 0.732096 0.396279
vt 0.739583 0.479167
vt 0.731626 0.487240
vt 0.961118 0.396102
vt 0.953190 0.416667
vt 0.978281 0.416667
vt 0.978306 0.437500
vt 0.954185 0.427084
vt 0.989062 0.427084
vt 0.711732 0.445190
vt 0.718750 0.458333
vt 0.713889 0.487239
vt 0.707280 0.396479
vt 0.648839 0.396344
vt 0.684938 0.396242
vt 0.656265 0.479104
vt 0.672369 0.487239
vt 0.677083 0.458333
vt 0.656250 0.437500
vt 0.669436 0.421485
vt 0.692049 0.416667
vt 0.696513 0.442666
vt 0.640459 0.420133
vt 0.621747 0.449832
vt 0.630721 0.487239
vt 0.638302 0.458333
vt 0.649445 0.487291
vt 0.596643 0.458333
vt 0.588890 0.487237
vt 0.606683 0.487241
vt 0.614583 0.479167
vt 0.611220 0.420644
vt 0.796864 0.458333
vt 0.797344 0.437500
vt 0.828124 0.437500
vt 0.587182 0.444624
vt 0.468750 0.458334
vt 0.466849 0.487237
vt 0.484615 0.447467
vt 0.503307 0.445091
vt 0.504761 0.487263
vt 0.510416 0.458333
vt 0.473692 0.416667
vt 0.461678 0.443865
vt 0.427083 0.458334
vt 0.425076 0.487243
vt 0.442681 0.447862
vt 0.541666 0.479003
vt 0.552083 0.458333
vt 0.560711 0.487278
vt 0.528501 0.455509
vt 0.531249 0.479167
vt 0.520833 0.479167
vt 0.358129 0.420789
vt 0.369808 0.449651
vt 0.383851 0.423744
vt 0.319969 0.450622
vt 0.343646 0.458334
vt 0.338450 0.421385
vt 0.297359 0.416667
vt 0.302101 0.458258
vt 0.318674 0.416667
vt 0.286428 0.449468
vt 0.302346 0.487227
vt 0.260455 0.458372
vt 0.281250 0.479167
vt 0.419768 0.444424
vt 0.406801 0.416667
vt 0.442532 0.416667
vt 0.403600 0.450320
vt 0.227863 0.416667
vt 0.228961 0.447058
vt 0.245434 0.449202
vt 0.385416 0.458334
vt 0.385433 0.487242
vt 0.140625 0.416667
vt 0.145848 0.447946
vt 0.172650 0.416667
vt 0.120036 0.447592
vt 0.133355 0.487232
vt 0.044669 0.445192
vt 0.050022 0.487232
vt 0.061511 0.441686
vt 0.364583 0.479167
vt 0.351595 0.486683
vt 0.020833 0.437500
vt 0.005240 0.449766
vt 0.028282 0.450959
vt 0.005306 0.416667
vt 0.037344 0.416667
vt 0.930875 0.421220
vt 0.947917 0.437500
vt 0.930270 0.458333
vt 0.921983 0.487243
vt 0.942911 0.487236
vt 0.000000 0.000000
vt 0.272322 0.422504
vt 0.251990 0.423899
vt 0.872357 0.449493
vt 0.877388 0.487262
vt 0.885521 0.458333
vt 0.262282 0.487282
vt 0.861484 0.423339
vt 0.884096 0.424275
vt 0.239583 0.479167
vt 0.233228 0.484637
vt 0.838153 0.420986
vt 0.850754 0.445793
vt 0.218750 0.458334
vt 0.203425 0.449331
vt 0.213429 0.487232
vt 0.790887 0.416667
vt 0.788816 0.448996
vt 0.813016 0.448033
vt 0.744788 0.437500
vt 0.724869 0.427083
vt 0.760939 0.427084
vt 0.740350 0.458333
vt 0.717450 0.437500
vt 0.177255 0.458141
vt 0.169707 0.445177
vt 0.692466 0.427083
vt 0.687503 0.437500
vt 0.659978 0.427083
vt 0.652519 0.437500
vt 0.619790 0.427084
vt 0.582812 0.489113
vt 0.568108 0.458333
vt 0.600437 0.458333
vt 0.581827 0.490337
vt 0.557291 0.489757
vt 0.557291 0.489587
vt 0.538786 0.488662
vt 0.538307 0.487829
vt 0.514941 0.437500
vt 0.500429 0.427084
vt 0.526583 0.427084
vt 0.484997 0.437500
vt 0.473712 0.427084
vt 0.489784 0.396406
vt 0.499711 0.416667
vt 0.010742 0.487232
vt 0.453183 0.489766
vt 0.453126 0.489586
vt 0.453307 0.489746
vt 0.390624 0.458334
vt 0.385422 0.437500
vt 0.417969 0.437500
vt 0.986074 0.450111
vt 0.989583 0.479167
vt 0.981505 0.487273
vt 0.379876 0.396103
vt 0.421166 0.396237
vt 0.524543 0.421875
vt 0.527569 0.421875
vt 0.588572 0.421875
vt 0.979167 0.437500
vt 0.968750 0.458334
vt 0.332464 0.437500
vt 0.324217 0.427084
vt 0.349878 0.427084
vt 0.958203 0.447419
vt 0.336104 0.396405
vt 0.302892 0.396366
vt 0.908268 0.441384
vt 0.901068 0.416667
vt 0.288307 0.487830
vt 0.271598 0.458334
vt 0.297275 0.458334
vt 0.292022 0.427084
vt 0.281251 0.437500
vt 0.255781 0.427084
vt 0.249557 0.437500
vt 0.901522 0.487236
vt 0.237191 0.490136
vt 0.236459 0.487500
vt 0.245484 0.490576
vt 0.240884 0.458334
vt 0.217449 0.437500
vt 0.198994 0.396048
vt 0.202558 0.416667
vt 0.843688 0.458333
vt 0.182401 0.489760
vt 0.181393 0.489750
vt 0.171787 0.461803
vt 0.204604 0.458334
vt 0.142539 0.489048
vt 0.125845 0.488527
vt 0.119388 0.463058
vt 0.142870 0.488151
vt 0.144532 0.458334
vt 0.134975 0.437500
vt 0.166048 0.437500
vt 0.802083 0.458333
vt 0.796998 0.487247
vt 0.075415 0.488513
vt 0.052224 0.490048
vt 0.052139 0.489872
vt 0.076014 0.486163
vt 0.108463 0.427084
vt 0.098274 0.437500
vt 0.066228 0.427084
vt 0.729986 0.490292
vt 0.718345 0.489462
vt 0.718943 0.490697
vt 0.714466 0.458333
vt 0.943390 0.437500
vt 0.917033 0.427084
vt 0.959261 0.488593
vt 0.948574 0.488889
vt 0.942306 0.463059
vt 0.963234 0.461557
vt 0.901040 0.437500
vt 0.890624 0.458333
vt 0.863282 0.437500
vt 0.692016 0.489225
vt 0.692493 0.488164
vt 0.678701 0.489258
vt 0.667612 0.489310
vt 0.688086 0.458333
vt 0.656292 0.458333
vt 0.666735 0.489294
vt 0.818189 0.396334
vt 0.817835 0.416667
vt 0.640661 0.490581
vt 0.644986 0.490371
vt 0.640624 0.490408
vt 0.462002 0.421875
vt 0.629063 0.467225
vt 0.796876 0.427084
vt 0.771692 0.437500
vt 0.614578 0.437500
vt 0.623424 0.490165
vt 0.609693 0.490140
vt 0.577271 0.396214
vt 0.562513 0.416667
vt 0.535322 0.396381
vt 0.494739 0.416667
vt 0.453108 0.396271
vt 0.578125 0.437500
vt 0.126693 0.416667
vt 0.144715 0.396116
vt 0.171178 0.396259
vt 0.589079 0.427084
vt 0.558353 0.427084
vt 0.401871 0.416667
vt 0.541130 0.458333
vt 0.546877 0.437500
vt 0.555425 0.419706
vt 0.529631 0.424173
vt 0.854643 0.416667
vt 0.858997 0.396299
vt 0.892774 0.396161
vt 0.926219 0.396272
vt 0.923492 0.416667
vt 0.833763 0.427084
vt 0.807341 0.421875
vt 0.869821 0.421875
vt 0.994792 0.421875
vt 0.967498 0.421875
vt 0.308687 0.421875
vt 0.359344 0.421875
vt 0.160065 0.421875
vt 0.150548 0.427084
vt 0.109424 0.421875
vt 0.446970 0.427084
vt 0.454605 0.437500
vt 0.647318 0.421875
vt 0.699401 0.421875
vt 0.463234 0.461557
vt 0.438647 0.465784
vt 0.923468 0.421875
vt 0.925541 0.421875
vt 0.067683 0.416667
vt 0.051967 0.416874
vt 0.041545 0.416667
vt 0.650967 0.416667
vt 0.644669 0.416871
vt 0.624693 0.416667
vt 0.426264 0.421875
vt 0.447955 0.421875
vt 0.385426 0.421875
vt 0.673381 0.421875
vt 0.698503 0.421875
vt 0.719917 0.421875
vt 0.468384 0.416667
vt 0.463924 0.416896
vt 0.436992 0.416667
vt 0.426287 0.416915
vt 0.411115 0.416667
vt 0.381662 0.487233
vt 0.360033 0.462067
vt 0.437513 0.416667
vt 0.249990 0.421875
vt 0.272059 0.421875
vt 0.235821 0.421875
vt 0.358450 0.437500
vt 0.380780 0.427084
vt 0.409977 0.421875
vt 0.765624 0.416667
vt 0.730028 0.416667
vt 0.792406 0.416667
vt 0.329229 0.489672
vt 0.327658 0.489511
vt 0.327732 0.489700
vt 0.197949 0.421875
vt 0.203125 0.421875
vt 0.006766 0.421875
vt 0.020697 0.421875
vt 0.052114 0.421875
vt 0.307118 0.437500
vt 0.329603 0.458334
vt 0.307061 0.489019
vt 0.777091 0.421794
vt 0.804851 0.421875
vt 0.755412 0.421875
vt 0.895822 0.421766
vt 0.876035 0.416809
vt 0.907319 0.416811
vt 0.889610 0.487532
vt 0.975902 0.421875
vt 0.993544 0.421598
vt 1.000000 0.421875
vt 0.641615 0.416667
vt 0.713538 0.416667
vt 0.971586 0.421757
vt 0.944588 0.416769
vt 0.973254 0.416787
vt 0.235283 0.489909
vt 0.207740 0.484905
vt 0.210349 0.490465
vt 0.223956 0.427084
vt 0.191646 0.427084
vt 0.191788 0.437500
vt 0.605796 0.421875
vt 0.204975 0.490956
vt 0.185159 0.489949
vt 0.313537 0.416667
vt 0.329604 0.416667
vt 0.207610 0.416762
vt 0.182330 0.416667
vt 0.213487 0.416667
vt 0.712946 0.416872
vt 0.698396 0.421598
vt 0.675814 0.416875
vt 0.436894 0.421875
vt 0.483498 0.421690
vt 0.501263 0.416813
vt 0.142192 0.421875
vt 0.121782 0.416857
vt 0.160858 0.416667
vt 0.789557 0.416818
vt 0.753753 0.416832
vt 0.843373 0.416667
vt 0.817790 0.416667
vt 0.886930 0.416667
vt 0.583324 0.421875
vt 0.618321 0.421875
vt 0.577643 0.421875
vt 0.509041 0.416667
vt 0.074219 0.458334
vt 0.063358 0.437500
vt 0.467836 0.421875
vt 0.331002 0.421875
vt 0.347106 0.421691
vt 0.381599 0.421875
vt 0.042970 0.458334
vt 0.036756 0.437500
vt 0.145435 0.421875
vt 0.187494 0.421875
vt 0.207829 0.421875
vt 0.031250 0.479167
vt 0.025588 0.488739
vt 0.011719 0.458334
vt 0.006363 0.396156
vt 0.114583 0.479167
vt 0.090823 0.486005
vt 0.024563 0.427084
vt 0.000000 0.427084
vt 0.009733 0.437500
vt 0.998182 0.485233
vt 1.000000 0.458334
vt 0.984520 0.462344
vt 0.997191 0.485294
vt 0.156250 0.479167
vt 0.163757 0.487278
vt 0.406250 0.479167
vt 0.744354 0.487532
vt 0.756103 0.487235
vt 0.731626 0.487274
vt 0.098851 0.487532
vt 0.235600 0.487532
vt 0.076531 0.421875
vt 0.921480 0.461966
vt 0.577204 0.487532
vt 0.885420 0.427084
vt 0.642103 0.487532
vt 0.863824 0.490053
vt 0.855467 0.458333
vt 0.859679 0.427084
vt 0.749991 0.421875
vt 0.838326 0.488165
vt 0.828520 0.458333
vt 0.817703 0.490115
vt 0.817016 0.490074
vt 0.615123 0.396267
vt 0.780828 0.416667
vt 0.750005 0.416667
vt 0.193867 0.416667
vt 0.114119 0.396072
vt 0.078378 0.396284
vt 0.042535 0.396169
vt 0.057805 0.416667
vt 0.984006 0.416667
vt 0.993282 0.396429
vt 0.571595 0.416667
vt 0.772347 0.421875
vt 0.915189 0.487532
vt 0.850452 0.421875
vt 0.015625 0.416667
vt 0.007819 0.416667
vt 0.319073 0.421875
vt 0.271381 0.421875
vt 0.301257 0.416912
vt 0.323179 0.416667
vt 0.297029 0.416667
vt 0.969173 0.416667
vt 0.937322 0.416667
vt 0.353555 0.416817
vt 0.380107 0.416667
vt 0.349240 0.416667
vt 0.390323 0.416861
vt 0.943947 0.416667
vt 0.185978 0.416667
vt 0.260511 0.416667
vt 0.250814 0.416667
vt 0.145750 0.421875
vt 0.536363 0.416868
vt 0.531207 0.421875
vt 0.113070 0.416667
vt 0.975343 0.421875
vt 0.816912 0.416866
vt 0.816146 0.421658
vt 0.844823 0.416809
vt 0.854934 0.421875
vt 0.609261 0.416864
vt 0.573125 0.416864
vt 0.841260 0.421875
vt 0.260273 0.416759
vt 0.239459 0.421875
vt 0.880207 0.421875
vt 0.925163 0.421875
vt 0.628441 0.421875
vt 0.288110 0.421875
vt 0.659692 0.421722
vt 0.022208 0.421875
vt 0.083321 0.421875
vt 0.046911 0.421598
vt 0.326855 0.416788
vt 0.317633 0.421875
vt 0.270659 0.416667
vt 0.244204 0.416667
vt 0.588473 0.416667
vt 0.552154 0.416667
vt 0.525864 0.416667
vt 0.155994 0.416667
vt 0.812193 0.416667
vt 0.129997 0.416667
vt 0.098912 0.416667
vt 0.737634 0.421787
vt 0.639221 0.416667
vt 0.094097 0.421598
vt 0.088246 0.416798
vt 0.506217 0.421875
vt 0.542252 0.421875
vt 0.390224 0.421875
vt 0.056053 0.416667
vt 0.991285 0.416667
vt 0.677078 0.416667
vt 0.489583 0.479167
vt 0.447916 0.479167
vt 0.322916 0.479167
vt 0.330538 0.487272
vt 0.072917 0.479167
vt 0.843655 0.487232
vt 0.864583 0.479167
vt 0.800610 0.487532
vt 0.816768 0.487297
vt 0.827958 0.487532
vt 0.859013 0.487532
vt 0.963229 0.487231
vt 0.946078 0.487532
vt 0.973187 0.487532
vt 0.981505 0.487241
vt 1.000000 0.487234
vt 0.995582 0.487532
vt 0.029947 0.487532
vt 0.062504 0.487532
vt 0.163757 0.487237
vt 0.184558 0.487307
vt 0.166740 0.487532
vt 0.199032 0.487532
vt 0.275687 0.487532
vt 0.310618 0.487532
vt 0.330538 0.487233
vt 0.347064 0.487532
vt 0.483636 0.487532
vt 0.546873 0.487532
vt 0.531114 0.487390
vt 0.604162 0.487532
vt 0.683770 0.487532
vt 0.691483 0.487298
vt 0.723442 0.416667
vt 0.697916 0.479167
vt 0.568002 0.447560
vt 0.572916 0.479167
vt 0.587693 0.416667
vt 0.077820 0.446675
vt 0.235676 0.396325
vt 0.274980 0.396242
vt 0.193537 0.479167
vt 0.108600 0.416667
vt 0.098724 0.449120
vt 0.822917 0.437500
vt 0.780195 0.438686
vt 0.822916 0.479167
vt 1.000000 0.449766
vt 0.439366 0.490058
vt 0.416412 0.489051
vt 0.416237 0.427084
vt 0.483882 0.462786
vt 0.398638 0.490382
vt 0.394264 0.490021
vt 0.421508 0.458334
vt 0.510322 0.461906
vt 0.345451 0.489382
vt 0.307069 0.490071
vt 0.158923 0.490380
vt 0.152755 0.489890
vt 1.000000 0.416667
vt 1.000000 0.437500
vt 0.076967 0.488569
vt 0.863855 0.490222
vt 0.863708 0.490220
vt 0.908845 0.490379
vt 0.890391 0.490117
vt 0.869204 0.490203
vt 0.825496 0.489781
vt 0.838464 0.489259
vt 0.381446 0.416667
vt 0.765622 0.458333
vt 0.905771 0.416667
vt 0.713806 0.416667
vt 0.657331 0.421875
vt 0.994868 0.416667
vt 0.994744 0.416863
vt 0.941003 0.421598
vt 0.499691 0.416667
vt 0.874634 0.416667
vt 0.007980 0.416667
vt 0.606683 0.487275
vt 0.781250 0.479167
vt 0.775122 0.487303
vt 0.198028 0.490098
vt 0.168367 0.490104
vt 0.714463 0.487532
vt 0.005227 0.487532
vt 0.384195 0.487532
vt 0.458300 0.487532
vt 0.134131 0.487532
vt 0.531115 0.487246
vt 0.073003 0.416667
vt 0.717758 0.490670
vt 0.692844 0.489244
vt 0.583034 0.490339
vt 0.599986 0.490211
vt 0.608957 0.490121
vt 0.366850 0.489175
vt 0.347433 0.489399
vt 0.270609 0.489137
vt 0.159494 0.490374
vt 0.099194 0.462831
vt 0.971962 0.487573
vt 0.925048 0.488859
vt 0.909494 0.490368
vt 0.791463 0.489248
vt 0.765623 0.489751
vt 0.783113 0.489431
vt 0.765623 0.487828
vt 0.754198 0.489758
vt 0.006051 0.416893
vt 0.008745 0.421598
vt 0.774680 0.487532
vt 0.421937 0.487532
vt 0.510622 0.487532
vt 0.856525 0.490106
vt 0.823365 0.490110
vt 0.230859 0.490149
vt 0.594512 0.490149
vt 0.578148 0.490151
vt 0.514054 0.490167
vt 0.504018 0.490109
vt 0.487476 0.490110
vt 0.357248 0.490137
vt 0.343127 0.490155
vt 0.320951 0.490134
vt 0.307283 0.490124
vt 0.068106 0.490106
vt 0.058472 0.490108
vt 0.026422 0.490107
vt 0.011254 0.490105
vt 0.003188 0.490130
vt 0.992420 0.490130
vt 0.978741 0.490120
vt 0.923554 0.490143
vt 0.910912 0.490143
vt 0.895305 0.490118
vt 0.774604 0.490108
vt 0.756060 0.490119
vt 0.935676 0.489199
vt 0.052082 0.490052
vt 0.093792 0.489891
vt 0.114483 0.489480
vt 0.453044 0.489748
vt 0.537975 0.488668
vt 0.705322 0.490152
vt 0.686706 0.490153
vt 0.721713 0.490151
vt 0.670308 0.490153
vt 0.645039 0.490153
vt 0.631272 0.490153
vt 0.608256 0.490149
vt 0.559688 0.490140
vt 0.546874 0.490139
vt 0.536057 0.490144
vt 0.477031 0.490129
vt 0.461567 0.490122
vt 0.451835 0.490109
vt 0.429595 0.490126
vt 0.417135 0.490136
vt 0.394076 0.490117
vt 0.379909 0.490105
vt 0.285959 0.490127
vt 0.275698 0.490134
vt 0.265755 0.490113
vt 0.241292 0.490154
vt 0.157969 0.490128
vt 0.138071 0.490128
vt 0.123790 0.490111
vt 0.102171 0.490111
vt 0.090405 0.490106
vt 0.038511 0.490109
vt 0.968942 0.490084
vt 0.952203 0.490077
vt 0.942382 0.490110
vt 0.885771 0.490084
vt 0.866890 0.490081
vt 0.806605 0.490111
vt 0.790448 0.490122
vt 0.739829 0.490163
vt 0.982527 0.487910
vt 0.023898 0.488927
vt 0.025515 0.488906
vt 0.004403 0.489249
vt 0.025677 0.488909
vt 0.104258 0.489360
vt 0.252900 0.490859
vt 0.264027 0.490821
vt 0.270874 0.490682
vt 0.287994 0.488674
vt 0.381191 0.488953
vt 0.416069 0.489023
vt 0.416276 0.489021
vt 0.472174 0.487893
vt 0.482545 0.488306
vt 0.498125 0.489490
vt 0.502006 0.489565
vt 0.518806 0.490240
vt 0.744572 0.489734
s 0
usemtl Material.001
f 6/1/1 7/2/2 4/3/3
f 243/4/4 248/5/5 9/6/6
f 6/1/7 3150/7/8 898/8/9
f 218/9/10 224/10/11 217/11/12
f 565/12/13 567/13/13 548/14/13
f 16/15/14 3107/16/15 13/17/16
f 3/1/17 915/8/18 3227/7/19
f 20/18/20 30/19/21 22/20/22
f 2972/21/23 26/22/24 3056/23/25
f 3009/24/26 2972/21/27 29/25/28
f 18/26/29 3070/27/30 24/25/31
f 2907/21/32 2989/23/33 23/22/34
f 17/18/35 19/20/36 25/19/37
f 2941/24/38 24/25/39 2907/21/40
f 24/25/41 2941/24/42 28/28/43
f 38/29/44 35/30/45 31/31/46
f 27/31/47 886/32/48 32/30/49
f 43/33/50 45/34/51 904/35/52
f 34/29/53 27/31/54 32/30/55
f 34/29/56 28/28/57 27/31/58
f 34/29/59 32/30/60 2809/36/61
f 36/37/62 34/29/62 37/33/63
f 37/33/64 885/35/65 40/34/66
f 586/38/67 588/39/67 582/40/67
f 44/41/68 37/33/69 40/34/70
f 2421/42/71 81/43/72 79/44/73
f 78/45/74 893/46/75 2550/47/76
f 82/48/77 83/49/78 79/44/79
f 83/49/80 81/43/81 2421/42/82
f 2304/50/83 92/51/84 91/52/83
f 55/53/85 2618/54/86 49/55/87
f 58/56/88 57/57/89 60/58/90
f 66/45/91 2494/47/92 883/46/93
f 108/59/94 104/60/95 102/61/96
f 2370/42/97 67/44/98 71/43/99
f 72/48/100 67/44/101 75/49/102
f 116/62/103 2050/63/104 112/64/105
f 75/49/106 2370/42/107 71/43/108
f 126/65/109 1930/66/110 117/67/111
f 127/68/112 118/69/113 1930/66/114
f 127/68/115 133/70/116 1875/71/117
f 2252/50/118 77/52/118 80/51/119
f 84/72/120 2252/50/120 80/51/121
f 85/73/122 76/74/123 84/72/124
f 85/73/125 84/72/126 86/75/127
f 85/73/128 86/75/129 89/61/130
f 149/76/131 146/77/132 140/78/133
f 2136/79/134 86/75/135 88/80/136
f 89/61/137 86/75/138 2136/79/139
f 94/60/140 2136/79/141 88/80/142
f 89/61/143 2136/79/144 94/60/145
f 175/81/146 168/82/147 162/83/148
f 99/59/149 89/61/150 94/60/151
f 178/84/152 174/85/152 168/82/152
f 201/86/153 194/87/153 196/88/153
f 94/60/154 2074/89/154 98/90/154
f 1095/91/155 211/92/156 202/93/157
f 212/94/158 1095/91/159 197/95/160
f 106/62/161 101/64/162 1998/63/163
f 228/96/164 4035/97/165 224/10/166
f 225/98/167 229/99/168 912/100/169
f 1880/66/170 106/62/171 109/69/172
f 113/65/173 107/67/174 1880/66/175
f 114/68/176 1880/66/177 109/69/178
f 1004/101/179 1012/101/180 1021/101/181
f 121/102/182 113/65/183 114/68/184
f 114/68/185 1823/71/186 120/70/187
f 123/103/188 120/70/189 124/78/190
f 245/104/191 241/105/192 236/106/193
f 124/78/194 120/70/195 119/107/196
f 251/108/197 245/104/198 240/109/199
f 129/77/200 1697/110/201 128/111/200
f 130/76/202 124/78/203 129/77/204
f 254/112/205 253/113/206 251/108/207
f 129/77/208 1635/114/209 135/115/210
f 135/115/211 1635/114/211 134/116/212
f 266/117/213 267/118/214 260/119/215
f 284/120/216 287/121/216 592/122/216
f 284/120/217 280/123/217 292/124/217
f 144/83/218 143/125/219 148/126/220
f 300/127/221 301/128/221 308/129/221
f 154/81/222 144/83/223 151/82/224
f 30/19/225 33/28/226 29/25/227
f 157/84/228 151/82/228 153/85/228
f 308/129/229 314/130/229 326/131/229
f 339/132/230 347/133/230 338/134/230
f 3890/135/231 3970/136/231 356/137/231 339/132/231
f 3970/136/232 3971/138/232 361/139/232 356/137/232
f 179/86/233 173/88/233 172/87/233
f 363/140/234 375/141/234 368/142/234
f 2296/101/235 2319/101/236 2317/101/237
f 377/143/238 379/144/238 375/141/238
f 74/145/239 82/48/240 73/146/241
f 186/92/242 181/93/242 185/147/242
f 1062/91/243 181/93/244 186/92/245
f 187/94/246 176/95/247 1062/91/248
f 1065/101/249 1045/101/250 1043/101/250
f 3974/148/251 391/149/251 3895/150/251
f 409/151/252 411/152/252 399/153/252
f 192/154/253 964/155/254 191/156/255
f 103/157/256 95/73/257 850/158/258
f 325/159/259 318/160/259 413/161/259
f 937/162/260 192/154/261 3839/163/262
f 428/164/263 430/165/263 422/166/263
f 204/98/264 198/167/265 895/100/266
f 205/96/267 199/10/268 3793/97/269
f 111/168/270 117/67/271 112/64/272
f 122/169/273 126/65/274 117/67/275
f 204/98/276 895/100/277 207/99/278
f 208/170/279 205/96/280 204/98/281
f 209/171/282 205/96/283 208/170/284
f 440/172/285 452/173/285 438/174/285
f 439/175/286 442/176/286 459/177/286
f 452/173/287 463/178/287 442/176/287
f 215/106/288 208/170/288 894/179/289
f 209/171/290 208/170/291 216/109/291
f 3979/180/292 466/181/292 3910/182/292
f 215/106/293 894/179/294 219/105/295
f 463/178/296 464/183/296 470/184/296
f 221/104/297 215/106/298 219/105/299
f 221/104/300 216/109/301 215/106/302
f 222/108/303 216/109/304 221/104/305
f 2187/101/306 2173/101/307 2177/101/308
f 222/108/309 221/104/309 227/113/310
f 231/112/311 222/108/312 227/113/313
f 1069/101/314 1066/101/315 1084/101/316
f 160/185/317 162/83/318 156/186/319
f 231/112/320 227/113/321 3474/187/320
f 3914/188/322 3915/189/322 489/190/322 478/191/322
f 1045/101/323 1051/101/323 1043/101/323
f 3919/192/324 3981/193/324 508/194/324 493/195/324
f 492/196/325 494/197/325 490/198/325
f 242/118/326 3381/199/327 238/200/328
f 242/118/329 233/119/330 3381/199/331
f 239/117/332 233/119/333 242/118/334
f 3921/201/335 3985/202/335 527/203/335 526/204/335
f 501/205/336 509/206/336 520/207/336
f 256/120/337 543/122/337 257/121/337
f 3877/208/338 258/209/338 3878/210/338
f 256/120/339 259/124/339 255/123/339
f 258/209/340 255/123/340 264/211/340
f 2102/101/341 2103/101/342 2101/101/341
f 568/212/343 572/213/343 567/13/343
f 3927/214/344 3989/215/344 569/216/344 566/217/344
f 573/218/345 574/219/345 577/220/345
f 3881/221/346 272/222/346 3882/223/346
f 268/127/347 277/129/347 269/128/347
f 3883/224/348 273/225/348 281/226/348 3968/227/348
f 857/228/349 262/229/350 254/112/351
f 25/19/352 24/25/353 28/28/354
f 3969/230/355 3884/231/355 285/232/355
f 564/233/356 286/159/356 283/160/356
f 285/232/357 281/226/357 293/234/357
f 277/129/358 288/131/358 282/130/358
f 2129/101/359 2123/101/360 2093/101/361
f 587/235/362 589/236/362 592/122/362
f 293/234/363 282/130/363 294/237/363
f 3885/238/364 293/234/364 3886/239/364
f 48/240/365 406/241/366 61/242/367
f 537/243/368 386/244/369 74/145/370
f 294/237/371 304/245/371 298/134/371
f 595/246/372 171/247/373 163/248/374
f 303/132/375 298/134/375 310/133/375
f 304/245/376 305/249/376 311/250/376
f 850/158/377 335/251/378 103/157/379
f 3890/135/380 303/132/380 315/137/380 3970/136/380
f 315/137/381 310/133/381 316/252/381
f 3970/136/382 315/137/382 320/139/382 3971/138/382
f 317/253/383 321/140/383 316/252/383
f 52/242/384 51/254/385 56/255/386
f 510/256/387 244/257/388 235/258/389
f 851/259/390 354/260/391 235/258/392
f 583/261/393 596/262/393 597/263/393
f 600/264/394 548/14/394 599/265/394
f 321/140/395 322/142/395 329/141/395
f 2159/101/396 2142/101/397 2164/101/398
f 332/143/399 329/141/399 336/144/399
f 65/145/400 64/146/401 72/48/402
f 430/165/403 607/266/403 608/267/403
f 325/159/404 375/141/404 610/233/404
f 603/268/405 491/269/405 602/270/405
f 2141/101/406 2138/101/407 2170/101/408
f 3974/148/409 3895/150/409 348/149/409
f 336/144/410 346/271/410 342/272/410
f 308/129/411 484/273/411 528/274/411
f 341/275/412 349/276/412 348/149/412
f 326/131/413 413/161/413 484/273/413
f 847/158/414 76/74/415 85/73/416
f 597/263/417 613/277/417 598/278/417
f 2277/101/418 2279/101/419 2280/101/420
f 684/279/421 827/280/422 680/281/423
f 815/282/424 752/283/425 622/284/424
f 362/151/426 352/153/426 364/152/426
f 642/285/427 650/286/428 637/287/428
f 90/157/429 847/158/430 85/73/431
f 286/159/432 366/161/432 283/160/432
f 500/288/433 682/289/434 570/290/433
f 697/291/435 797/292/436 687/293/437
f 687/293/438 823/294/439 677/295/440
f 367/296/441 362/151/441 372/297/441
f 337/298/442 335/251/443 537/243/444
f 614/299/445 606/300/445 605/301/445
f 373/302/446 365/303/446 376/166/446
f 2142/101/447 2160/101/448 2133/101/449
f 637/287/450 609/304/450 608/267/450
f 382/164/451 376/166/451 384/165/451
f 330/305/452 302/306/453 328/307/454
f 3903/308/455 383/309/455 3904/310/455
f 604/311/456 700/312/456 605/301/456
f 100/168/457 101/64/458 107/67/459
f 600/313/460 706/314/460 601/315/460
f 382/164/461 390/316/461 381/317/461
f 110/169/462 107/67/463 113/65/464
f 389/318/465 381/317/465 394/174/465
f 390/316/466 384/165/466 395/175/466
f 390/316/467 397/176/467 394/174/467
f 813/319/468 738/320/469 689/321/470
f 396/172/471 394/174/471 402/173/471
f 395/175/472 405/177/472 397/176/472
f 845/322/473 837/323/474 830/324/475
f 402/173/476 397/176/476 408/178/476
f 241/105/477 922/325/478 909/179/479
f 753/326/480 803/327/481 759/328/482
f 3979/180/483 3910/182/483 414/181/483
f 270/306/484 249/329/485 416/330/486
f 780/331/487 829/332/488 643/333/489
f 408/178/490 418/184/490 410/183/490
f 3980/334/491 414/181/491 425/335/491 3911/336/491
f 419/337/492 424/338/492 418/184/492
f 418/184/493 427/339/493 423/191/493
f 137/185/494 136/186/495 144/83/496
f 374/340/497 366/161/497 431/273/497
f 3912/341/498 425/335/498 3913/342/498
f 295/251/499 261/343/500 432/344/501
f 736/345/502 787/346/503 784/347/504
f 3914/188/505 423/191/505 435/190/505 3915/189/505
f 424/338/506 437/269/506 436/198/506
f 794/348/507 772/349/508 767/350/509
f 797/292/510 844/351/511 823/294/512
f 795/352/513 797/292/514 716/353/515
f 152/247/516 144/83/517 154/81/518
f 714/354/519 793/355/520 826/356/521
f 441/196/522 436/198/522 445/197/522
f 437/269/523 448/205/523 445/197/523
f 3919/192/524 444/195/524 451/194/524 3981/193/524
f 445/197/525 453/206/525 451/194/525
f 2282/101/526 2265/101/527 2261/101/528
f 839/357/529 813/319/530 840/358/531
f 805/359/532 512/360/532 355/361/532
f 842/362/533 672/363/534 669/364/535
f 539/365/536 697/291/536 337/298/536
f 448/205/537 461/207/537 453/206/537
f 460/366/538 453/206/538 462/367/538
f 844/351/539 655/368/540 642/285/541
f 631/369/542 800/370/543 639/371/544
f 3921/201/545 465/204/545 467/203/545 3985/202/545
f 2316/101/546 2306/101/547 2304/101/548
f 446/288/549 431/273/549 468/274/549
f 467/203/550 460/366/550 471/372/550
f 471/372/551 462/367/551 472/373/551
f 782/374/552 718/375/553 618/376/554
f 2296/101/555 2321/101/556 2319/101/557
f 1124/377/558 206/147/559 194/87/560
f 474/378/561 471/372/561 481/379/561
f 184/380/562 176/95/563 187/94/564
f 1386/381/565 860/382/566 174/85/567
f 473/383/568 485/384/568 482/385/568
f 3924/386/569 481/387/569 486/388/569 3925/389/569
f 1509/390/570 174/85/571 166/391/572
f 2219/392/573 97/80/574 92/51/575
f 861/393/576 2/394/577 915/395/578
f 487/12/579 485/14/579 496/13/579
f 2183/101/580 2178/101/581 2185/101/582
f 195/9/583 193/11/584 199/10/585
f 487/12/586 497/212/586 495/217/586
f 3927/214/587 495/217/587 498/216/587 3989/215/587
f 860/382/588 864/396/589 174/85/590
f 497/212/591 496/13/591 504/213/591
f 150/116/592 873/397/593 142/111/594
f 601/315/595 703/398/595 602/270/595
f 503/399/596 497/212/596 505/218/596
f 142/111/597 873/397/598 132/107/599
f 945/400/600 45/34/601 54/55/602
f 504/213/603 511/401/603 505/218/603
f 947/402/604 906/32/605 35/30/606
f 505/218/607 515/220/607 507/219/607
f 514/403/608 507/219/608 516/404/608
f 515/220/609 511/401/609 517/405/609
f 499/290/610 468/274/610 519/406/610
f 515/220/611 523/40/611 516/404/611
f 220/257/612 222/108/613 231/112/614
f 963/101/615 969/101/616 961/101/616
f 522/407/617 516/404/617 525/408/617
f 853/228/618 220/257/619 231/112/620
f 853/228/621 231/112/622 234/229/623
f 985/101/624 980/101/625 979/101/626
f 969/101/627 985/101/628 960/101/627
f 3936/409/629 525/408/629 531/38/629 3992/410/629
f 523/40/630 524/261/630 532/235/630
f 531/38/631 523/40/631 534/39/631
f 978/101/632 986/101/633 1002/101/634
f 531/38/635 534/39/635 538/236/635
f 1027/101/636 1028/101/637 1022/101/636
f 532/235/638 543/122/638 538/236/638
f 270/306/639 243/4/640 9/6/641
f 1004/101/642 1022/101/643 1012/101/644
f 2243/101/645 2242/101/646 2218/101/647
f 270/306/648 9/6/649 17/18/650
f 249/329/651 17/18/652 25/19/653
f 249/329/654 25/19/655 846/411/656
f 846/411/657 42/240/658 249/329/659
f 790/412/660 840/358/661 668/413/662
f 42/240/663 52/242/664 359/241/665
f 52/242/666 65/145/667 476/243/668
f 2133/101/669 2160/101/670 2139/101/671
f 476/243/672 65/145/673 343/244/674
f 295/251/675 343/244/676 847/158/677
f 2265/101/678 2275/101/679 2261/101/680
f 847/158/681 90/157/682 295/251/683
f 295/251/684 90/157/685 100/168/686
f 261/343/687 100/168/688 110/169/689
f 1028/101/690 1006/101/691 1021/101/692
f 137/185/693 145/248/694 323/414/695
f 2282/101/696 2261/101/697 2260/101/698
f 547/246/699 145/248/700 152/247/701
f 547/246/702 152/247/703 159/415/704
f 159/415/705 165/416/706 547/246/707
f 165/416/708 177/417/709 449/418/710
f 403/419/711 184/420/712 195/9/713
f 195/9/714 852/259/715 312/260/716
f 852/259/717 210/258/718 312/260/719
f 454/256/720 210/258/721 220/257/722
f 1067/101/723 1051/101/724 1057/101/725
f 220/257/726 853/228/727 454/256/728
f 853/228/729 243/4/730 290/307/731
f 524/261/732 551/263/732 550/262/732
f 553/265/733 552/278/733 496/13/733
f 554/264/734 553/265/734 485/14/734
f 555/315/735 554/313/735 473/383/735
f 461/207/736 556/270/736 555/315/736
f 557/268/737 556/270/737 437/269/737
f 558/311/738 557/268/738 424/338/738
f 405/177/739 560/300/739 559/301/739
f 395/175/740 561/266/740 560/300/740
f 384/165/741 562/267/741 561/266/741
f 563/304/742 562/267/742 365/303/742
f 286/159/743 564/233/743 329/141/743
f 366/161/744 286/159/744 311/250/744
f 288/131/745 431/273/745 366/161/745
f 277/129/746 468/274/746 431/273/746
f 257/121/747 519/406/747 468/274/747
f 1069/101/748 1084/101/749 1074/101/750
f 1098/101/751 1124/101/751 1091/101/751
f 1086/101/752 1100/101/753 1101/101/754
f 1121/101/755 1090/101/756 1101/101/757
f 1098/101/758 1091/101/759 1122/101/760
f 1111/101/761 1124/101/762 1098/101/763
f 1142/101/764 1169/101/765 1168/101/766
f 1134/101/767 1146/101/768 1145/101/769
f 1171/101/770 1141/101/771 1166/101/772
f 1151/101/773 1142/101/774 1168/101/775
f 1149/101/776 1143/101/777 1167/101/778
f 1144/101/779 1167/101/780 1141/101/781
f 1180/101/782 1191/101/783 1190/101/784
f 1217/101/785 1182/101/786 1190/101/787
f 1209/101/788 1217/101/789 1214/101/790
f 1193/101/791 1212/101/792 1182/101/793
f 196/101/794 1222/101/795 1226/101/796
f 1222/101/797 196/101/798 1229/101/798
f 1242/101/799 1257/101/800 1226/101/801
f 1067/101/802 1085/101/803 1068/101/804
f 1085/101/805 1057/101/806 1045/101/807
f 1099/101/808 1095/101/808 1123/101/808
f 1086/101/809 1105/101/810 1100/101/811
f 1267/101/812 1266/101/813 1265/101/813
f 1269/101/814 1272/101/815 1274/101/816
f 1266/101/817 1292/101/818 1265/101/817
f 1293/101/819 1280/101/820 1292/101/821
f 1304/101/822 1291/101/823 1299/101/824
f 1269/101/825 1298/101/826 1295/101/827
f 1308/101/828 1338/101/829 1311/101/830
f 1334/101/831 1308/101/832 1313/101/833
f 1306/101/834 1315/101/835 1316/101/836
f 1341/101/837 1312/101/838 1311/101/839
f 1317/101/840 1314/101/841 1344/101/842
f 1317/101/843 1344/101/844 1307/101/845
f 1333/101/846 1313/101/847 1312/101/848
f 1351/101/849 1378/101/850 1352/101/851
f 1353/101/852 1351/101/852 1352/101/852
f 1349/101/853 1359/101/854 1358/101/855
f 1242/101/856 1239/101/857 1241/101/856
f 1241/101/858 1239/101/859 1236/101/860
f 360/421/861 249/329/862 359/241/863
f 1359/101/864 1371/101/865 1358/101/866
f 1384/101/867 1372/101/868 1387/101/869
f 519/406/870 550/262/870 529/422/870
f 1360/101/871 1385/101/872 1350/101/873
f 359/241/874 476/243/875 477/365/876
f 1373/101/877 1356/101/878 1385/101/879
f 909/179/880 934/423/881 229/99/882
f 550/262/883 551/263/883 616/424/883
f 404/425/884 449/418/885 403/426/886
f 1390/101/887 1412/101/888 1397/101/889
f 551/263/890 552/278/890 619/277/890
f 1429/101/891 1391/101/892 1400/101/893
f 777/282/894 628/284/894 721/283/895
f 623/299/896 632/427/896 624/428/897
f 727/429/898 641/430/899 785/431/900
f 1434/101/901 1435/101/902 1436/101/903
f 814/332/904 646/432/905 634/433/905
f 647/285/906 644/287/907 649/286/907
f 1466/101/908 1435/101/909 1442/101/910
f 1444/101/911 1465/101/912 1469/101/913
f 1863/101/914 1865/101/915 1876/101/916
f 764/434/917 659/435/918 657/436/919
f 1739/101/920 1718/101/921 1723/101/922
f 1473/101/923 1482/101/924 1483/101/925
f 283/160/926 374/340/926 664/364/927
f 1842/101/928 1864/101/929 1837/101/930
f 670/295/931 659/435/932 808/437/933
f 675/279/934 673/281/935 811/280/936
f 676/293/937 670/295/938 807/294/939
f 446/288/940 499/290/940 674/289/941
f 499/290/942 529/422/942 679/321/943
f 1482/101/944 1510/101/945 1483/101/946
f 683/291/947 676/293/948 762/292/949
f 1253/101/950 1231/101/951 1230/101/952
f 617/438/953 403/419/954 312/260/955
f 649/286/956 563/304/956 564/233/956
f 296/298/957 476/243/958 295/251/959
f 1458/101/960 1465/101/961 1460/101/962
f 644/287/963 562/267/963 563/304/963
f 1458/101/964 1437/101/965 1440/101/966
f 632/427/967 561/266/967 562/267/967
f 313/361/968 312/260/969 454/256/970
f 632/427/971 560/300/971 561/266/971
f 1410/101/972 1430/101/973 1391/101/974
f 736/345/975 718/375/976 826/356/977
f 324/439/978 323/414/979 547/246/980
f 623/299/981 559/301/981 560/300/981
f 344/440/982 261/343/983 546/441/984
f 580/406/985 585/422/985 596/262/985
f 596/262/986 611/424/986 597/263/986
f 558/311/987 559/301/987 685/312/987
f 1397/101/988 1411/101/989 1400/101/990
f 291/305/991 290/307/992 270/306/993
f 556/270/994 557/268/994 686/442/994
f 1531/101/995 1549/101/996 1532/101/997
f 1538/101/998 1521/101/999 1556/101/1000
f 555/315/1001 556/270/1001 688/398/1001
f 455/360/1002 454/256/1003 290/307/1004
f 1533/101/1005 1513/101/1006 1557/101/1007
f 715/443/1008 843/444/1009 716/353/1010
f 554/313/1011 555/315/1011 690/314/1011
f 398/445/1012 547/246/1013 449/418/1014
f 553/265/1015 554/264/1015 692/446/1015
f 1550/101/1016 1522/101/1017 1533/101/1018
f 695/443/1019 696/353/1020 833/444/1021
f 1943/101/1022 1924/101/1023 1940/101/1024
f 1874/101/1025 1866/101/1026 1842/101/1027
f 701/447/1028 819/357/1029 836/448/1030
f 1664/101/1031 1639/101/1032 1640/101/1033
f 1538/101/1034 1556/101/1035 1516/101/1036
f 707/345/1037 810/356/1038 698/375/1039
f 836/448/1040 818/449/1041 701/447/1042
f 1518/101/1043 1555/101/1044 1513/101/1045
f 1971/101/1046 2005/101/1047 1973/101/1048
f 1899/101/1049 1884/101/1050 1887/101/1051
f 1877/101/1052 1846/101/1053 1845/101/1054
f 776/319/1055 679/321/1056 711/320/1057
f 705/450/1058 817/323/1059 818/449/1060
f 832/362/1061 712/451/1062 704/452/1063
f 836/448/1064 711/320/1065 713/453/1066
f 809/454/1067 707/345/1068 710/455/1069
f 1580/101/1070 1560/101/1071 1562/101/1072
f 713/453/1073 717/456/1074 705/450/1075
f 835/322/1076 816/324/1077 817/323/1078
f 1589/101/1079 1578/101/1080 1586/101/1081
f 835/322/1082 717/456/1083 719/457/1084
f 721/283/1085 712/451/1086 831/458/1087
f 1923/101/1088 1942/101/1089 1958/101/1090
f 1597/101/1091 1595/101/1092 1607/101/1093
f 723/326/1094 726/328/1095 770/327/1096
f 727/429/1097 809/454/1098 720/459/1099
f 2082/101/1100 2048/101/1101 2047/101/1102
f 1888/101/1103 1882/101/1104 1883/101/1105
f 729/350/1106 721/283/1107 693/460/1108
f 726/461/1109 730/462/1110 769/463/1111
f 1930/101/1112 1960/101/1113 1925/101/1114
f 733/464/1115 727/429/1116 732/465/1117
f 2031/101/1118 2027/101/1119 2028/101/1120
f 734/331/1121 648/333/1122 814/332/1123
f 1661/101/1124 1640/101/1125 1641/101/1126
f 625/376/1127 685/312/1128 623/299/1128
f 626/466/1129 740/467/1130 809/454/1131
f 686/442/1132 685/312/1132 625/376/1133
f 1798/101/1134 1797/101/1135 1807/101/1136
f 1681/101/1137 1683/101/1138 1685/101/1139
f 628/284/1140 742/468/1140 712/451/1141
f 1633/101/1142 1619/101/1143 1618/101/1144
f 730/462/1145 688/398/1146 686/442/1146
f 1595/101/1147 1600/101/1148 1607/101/1149
f 1821/101/1150 133/101/1151 1806/101/1152
f 1753/101/1153 1760/101/1154 1759/101/1153
f 1917/101/1155 1908/101/1156 1888/101/1157
f 704/452/1158 742/468/1159 747/469/1159
f 707/345/1160 744/347/1161 748/346/1162
f 1711/101/1163 1679/101/1164 1692/101/1165
f 1762/101/1166 1793/101/1167 1753/101/1168
f 747/469/1169 750/470/1169 695/443/1170
f 1576/101/1171 1561/101/1172 161/101/1173
f 748/346/1174 751/471/1175 810/356/1176
f 1958/101/1177 1961/101/1178 1940/101/1179
f 775/472/1180 754/412/1181 819/357/1182
f 616/424/1183 619/277/1183 717/456/1184
f 529/422/1185 616/424/1185 711/320/1186
f 754/412/1187 663/413/1188 821/358/1189
f 1561/101/1190 1589/101/1191 161/101/1191
f 756/473/1192 796/474/1193 757/355/1194
f 1513/101/1195 1515/101/1196 1511/101/1196
f 699/475/1197 821/358/1198 760/348/1199
f 760/348/1200 729/350/1201 731/349/1202
f 1435/101/1203 1434/101/1203 1433/101/1203
f 250/476/1204 360/421/1204 742/468/1204
f 360/421/1205 477/365/1205 747/469/1205
f 761/352/1206 696/353/1207 762/292/1208
f 762/292/1209 807/294/1210 834/351/1211
f 764/434/1212 733/464/1213 765/370/1214
f 1645/101/1215 1656/101/1216 1647/101/1217
f 344/440/1218 324/439/1218 744/347/1218
f 324/439/1219 398/445/1219 751/471/1219
f 694/354/1220 810/356/1221 757/355/1222
f 768/477/1223 757/355/1224 681/478/1225
f 681/478/1226 811/280/1227 768/477/1228
f 1648/101/1229 1677/101/1230 1638/101/1231
f 774/359/1232 313/361/1232 455/360/1232
f 455/360/1233 291/305/1233 754/412/1233
f 819/357/1234 821/358/1235 776/319/1236
f 663/413/1237 291/305/1237 416/330/1237
f 1392/101/1238 1417/101/1239 1390/101/1240
f 1704/101/1241 1680/101/1242 1686/101/1243
f 1678/101/1244 1695/101/1245 1687/101/1246
f 477/365/1247 296/298/1247 683/291/1247
f 1693/101/1248 1710/101/1249 1679/101/1250
f 1718/101/1251 1717/101/1251 1716/101/1251
f 785/431/1252 432/344/1252 344/440/1252
f 1662/101/1253 1672/101/1254 1664/101/1255
f 1793/101/1256 1778/101/1257 1768/101/1258
f 1763/101/1259 1762/101/1260 1755/101/1261
f 1509/101/1262 1501/101/1263 1475/101/1264
f 1639/101/1265 1662/101/1266 1676/101/1267
f 1797/101/1268 1805/101/1269 1807/101/1270
f 832/362/1271 664/364/1272 667/363/1273
f 1799/101/1274 1827/101/1275 1806/101/1276
f 2087/101/1277 2121/101/1278 2095/101/1279
f 2029/101/1280 2010/101/1281 2045/101/1282
f 1941/101/1283 1959/101/1284 1924/101/1285
f 658/479/1286 661/480/1287 833/444/1288
f 2117/101/1289 2100/101/1290 2123/101/1291
f 761/352/1292 653/368/1293 658/479/1294
f 834/351/1295 647/285/1296 653/368/1297
f 1974/101/1298 1999/101/1299 1962/101/1300
f 645/371/1301 647/285/1302 763/481/1303
f 450/482/1304 404/425/1304 673/281/1304
f 2072/101/1305 2085/101/1306 2056/101/1307
f 635/369/1308 645/371/1309 765/370/1310
f 624/428/1311 635/369/1312 720/459/1313
f 1850/101/1314 1874/101/1315 1844/101/1316
f 2015/101/1317 2008/101/1318 2009/101/1319
f 2069/101/1320 2067/101/1321 2077/101/1322
f 710/455/1323 625/376/1324 624/428/1325
f 2011/101/1326 2015/101/1327 2009/101/1326
f 1631/101/1328 1608/101/1329 1620/101/1330
f 741/374/1331 625/376/1332 698/375/1333
f 1877/101/1334 1873/101/1335 1868/101/1336
f 1987/101/1337 1978/101/1338 1975/101/1339
f 646/432/1340 404/483/1340 617/438/1340
f 416/330/1341 250/476/1341 638/484/1341
f 2051/101/1342 2067/101/1343 2047/101/1344
f 1089/377/1345 172/87/1346 185/147/1347
f 71/43/1348 2416/485/1349 883/46/1350
f 2303/486/1351 71/43/1352 80/51/1353
f 109/69/1354 1921/487/1355 855/488/1356
f 1178/489/1357 856/382/1358 172/87/1359
f 1336/381/1360 153/85/1361 856/382/1362
f 226/490/1363 3538/491/1364 219/105/1365
f 2169/392/1366 80/51/1367 88/80/1368
f 1457/390/1369 147/391/1370 153/85/1371
f 2464/101/1372 2478/101/1373 2457/101/1374
f 2457/101/1375 2487/101/1376 2501/101/1377
f 2446/101/1378 2453/101/1379 2421/101/1380
f 2441/101/1381 2422/101/1382 2456/101/1383
f 2446/101/1384 2438/101/1385 2453/101/1386
f 2438/101/1387 2451/101/1388 2420/101/1389
f 2596/101/1390 2599/101/1391 2587/101/1392
f 2584/101/1393 2583/101/1394 2604/101/1395
f 2561/101/1396 2581/101/1397 2548/101/1398
f 2323/101/1399 2297/101/1400 2317/101/1401
f 2566/101/1402 2568/101/1403 2569/101/1404
f 2318/101/1405 2323/101/1406 2322/101/1407
f 2356/101/1408 2373/101/1409 2338/101/1410
f 2355/101/1411 2361/101/1412 2359/101/1413
f 2393/101/1414 2382/101/1415 2405/101/1416
f 866/393/1417 898/395/1418 5/394/1419
f 901/492/1420 238/200/1421 237/493/1422
f 902/494/1423 237/493/1424 226/490/1425
f 903/495/1426 226/490/1427 219/105/1428
f 2422/101/1429 2419/101/1430 2456/101/1431
f 219/105/1432 894/179/1433 905/325/1434
f 894/179/1435 207/99/1436 907/423/1437
f 895/100/1438 896/496/1439 908/497/1440
f 896/496/1441 191/156/1442 910/498/1443
f 191/499/1444 185/500/1445 911/501/1446
f 185/147/1447 172/87/1448 868/502/1449
f 172/87/1450 856/382/1451 869/503/1452
f 856/382/1453 153/85/1454 870/396/1455
f 147/504/1456 854/505/1457 874/506/1458
f 854/505/1459 134/116/1460 875/507/1461
f 134/116/1462 128/111/1463 876/397/1464
f 128/111/1465 119/107/1466 876/397/1467
f 119/107/1468 109/69/1469 877/508/1470
f 109/69/1471 855/488/1472 916/509/1473
f 855/510/1474 98/90/1475 917/511/1476
f 2519/101/1477 2520/101/1478 2543/101/1479
f 71/43/1480 883/46/1481 881/512/1482
f 2404/101/1483 2412/101/1484 2393/101/1485
f 923/513/1486 884/514/1487 49/55/1488
f 924/400/1489 49/55/1490 40/34/1491
f 925/515/1492 40/34/1493 885/35/1494
f 926/402/1495 32/30/1496 886/32/1497
f 927/516/1498 23/22/1499 897/517/1500
f 2359/101/1501 2361/101/1502 2358/101/1501
f 2306/101/1503 2330/101/1504 2305/101/1505
f 2577/101/1506 2576/101/1507 2547/101/1508
f 2559/101/1509 2548/101/1510 2582/101/1511
f 2559/101/1512 2582/101/1513 2563/101/1514
f 2610/101/1515 2619/101/1516 2586/101/1517
f 2382/101/1518 2400/101/1519 2405/101/1520
f 2420/101/1521 2452/101/1522 2421/101/1523
f 2442/101/1524 2419/101/1525 2427/101/1526
f 2422/101/1527 2441/101/1528 2418/101/1529
f 2421/101/1530 2438/101/1531 2420/101/1532
f 2458/101/1533 2501/101/1534 2474/101/1535
f 2496/101/1536 2476/101/1537 2473/101/1538
f 930/101/1539 971/101/1540 929/101/1541
f 931/101/1542 930/101/1543 937/101/1543
f 2683/101/1544 2692/101/1545 2669/101/1546
f 2670/101/1547 2683/101/1548 2669/101/1549
f 2718/101/1550 2725/101/1551 2712/101/1552
f 930/101/1553 941/101/1554 971/101/1555
f 2644/101/1556 2631/101/1557 2629/101/1558
f 2698/101/1559 2683/101/1560 2670/101/1561
f 971/101/1562 941/101/1563 948/101/1564
f 951/101/1565 949/101/1566 950/101/1567
f 950/101/1568 930/101/1569 931/101/1570
f 952/101/1571 941/101/1572 930/101/1573
f 942/101/1574 962/101/1575 937/101/1576
f 937/101/1577 929/101/1577 951/101/1578
f 952/101/1579 950/101/1579 949/101/1580
f 2687/101/1581 2671/101/1582 2668/101/1583
f 2648/101/1584 2643/101/1585 2622/101/1586
f 2647/101/1587 2632/101/1588 2631/101/1589
f 942/101/1590 951/101/1591 950/101/1592
f 964/101/1593 932/101/1594 957/101/1595
f 2710/101/1596 2711/101/1596 2709/101/1596
f 2732/101/1597 2725/101/1598 2724/101/1599
f 955/101/1600 933/101/1601 964/101/1602
f 2690/101/1603 2683/101/1604 2698/101/1605
f 948/101/1606 967/101/1607 952/101/1608
f 932/101/1609 936/101/1610 956/101/1611
f 942/101/1612 931/101/1613 962/101/1614
f 983/101/1615 976/101/1616 999/101/1617
f 993/101/1618 972/101/1619 974/101/1620
f 974/101/1621 972/101/1622 973/101/1622
f 2773/101/1623 2750/101/1624 2749/101/1625
f 2731/101/1626 2724/101/1627 2718/101/1628
f 2761/101/1629 2782/101/1630 2759/101/1631
f 2749/101/1632 2758/101/1632 2746/101/1632
f 972/101/1633 981/101/1634 994/101/1635
f 2822/101/1636 2805/101/1637 2826/101/1638
f 2808/101/1639 2829/101/1640 2810/101/1641
f 1000/101/1642 976/101/1643 982/101/1644
f 995/101/1645 994/101/1645 996/101/1646
f 975/101/1647 973/101/1648 995/101/1649
f 2832/101/1650 2862/101/1650 2831/101/1650
f 2785/101/1651 2761/101/1652 2751/101/1653
f 2765/101/1654 2758/101/1655 2750/101/1656
f 2758/101/1657 2767/101/1658 2746/101/1659
f 2801/101/1660 2802/101/1660 2789/101/1660
f 996/101/1661 993/101/1662 974/101/1663
f 972/101/1664 993/101/1665 981/101/1666
f 2826/101/1667 2801/101/1668 2814/101/1669
f 1010/101/1670 995/101/1671 996/101/1672
f 982/101/1673 976/101/1674 983/101/1675
f 1009/101/1676 981/101/1677 993/101/1678
f 1015/101/1679 1016/101/1680 1017/101/1681
f 2885/101/1682 2887/101/1683 2873/101/1684
f 2831/101/1685 2850/101/1686 2844/101/1687
f 1025/101/1688 1016/101/1688 1015/101/1689
f 1032/101/1690 1013/101/1691 1014/101/1691
f 1014/101/1692 1013/101/1692 1023/101/1692
f 2868/101/1693 2841/101/1694 2832/101/1695
f 2955/101/1696 2917/101/1697 2953/101/1698
f 2865/101/1699 2845/101/1700 2843/101/1701
f 1039/101/1702 1052/101/1703 1036/101/1704
f 1037/101/1705 1024/101/1706 1023/101/1707
f 1023/101/1708 1013/101/1709 1038/101/1710
f 2873/101/1711 2890/101/1712 2885/101/1713
f 2888/101/1714 2911/101/1715 2886/101/1716
f 2917/101/1717 2951/101/1717 2920/101/1717
f 2870/101/1718 2832/101/1719 2846/101/1720
f 2951/101/1721 2936/101/1722 2920/101/1723
f 1052/101/1724 1032/101/1725 1014/101/1726
f 1037/101/1727 1038/101/1728 1053/101/1729
f 2920/101/1730 2937/101/1731 2934/101/1732
f 1046/101/1733 1025/101/1734 1048/101/1735
f 1039/101/1736 1044/101/1737 1052/101/1738
f 1053/101/1739 1014/101/1740 1024/101/1741
f 2918/101/1742 2956/101/1743 2919/101/1744
f 2954/101/1745 2953/101/1746 2934/101/1747
f 1087/101/1748 1063/101/1749 1058/101/1750
f 1055/101/1751 1054/101/1752 1062/101/1752
f 1064/101/1753 1088/101/1753 1062/101/1753
f 1063/101/1754 1056/101/1754 1089/101/1754
f 1055/101/1755 1072/101/1756 1054/101/1757
f 2974/101/1758 3003/101/1759 2968/101/1760
f 1054/101/1761 1071/101/1762 1077/101/1763
f 1054/101/1764 1072/101/1765 1071/101/1766
f 2933/101/1767 2952/101/1768 2917/101/1769
f 3030/101/1770 3015/101/1771 3014/101/1772
f 2970/101/1773 2975/101/1774 2969/101/1775
f 1064/101/1776 1062/101/1777 1079/101/1778
f 1083/101/1779 1072/101/1780 1055/101/1781
f 3016/101/1782 3033/101/1783 3013/101/1784
f 2967/101/1785 2971/101/1785 2966/101/1785
f 3015/101/1786 3033/101/1787 3016/101/1788
f 2987/101/1789 2995/101/1790 2986/101/1789
f 1071/101/1791 1072/101/1792 1077/101/1793
f 3049/101/1794 3019/101/1795 3017/101/1796
f 3012/101/1797 3042/101/1798 3040/101/1799
f 1063/101/1800 1087/101/1801 1056/101/1802
f 1083/101/1803 1094/101/1804 1078/101/1805
f 3009/101/1806 3023/101/1807 3017/101/1808
f 1082/101/1809 1063/101/1810 1089/101/1811
f 1080/101/1812 1088/101/1813 1064/101/1814
f 3003/101/1815 2990/101/1816 2971/101/1817
f 1073/101/1818 1055/101/1819 1088/101/1820
f 2998/101/1821 2967/101/1822 2973/101/1823
f 1058/101/1824 1081/101/1825 1093/101/1826
f 3058/101/1827 3052/101/1828 3068/101/1829
f 1128/101/1830 1125/101/1831 1129/101/1831
f 1103/101/1832 1128/101/1833 1129/101/1834
f 1097/101/1835 1096/101/1835 1104/101/1835
f 3051/101/1836 3058/101/1836 3050/101/1836
f 3051/101/1837 3050/101/1838 3061/101/1839
f 3110/101/1840 3122/101/1841 3116/101/1842
f 1096/101/1843 1112/101/1844 1113/101/1845
f 3088/101/1846 3072/101/1847 3089/101/1848
f 1116/101/1849 1131/101/1850 1113/101/1851
f 1131/101/1852 1126/101/1853 1097/101/1854
f 1104/101/1855 1096/101/1856 1114/101/1857
f 3091/101/1858 3051/101/1859 3061/101/1860
f 3102/101/1861 3117/101/1862 3097/101/1863
f 1117/101/1864 1128/101/1865 1103/101/1866
f 1131/101/1867 1120/101/1868 1113/101/1869
f 3091/101/1870 3075/101/1871 3092/101/1872
f 1115/101/1873 1127/101/1874 1104/101/1875
f 1129/101/1876 1125/101/1877 1119/101/1878
f 1109/101/1879 1097/101/1880 1127/101/1881
f 3076/101/1882 3092/101/1883 3075/101/1884
f 1139/101/1885 1140/101/1886 1148/101/1887
f 1137/101/1888 1135/101/1889 1136/101/1889
f 1137/101/1890 1154/101/1891 1135/101/1892
f 3162/101/1893 3134/101/1894 3152/101/1895
f 3114/101/1896 3119/101/1897 3100/101/1898
f 3198/101/1899 3190/101/1900 3211/101/1901
f 1135/101/1902 1154/101/1903 1155/101/1904
f 3159/101/1905 3146/101/1906 3171/101/1907
f 3157/101/1908 3152/101/1909 3170/101/1910
f 3179/101/1911 3208/101/1911 3172/101/1911
f 1155/101/1912 1154/101/1913 1162/101/1914
f 3118/101/1915 3114/101/1916 3106/101/1917
f 1148/101/1918 1140/101/1919 1138/101/1920
f 1175/101/1921 1154/101/1922 1137/101/1923
f 1136/101/1924 1135/101/1925 1160/101/1926
f 3156/101/1927 3169/101/1928 3153/101/1929
f 3209/101/1930 3179/101/1931 3191/101/1932
f 3194/101/1933 3195/101/1934 3209/101/1935
f 3172/101/1936 3195/101/1937 3185/101/1938
f 3173/101/1939 3196/101/1940 3208/101/1941
f 1162/101/1942 1173/101/1943 1175/101/1944
f 1164/101/1945 1139/101/1946 1172/101/1947
f 1161/101/1948 1170/101/1949 1136/101/1950
f 1156/101/1951 1137/101/1952 1170/101/1953
f 1163/101/1954 1164/101/1955 1157/101/1956
f 1160/101/1957 1159/101/1958 1175/101/1959
f 3228/101/1960 3217/101/1961 3250/101/1962
f 173/101/1963 1177/101/1964 1176/101/1965
f 3216/101/1966 3222/101/1967 3231/101/1968
f 1206/101/1969 1177/101/1970 173/101/1971
f 1185/101/1972 1179/101/1973 1178/101/1974
f 1176/101/1975 1192/101/1976 1184/101/1977
f 1176/101/1978 1184/101/1979 173/101/1979
f 1184/101/1980 1192/101/1981 1196/101/1982
f 3269/101/1983 3279/101/1984 3267/101/1985
f 3252/101/1986 3218/101/1987 3220/101/1988
f 3251/101/1989 3231/101/1990 3222/101/1991
f 1200/101/1992 1198/101/1993 1199/101/1994
f 1179/101/1995 1185/101/1996 1205/101/1997
f 1201/101/1998 1200/101/1998 1199/101/1999
f 1201/101/2000 1177/101/2001 1206/101/2002
f 3240/101/2003 3230/101/2004 3227/101/2005
f 3216/101/2006 3235/101/2007 3222/101/2008
f 3255/101/2009 3/101/2009 3253/101/2009
f 3229/101/2010 3249/101/2011 3236/101/2012
f 1196/101/2013 1192/101/2014 1197/101/2015
f 1203/101/2016 1185/101/2017 1186/101/2018
f 3261/101/2019 3270/101/2020 3286/101/2021
f 3268/101/2022 3291/101/2023 3255/101/2024
f 3280/101/2025 3269/101/2026 3281/101/2027
f 3331/101/2028 3304/101/2029 3300/101/2030
f 3268/101/2031 3260/101/2032 3291/101/2033
f 3250/101/2034 3229/101/2035 3228/101/2036
f 1220/101/2037 1218/101/2038 1219/101/2038
f 3390/101/2039 3400/101/2040 3375/101/2041
f 3326/101/2042 3313/101/2043 3329/101/2044
f 3313/101/2045 3301/101/2046 1/101/2047
f 1218/101/2048 1237/101/2049 1243/101/2050
f 3364/101/2051 3355/101/2052 3373/101/2053
f 3374/101/2054 3337/101/2055 3336/101/2056
f 1247/101/2057 1224/101/2058 1225/101/2059
f 1223/101/2060 1232/101/2061 1224/101/2062
f 1251/101/2063 1238/101/2064 1220/101/2065
f 1219/101/2066 1218/101/2066 1245/101/2067
f 3317/101/2068 3327/101/2069 3326/101/2070
f 3397/101/2071 3408/101/2072 3410/101/2073
f 3332/101/2074 3355/101/2075 3349/101/2076
f 3362/101/2077 3350/101/2078 3348/101/2079
f 1237/101/2080 1238/101/2081 1243/101/2082
f 1246/101/2083 1245/101/2084 1240/101/2085
f 1251/101/2086 1250/101/2087 1244/101/2088
f 1225/101/2089 1221/101/2090 1249/101/2091
f 1255/101/2092 1219/101/2093 1246/101/2094
f 3389/101/2095 3376/101/2096 3383/101/2097
f 1240/101/2098 1220/101/2099 1255/101/2100
f 3293/101/2101 3302/101/2102 3314/101/2103
f 1223/101/2104 1247/101/2105 1249/101/2106
f 1247/101/2107 1248/101/2108 1249/101/2109
f 1261/101/2110 1262/101/2111 1287/101/2112
f 3503/101/2113 3485/101/2114 3476/101/2115
f 3413/101/2116 3410/101/2117 3389/101/2118
f 1270/101/2119 1263/101/2120 1261/101/2121
f 1286/101/2122 1270/101/2123 1261/101/2124
f 1260/101/2125 1278/101/2126 1259/101/2127
f 3420/101/2128 3419/101/2129 3439/101/2130
f 1259/101/2131 1278/101/2132 1277/101/2133
f 3446/101/2134 3462/101/2135 3425/101/2136
f 1259/101/2137 1277/101/2138 1281/101/2139
f 1288/101/2140 1262/101/2141 1263/101/2142
f 1289/101/2143 1278/101/2144 1260/101/2145
f 1279/101/2146 1297/101/2147 1271/101/2148
f 1271/101/2149 1259/101/2149 1283/101/2150
f 3484/101/2151 3489/101/2152 3464/101/2153
f 3484/101/2154 3464/101/2155 3502/101/2156
f 3434/101/2157 3458/101/2158 3462/101/2159
f 3445/101/2160 3438/101/2161 3458/101/2162
f 3467/101/2163 3506/101/2164 3476/101/2165
f 3460/101/2166 3420/101/2167 3439/101/2168
f 3441/101/2169 3460/101/2170 3440/101/2171
f 3419/101/2172 3433/101/2173 3439/101/2174
f 3461/101/2175 3439/101/2176 3433/101/2177
f 1285/101/2178 1263/101/2179 1270/101/2180
f 3461/101/2181 3440/101/2182 3459/101/2183
f 3438/101/2184 3463/101/2185 3425/101/2186
f 3432/101/2187 3444/101/2188 3431/101/2189
f 1279/101/2190 1260/101/2191 1297/101/2192
f 1285/101/2193 1286/101/2194 1287/101/2195
f 1302/101/2196 1303/101/2197 1329/101/2198
f 3502/101/2199 3489/101/2200 3484/101/2201
f 1310/101/2202 1335/101/2203 1301/101/2204
f 1309/101/2205 1303/101/2205 1302/101/2205
f 1301/101/2206 1318/101/2207 1300/101/2208
f 3492/101/2209 3485/101/2210 3503/101/2211
f 3487/101/2212 3490/101/2213 3486/101/2212
f 3491/101/2214 3473/101/2215 3492/101/2216
f 3590/101/2217 3579/101/2218 3598/101/2219
f 1300/101/2220 1318/101/2221 1319/101/2222
f 1300/101/2223 1319/101/2224 1324/101/2225
f 1319/101/2226 1318/101/2227 1324/101/2228
f 1330/101/2229 1303/101/2230 1309/101/2231
f 1331/101/2232 1318/101/2233 1301/101/2234
f 1310/101/2235 1300/101/2236 1326/101/2237
f 3542/101/2238 3523/101/2239 3543/101/2240
f 3514/101/2241 3528/101/2242 3522/101/2243
f 1331/101/2244 1337/101/2245 1325/101/2246
f 3536/101/2247 3545/101/2248 3516/101/2249
f 1328/101/2250 1309/101/2251 1336/101/2252
f 3555/101/2253 3544/101/2254 3529/101/2253
f 1326/101/2255 1335/101/2256 1310/101/2257
f 1320/101/2258 1301/101/2259 1335/101/2260
f 1327/101/2261 1328/101/2262 1329/101/2263
f 3562/101/2264 3561/101/2265 3567/101/2266
f 1367/101/2267 1346/101/2268 1347/101/2269
f 1340/101/2270 1339/101/2270 1345/101/2270
f 3544/101/2271 3553/101/2272 3528/101/2273
f 3561/101/2274 3584/101/2275 3568/101/2276
f 3621/101/2277 3638/101/2278 3618/101/2279
f 1339/101/2280 1354/101/2281 1362/101/2282
f 3588/101/2283 3563/101/2284 3562/101/2285
f 1366/101/2286 1348/101/2287 1375/101/2288
f 1370/101/2289 1355/101/2290 1340/101/2291
f 1374/101/2292 1345/101/2293 1365/101/2294
f 3597/101/2295 3562/101/2296 3567/101/2297
f 3631/101/2298 3620/101/2299 3607/101/2300
f 3608/101/2301 3599/101/2302 3604/101/2303
f 1354/101/2304 1355/101/2305 1361/101/2306
f 1345/101/2307 1339/101/2308 1364/101/2309
f 1366/101/2310 1367/101/2311 1368/101/2312
f 1364/101/2313 1363/101/2314 1357/101/2315
f 3644/101/2316 3671/101/2317 3649/101/2318
f 1347/101/2319 1348/101/2320 1369/101/2321
f 3620/101/2322 3628/101/2323 3605/101/2324
f 1357/101/2325 1340/101/2326 1374/101/2327
f 3589/101/2328 3580/101/2329 3579/101/2330
f 3650/101/2331 3657/101/2332 3662/101/2333
f 1380/101/2334 1382/101/2335 1381/101/2336
f 1388/101/2337 1416/101/2338 1399/101/2339
f 1381/101/2340 1379/101/2340 1380/101/2340
f 3658/101/2341 3643/101/2342 3685/101/2343
f 3700/101/2344 3716/101/2345 3691/101/2346
f 1398/101/2347 1381/101/2348 1382/101/2349
f 3693/101/2350 3687/101/2351 3686/101/2351
f 3659/101/2352 3644/101/2353 3660/101/2354
f 1405/101/2355 1389/101/2356 1388/101/2357
f 1409/101/2358 1396/101/2359 1381/101/2360
f 1382/101/2361 1380/101/2362 1404/101/2363
f 1380/101/2364 1379/101/2365 1403/101/2366
f 3687/101/2367 3705/101/2368 3686/101/2369
f 3666/101/2370 3659/101/2371 3660/101/2372
f 3658/101/2373 3665/101/2374 251/101/2375
f 3661/101/2376 3676/101/2377 3665/101/2378
f 3701/101/2379 3705/101/2380 3687/101/2381
f 3699/101/2382 3708/101/2383 3701/101/2384
f 1405/101/2385 1406/101/2386 1408/101/2387
f 1405/101/2388 1388/101/2389 1399/101/2390
f 1399/101/2391 1416/101/2392 1408/101/2393
f 3661/101/2394 3685/101/2395 3643/101/2396
f 1416/101/2397 1389/101/2398 1407/101/2399
f 1422/101/2400 1439/101/2401 1438/101/2402
f 3725/101/2403 3745/101/2404 3723/101/2405
f 3813/101/2406 3832/101/2407 3811/101/2408
f 3799/101/2409 3777/101/2410 3771/101/2411
f 3767/101/2412 3792/101/2413 3782/101/2414
f 1459/101/2415 1439/101/2416 1422/101/2417
f 1453/101/2418 1459/101/2419 1446/101/2420
f 3732/101/2421 3734/101/2422 3730/101/2423
f 3785/101/2424 3806/101/2425 3769/101/2426
f 3786/101/2427 3808/101/2428 3771/101/2429
f 3799/101/2430 3770/101/2431 3804/101/2432
f 1438/101/2433 1439/101/2434 1459/101/2435
f 1459/101/2436 1452/101/2437 1446/101/2438
f 1457/101/2439 1424/101/2440 1449/101/2441
f 230/101/2442 3792/101/2443 3767/101/2444
f 3789/101/2445 3792/101/2446 3805/101/2447
f 1451/101/2448 1427/101/2449 1457/101/2450
f 1447/101/2451 1423/101/2452 1432/101/2453
f 3735/101/2454 3766/101/2455 3763/101/2456
f 225/101/2457 3828/101/2458 3812/101/2459
f 1463/101/2460 1462/101/2461 1470/101/2461
f 3838/101/2462 3848/101/2463 3840/101/2464
f 3827/101/2465 3846/101/2466 3826/101/2467
f 3866/101/2468 3854/101/2469 3855/101/2470
f 1462/101/2471 1478/101/2472 1493/101/2473
f 4031/101/2474 3854/101/2475 3850/101/2475
f 1485/101/2476 1486/101/2477 1492/101/2478
f 1489/101/2479 1498/101/2480 1480/101/2481
f 1490/101/2482 1464/101/2483 1471/101/2484
f 1487/101/2485 1500/101/2486 1463/101/2487
f 1485/101/2488 1496/101/2489 1470/101/2490
f 1493/101/2491 1487/101/2492 1484/101/2493
f 1470/101/2494 1462/101/2495 1486/101/2496
f 1487/101/2497 1492/101/2498 1484/101/2499
f 4040/101/2500 4045/101/2501 4044/101/2502
f 3850/101/2503 3873/101/2504 3868/101/2505
f 3866/101/2506 3875/101/2507 3850/101/2508
f 1489/101/2509 1471/101/2510 1498/101/2511
f 1479/101/2512 1463/101/2513 1496/101/2514
f 4043/101/2515 4048/101/2516 4035/101/2517
f 1487/101/2518 1478/101/2519 1500/101/2520
f 4050/101/2521 4052/101/2522 4051/101/2523
f 143/101/2524 1535/101/2525 1539/101/2526
f 1512/101/2527 143/101/2528 1539/101/2528
f 1503/101/2529 1537/101/2530 1504/101/2531
f 1504/101/2532 1502/101/2532 1503/101/2532
f 4046/101/2533 4047/101/2534 4055/101/2535
f 4066/101/2536 4073/101/2537 4059/101/2538
f 1686/101/2539 1680/101/2540 1685/101/2541
f 4077/101/2542 4068/101/2543 4064/101/2544
f 4050/101/2545 4041/101/2546 4039/101/2547
f 1528/101/2548 1535/101/2549 143/101/2550
f 1529/101/2551 1519/101/2552 1504/101/2553
f 1503/101/2554 1502/101/2554 1530/101/2555
f 4063/101/2556 4070/101/2557 4061/101/2558
f 4060/101/2559 4066/101/2560 4059/101/2561
f 4075/101/2562 4066/101/2563 4060/101/2564
f 4068/101/2565 4069/101/2566 4064/101/2567
f 1537/101/2568 1503/101/2569 1520/101/2570
f 1227/101/2571 1230/101/2572 1231/101/2573
f 1526/101/2574 143/101/2575 1512/101/2576
f 4057/101/2577 4068/101/2578 4067/101/2579
f 4067/101/2580 4064/101/2581 4062/101/2582
f 2393/101/2583 2412/101/2584 2382/101/2585
f 3133/101/2586 3170/101/2587 3152/101/2588
f 1539/101/2589 1535/101/2590 1528/101/2591
f 1520/101/2592 1504/101/2593 1537/101/2594
f 1571/101/2595 1554/101/2596 1553/101/2597
f 1545/101/2598 1563/101/2599 1543/101/2600
f 1545/101/2601 1543/101/2601 1544/101/2601
f 14/17/2602 915/8/2603 3/1/2604 3175/16/2605
f 10/2/2606 11/518/2607 3/1/2608
f 3767/101/2609 3782/101/2610 3781/101/2611
f 3137/27/2612 15/15/2613 11/518/2614 21/26/2615
f 11/518/2616 15/15/2617 3/1/2618
f 1543/101/2619 1563/101/2620 1551/101/2621
f 26/22/2622 914/517/2623 3137/27/2624 3056/23/2625
f 3/1/2626 15/15/2627 3175/16/2628
f 1551/101/2629 1563/101/2630 1573/101/2631
f 31/31/2632 2972/21/2633 3009/24/2633 33/28/2634
f 1547/101/2635 1546/101/2636 1552/101/2637
f 1567/101/2638 1566/101/2638 1568/101/2639
f 1573/101/2640 1569/101/2641 1566/101/2642
f 14/17/2643 15/15/2644 3137/27/2645 3114/519/2646
f 3137/27/2647 29/25/2648 3056/23/2649
f 53/520/2650 54/55/2651 2724/521/2652
f 53/520/2653 50/41/2654 47/522/2655 59/254/2656
f 1570/101/2657 1571/101/2658 1572/101/2659
f 1582/101/2660 1567/101/2661 1568/101/2662
f 1552/101/2663 1546/101/2664 1553/101/2665
f 1567/101/2666 1579/101/2667 1544/101/2668
f 1582/101/2669 1545/101/2670 1579/101/2671
f 2972/21/2672 31/31/2673 906/32/2674
f 33/28/2675 39/37/2676 38/29/2677
f 1591/101/2678 1592/101/2679 1585/101/2679
f 1615/101/2680 1591/101/2681 1585/101/2682
f 1584/101/2683 1583/101/2683 1593/101/2683
f 81/43/2684 83/49/2685 91/52/2686 2356/486/2687
f 116/62/2688 118/69/2689 1972/487/2690
f 1583/101/2691 1602/101/2692 1611/101/2693
f 69/56/2694 78/45/2695 2550/47/2696
f 1617/101/2697 1603/101/2698 1584/101/2699
f 87/74/2700 91/52/2701 83/49/2701
f 92/51/2702 93/72/2703 96/75/2704 2219/392/2705
f 79/44/2706 81/43/2707 2473/485/2708
f 1602/101/2709 1603/101/2710 1609/101/2711
f 1875/71/2712 132/107/2713 118/69/2714
f 126/65/2715 127/68/2716 1930/66/2717
f 1614/101/2718 1615/101/2719 1616/101/2720
f 1592/101/2721 1621/101/2722 1585/101/2723
f 1613/101/2724 1592/101/2725 1591/101/2726
f 78/45/2727 69/56/2728 63/255/2729 73/146/2730
f 91/52/2731 92/51/2732 2356/486/2733
f 1612/101/2734 1622/101/2735 1593/101/2736
f 1585/101/2737 1621/101/2738 1614/101/2739
f 1605/101/2740 1584/101/2741 1622/101/2742
f 1625/101/2743 1626/101/2744 1654/101/2745
f 1626/101/2746 1635/101/2747 1627/101/2748
f 1227/489/2749 189/523/2750 196/88/2749 194/87/2749
f 1635/101/2751 1626/101/2752 1625/101/2752
f 1653/101/2753 1636/101/2754 1625/101/2755
f 1624/101/2756 1623/101/2756 1634/101/2756
f 1875/71/2757 133/70/2758 132/107/2759
f 858/505/2760 161/125/2761 167/126/2762 166/504/2763
f 142/111/2764 146/77/2765 1685/114/2766 150/116/2767
f 122/169/2768 141/524/2769 131/525/2770
f 1623/101/2771 1643/101/2772 1650/101/2773
f 197/95/2774 202/93/2775 201/86/2776
f 168/82/2777 174/85/2777 1509/390/2777
f 1509/390/2778 166/504/2779 167/126/2780 168/82/2778
f 1652/101/2781 1653/101/2782 1654/101/2783
f 1663/101/2784 1644/101/2785 1624/101/2786
f 1651/101/2787 1650/101/2787 1655/101/2788
f 1634/101/2789 1623/101/2790 1651/101/2791
f 155/115/2792 1604/526/2793 150/116/2794
f 161/125/2795 155/115/2795 156/186/2796 162/83/2797
f 180/527/2798 183/528/2799 178/84/2799
f 197/95/2800 1095/91/2801 202/93/2802
f 1386/381/2803 178/84/2803 183/528/2803 860/382/2803
f 194/87/2804 201/86/2804 202/93/2805 1124/377/2804
f 1635/101/2806 1636/101/2807 1652/101/2808
f 1663/101/2809 1655/101/2810 1650/101/2811
f 1651/101/2812 1659/101/2813 1634/101/2814
f 132/107/2815 1745/110/2816 142/111/2817
f 1646/101/2818 1624/101/2819 1659/101/2820
f 260/119/2821 3565/187/2822 254/112/2823 3518/529/2824
f 1669/101/2825 1670/101/2826 1701/101/2827
f 266/117/2828 275/530/2829 267/118/2830
f 252/490/2831 3565/187/2832 260/119/2833 3503/531/2834
f 1665/101/2835 1673/101/2835 1696/101/2836
f 1674/101/2837 1670/101/2837 1669/101/2837
f 1667/101/2838 1665/101/2838 1666/101/2838
f 265/200/2839 263/493/2840 260/119/2841 3462/199/2842
f 1001/155/2843 206/500/2844 211/532/2845 214/154/2846
f 913/496/2847 213/156/2848 214/154/2849 4060/163/2850
f 266/117/2851 10/2/2852 275/530/2853
f 969/162/2854 223/167/2855 4060/163/2856
f 1682/101/2857 1667/101/2858 1668/101/2859
f 3631/491/2860 245/104/2861 253/113/2862 252/490/2863
f 1703/101/2864 1697/101/2865 1669/101/2866
f 1690/101/2867 1673/101/2868 1667/101/2869
f 1668/101/2870 1666/101/2871 1691/101/2872
f 217/11/2873 969/162/2874 214/154/2875
f 217/11/2876 224/10/2877 223/167/2878
f 1702/101/2879 1700/101/2880 1688/101/2881
f 1696/101/2882 1673/101/2883 1700/101/2884
f 11/518/2885 10/2/2886 276/5/2887 12/6/2888
f 245/104/2889 3631/491/2890 241/105/2891
f 4060/163/2892 223/167/2893 913/496/2894
f 260/119/2895 263/493/2896 3503/531/2897
f 262/229/2898 260/119/2899 3518/529/2900
f 262/229/2901 3518/529/2902 254/112/2903
f 334/237/2904 331/234/2904 338/134/2904
f 1741/101/2905 1714/101/2906 1733/101/2907
f 12/6/2908 20/18/2909 11/518/2910
f 1706/101/2911 1712/101/2911 1713/101/2912
f 1742/101/2913 1714/101/2913 1725/101/2914
f 330/305/2915 469/330/2915 302/306/2916
f 1724/101/2917 1707/101/2918 1708/101/2919
f 610/233/2920 650/286/2920 318/160/2920
f 22/20/2921 29/25/2922 21/26/2923
f 1735/101/2924 1728/101/2925 1729/101/2926
f 1715/101/2927 1706/101/2928 1735/101/2929
f 1732/101/2930 1742/101/2931 1725/101/2932
f 1729/101/2933 1712/101/2934 1707/101/2935
f 1724/101/2936 1708/101/2937 1715/101/2938
f 284/120/2939 292/124/2939 287/121/2939
f 308/129/2940 301/128/2940 314/130/2940
f 21/26/2941 11/518/2942 20/18/2943 22/20/2944
f 1713/101/2945 1712/101/2946 1744/101/2947
f 1727/101/2948 1744/101/2949 1729/101/2950
f 1714/101/2951 1741/101/2952 1725/101/2953
f 358/253/2954 340/245/2954 347/133/2954 357/252/2954
f 48/240/2955 59/254/2956 47/522/2957
f 1732/101/2958 1714/101/2959 1742/101/2960
f 309/226/2961 331/234/2961 314/130/2961
f 1725/101/2962 1741/101/2963 1733/101/2964
f 326/131/2965 314/130/2965 334/237/2965
f 426/317/2966 428/164/2966 420/302/2966 417/297/2966
f 120/101/2967 1758/101/2968 1750/101/2969
f 1774/101/2970 1783/101/2971 1750/101/2972
f 1749/101/2973 1764/101/2974 1748/101/2975
f 1749/101/2976 1748/101/2977 1756/101/2977
f 379/144/2978 377/143/2978 385/272/2978
f 3896/533/2979 3897/534/2979 392/276/2979
f 399/153/2980 400/535/2980 388/271/2980 385/272/2980
f 1748/101/2981 1764/101/2982 1757/101/2983
f 385/272/2984 377/143/2984 378/536/2984 380/275/2984
f 1748/101/2985 1757/101/2986 1770/101/2987
f 73/146/2988 63/255/2989 61/242/2990 74/145/2991
f 3977/537/2992 3978/538/2992 415/296/2992 409/151/2992
f 1773/101/2993 1758/101/2994 120/101/2995
f 1777/101/2996 1764/101/2997 1749/101/2998
f 399/153/2999 385/272/2999 392/276/2999 393/539/2999
f 48/240/3000 61/242/3001 59/254/3002
f 103/157/3003 108/59/3004 102/61/3005
f 386/244/3006 850/158/3007 87/74/3008
f 393/539/3009 409/151/3009 399/153/3009
f 1773/101/3010 1774/101/3011 1775/101/3012
f 1771/101/3013 1770/101/3014 1766/101/3015
f 103/157/3016 111/168/3017 108/59/3018
f 1774/101/3019 120/101/3020 1783/101/3021
f 1750/101/3022 1758/101/3023 1776/101/3024
f 357/252/3025 361/139/3025 371/540/3025
f 1766/101/3026 1749/101/3027 1784/101/3028
f 318/160/3029 421/340/3029 413/161/3029
f 1789/101/3030 1801/101/3031 1787/101/3032
f 1789/101/3033 1787/101/3034 1788/101/3034
f 1816/101/3035 1790/101/3036 1788/101/3037
f 1816/101/3038 1788/101/3039 1813/101/3040
f 131/525/3041 138/102/3042 126/65/3043
f 434/316/3044 426/317/3044 438/174/3044
f 430/165/3045 428/164/3045 434/316/3045
f 3902/541/3046 3903/308/3046 429/309/3046 426/317/3046
f 1802/101/3047 1789/101/3048 1790/101/3049
f 1823/101/3050 1803/101/3051 1804/101/3052
f 3905/542/3053 433/318/3053 429/309/3053 3904/310/3053
f 442/176/3054 463/178/3054 459/177/3054
f 1813/101/3055 1811/101/3056 1812/101/3057
f 1826/101/3058 1814/101/3059 1815/101/3060
f 1826/101/3061 1791/101/3062 1792/101/3063
f 1812/101/3064 1801/101/3065 1789/101/3066
f 429/309/3067 433/318/3067 426/317/3067
f 122/169/3068 131/525/3069 126/65/3070
f 141/524/3071 149/76/3072 139/103/3073
f 475/337/3074 459/177/3074 463/178/3074 470/184/3074
f 1802/101/3075 1790/101/3076 1816/101/3077
f 489/190/3078 490/198/3078 483/339/3078 478/191/3078
f 1788/101/3079 1787/101/3080 1811/101/3081
f 1810/101/3082 1825/101/3083 1812/101/3084
f 470/184/3085 483/339/3085 479/338/3085
f 478/191/3086 464/183/3086 466/181/3086 480/335/3086
f 489/190/3087 492/196/3087 490/198/3087
f 1814/101/3088 1792/101/3089 1823/101/3090
f 1803/101/3091 1791/101/3092 1815/101/3093
f 1838/101/3094 1830/101/3095 1829/101/3096
f 1832/101/3097 1840/101/3098 1831/101/3099
f 1840/101/3100 1832/101/3101 1841/101/3102
f 1839/101/3103 1828/101/3104 1829/101/3104
f 1861/101/3105 1830/101/3106 1838/101/3107
f 1861/101/3108 1838/101/3109 1856/101/3110
f 3917/543/3111 3918/544/3111 493/195/3111 492/196/3111
f 535/383/3112 533/373/3112 545/385/3112
f 492/196/3113 508/194/3113 494/197/3113
f 203/420/3114 217/11/3115 212/545/3116
f 510/256/3117 355/361/3118 512/360/3118
f 1828/101/3119 1853/101/3120 1855/101/3121
f 1841/101/3122 1832/101/3123 1831/101/3124
f 1859/101/3125 1840/101/3126 1848/101/3127
f 490/198/3128 494/197/3128 491/269/3128
f 549/388/3129 565/12/3129 545/546/3129 540/387/3129
f 509/206/3130 521/367/3130 520/207/3130
f 182/415/3131 188/416/3132 180/527/3133
f 3984/547/3134 3921/201/3134 526/204/3134
f 1858/101/3135 1859/101/3136 1860/101/3137
f 1857/101/3138 1867/101/3139 1855/101/3140
f 203/420/3141 218/9/3142 217/11/3143
f 1880/101/3144 1871/101/3145 1907/101/3146
f 1896/101/3147 1881/101/3148 1907/101/3149
f 3933/548/3150 3934/549/3150 576/403/3150
f 1869/101/3151 1903/101/3152 1890/101/3153
f 569/216/3154 571/399/3154 568/212/3154
f 3930/550/3155 3931/551/3155 574/219/3155
f 1893/101/3156 1894/101/3157 1892/101/3158
f 1894/101/3159 1891/101/3160 1892/101/3161
f 1879/101/3162 1869/101/3163 1894/101/3164
f 576/403/3165 581/407/3165 578/404/3165
f 1872/101/3166 1871/101/3167 1880/101/3168
f 1904/101/3169 1879/101/3170 1893/101/3171
f 228/96/3172 224/10/3173 218/9/3174 851/259/3175
f 297/343/3176 488/344/3177 387/440/3177
f 3933/548/3178 576/403/3178 3932/552/3178
f 582/40/3179 578/404/3179 584/408/3179
f 235/258/3180 244/257/3181 240/109/3182
f 1903/101/3183 1885/101/3184 1909/101/3185
f 1891/101/3186 1885/101/3187 1870/101/3188
f 1895/101/3189 1896/101/3190 1897/101/3191
f 1890/101/3192 1909/101/3193 1891/101/3194
f 1895/101/3195 1880/101/3196 1881/101/3197
f 3991/553/3198 581/407/3198 3935/554/3198
f 572/213/3199 568/212/3199 573/218/3199
f 1886/101/3200 1870/101/3201 1904/101/3202
f 857/228/3203 271/4/3204 266/117/3205
f 1928/101/3206 1919/101/3207 1911/101/3208
f 218/9/3209 456/419/3210 354/260/3211
f 588/39/3212 589/236/3212 587/235/3212
f 592/122/3213 589/236/3213 284/120/3213
f 203/380/3214 200/417/3215 502/418/3216 456/426/3217
f 593/555/3218 488/344/3218 335/251/3219
f 1919/101/3220 1928/101/3221 1920/101/3222
f 579/405/3223 583/261/3223 597/263/3223
f 1919/101/3224 1920/101/3225 1936/101/3226
f 510/256/3227 328/307/3228 857/228/3229
f 1920/101/3230 1928/101/3231 1951/101/3232
f 592/122/3233 580/406/3233 596/262/3233 587/235/3233
f 1934/101/3234 1945/101/3235 1918/101/3236
f 575/401/3237 597/263/3237 598/278/3237 572/213/3237
f 386/244/3238 537/243/3239 335/251/3240
f 406/241/3241 537/243/3242 61/242/3243
f 163/248/3244 369/414/3245 595/246/3246
f 1937/101/3247 1947/101/3248 1921/101/3249
f 1935/101/3250 1932/101/3251 1933/101/3252
f 589/236/3253 586/38/3253 591/556/3253
f 1929/101/3254 1911/101/3255 1945/101/3256
f 1953/101/3257 1990/101/3257 1976/101/3258
f 1968/101/3259 1967/101/3260 1969/101/3261
f 1967/101/3262 1956/101/3262 1969/101/3263
f 1984/101/3264 1968/101/3265 1969/101/3266
f 1966/101/3267 1991/101/3268 1954/101/3269
f 612/438/3270 355/361/3270 354/260/3271
f 368/142/3272 375/141/3272 325/159/3272
f 609/304/3273 400/535/3273 412/303/3273
f 345/249/3274 350/250/3274 413/161/3274
f 325/159/3275 350/250/3275 368/142/3275
f 1966/101/3276 1953/101/3277 1981/101/3278
f 400/535/3279 609/304/3279 610/233/3279 388/271/3279
f 1969/101/3280 1956/101/3281 1955/101/3282
f 1982/101/3283 1990/101/3284 1954/101/3285
f 1981/101/3286 1991/101/3287 1966/101/3288
f 379/144/3289 388/271/3289 610/233/3289
f 605/301/3290 459/177/3290 475/337/3290
f 1983/101/3291 1984/101/3292 1985/101/3293
f 1981/101/3294 1980/101/3295 1977/101/3296
f 1983/101/3297 1967/101/3298 1968/101/3299
f 1982/101/3300 1980/101/3301 1979/101/3302
f 830/324/3303 621/557/3304 630/433/3305 829/332/3306
f 596/262/3307 585/422/3307 611/424/3307
f 287/121/3308 300/127/3308 528/274/3308
f 1977/101/3309 1954/101/3310 1991/101/3311
f 1982/101/3312 1976/101/3313 1990/101/3314
f 2012/101/3315 1997/101/3316 2003/101/3317
f 2004/101/3318 1998/101/3319 2013/101/3320
f 2030/101/3321 1995/101/3322 1996/101/3323
f 2003/101/3324 2002/101/3325 2018/101/3326
f 620/466/3327 820/431/3328 766/429/3329 825/454/3330
f 665/435/3331 824/437/3332 799/434/3333
f 652/558/3334 668/413/3334 840/358/3335 794/348/3336
f 500/288/3337 678/559/3338 682/289/3339
f 752/283/3340 815/282/3341 633/484/3341 767/350/3342
f 2022/101/3343 2034/101/3344 2013/101/3345
f 2021/101/3346 1998/101/3347 2004/101/3348
f 2002/101/3349 1995/101/3350 2017/101/3351
f 637/287/3352 639/371/3353 642/285/3354
f 779/464/3355 766/429/3356 636/430/3357
f 650/286/3358 642/285/3359 655/368/3360
f 318/160/3361 666/480/3362 669/364/3363
f 662/479/3364 318/160/3365 650/286/3365 655/368/3366
f 640/432/3367 656/560/3368 828/561/3369 643/333/3370
f 2032/101/3371 2030/101/3372 2036/101/3373
f 421/340/3374 669/364/3375 672/363/3376
f 2021/101/3377 2022/101/3378 2023/101/3379
f 2019/101/3380 2025/101/3381 2017/101/3382
f 639/371/3383 637/287/3384 629/427/3384 631/369/3385
f 684/279/3386 822/474/3387 691/478/3388 827/280/3389
f 2022/101/3390 2004/101/3391 2034/101/3392
f 2013/101/3393 1998/101/3394 2024/101/3395
f 606/300/3396 614/299/3396 629/427/3396
f 637/287/3397 650/286/3397 609/304/3397
f 735/450/3398 845/322/3399 745/456/3400
f 2043/101/3401 2044/101/3402 2055/101/3403
f 2040/101/3404 2038/101/3405 2039/101/3405
f 502/418/3406 506/482/3407 458/425/3407
f 2038/101/3408 2053/101/3409 2073/101/3410
f 739/451/3411 841/458/3412 842/362/3413
f 3227/7/3414 2/394/3415 1/3/3416 3/1/3417
f 715/443/3418 728/452/3419 842/362/3420 843/444/3421
f 2073/101/3422 2053/101/3423 2062/101/3424
f 601/315/3425 706/314/3425 703/398/3425
f 2065/101/3426 2074/101/3427 2055/101/3428
f 2055/101/3429 2044/101/3430 2066/101/3431
f 2044/101/3432 2043/101/3433 2064/101/3434
f 2060/101/3435 2059/101/3435 2061/101/3436
f 2041/101/3437 2039/101/3438 2063/101/3439
f 2039/101/3440 2038/101/3441 2060/101/3442
f 743/453/3443 848/448/3444 735/450/3445
f 830/324/3446 829/332/3447 758/562/3448 845/322/3449
f 766/429/3450 778/465/3451 749/459/3452
f 2063/101/3453 2060/101/3454 2054/101/3455
f 700/312/3456 604/311/3456 603/268/3456 702/442/3456
f 2062/101/3457 2079/101/3458 2061/101/3459
f 2078/101/3460 2043/101/3461 2074/101/3462
f 746/457/3463 845/322/3464 758/562/3465
f 2054/101/3466 2060/101/3467 2061/101/3468
f 370/439/3469 443/445/3469 595/246/3470
f 848/448/3471 813/319/3472 839/357/3473
f 539/365/3474 788/470/3474 791/563/3474
f 2083/101/3475 2089/101/3476 2110/101/3477
f 2119/101/3478 2089/101/3479 2099/101/3480
f 800/370/3481 778/465/3482 779/464/3483
f 837/323/3484 804/564/3485 621/557/3486 830/324/3487
f 703/398/3488 706/314/3488 759/461/3489 771/462/3490
f 724/447/3491 839/357/3492 806/472/3493
f 622/284/3494 783/468/3494 279/476/3494
f 787/346/3495 736/345/3496 826/356/3497
f 738/320/3498 743/453/3499 611/424/3500
f 2109/101/3501 2119/101/3502 2099/101/3503
f 2108/101/3504 2096/101/3505 2081/101/3506
f 2098/101/3507 2120/101/3508 2088/101/3509
f 736/345/3510 784/347/3511 781/467/3512 825/454/3513
f 716/353/3514 791/563/3515 788/470/3515 715/443/3516
f 794/348/3517 722/475/3518 772/349/3519
f 387/440/3520 620/466/3520 781/467/3520
f 689/321/3521 738/320/3522 585/422/3523
f 2089/101/3524 2083/101/3525 2099/101/3526
f 2108/101/3527 2113/101/3528 2106/101/3529
f 759/328/3530 706/328/3531 708/446/3531 753/326/3532
f 539/365/3533 786/469/3533 788/470/3533
f 2109/101/3534 2089/101/3535 2119/101/3536
f 783/468/3537 786/469/3537 407/421/3537
f 2105/101/3538 2122/101/3539 2108/101/3540
f 2099/101/3541 2083/101/3542 2110/101/3543
f 2098/101/3544 2081/101/3545 2120/101/3546
f 839/357/3547 840/358/3548 790/412/3549
f 370/439/3550 784/347/3550 787/346/3550
f 787/346/3551 789/471/3551 370/439/3551
f 2126/101/3552 2124/101/3553 2125/101/3553
f 2135/101/3554 2136/101/3555 2128/101/3556
f 2136/101/3557 2137/101/3558 2128/101/3559
f 2153/101/3560 2135/101/3561 2128/101/3562
f 2126/101/3563 2144/101/3564 2124/101/3565
f 801/477/3566 802/463/3567 827/280/3568
f 793/355/3569 714/354/3570 801/477/3571
f 279/476/3572 815/282/3572 622/284/3572
f 387/440/3573 820/431/3573 620/466/3573
f 2145/101/3574 2126/101/3575 2127/101/3576
f 804/564/3577 805/359/3577 355/361/3577
f 678/559/3578 672/363/3579 841/458/3580 709/460/3581
f 2152/101/3582 2137/101/3583 2136/101/3584
f 2156/101/3585 2144/101/3586 2126/101/3587
f 2145/101/3588 2127/101/3589 2125/101/3590
f 2125/101/3591 2124/101/3592 2150/101/3593
f 636/430/3594 820/431/3594 488/344/3594
f 791/563/3595 697/291/3595 539/365/3595
f 443/445/3596 789/471/3596 792/473/3596
f 655/368/3597 844/351/3598 795/352/3599
f 697/291/3600 687/293/3600 337/298/3600
f 795/352/3601 843/444/3602 662/479/3603
f 2152/101/3604 2153/101/3605 2154/101/3606
f 2124/101/3607 2144/101/3608 2134/101/3609
f 337/298/3610 687/293/3610 677/295/3610
f 2128/101/3611 2137/101/3612 2155/101/3613
f 680/281/3614 656/565/3614 458/425/3614
f 800/370/3615 798/481/3616 639/371/3617
f 920/494/3618 921/495/3619 252/490/3620
f 458/483/3621 656/560/3621 640/432/3621
f 2165/101/3622 2181/101/3623 2190/101/3624
f 2184/101/3625 2166/101/3626 2167/101/3627
f 1604/526/3628 858/505/3629 150/116/3630
f 2198/101/3631 2168/101/3632 2194/101/3633
f 2168/101/3634 2176/101/3635 2192/101/3636
f 2202/101/3637 2182/101/3638 2166/101/3639
f 2184/101/3640 2167/101/3641 2175/101/3642
f 2175/101/3643 2165/101/3644 2191/101/3645
f 2865/36/3646 904/566/3647 35/30/3648
f 782/374/3649 771/462/3650 801/477/3651 714/354/3652
f 265/200/3653 3348/567/3654 274/568/3655
f 2192/101/3656 2176/101/3657 2169/101/3658
f 749/459/3659 778/465/3660 631/369/3661
f 2193/101/3662 2169/101/3663 2198/101/3664
f 921/495/3665 922/325/3666 241/105/3667
f 469/330/3668 668/413/3668 652/558/3668
f 2223/101/3669 2209/101/3670 2233/101/3671
f 2215/101/3672 2210/101/3673 2223/101/3674
f 2214/101/3675 2208/101/3676 2207/101/3677
f 213/156/3678 938/498/3679 939/501/3680
f 2206/101/3681 2240/101/3682 2226/101/3683
f 2205/101/3684 2226/101/3685 2227/101/3686
f 2227/101/3687 2230/101/3688 2229/101/3689
f 2232/101/3690 2215/101/3691 2223/101/3692
f 2231/101/3693 2209/101/3694 2210/101/3695
f 2229/101/3696 2206/101/3697 2207/101/3698
f 2214/101/3699 2205/101/3700 2228/101/3701
f 3953/569/3702 871/507/3703 867/506/3704 4007/570/3705
f 915/8/3706 14/17/3707 959/571/3708 861/393/3709
f 206/147/3710 939/572/3711 862/502/3712
f 888/573/3713 97/80/3714 105/90/3715 943/511/3716
f 2245/101/3717 2230/101/3718 2227/101/3719
f 2226/101/3720 2240/101/3721 2230/101/3722
f 2208/101/3723 2214/101/3724 2222/101/3725
f 2231/101/3726 2232/101/3727 2233/101/3728
f 2222/101/3729 2228/101/3730 2229/101/3731
f 2231/101/3732 2210/101/3733 2215/101/3734
f 26/22/3735 906/32/3736 947/402/3737 958/516/3738
f 2210/101/3739 2209/101/3740 2223/101/3741
f 150/116/3742 871/507/3743 873/397/3744
f 81/43/3745 890/574/3746 891/512/3747
f 174/85/3748 864/396/3749 865/575/3750
f 2248/101/3751 2251/101/3752 2263/101/3753
f 2255/101/3754 2252/101/3755 2254/101/3756
f 2262/101/3757 2246/101/3758 2247/101/3759
f 978/101/3760 1003/101/3761 960/101/3762 979/101/3763
f 1012/101/3764 1022/101/3765 1035/101/3766
f 989/101/3767 988/101/3768 991/101/3769
f 2246/101/3770 2262/101/3771 2267/101/3772
f 1002/101/3773 986/101/3774 970/101/3775
f 2246/101/3776 2267/101/3777 2269/101/3778
f 2272/101/3779 2253/101/3780 2252/101/3781
f 2270/101/3782 2269/101/3782 2271/101/3783
f 1030/101/3784 1034/101/3785 1033/101/3786
f 1008/101/3787 1033/101/3788 1034/101/3789
f 1007/101/3790 1006/101/3791 1028/101/3792 1040/101/3793
f 1019/101/3794 1020/101/3795 1042/101/3796 1033/101/3797
f 960/101/3798 985/101/3799 979/101/3800
f 2271/101/3801 2262/101/3802 2247/101/3803
f 2272/101/3804 2252/101/3805 2255/101/3806
f 978/101/3807 1002/101/3808 970/101/3809
f 2269/101/3810 2285/101/3811 2271/101/3812
f 2268/101/3813 2285/101/3814 2269/101/3815
f 2263/101/3816 2270/101/3817 2271/101/3818
f 969/101/3819 987/101/3820 985/101/3821
f 2254/101/3822 2253/101/3823 2274/101/3824
f 987/101/3825 977/101/3826 985/101/3827
f 1069/101/3828 1061/101/3829 1043/101/3830 1066/101/3831
f 2295/101/3832 2290/101/3833 2289/101/3834
f 2287/101/3835 2300/101/3836 2299/101/3837
f 2294/101/3838 2288/101/3839 2287/101/3840
f 1040/101/3841 1027/101/3842 1007/101/3843
f 1022/101/3844 1004/101/3845 1005/101/3846 1027/101/3847
f 1084/101/3848 1085/101/3849 1045/101/3850
f 1110/101/3851 1111/101/3852 1098/101/3853
f 1021/101/3854 1035/101/3855 1029/101/3856
f 2303/101/3857 2289/101/3858 2315/101/3859
f 1074/101/3860 1065/101/3861 1061/101/3862 1069/101/3863
f 2308/101/3864 2311/101/3865 2310/101/3866
f 2294/101/3867 2286/101/3868 2309/101/3869
f 2312/101/3870 2315/101/3871 2314/101/3871
f 2309/101/3872 2308/101/3872 2310/101/3873
f 1084/101/3874 1066/101/3875 1068/101/3876 1085/101/3877
f 1060/101/3878 1050/101/3879 1075/101/3880
f 1059/101/3881 1049/101/3882 1070/101/3883 1060/101/3884
f 1065/101/3885 1043/101/3886 1061/101/3886
f 1074/101/3887 1084/101/3888 1065/101/3889
f 2302/101/3890 2288/101/3891 2294/101/3892
f 1049/101/3893 1050/101/3894 1070/101/3895
f 2312/101/3896 2295/101/3897 2303/101/3898
f 1092/101/3899 1110/101/3900 1098/101/3901
f 2302/101/3902 2309/101/3903 2310/101/3904
f 2312/101/3905 2313/101/3906 2315/101/3907
f 1029/101/3908 1028/101/3909 1021/101/3910
f 2354/101/3911 2328/101/3912 2327/101/3913
f 1174/101/3914 1151/101/3915 1152/101/3916
f 2335/101/3917 2353/101/3918 2329/101/3919
f 2327/101/3920 2346/101/3921 2326/101/3922
f 2327/101/3923 2326/101/3924 2354/101/3924
f 1151/101/3925 1153/101/3926 1152/101/3927
f 1108/101/3928 1102/101/3929 1107/101/3930
f 1158/101/3931 1147/101/3932 1149/101/3932 1144/101/3933
f 1121/101/3934 1133/101/3935 1090/101/3936
f 2326/101/3937 2346/101/3938 2342/101/3939
f 1110/101/3940 1130/101/3941 1111/101/3942
f 2364/101/3943 2327/101/3944 2328/101/3945
f 1147/101/3946 1158/101/3947 1146/101/3948
f 2351/101/3949 2360/101/3950 2329/101/3951
f 2353/101/3952 2335/101/3953 2350/101/3954
f 2366/101/3955 2346/101/3956 2327/101/3957
f 2349/101/3958 2328/101/3959 2354/101/3960
f 2354/101/3961 2326/101/3962 2343/101/3963
f 1189/101/3964 1194/101/3965 1183/101/3966
f 1106/101/3967 1105/101/3968 1107/101/3969
f 1158/101/3970 1144/101/3971 1141/101/3972
f 1169/101/3973 1152/101/3974 1153/101/3975
f 1143/101/3976 1149/101/3977 1147/101/3978
f 2347/101/3979 2363/101/3980 2348/101/3981
f 2334/101/3982 2352/101/3983 2351/101/3984
f 1105/101/3985 1106/101/3986 1121/101/3987
f 2352/101/3988 2335/101/3989 2360/101/3990
f 2329/101/3991 2353/101/3992 2350/101/3993
f 1181/101/3994 1208/101/3995 1207/101/3996
f 2381/101/3997 2369/101/3998 2391/101/3999
f 2374/101/4000 2402/101/4001 2368/101/4002
f 2379/101/4003 2367/101/4004 2368/101/4005
f 1187/101/4006 1188/101/4007 1183/101/4008 1210/101/4009
f 1217/101/4010 1193/101/4011 1182/101/4012
f 1209/101/4013 1191/101/4014 1180/101/4015 1195/101/4016
f 2367/101/4017 2378/101/4018 2384/101/4019
f 2367/101/4020 2379/101/4021 2378/101/4022
f 1208/101/4023 1193/101/4024 1207/101/4025
f 2385/101/4026 2388/101/4027 2387/101/4028
f 1190/101/4029 1209/101/4030 1214/101/4031
f 2390/101/4032 2401/101/4033 2381/101/4034
f 2369/101/4035 2370/101/4036 2392/101/4037
f 2386/101/4038 2385/101/4038 2387/101/4039
f 2386/101/4040 2402/101/4041 2374/101/4042
f 2374/101/4043 2367/101/4044 2386/101/4045
f 1236/101/4046 1229/101/4047 196/101/4048 1241/101/4049
f 1210/101/4050 1183/101/4051 1194/101/4052
f 1256/101/4053 1253/101/4054 1230/101/4055
f 1210/101/4056 1211/101/4057 1187/101/4058
f 1212/101/4059 1193/101/4060 1208/101/4061
f 2387/101/4062 2379/101/4063 2368/101/4064
f 2389/101/4065 2390/101/4066 2391/101/4067
f 2390/101/4068 2370/101/4069 2401/101/4070
f 1189/101/4071 1213/101/4072 1211/101/4073 1194/101/4074
f 2370/101/4075 2369/101/4076 2381/101/4077
f 2380/101/4078 2368/101/4079 2402/101/4080
f 1235/101/4081 1236/101/4082 1252/101/4083
f 1266/101/4084 1293/101/4085 1292/101/4086
f 1252/101/4087 1236/101/4088 1239/101/4089
f 2416/101/4090 2411/101/4091 2425/101/4092
f 2407/101/4093 2423/101/4094 2444/101/4095
f 1311/101/4096 1338/101/4097 1341/101/4098
f 1235/101/4099 1252/101/4100 1233/101/4101
f 1314/101/4102 1332/101/4103 1323/101/4104
f 1292/101/4105 1280/101/4106 1299/101/4107
f 1265/101/4108 1292/101/4109 1290/101/4110
f 2406/101/4111 2444/101/4112 2433/101/4113
f 2424/101/4114 2407/101/4115 2408/101/4116
f 1272/101/4117 1273/101/4118 1268/101/4119
f 2433/101/4120 2432/101/4121 2431/101/4122
f 2437/101/4123 2416/101/4124 2425/101/4125
f 2415/101/4126 2406/101/4127 2429/101/4128
f 1312/101/4129 1341/101/4130 1333/101/4131
f 1334/101/4132 1338/101/4133 1308/101/4134
f 1274/101/4135 1272/101/4136 1268/101/4137
f 1292/101/4138 1299/101/4139 1291/101/4140
f 1305/101/4141 1280/101/4142 1293/101/4143
f 1295/101/4144 1296/101/4145 1273/101/4146
f 2408/101/4147 2415/101/4148 2424/101/4149
f 2429/101/4150 2431/101/4151 2424/101/4152
f 1290/101/4153 1291/101/4154 1304/101/4155
f 1332/101/4156 1317/101/4157 1323/101/4158
f 2425/101/4159 2410/101/4160 2436/101/4161
f 1343/101/4162 1342/101/4163 1316/101/4164
f 2461/101/4165 2450/101/4166 2469/101/4167
f 1376/101/4168 1377/101/4169 1353/101/4170
f 2482/101/4171 2455/101/4172 2461/101/4173
f 2455/101/4174 2450/101/4175 2461/101/4176
f 2449/101/4177 2479/101/4178 2447/101/4179
f 2472/101/4180 2454/101/4181 2468/101/4182
f 1306/101/4183 1323/101/4184 1321/101/4185
f 1387/101/4186 1360/101/4187 1350/101/4188
f 1373/101/4189 1360/101/4190 1387/101/4191
f 1322/101/4192 1321/101/4193 1323/101/4194
f 2471/101/4195 2449/101/4196 2448/101/4197
f 2467/101/4198 2479/101/4199 2449/101/4200
f 2454/101/4201 2447/101/4202 2466/101/4203
f 1351/101/4204 1386/101/4205 1377/101/4206 1378/101/4207
f 2460/101/4208 2448/101/4209 2472/101/4210
f 2465/101/4211 2485/101/4212 2466/101/4213
f 1360/101/4214 1373/101/4215 1385/101/4216
f 1373/101/4217 1387/101/4218 1372/101/4218
f 2470/101/4219 2455/101/4220 2482/101/4221
f 1383/101/4222 1376/101/4223 1353/101/4224
f 2485/101/4225 2480/101/4226 2479/101/4227
f 2486/101/4228 2470/101/4229 2469/101/4230
f 1410/101/4231 1418/101/4232 1430/101/4233
f 2489/101/4234 2488/101/4234 2514/101/4234
f 2514/101/4235 2524/101/4236 2489/101/4237
f 2489/101/4238 2525/101/4239 2506/101/4240
f 1419/101/4241 1428/101/4242 1426/101/4243
f 1395/101/4244 1431/101/4245 1394/101/4246
f 2488/101/4247 2506/101/4248 2507/101/4249
f 1431/101/4250 1393/101/4251 1394/101/4252
f 1392/101/4253 1418/101/4254 1417/101/4255
f 2509/101/4256 2512/101/4257 2511/101/4258
f 2509/101/4259 2494/101/4260 2495/101/4261
f 2511/101/4262 2490/101/4263 2494/101/4264
f 2497/101/4265 2525/101/4266 2489/101/4267
f 2514/101/4268 2488/101/4269 2513/101/4270
f 1397/101/4271 1412/101/4272 1411/101/4273
f 1468/101/4274 1442/101/4275 1435/101/4276 1433/101/4274
f 1429/101/4277 1410/101/4278 1391/101/4279
f 1393/101/4280 1431/101/4281 1419/101/4282 1420/101/4283
f 1413/101/4284 1412/101/4285 1417/101/4286
f 2524/101/4287 2514/101/4288 2499/101/4289
f 1440/101/4290 1461/101/4291 1458/101/4292
f 2507/101/4293 2497/101/4294 2508/101/4295
f 2497/101/4296 2498/101/4297 2508/101/4298
f 2499/101/4299 2513/101/4300 2498/101/4301
f 2499/101/4302 2489/101/4303 2524/101/4304
f 2497/101/4305 2506/101/4306 2525/101/4307
f 2513/101/4308 2508/101/4309 2498/101/4310
f 2532/101/4311 2533/101/4312 2546/101/4313
f 2528/101/4314 2551/101/4315 2527/101/4316
f 2539/101/4317 2532/101/4318 2546/101/4319
f 2528/101/4320 2527/101/4321 2529/101/4321
f 1474/101/4322 1481/101/4323 1473/101/4324
f 1516/101/4325 1521/101/4326 1514/101/4327
f 1466/101/4328 1443/101/4329 1435/101/4330
f 2527/101/4331 2571/101/4332 2556/101/4333
f 1516/101/4334 1556/101/4335 1521/101/4336
f 2552/101/4337 2528/101/4338 2529/101/4339
f 2556/101/4340 2555/101/4341 2553/101/4342
f 2570/101/4343 57/101/4344 2546/101/4345
f 2541/101/4346 2538/101/4347 2539/101/4348
f 2533/101/4349 2531/101/4350 2540/101/4351
f 2554/101/4352 2553/101/4352 2552/101/4353
f 2554/101/4354 2529/101/4355 2558/101/4356
f 2558/101/4357 2527/101/4358 2554/101/4359
f 1467/101/4360 1442/101/4361 1468/101/4362 1445/101/4363
f 1473/101/4364 1472/101/4365 1482/101/4365
f 1542/101/4366 1514/101/4367 1521/101/4368 1548/101/4369
f 1475/101/4370 1476/101/4371 1477/101/4372 1509/101/4373
f 1538/101/4374 1548/101/4375 1521/101/4376
f 1499/101/4377 1505/101/4378 1501/101/4379
f 1510/101/4380 1507/101/4381 1473/101/4382
f 1508/101/4383 1510/101/4384 1482/101/4385
f 2541/101/4386 2570/101/4387 2546/101/4388
f 2527/101/4389 2551/101/4390 2571/101/4391
f 1456/101/4392 1443/101/4393 1455/101/4394
f 1517/101/4395 1557/101/4396 1513/101/4397 1511/101/4398
f 2541/101/4399 2540/101/4400 2538/101/4401
f 1497/101/4402 1507/101/4403 1495/101/4404
f 2541/101/4405 2539/101/4406 2570/101/4407
f 1508/101/4408 1482/101/4409 1472/101/4410 1495/101/4411
f 2556/101/4412 2571/101/4413 2551/101/4414
f 1542/101/4415 1534/101/4416 1516/101/4417
f 2580/101/4418 2575/101/4419 2593/101/4420
f 2573/101/4421 2572/101/4421 2595/101/4421
f 2609/101/4422 2594/101/4423 2580/101/4424
f 2595/101/4425 2574/101/4426 2573/101/4427
f 1589/101/4428 1577/101/4429 1578/101/4430
f 1576/101/4431 1594/101/4432 1561/101/4433
f 1558/101/4434 1581/101/4435 1574/101/4436
f 1565/101/4437 1587/101/4438 1558/101/4439 1574/101/4440
f 2591/101/4441 2575/101/4442 2579/101/4443
f 2608/101/4444 2578/101/4445 2573/101/4446
f 2590/101/4447 2589/101/4447 2602/101/4448
f 2590/101/4449 2574/101/4450 2595/101/4451
f 2595/101/4452 2572/101/4453 2590/101/4454
f 1511/101/4455 1532/101/4456 1550/101/4457
f 1580/101/4458 1564/101/4459 1560/101/4460
f 1522/101/4461 1550/101/4462 1532/101/4463
f 1619/101/4464 1633/101/4465 1597/101/4466
f 1559/101/4467 1575/101/4468 1581/101/4469
f 1594/101/4470 1576/101/4471 1577/101/4472
f 2608/101/4473 2602/101/4474 2589/101/4475
f 1580/101/4476 1574/101/4477 1581/101/4478 1564/101/4479
f 1576/101/4480 1578/101/4481 1577/101/4482
f 2594/101/4483 2579/101/4484 2580/101/4485
f 2606/101/4486 2608/101/4487 2589/101/4488
f 1564/101/4489 1575/101/4490 1559/101/4491
f 2618/101/4492 2617/101/4493 2628/101/4494
f 2613/101/4495 2612/101/4495 2623/101/4495
f 2649/101/4496 2618/101/4497 2628/101/4498
f 1645/101/4499 1657/101/4500 1656/101/4501
f 1620/101/4502 1608/101/4503 1619/101/4504
f 2651/101/4505 2613/101/4506 2614/101/4507
f 2639/101/4508 2649/101/4509 2628/101/4510
f 2628/101/4511 2617/101/4512 2640/101/4513
f 2650/101/4514 2624/101/4515 2613/101/4516
f 2637/101/4517 2614/101/4518 2623/101/4519
f 2623/101/4520 2612/101/4521 2637/101/4522
f 1656/101/4523 1675/101/4524 1647/101/4525
f 1599/101/4526 1628/101/4527 1601/101/4528
f 2650/101/4529 2651/101/4530 2636/101/4531
f 1608/101/4532 1595/101/4533 1596/101/4534 1618/101/4535
f 1658/101/4536 1648/101/4537 1675/101/4538
f 2639/101/4539 2618/101/4540 2649/101/4541
f 2635/101/4542 2650/101/4543 2636/101/4544
f 2665/101/4545 2655/101/4546 2679/101/4547
f 2653/101/4548 2652/101/4548 2654/101/4548
f 2660/101/4549 2657/101/4550 2665/101/4551
f 1737/101/4552 1716/101/4553 1717/101/4554 1740/101/4555
f 1711/101/4556 1709/101/4557 1679/101/4558
f 1765/101/4559 1786/101/4560 1782/101/4561
f 1699/101/4562 1683/101/4563 1705/101/4564
f 2678/101/4565 2660/101/4566 2665/101/4567
f 2655/101/4568 2657/101/4569 2677/101/4570
f 2693/101/4571 2658/101/4572 2653/101/4573
f 2654/101/4574 2652/101/4575 2675/101/4576
f 1739/101/4577 1736/101/4578 1718/101/4579
f 1683/101/4580 1699/101/4581 1685/101/4582
f 1718/101/4583 1716/101/4584 1723/101/4584
f 1738/101/4585 1747/101/4586 1752/101/4587
f 1681/101/4588 1705/101/4589 1683/101/4590
f 1719/101/4591 1717/101/4592 1718/101/4593
f 2677/101/4594 2657/101/4595 2660/101/4596
f 1762/101/4597 1753/101/4598 1754/101/4598
f 1738/101/4599 1722/101/4600 1747/101/4601
f 2673/101/4602 2688/101/4603 2674/101/4604
f 2657/101/4605 2655/101/4606 2665/101/4607
f 1726/101/4608 1721/101/4609 1722/101/4610 1738/101/4611
f 2691/101/4612 2653/101/4613 2659/101/4614
f 1781/101/4615 1786/101/4616 1765/101/4617
f 2695/101/4618 2694/101/4618 2701/101/4618
f 2717/101/4619 2721/101/4620 2703/101/4621
f 1780/101/4622 1763/101/4623 1793/101/4624
f 1779/101/4625 1781/101/4626 1761/101/4627
f 1755/101/4628 1762/101/4629 1754/101/4630
f 2713/101/4631 2706/101/4632 2733/101/4633
f 2715/101/4634 2695/101/4635 2696/101/4636
f 2708/101/4637 2714/101/4637 2715/101/4637
f 1779/101/4638 1782/101/4639 1781/101/4640
f 2719/101/4641 2702/101/4642 2699/101/4643
f 2707/101/4644 2696/101/4645 2701/101/4646
f 2701/101/4647 2694/101/4648 2708/101/4649
f 1760/101/4650 1767/101/4651 1796/101/4652
f 1778/101/4653 1763/101/4654 1754/101/4655
f 1781/101/4656 1782/101/4657 1786/101/4658
f 2714/101/4659 2734/101/4660 2715/101/4661
f 1822/101/4662 1824/101/4663 1799/101/4664
f 1806/101/4665 1827/101/4666 1821/101/4667
f 2721/101/4668 2699/101/4669 2703/101/4670
f 2733/101/4671 2734/101/4672 2714/101/4673
f 2703/101/4674 2702/101/4675 2719/101/4676
f 1762/101/4677 1780/101/4678 1793/101/4679
f 2748/101/4680 2738/101/4681 2772/101/4682
f 1835/101/4683 1800/101/4684 1798/101/4685
f 2738/101/4686 37/101/4687 2757/101/4688
f 1820/101/4689 1808/101/4690 1819/101/4691
f 2742/101/4692 2735/101/4692 2743/101/4692
f 2743/101/4693 2737/101/4694 2736/101/4695
f 1800/101/4696 1835/101/4697 1808/101/4698 1820/101/4699
f 1876/101/4700 1865/101/4701 1849/101/4702
f 2771/101/4703 2760/101/4704 2742/101/4705
f 2742/101/4706 2760/101/4707 2775/101/4708
f 1868/101/4709 1852/101/4710 1875/101/4711
f 1851/101/4712 1852/101/4713 1873/101/4714
f 2743/101/4715 2735/101/4716 2753/101/4717
f 1818/101/4718 1797/101/4719 1800/101/4720 1819/101/4721
f 1889/101/4722 1878/101/4723 1902/101/4724
f 1868/101/4725 1873/101/4726 1852/101/4727
f 1845/101/4728 1846/101/4729 1851/101/4730
f 2771/101/4731 2775/101/4732 2760/101/4733
f 2770/101/4734 2771/101/4735 2752/101/4736
f 2771/101/4737 2763/101/4738 2752/101/4739
f 1874/101/4740 1850/101/4741 1866/101/4742
f 1837/101/4743 1862/101/4744 1849/101/4745
f 2756/101/4746 37/101/4747 2766/101/4748
f 2747/101/4749 2753/101/4750 2763/101/4751
f 2755/101/4752 2756/101/4753 2772/101/4754
f 2753/101/4755 2752/101/4756 2763/101/4757
f 1926/101/4758 1925/101/4759 1960/101/4760 1957/101/4761
f 2777/101/4762 2776/101/4762 2800/101/4762
f 2776/101/4763 2793/101/4764 2784/101/4765
f 2809/101/4766 2781/101/4767 2788/101/4768
f 1927/101/4769 1946/101/4770 1948/101/4771
f 1905/101/4772 1906/101/4773 1910/101/4774
f 1902/101/4775 1906/101/4776 1905/101/4777
f 1924/101/4778 1959/101/4779 1927/101/4780 1923/101/4778
f 2776/101/4781 2784/101/4782 2795/101/4783
f 1949/101/4784 1952/101/4785 1931/101/4786
f 2813/101/4787 2777/101/4788 2778/101/4789
f 2796/101/4790 2797/101/4791 2798/101/4792
f 2797/101/4793 2809/101/4794 2788/101/4795
f 2816/101/4796 2793/101/4797 2777/101/4798
f 2813/101/4799 2778/101/4800 2800/101/4801
f 2800/101/4802 2776/101/4803 2799/101/4804
f 1941/101/4805 1946/101/4806 1959/101/4807
f 1923/101/4808 1948/101/4809 1942/101/4810
f 1942/101/4811 1961/101/4812 1958/101/4813
f 1943/101/4814 1944/101/4815 1924/101/4816
f 2797/101/4817 2781/101/4818 2809/101/4819
f 2794/101/4820 2811/101/4821 2795/101/4822
f 2788/101/4823 2780/101/4824 2815/101/4825
f 1961/101/4826 1943/101/4827 1940/101/4828
f 1940/101/4829 1924/101/4830 1923/101/4831
f 2794/101/4832 2784/101/4833 2793/101/4834
f 1965/101/4835 1986/101/4836 1978/101/4837
f 1989/101/4838 1993/101/4839 2001/101/4840
f 2819/101/4841 2825/101/4842 2835/101/4843
f 2015/101/4844 2037/101/4845 2008/101/4846
f 1975/101/4847 1974/101/4848 1962/101/4849
f 1987/101/4850 1988/101/4851 1978/101/4851
f 1975/101/4852 1978/101/4853 1986/101/4853 1974/101/4854
f 1989/101/4855 2000/101/4856 1964/101/4857 1993/101/4858
f 1989/101/4859 2001/101/4860 1992/101/4861
f 2833/101/4862 2827/101/4863 2853/101/4864
f 2824/101/4865 2817/101/4866 2840/101/4867
f 2854/101/4868 2827/101/4869 2823/101/4870
f 2007/101/4871 2006/101/4872 2042/101/4872
f 2046/101/4873 2016/101/4874 2006/101/4875 2027/101/4876
f 1971/101/4877 1988/101/4878 2005/101/4879
f 1973/101/4880 2005/101/4881 1987/101/4882
f 2005/101/4883 1988/101/4884 1987/101/4885
f 1993/101/4886 1964/101/4887 1963/101/4888 2001/101/4889
f 2035/101/4890 2037/101/4891 2015/101/4892
f 1962/101/4893 1973/101/4894 1987/101/4895 1975/101/4896
f 2837/101/4897 2825/101/4898 2847/101/4899
f 2853/101/4900 2851/101/4901 2834/101/4902
f 2825/101/4903 2819/101/4904 2828/101/4905
f 2855/101/4906 2818/101/4907 2849/101/4908
f 2835/101/4909 2837/101/4910 2839/101/4911
f 2860/101/4912 2861/101/4913 2896/101/4914
f 2086/101/4915 2070/101/4916 2069/101/4917
f 2859/101/4918 2863/101/4918 2883/101/4918
f 2883/101/4919 2891/101/4920 2859/101/4921
f 2071/101/4922 2076/101/4923 2075/101/4924
f 2068/101/4925 2077/101/4926 2067/101/4927
f 2863/101/4928 2874/101/4929 2877/101/4930
f 2051/101/4931 2068/101/4932 2067/101/4933
f 2058/101/4934 2075/101/4935 2076/101/4936
f 2046/101/4937 2027/101/4938 2031/101/4939
f 2877/101/4940 2895/101/4941 2875/101/4942
f 2895/101/4943 2892/101/4944 2859/101/4945
f 2883/101/4946 2863/101/4947 2876/101/4948
f 2047/101/4949 2048/101/4949 2051/101/4949
f 2048/101/4950 2049/101/4951 2052/101/4952 2051/101/4950
f 2878/101/4953 2879/101/4954 2896/101/4955
f 2878/101/4956 27/101/4957 2864/101/4958
f 2070/101/4959 2086/101/4960 2084/101/4961
f 2068/101/4962 2057/101/4963 2077/101/4964
f 2049/101/4965 2048/101/4966 2077/101/4967 2057/101/4968
f 2877/101/4969 2893/101/4970 2895/101/4971
f 2867/101/4972 2859/101/4973 2891/101/4974
f 2893/101/4975 2874/101/4976 2892/101/4977
f 2033/101/4978 2008/101/4979 2037/101/4980
f 2882/101/4981 2875/101/4982 2895/101/4983
f 2916/101/4984 2902/101/4985 2931/101/4986
f 2900/101/4987 2899/101/4987 2906/101/4987
f 2907/101/4988 2903/101/4989 2916/101/4990
f 2092/101/4991 2091/101/4992 2103/101/4993 2097/101/4994
f 2143/101/4995 2140/101/4996 2132/101/4997 2131/101/4998
f 2118/101/4999 2116/101/5000 2094/101/5001
f 2129/101/5002 2117/101/5003 2123/101/5004
f 2928/101/5005 2914/101/5006 2900/101/5007
f 2091/101/5008 2087/101/5009 2095/101/5010
f 2899/101/5011 2922/101/5012 2924/101/5013
f 2163/101/5014 2141/101/5015 2132/101/5016
f 2922/101/5017 2914/101/5018 2923/101/5019
f 2930/101/5020 2907/101/5021 2916/101/5022
f 2902/101/5023 2903/101/5024 2932/101/5025
f 2925/101/5026 2924/101/5026 2927/101/5027
f 2906/101/5028 2899/101/5029 2925/101/5030
f 2131/101/5031 2132/101/5031 2138/101/5031
f 2097/101/5032 2115/101/5033 2092/101/5034
f 2171/101/5035 2158/101/5036 2140/101/5037
f 2114/101/5038 2130/101/5039 2095/101/5040
f 2927/101/5041 2900/101/5042 2901/101/5043
f 2148/101/5044 2163/101/5045 2147/101/5046
f 2929/101/5047 2930/101/5048 2931/101/5049
f 2929/101/5050 2903/101/5051 2907/101/5052
f 2170/101/5053 2138/101/5054 2132/101/5055
f 2915/101/5056 2925/101/5057 2927/101/5058
f 2903/101/5059 2902/101/5060 2916/101/5061
f 2938/101/5062 2906/101/5063 2926/101/5064
f 2915/101/5065 2901/101/5066 2938/101/5067
f 2946/101/5068 2943/101/5069 2961/101/5070
f 2211/101/5071 2187/101/5072 2174/101/5073
f 2957/101/5074 2941/101/5075 2942/101/5076
f 2211/101/5077 2196/101/5078 2212/101/5079 2188/101/5080
f 2217/101/5081 2220/101/5082 2216/101/5083
f 2173/101/5084 2187/101/5085 2195/101/5086
f 2941/101/5087 2949/101/5088 2958/101/5089
f 2945/101/5090 2946/101/5091 2961/101/5092
f 2138/101/5093 2141/101/5094 2148/101/5095
f 2977/101/5096 2957/101/5097 2942/101/5098
f 2212/101/5099 2179/101/5100 2172/101/5101 2188/101/5102
f 2243/101/5103 2241/101/5104 2242/101/5105
f 2172/101/5106 2195/101/5107 2188/101/5108
f 2942/101/5109 2965/101/5110 2978/101/5111
f 2178/101/5112 2199/101/5113 2201/101/5114
f 2960/101/5115 2944/101/5116 2945/101/5117
f 2178/101/5118 2201/101/5119 2204/101/5120
f 2195/101/5121 2187/101/5122 2211/101/5123
f 2978/101/5124 2964/101/5125 2977/101/5126
f 2980/101/5127 2949/101/5128 2950/101/5129
f 2213/101/5130 2216/101/5130 2220/101/5130
f 2960/101/5131 2962/101/5132 2961/101/5133
f 2180/101/5134 2183/101/5135 2197/101/5136 2199/101/5137
f 2997/101/5138 2985/101/5139 3018/101/5140
f 2224/101/5141 2237/101/5142 2236/101/5143
f 2983/101/5144 2982/101/5144 2991/101/5144
f 2991/101/5145 2994/101/5146 2984/101/5147
f 2983/101/5148 2992/101/5149 2982/101/5150
f 2276/101/5151 2277/101/5152 2293/101/5153
f 2244/101/5154 2225/101/5155 2224/101/5156 2236/101/5157
f 2982/101/5158 2993/101/5159 3004/101/5160
f 2257/101/5161 2264/101/5161 2256/101/5162
f 2291/101/5163 2282/101/5164 2260/101/5165
f 2249/101/5166 2244/101/5167 2236/101/5168 2237/101/5169
f 2239/101/5170 2250/101/5171 2219/101/5172
f 3010/101/5173 3011/101/5174 2997/101/5175
f 3022/101/5176 2983/101/5177 2984/101/5178
f 3021/101/5179 2992/101/5180 2983/101/5181
f 2991/101/5182 2982/101/5183 3005/101/5184
f 2305/101/5185 2330/101/5186 2324/101/5187
f 2994/101/5188 2991/101/5189 2996/101/5190
f 2306/101/5191 2325/101/5192 2330/101/5193
f 3008/101/5194 2989/101/5195 3011/101/5196
f 3021/101/5197 3022/101/5198 3004/101/5199
f 2982/101/5200 2992/101/5201 2993/101/5202
f 2266/101/5203 2278/101/5204 2264/101/5205
f 2306/101/5206 2316/101/5207 2331/101/5208 2325/101/5209
f 2283/101/5210 2284/101/5211 2275/101/5212
f 2282/101/5213 2291/101/5214 2284/101/5215
f 2996/101/5216 3005/101/5217 3022/101/5218
f 2989/101/5219 2985/101/5220 2997/101/5221
f 2996/101/5222 2984/101/5223 2994/101/5224
f 3005/101/5225 3004/101/5226 3022/101/5227
f 3007/101/5228 2993/101/5229 2992/101/5230
f 3035/101/5231 3024/101/5232 3025/101/5233
f 2324/101/5234 2331/101/5235 2316/101/5236
f 2340/101/5237 2333/101/5238 2336/101/5238
f 2357/101/5239 2344/101/5240 2333/101/5241 2358/101/5242
f 3024/101/5243 3035/101/5244 3044/101/5245
f 3036/101/5246 3025/101/5247 3026/101/5248
f 2331/101/5249 2324/101/5250 2325/101/5251
f 3031/101/5252 3024/101/5253 3046/101/5254
f 2333/101/5255 2359/101/5256 2358/101/5257
f 2365/101/5258 2371/101/5259 2356/101/5260
f 2332/101/5261 2323/101/5262 2317/101/5263
f 2365/101/5264 2341/101/5265 2339/101/5266 2372/101/5267
f 2341/101/5268 2356/101/5269 2338/101/5270
f 2305/101/5271 2304/101/5272 2306/101/5273
f 3059/101/5274 3035/101/5275 3025/101/5276
f 3047/101/5277 3053/101/5278 3048/101/5279
f 3047/101/5280 3032/101/5281 3037/101/5282
f 3037/101/5283 3027/101/5284 3048/101/5285
f 2372/101/5286 2339/101/5287 2338/101/5288 2373/101/5289
f 2340/101/5290 2355/101/5291 2359/101/5292
f 3062/101/5293 3057/101/5294 3059/101/5295
f 3037/101/5296 3028/101/5297 3027/101/5298
f 3036/101/5299 3045/101/5300 3059/101/5301
f 2337/101/5302 2336/101/5303 2361/101/5304 2355/101/5305
f 2383/101/5306 2400/101/5307 2403/101/5308
f 2399/101/5309 2414/101/5310 2395/101/5311
f 2409/101/5312 2399/101/5313 2395/101/5314
f 2417/101/5315 2398/101/5316 2395/101/5317 2414/101/5318
f 2383/101/5319 2404/101/5320 2393/101/5321
f 2413/101/5322 2417/101/5323 2396/101/5324
f 3094/101/5325 3064/101/5326 3065/101/5327
f 2439/101/5328 2440/101/5329 2443/101/5330
f 3083/101/5331 3096/101/5332 3074/101/5333
f 3093/101/5334 3078/101/5335 3064/101/5336
f 3073/101/5337 3065/101/5338 3070/101/5339
f 3070/101/5340 3063/101/5341 3080/101/5342
f 2445/101/5343 2452/101/5344 2451/101/5345
f 2413/101/5346 2398/101/5347 2417/101/5348
f 3093/101/5349 3094/101/5350 3079/101/5351
f 2452/101/5352 2445/101/5353 2421/101/5354
f 2418/101/5355 2419/101/5355 2422/101/5355
f 3083/101/5356 3067/101/5357 3096/101/5358
f 3074/101/5359 3071/101/5360 3085/101/5361
f 2417/101/5362 2414/101/5363 2376/101/5364
f 3080/101/5365 3079/101/5366 3094/101/5367
f 3081/101/5368 3095/101/5369 3078/101/5370
f 3107/101/5371 3108/101/5372 3113/101/5373
f 3111/101/5374 3103/101/5374 3130/101/5374
f 2481/101/5375 2475/101/5376 2478/101/5377
f 2475/101/5378 2481/101/5379 2464/101/5380
f 2457/101/5381 2478/101/5382 2487/101/5383
f 2476/101/5384 2496/101/5385 2493/101/5386
f 2505/101/5387 2523/101/5388 2535/101/5389
f 2491/101/5390 2493/101/5391 2496/101/5392
f 2458/101/5393 2474/101/5394 2484/101/5395 2483/101/5396
f 3103/101/5397 3112/101/5398 3125/101/5399
f 3139/101/5400 3111/101/5401 3104/101/5402
f 3127/101/5403 3128/101/5404 3129/101/5405
f 3128/101/5406 3141/101/5407 3113/101/5408
f 3113/101/5409 3108/101/5410 3105/101/5411
f 3138/101/5412 3123/101/5413 3111/101/5414
f 2487/101/5415 2478/101/5416 2483/101/5417
f 2519/101/5418 2537/101/5419 2502/101/5420 2520/101/5421
f 2543/101/5422 2521/101/5423 2536/101/5424
f 3104/101/5425 3130/101/5426 3126/101/5427
f 3138/101/5428 3139/101/5429 3125/101/5430
f 2459/101/5431 2464/101/5432 2458/101/5433
f 2516/101/5434 2505/101/5435 2535/101/5436 2544/101/5437
f 3128/101/5438 3107/101/5439 3141/101/5440
f 3107/101/5441 3113/101/5442 3141/101/5443
f 3124/101/5444 3138/101/5445 3125/101/5446
f 3126/101/5447 3125/101/5448 3139/101/5449
f 2462/101/5450 2463/101/5451 2476/101/5452
f 3124/101/5453 3112/101/5454 3123/101/5455
f 2543/101/5456 2520/101/5457 2521/101/5458
f 3147/101/5459 3148/101/5460 3155/101/5461
f 2548/101/5462 2547/101/5463 2563/101/5464
f 3143/101/5465 3163/101/5466 3149/101/5467
f 3150/101/5468 3147/101/5469 3155/101/5470
f 3151/101/5471 3180/101/5472 3144/101/5473
f 2547/101/5474 2565/101/5475 2564/101/5476
f 2583/101/5477 2607/101/5478 2616/101/5479
f 2588/101/5480 2587/101/5481 2599/101/5482 2597/101/5483
f 2534/101/5484 2517/101/5485 2522/101/5486
f 3143/101/5487 3149/101/5488 3164/101/5489
f 2521/101/5490 2530/101/5491 2504/101/5492
f 2568/101/5493 2549/101/5494 2562/101/5495 2569/101/5496
f 3151/101/5497 3143/101/5498 3165/101/5499
f 3167/101/5500 3150/101/5501 3155/101/5502
f 3155/101/5503 3148/101/5504 3182/101/5505
f 3182/101/5506 3148/101/5507 3147/101/5508
f 2560/101/5509 2561/101/5510 2548/101/5511
f 2544/101/5512 2535/101/5513 2523/101/5514
f 2577/101/5515 2561/101/5516 2576/101/5517
f 3180/101/5518 3151/101/5519 3154/101/5520
f 2547/101/5521 2576/101/5522 2565/101/5523
f 2568/101/5524 2566/101/5525 2550/101/5526
f 3166/101/5527 3167/101/5528 3168/101/5529
f 3154/101/5530 3165/101/5531 3177/101/5532
f 2605/101/5533 2601/101/5534 2586/101/5535
f 3165/101/5536 3164/101/5537 3177/101/5538
f 2566/101/5539 2567/101/5540 2557/101/5541
f 3181/101/5542 3149/101/5543 3163/101/5544
f 2647/101/5545 2631/101/5546 2644/101/5547 2663/101/5548
f 3184/101/5549 3183/101/5549 6/101/5549
f 2630/101/5550 2664/101/5551 2661/101/5552 2662/101/5553
f 2662/101/5554 2656/101/5555 2625/101/5556
f 3188/101/5557 3212/101/5558 3199/101/5559
f 3183/101/5560 3199/101/5561 3200/101/5562
f 2626/101/5563 2633/101/5564 2643/101/5565
f 2583/101/5566 2610/101/5567 2607/101/5568
f 3187/101/5569 6/101/5570 3201/101/5571
f 2667/101/5572 2668/101/5572 2671/101/5572
f 3206/101/5573 3207/101/5574 3193/101/5575
f 3203/101/5576 3189/101/5577 3186/101/5578
f 3215/101/5579 3188/101/5580 3184/101/5581
f 2610/101/5582 2601/101/5583 2605/101/5584
f 2615/101/5585 2607/101/5586 2605/101/5587
f 2622/101/5588 2643/101/5589 2642/101/5590
f 2598/101/5591 2620/101/5592 68/101/5593
f 3192/101/5594 3219/101/5595 3187/101/5596
f 2685/101/5597 2684/101/5598 2666/101/5599 2686/101/5600
f 2629/101/5601 2646/101/5602 2645/101/5603
f 3200/101/5604 3214/101/5605 3215/101/5606
f 2644/101/5607 2646/101/5608 2663/101/5609
f 3221/101/5610 3214/101/5611 3200/101/5612
f 3193/101/5613 3189/101/5614 3205/101/5615
f 2705/101/5616 2682/101/5617 2668/101/5618
f 3192/101/5619 3184/101/5620 3219/101/5621
f 3201/101/5622 3200/101/5623 3215/101/5624
f 2643/101/5625 2633/101/5626 2656/101/5627
f 3224/101/5628 3223/101/5628 3233/101/5628
f 3233/101/5629 3225/101/5630 3224/101/5631
f 3259/101/5632 3225/101/5633 3233/101/5634
f 3234/101/5635 4/101/5636 3238/101/5637
f 2687/101/5638 2705/101/5639 2686/101/5640
f 2731/101/5641 2732/101/5642 2724/101/5643
f 3223/101/5644 3232/101/5645 3242/101/5646
f 3259/101/5647 3224/101/5648 3225/101/5649
f 2739/101/5650 2732/101/5650 2731/101/5651 2740/101/5652
f 2745/101/5653 2744/101/5654 2710/101/5655
f 3245/101/5656 3256/101/5657 3238/101/5658
f 3238/101/5659 4/101/5660 3226/101/5661
f 3254/101/5662 3241/101/5663 3224/101/5664
f 3233/101/5665 3223/101/5666 3237/101/5667
f 2745/101/5668 2728/101/5669 2729/101/5670 2744/101/5671
f 2726/101/5672 2722/101/5673 2710/101/5674 2709/101/5675
f 3244/101/5676 3245/101/5677 3247/101/5678
f 3223/101/5679 3241/101/5680 3232/101/5681
f 2689/101/5682 2690/101/5683 2670/101/5684
f 2723/101/5685 2711/101/5686 2710/101/5687
f 3234/101/5688 3238/101/5689 3256/101/5690
f 2681/101/5691 2684/101/5692 2685/101/5693 2700/101/5694
f 3243/101/5695 3232/101/5696 3241/101/5697
f 3271/101/5698 3266/101/5699 3277/101/5700
f 2762/101/5701 2765/101/5702 2767/101/5703
f 2761/101/5704 2783/101/5705 2782/101/5706
f 2749/101/5707 2750/101/5707 2758/101/5707
f 3262/101/5708 3276/101/5709 3282/101/5710
f 3299/101/5711 3264/101/5712 3265/101/5713
f 3288/101/5714 3272/101/5715 3277/101/5716
f 3284/101/5717 3266/101/5718 3271/101/5719
f 3294/101/5720 3296/101/5721 3264/101/5722
f 3265/101/5723 3263/101/5724 3283/101/5725
f 2749/101/5726 2764/101/5727 2787/101/5728 2773/101/5729
f 2746/101/5730 2767/101/5731 2769/101/5732
f 2801/101/5733 2789/101/5734 2830/101/5735
f 2767/101/5736 2765/101/5737 2773/101/5738
f 2764/101/5739 2786/101/5740 2787/101/5741
f 43/101/5742 2804/101/5743 2792/101/5744
f 2801/101/5745 2790/101/5745 2802/101/5745
f 2786/101/5746 2768/101/5747 2746/101/5748 2769/101/5749
f 3295/101/5750 3298/101/5751 3282/101/5752
f 3276/101/5753 3296/101/5754 3298/101/5755
f 2830/101/5756 2822/101/5757 2826/101/5758
f 3307/101/5759 3303/101/5760 3312/101/5761
f 2870/101/5762 2868/101/5763 2832/101/5764
f 3325/101/5765 3335/101/5766 247/101/5767
f 3311/101/5768 3310/101/5769 3306/101/5770
f 2852/101/5771 2856/101/5772 2843/101/5773
f 2862/101/5774 2868/101/5775 2858/101/5776
f 3306/101/5777 3310/101/5778 3309/101/5779
f 2792/101/5780 2829/101/5781 2812/101/5782
f 3324/101/5783 3333/101/5784 3312/101/5785
f 3312/101/5786 3303/101/5787 3323/101/5788
f 3339/101/5789 3310/101/5790 3311/101/5791
f 3320/101/5792 3335/101/5793 3325/101/5794
f 2842/101/5795 2843/101/5796 2845/101/5797
f 2909/101/5798 2884/101/5799 2872/101/5800
f 2843/101/5801 2842/101/5802 2869/101/5803 2852/101/5804
f 2845/101/5805 2857/101/5806 2869/101/5807
f 3321/101/5808 3322/101/5809 3324/101/5810
f 2898/101/5811 2873/101/5812 2887/101/5813 2904/101/5814
f 2852/101/5815 2869/101/5816 2857/101/5817
f 3322/101/5818 3307/101/5819 3333/101/5820
f 3341/101/5821 3338/101/5822 3339/101/5823
f 2866/101/5824 2850/101/5825 2870/101/5826
f 3340/101/5827 3311/101/5828 3335/101/5829
f 2880/101/5830 2871/101/5831 2888/101/5832
f 3359/101/5833 3346/101/5834 3384/101/5835
f 2872/101/5836 2880/101/5837 2912/101/5838 2913/101/5839
f 3370/101/5840 3346/101/5841 3381/101/5842
f 2884/101/5843 2894/101/5844 2905/101/5845
f 2939/101/5846 2947/101/5847 2956/101/5848
f 3344/101/5849 3343/101/5849 3351/101/5849
f 3344/101/5850 3365/101/5851 3343/101/5852
f 3352/101/5853 3345/101/5854 3344/101/5855
f 3352/101/5856 3351/101/5857 3368/101/5858
f 2910/101/5859 2912/101/5860 2886/101/5861
f 31/101/5862 2919/101/5863 2947/101/5864 2939/101/5865
f 2948/101/5866 2933/101/5867 2917/101/5868
f 3343/101/5869 3353/101/5870 3366/101/5871
f 3358/101/5872 3344/101/5873 3345/101/5874
f 2887/101/5875 2908/101/5876 2897/101/5877 2904/101/5878
f 2898/101/5879 2890/101/5880 2873/101/5881
f 2955/101/5882 2948/101/5883 2917/101/5884
f 3370/101/5885 3369/101/5886 3384/101/5887
f 3369/101/5888 3371/101/5889 3359/101/5890
f 3378/101/5891 3365/101/5892 3344/101/5893
f 3345/101/5894 3352/101/5895 3368/101/5896
f 2880/101/5897 2888/101/5898 2886/101/5899
f 2934/101/5900 2953/101/5901 2917/101/5902 2920/101/5903
f 31/101/5904 2918/101/5905 2919/101/5906
f 3354/101/5907 3381/101/5908 3371/101/5909
f 3343/101/5910 3365/101/5911 3353/101/5912
f 2936/101/5913 2948/101/5914 2935/101/5914
f 2956/101/5915 2918/101/5916 2921/101/5917 2940/101/5918
f 3379/101/5919 3377/101/5920 3366/101/5921
f 3381/101/5922 3346/101/5923 3359/101/5924
f 3367/101/5925 3366/101/5926 3378/101/5927
f 3379/101/5928 3353/101/5929 3365/101/5930
f 3396/101/5931 3386/101/5932 3387/101/5933
f 3386/101/5934 3388/101/5935 3424/101/5936
f 3392/101/5937 3393/101/5937 3385/101/5937
f 3394/101/5938 3417/101/5939 3385/101/5940
f 3418/101/5941 3388/101/5942 3396/101/5943
f 3392/101/5944 3414/101/5945 3393/101/5946
f 3394/101/5947 3385/101/5948 3404/101/5949
f 2995/101/5950 2974/101/5951 2968/101/5952
f 2919/101/5953 2956/101/5954 2947/101/5955
f 2975/101/5956 3000/101/5957 3001/101/5958
f 3393/101/5959 3426/101/5960 3423/101/5961
f 3393/101/5962 3414/101/5963 3426/101/5964
f 2981/101/5965 2998/101/5966 2973/101/5967
f 2971/101/5968 2990/101/5969 2987/101/5970
f 3020/101/5971 3009/101/5972 3017/101/5973
f 3407/101/5974 3418/101/5975 3396/101/5976
f 3403/101/5977 3402/101/5977 3405/101/5978
f 3417/101/5979 3394/101/5980 3404/101/5981
f 2999/101/5982 3002/101/5983 3001/101/5984
f 3017/101/5985 3023/101/5986 3029/101/5987
f 2998/101/5988 2986/101/5989 2995/101/5990
f 3014/101/5991 3015/101/5992 3016/101/5993
f 3041/101/5994 3042/101/5995 3012/101/5996
f 3424/101/5997 3406/101/5998 3387/101/5999
f 3003/101/6000 2974/101/6001 2990/101/6002
f 3406/101/6003 3407/101/6004 3387/101/6005
f 3402/101/6006 3416/101/6007 3405/101/6008
f 2966/101/6009 2987/101/6010 2986/101/6011
f 3407/101/6012 3388/101/6013 3418/101/6014
f 3423/101/6015 3416/101/6016 3402/101/6017
f 3388/101/6018 3386/101/6019 3396/101/6020
f 3421/101/6021 3392/101/6022 3417/101/6023
f 3428/101/6024 3427/101/6025 3436/101/6026
f 3457/101/6027 3429/101/6028 3436/101/6029
f 3428/101/6030 3468/101/6031 3442/101/6032
f 3034/101/6033 3033/101/6034 3015/101/6035
f 3019/101/6036 3020/101/6037 3017/101/6038
f 3017/101/6039 3029/101/6040 3049/101/6041
f 3427/101/6042 3442/101/6043 3448/101/6044
f 3023/101/6045 3039/101/6046 3041/101/6047
f 3454/101/6048 3455/101/6049 3443/101/6050
f 3430/101/6051 3437/101/6052 3453/101/6053
f 3466/101/6054 3468/101/6055 3428/101/6056
f 3469/101/6057 3449/101/6057 3456/101/6058
f 3450/101/6059 3429/101/6060 3457/101/6061
f 3040/101/6062 3042/101/6063 3043/101/6064
f 3030/101/6065 3034/101/6066 3015/101/6067
f 3087/101/6068 3090/101/6069 3088/101/6070
f 3131/101/6071 3101/101/6072 3100/101/6073 3119/101/6074
f 3061/101/6075 3084/101/6076 3091/101/6077
f 3437/101/6078 3430/101/6079 3443/101/6080
f 3465/101/6081 3442/101/6082 3468/101/6083
f 3456/101/6084 3448/101/6085 3466/101/6086
f 3054/101/6087 3090/101/6088 3055/101/6089
f 3471/101/6090 3478/101/6091 3470/101/6092
f 3118/101/6093 3131/101/6094 3119/101/6095
f 3470/101/6096 3479/101/6097 3494/101/6098
f 3106/101/6099 3114/101/6100 3101/101/6101
f 3122/101/6102 3110/101/6103 3098/101/6104
f 3496/101/6105 3471/101/6106 3472/101/6107
f 3497/101/6108 3481/101/6109 3482/101/6110
f 3498/101/6111 3474/101/6112 3508/101/6113
f 3507/101/6114 3478/101/6115 3471/101/6116
f 3495/101/6117 3494/101/6117 3496/101/6118
f 3472/101/6119 3480/101/6120 3495/101/6121
f 3118/101/6122 3120/101/6123 3114/101/6124
f 3097/101/6125 3117/101/6126 3116/101/6127
f 3117/101/6128 3102/101/6129 3099/101/6130 3110/101/6131
f 3114/101/6132 3120/101/6133 3119/101/6134
f 3169/101/6135 3145/101/6136 3135/101/6137
f 3132/101/6138 3116/101/6139 3122/101/6140
f 3134/101/6141 3133/101/6142 3152/101/6143
f 3498/101/6144 3497/101/6145 3500/101/6146
f 3493/101/6147 3507/101/6148 3494/101/6149
f 3498/101/6150 3508/101/6151 3481/101/6152
f 3470/101/6153 3478/101/6154 3479/101/6155
f 3152/101/6156 3157/101/6157 3162/101/6158
f 3493/101/6159 3479/101/6160 3478/101/6161
f 3526/101/6162 3512/101/6163 3537/101/6164
f 3157/101/6165 3153/101/6166 3162/101/6167
f 3510/101/6168 3520/101/6168 3519/101/6168
f 3538/101/6169 3513/101/6170 3526/101/6171
f 3519/101/6172 3511/101/6173 3510/101/6174
f 3179/101/6175 3173/101/6175 3208/101/6175
f 3137/101/6176 3145/101/6177 3156/101/6178
f 3520/101/6179 3530/101/6180 3532/101/6181
f 3525/101/6182 3510/101/6183 3511/101/6184
f 3185/101/6185 3195/101/6186 3194/101/6187
f 3537/101/6188 3538/101/6189 3526/101/6190
f 3546/101/6191 3524/101/6192 3510/101/6193
f 3525/101/6194 3511/101/6195 3519/101/6196
f 3222/101/6197 3235/101/6198 3251/101/6199
f 3194/101/6200 3209/101/6201 3191/101/6202
f 3519/101/6203 3520/101/6204 3532/101/6205
f 3546/101/6206 3547/101/6207 3532/101/6208
f 3230/101/6209 3246/101/6210 3252/101/6211
f 3513/101/6212 3512/101/6213 3526/101/6214
f 3530/101/6215 3524/101/6216 3546/101/6217
f 3175/101/6218 3178/101/6219 3174/101/6220 3197/101/6221
f 3217/101/6222 3231/101/6223 3248/101/6224 3249/101/6225
f 3140/101/6226 3136/101/6227 3146/101/6228
f 3551/101/6229 3552/101/6230 3576/101/6231
f 3267/101/6232 3279/101/6233 3278/101/6234
f 3550/101/6235 3556/101/6236 222/101/6237
f 3558/101/6238 3586/101/6239 3550/101/6240
f 3559/101/6241 3560/101/6242 3551/101/6243
f 3560/101/6244 3552/101/6245 3551/101/6246
f 3558/101/6247 222/101/6248 3573/101/6249
f 3275/101/6250 3280/101/6251 3281/101/6252
f 3556/101/6253 3570/101/6254 3557/101/6255
f 3216/101/6256 3236/101/6257 3235/101/6258
f 3251/101/6259 3235/101/6260 3248/101/6261
f 3261/101/6262 3255/101/6262 3253/101/6262
f 3275/101/6263 3278/101/6264 3280/101/6265
f 3571/101/6266 3557/101/6267 3570/101/6268
f 3290/101/6269 3268/101/6270 3255/101/6271
f 3575/101/6272 3559/101/6273 3551/101/6274
f 3585/101/6275 3570/101/6276 3550/101/6277
f 222/101/6278 3556/101/6279 3573/101/6280
f 3297/101/6281 3293/101/6282 3314/101/6283
f 3257/101/6284 3281/101/6285 3269/101/6286
f 3269/101/6287 3280/101/6288 3279/101/6289
f 3274/101/6290 3268/101/6291 3290/101/6292
f 3330/101/6293 3328/101/6294 3314/101/6295
f 3574/101/6296 3575/101/6297 3576/101/6298
f 3564/101/6299 3573/101/6300 3578/101/6301
f 3574/101/6302 3560/101/6303 3559/101/6304
f 3261/101/6305 3286/101/6306 3289/101/6307 3290/101/6308
f 3270/101/6309 3273/101/6310 3292/101/6311
f 3326/101/6312 3327/101/6313 3313/101/6314
f 3564/101/6315 3550/101/6316 3586/101/6317
f 3578/101/6318 3572/101/6319 3585/101/6320
f 3600/101/6321 3591/101/6322 3592/101/6322
f 3330/101/6323 3316/101/6324 3328/101/6325
f 3317/101/6326 3301/101/6327 3327/101/6328
f 3357/101/6329 3361/101/6330 3362/101/6331
f 3374/101/6332 3356/101/6333 3337/101/6334
f 3361/101/6335 3342/101/6336 3350/101/6337 3362/101/6338
f 3336/101/6339 3334/101/6340 3332/101/6341
f 3603/101/6342 3592/101/6343 3611/101/6344
f 3612/101/6345 3611/101/6345 3627/101/6346
f 3592/101/6347 3591/101/6348 3611/101/6349
f 3349/101/6350 3372/101/6351 3336/101/6352 3332/101/6353
f 3337/101/6354 3334/101/6355 3336/101/6356
f 3349/101/6357 3355/101/6358 3364/101/6359
f 3398/101/6360 3380/101/6361 3375/101/6362 3400/101/6363
f 3349/101/6364 3364/101/6365 3373/101/6366
f 3363/101/6367 3374/101/6368 3336/101/6369
f 3629/101/6370 3627/101/6371 3610/101/6372
f 3602/101/6373 3594/101/6374 3615/101/6375
f 3601/101/6376 3603/101/6377 3612/101/6378
f 3606/101/6379 3593/101/6380 3601/101/6381
f 3634/101/6382 3646/101/6383 3633/101/6384
f 3641/101/6385 3635/101/6386 3636/101/6387
f 3633/101/6388 3632/101/6388 3634/101/6388
f 3640/101/6389 3637/101/6390 3641/101/6391
f 3655/101/6392 3640/101/6393 3641/101/6394
f 3633/101/6395 3668/101/6396 3645/101/6397
f 3389/101/6398 275/101/6399 3376/101/6400
f 3411/101/6401 3383/101/6402 3382/101/6403 3415/101/6404
f 3632/101/6405 3645/101/6406 3651/101/6407
f 3647/101/6408 3633/101/6409 3646/101/6410
f 3391/101/6411 3376/101/6412 275/101/6413 3395/101/6414
f 3412/101/6415 3413/101/6416 3389/101/6417
f 3654/101/6418 3655/101/6419 3636/101/6420
f 3667/101/6421 3668/101/6422 3633/101/6423
f 3634/101/6424 3632/101/6425 3648/101/6426
f 3462/101/6427 3446/101/6428 3434/101/6429
f 3432/101/6430 3431/101/6431 3420/101/6431
f 3397/101/6432 3413/101/6433 3395/101/6434
f 3460/101/6435 3435/101/6436 3420/101/6437
f 3434/101/6438 3445/101/6439 3458/101/6440
f 3415/101/6441 3391/101/6442 3412/101/6443
f 3434/101/6444 3446/101/6445 3445/101/6446
f 3651/101/6447 3670/101/6448 3652/101/6449
f 3654/101/6450 3637/101/6451 3640/101/6452
f 3459/101/6453 3460/101/6454 3439/101/6455
f 3637/101/6456 3635/101/6457 3641/101/6458
f 3645/101/6459 3668/101/6460 3670/101/6461
f 3410/101/6462 3413/101/6463 3397/101/6464
f 3684/101/6465 3707/101/6466 208/101/6467
f 3674/101/6468 3681/101/6469 3673/101/6470
f 3483/101/6471 3486/101/6472 3505/101/6473
f 3467/101/6474 3473/101/6475 3506/101/6476
f 3459/101/6477 3440/101/6478 3460/101/6479
f 3439/101/6480 3461/101/6481 3459/101/6482
f 3441/101/6483 3435/101/6484 3460/101/6485
f 3673/101/6486 3682/101/6487 3695/101/6488
f 3684/101/6489 208/101/6490 3696/101/6491
f 3698/101/6492 3683/101/6493 3689/101/6494
f 3697/101/6495 3677/101/6496 3678/101/6497
f 3706/101/6498 3681/101/6499 3674/101/6500
f 3522/101/6501 3528/101/6502 3527/101/6503
f 3516/101/6504 3518/101/6505 3515/101/6506
f 3491/101/6507 3492/101/6508 3476/101/6509
f 3499/101/6510 3509/101/6511 3505/101/6512 3501/101/6513
f 208/101/6514 3673/101/6515 3695/101/6516
f 3697/101/6517 3698/101/6518 3675/101/6519
f 3694/101/6520 3706/101/6521 3695/101/6522
f 3706/101/6523 3709/101/6524 3695/101/6525
f 3502/101/6526 3464/101/6527 3477/101/6528
f 3689/101/6529 3677/101/6530 3710/101/6531
f 3688/101/6532 3674/101/6533 3707/101/6534
f 3440/101/6535 3419/101/6536 3431/101/6537 3441/101/6538
f 3536/101/6539 3555/101/6540 3529/101/6540
f 3694/101/6541 3682/101/6542 3681/101/6543
f 3729/101/6544 3715/101/6545 3752/101/6546
f 3753/101/6547 3715/101/6548 204/101/6549
f 3718/101/6550 3749/101/6551 3714/101/6552
f 3727/101/6553 3726/101/6554 3713/101/6555
f 3540/101/6556 3539/101/6557 3542/101/6558
f 3553/101/6559 3549/101/6560 3527/101/6561 3528/101/6562
f 3562/101/6563 3569/101/6563 3561/101/6563
f 3565/101/6564 3598/101/6565 3580/101/6566
f 3563/101/6567 3581/101/6568 3587/101/6569
f 3713/101/6570 3726/101/6571 3736/101/6572
f 3539/101/6573 3541/101/6574 3542/101/6575
f 3621/101/6576 3618/101/6577 3599/101/6578 3617/101/6579
f 3718/101/6580 3714/101/6581 3738/101/6582
f 3741/101/6583 3719/101/6584 3729/101/6585
f 3751/101/6586 3726/101/6587 3727/101/6588
f 3742/101/6589 3751/101/6590 3737/101/6591
f 3522/101/6592 3527/101/6593 3549/101/6594
f 3598/101/6595 3579/101/6596 3580/101/6597
f 3580/101/6598 3589/101/6599 3596/101/6600
f 3584/101/6601 3561/101/6602 3569/101/6603 3587/101/6604
f 3568/101/6605 3584/101/6606 3582/101/6607
f 3566/101/6608 3590/101/6609 3565/101/6610
f 3740/101/6611 3741/101/6612 3752/101/6613
f 3742/101/6614 3748/101/6615 3751/101/6616
f 204/101/6617 3715/101/6618 3729/101/6619
f 3728/101/6620 3727/101/6621 3749/101/6622
f 3764/101/6623 3756/101/6624 3755/101/6625
f 3757/101/6626 3758/101/6627 3779/101/6628
f 3676/101/6629 3661/101/6630 3643/101/6631
f 3787/101/6632 3754/101/6633 3755/101/6633
f 3765/101/6634 3758/101/6635 3757/101/6636
f 3666/101/6637 3660/101/6638 3649/101/6639 3672/101/6640
f 3692/101/6641 236/101/6641 3691/101/6642
f 3754/101/6643 3768/101/6644 3772/101/6645
f 3790/101/6646 3755/101/6647 3756/101/6648
f 3624/101/6649 3639/101/6650 3623/101/6651
f 3625/101/6652 3607/101/6653 3605/101/6654 3642/101/6655
f 3663/101/6656 3657/101/6657 3650/101/6658 3664/101/6659
f 3649/101/6660 3671/101/6661 3672/101/6662
f 3776/101/6663 3758/101/6664 3765/101/6665
f 3775/101/6666 3756/101/6667 3764/101/6668
f 3764/101/6669 3754/101/6670 3774/101/6671
f 3666/101/6672 3672/101/6673 3671/101/6674
f 3626/101/6675 3625/101/6676 3628/101/6677
f 3622/101/6678 3623/101/6679 3638/101/6680
f 3638/101/6681 3639/101/6682 3599/101/6683
f 3773/101/6684 3787/101/6685 3755/101/6686
f 3624/101/6687 3619/101/6688 3639/101/6689
f 3665/101/6690 3658/101/6691 3685/101/6692 3661/101/6693
f 3693/101/6694 3686/101/6695 3703/101/6696
f 3780/101/6697 3765/101/6698 3757/101/6699
f 3772/101/6700 3788/101/6701 3773/101/6702
f 3788/101/6703 3768/101/6704 3787/101/6705
f 3802/101/6706 3796/101/6707 3822/101/6708
f 3730/101/6709 3731/101/6710 3761/101/6711
f 3801/101/6712 3797/101/6713 3802/101/6714
f 3820/101/6715 3801/101/6716 3802/101/6717
f 3690/101/6718 3693/101/6719 3721/101/6720 3720/101/6721
f 3662/101/6722 3663/101/6723 3679/101/6724
f 3700/101/6725 236/101/6726 3711/101/6727 3712/101/6728
f 3800/101/6729 3810/101/6730 3814/101/6731
f 3699/101/6732 3687/101/6733 3690/101/6734
f 3793/101/6735 3814/101/6736 3816/101/6737
f 3735/101/6738 3746/101/6739 3766/101/6740
f 3803/101/6741 3793/101/6742 3817/101/6743
f 3699/101/6744 3702/101/6745 3708/101/6746
f 3817/101/6747 3816/101/6747 3824/101/6748
f 236/101/6749 3700/101/6750 3691/101/6751
f 3732/101/6752 3730/101/6753 3761/101/6754 3759/101/6755
f 3720/101/6756 3702/101/6757 3690/101/6758
f 3721/101/6759 3693/101/6760 3703/101/6761 3722/101/6762
f 3814/101/6763 3810/101/6764 3831/101/6765
f 3818/101/6766 3800/101/6767 3794/101/6768
f 3711/101/6769 3717/101/6770 3716/101/6771
f 3815/101/6772 3831/101/6773 3816/101/6774
f 3819/101/6775 3797/101/6776 3801/101/6777
f 3693/101/6778 3690/101/6779 3687/101/6780
f 3797/101/6781 3796/101/6782 3802/101/6783
f 3819/101/6784 3820/101/6785 3822/101/6786
f 3853/101/6787 3837/101/6788 3864/101/6789
f 3869/101/6790 3839/101/6791 3853/101/6792
f 3844/101/6793 3870/101/6794 3842/101/6795
f 3750/101/6796 3725/101/6797 3743/101/6798 3744/101/6799
f 3762/101/6800 3747/101/6801 3745/101/6802 3744/101/6803
f 3846/101/6804 3811/101/6805 3826/101/6806
f 3750/101/6807 3744/101/6808 3745/101/6809
f 3835/101/6810 3858/101/6811 3859/101/6812
f 3807/101/6813 3785/101/6814 3769/101/6815
f 3861/101/6816 3859/101/6817 3860/101/6818
f 3844/101/6819 3842/101/6820 3861/101/6821
f 3864/101/6822 3869/101/6823 3853/101/6824
f 3837/101/6825 3839/101/6826 3865/101/6827
f 3806/101/6828 230/101/6829 3769/101/6830
f 3723/101/6831 3745/101/6832 3747/101/6833
f 3777/101/6834 3783/101/6835 3786/101/6836
f 3804/101/6837 3770/101/6838 3786/101/6839
f 3858/101/6840 3843/101/6841 3851/101/6842
f 3852/101/6843 3870/101/6844 3844/101/6845
f 3860/101/6846 3843/101/6847 3836/101/6848
f 3786/101/6849 3770/101/6850 3808/101/6851
f 3871/101/6852 3851/101/6853 3859/101/6854
f 3859/101/6855 3851/101/6856 3860/101/6857
f 225/101/6858 3821/101/6859 3828/101/6860
f 3872/101/6861 3839/101/6862 3869/101/6863
f 3839/101/6864 3837/101/6865 3853/101/6866
f 3852/101/6867 3836/101/6868 3870/101/6869
f 3808/101/6870 3799/101/6871 3771/101/6872
f 2671/101/6873 2687/101/6874 2666/101/6875
f 2779/101/6876 2761/101/6877 2785/101/6878
f 1178/101/6879 1186/101/6880 1185/101/6881
f 1554/101/6882 1552/101/6883 1553/101/6884
f 1636/101/6885 1635/101/6886 1625/101/6887
f 2004/101/6888 2013/101/6889 2034/101/6890
f 2335/101/6891 2329/101/6892 2360/101/6893
f 1745/101/6894 1726/101/6895 1738/101/6896 1752/101/6897
f 2944/101/6898 2943/101/6899 2946/101/6900
f 3063/101/6901 3078/101/6902 3095/101/6903
f 3103/101/6904 3123/101/6905 3112/101/6906
f 3673/101/6907 3681/101/6908 3682/101/6909
f 565/12/6910 566/217/6910 568/212/6910
f 3/1/6911 1/3/6912 10/2/6913
f 7/2/6914 6/1/6915 8/518/6916
f 13/17/6917 3107/16/6918 6/1/6919 898/8/6920
f 2220/101/6921 2238/101/6922 2213/101/6923
f 3070/27/6924 18/26/6925 8/518/6926 16/15/6927
f 6/1/6928 3107/16/6929 16/15/6930
f 8/518/6931 6/1/6932 16/15/6933
f 271/4/6934 12/6/6935 276/5/6936
f 15/15/6937 14/17/6938 3175/16/6939
f 13/17/6940 3037/519/6941 3070/27/6942 16/15/6943
f 23/22/6944 2989/23/6945 3070/27/6946 897/517/6947
f 3070/27/6948 3037/519/6949 897/517/6950
f 21/26/6951 29/25/6952 3137/27/6953
f 27/31/6954 28/28/6955 2941/24/6956 2907/21/6956
f 3070/27/6957 2989/23/6958 24/25/6959
f 29/25/6960 33/28/6961 3009/24/6962
f 31/31/6963 35/30/6964 906/32/6965
f 24/25/6966 2989/23/6967 2907/21/6968
f 2115/101/6969 2097/101/6970 2102/101/6971
f 2907/21/6972 886/32/6973 27/31/6974
f 38/29/6975 2865/36/6976 35/30/6977
f 38/29/6978 31/31/6979 33/28/6980
f 885/35/6981 37/33/6982 34/29/6983 2809/36/6984
f 39/37/6985 43/33/6986 38/29/6985
f 28/28/6987 34/29/6988 36/37/6989
f 586/38/6990 589/236/6990 588/39/6990
f 50/41/6991 45/34/6992 43/33/6993
f 62/53/6994 54/55/6995 2670/54/6996
f 2092/101/6997 2115/101/6998 2090/101/6999
f 69/56/7000 70/58/7001 68/57/7002
f 40/34/7003 2660/521/7004 46/520/7005 44/41/7006
f 36/37/7007 37/33/7008 44/41/7009
f 36/37/7010 44/41/7011 41/522/7012
f 46/520/7013 51/254/7014 41/522/7015 44/41/7016
f 95/73/7017 93/72/7018 87/74/7019
f 188/416/7020 502/418/7021 200/417/7022
f 46/520/7023 2660/521/7024 49/55/7025
f 46/520/7026 49/55/7027 2618/54/7028
f 46/520/7029 2618/54/7030 51/254/7031
f 93/72/7032 92/51/7033 2304/50/7032
f 55/53/7034 56/255/7035 51/254/7036 2618/54/7037
f 49/55/7038 884/514/7039 55/53/7040
f 884/576/7041 883/46/7042 60/58/7043 57/57/7044
f 58/56/7045 55/53/7046 57/57/7047
f 56/255/7048 55/53/7049 58/56/7048
f 95/73/7050 96/75/7051 93/72/7052
f 95/73/7053 102/61/7054 96/75/7055
f 55/53/7056 884/576/7057 57/57/7058
f 2183/79/7059 97/80/7060 96/75/7061
f 102/61/7062 2183/79/7063 96/75/7064
f 60/58/7065 883/46/7066 2494/47/7067 58/56/7068
f 66/45/7069 64/146/7070 56/255/7071 58/56/7072
f 58/56/7073 2494/47/7074 66/45/7075
f 104/60/7076 97/80/7077 2183/79/7078
f 64/146/7079 66/45/7080 67/44/7081
f 883/46/7082 2416/485/7083 67/44/7084 66/45/7085
f 102/61/7086 104/60/7087 2183/79/7088
f 71/43/7089 2303/486/7090 77/52/7091 75/49/7092
f 67/44/7093 2416/485/7094 71/43/7095
f 64/146/7096 67/44/7097 72/48/7098
f 2139/101/7099 2142/101/7100 2133/101/7101
f 104/60/7102 105/90/7102 2123/89/7102
f 1930/66/7103 118/69/7104 116/62/7105
f 67/44/7106 2370/42/7106 75/49/7106
f 72/48/7107 75/49/7108 76/74/7109
f 76/74/7110 75/49/7111 77/52/7111
f 140/78/7112 132/107/7113 133/70/7114
f 138/102/7115 127/68/7116 126/65/7117
f 77/52/7118 2303/486/7119 80/51/7120
f 77/52/7121 2252/50/7121 84/72/7121
f 76/74/7122 77/52/7123 84/72/7124
f 139/103/7125 140/78/7126 133/70/7127
f 80/51/7128 2169/392/7129 86/75/7130 84/72/7131
f 146/77/7132 142/111/7132 1745/110/7133
f 155/115/7134 150/116/7135 1685/114/7134
f 86/75/7136 2169/392/7137 88/80/7138
f 2257/101/7139 2276/101/7140 2292/101/7141
f 146/77/7142 155/115/7143 1685/114/7144
f 1998/63/7145 101/64/7146 99/59/7147 98/90/7148
f 162/83/7149 167/126/7150 161/125/7151
f 94/60/7152 88/80/7153 2074/89/7154
f 99/59/7155 94/60/7156 98/90/7157
f 855/510/7158 1921/487/7159 106/62/7160 1998/63/7161
f 1998/63/7162 98/90/7163 855/510/7164
f 211/92/7165 206/147/7165 202/93/7165
f 214/154/7166 213/156/7167 1001/155/7168
f 969/162/7169 4060/163/7170 214/154/7171
f 225/98/7172 912/100/7173 223/167/7174
f 230/170/7175 225/98/7176 228/96/7177
f 107/67/7178 101/64/7179 106/62/7180
f 1040/101/7181 1028/101/7182 1027/101/7183
f 106/62/7184 1921/487/7185 109/69/7186
f 107/67/7187 106/62/7188 1880/66/7188
f 232/171/7189 240/109/7190 230/170/7190
f 113/65/7191 1880/66/7192 114/68/7193
f 232/171/7194 230/170/7195 228/96/7196
f 245/104/7197 236/106/7198 240/109/7199
f 1823/71/7200 109/69/7201 119/107/7202
f 114/68/7203 109/69/7204 1823/71/7205
f 236/106/7206 909/179/7207 230/170/7206
f 1823/71/7208 119/107/7209 120/70/7210
f 121/102/7211 114/68/7212 120/70/7213
f 110/169/7214 115/525/7215 125/524/7216
f 1035/101/7217 1021/101/7218 1012/101/7219
f 236/106/7220 241/105/7221 909/179/7222
f 121/102/7223 120/70/7224 123/103/7223
f 1697/110/7225 129/77/7226 124/78/7227 119/107/7228
f 119/107/7229 128/111/7230 1697/110/7231
f 128/111/7232 134/116/7233 1635/114/7234 129/77/7235
f 123/103/7236 124/78/7237 130/76/7238
f 251/108/7239 253/113/7240 245/104/7239
f 254/112/7241 3565/187/7241 253/113/7242
f 135/115/7243 136/186/7244 130/76/7245 129/77/7246
f 143/125/7247 144/83/7248 136/186/7249 135/115/7247
f 267/118/7250 265/200/7251 3462/199/7252
f 267/118/7253 3462/199/7254 260/119/7255
f 135/115/7256 134/116/7257 1553/526/7258
f 3877/208/7259 3878/210/7259 289/209/7259
f 289/209/7260 299/211/7260 280/123/7260
f 135/115/7261 1553/526/7262 143/125/7263
f 854/505/7264 147/504/7265 148/126/7266 143/125/7267
f 143/125/7268 1553/526/7269 854/505/7270
f 3881/221/7271 3882/223/7271 306/222/7271
f 3883/224/7272 3968/227/7272 309/226/7272 307/225/7272
f 1457/390/7273 151/82/7273 148/126/7274 147/504/7275
f 3969/230/7276 319/232/7276 3884/231/7276
f 144/83/7277 148/126/7278 151/82/7279
f 151/82/7280 1457/390/7280 153/85/7280
f 157/84/7281 158/527/7282 154/81/7283 151/82/7281
f 331/234/7284 334/237/7284 314/130/7284
f 610/233/7285 318/160/7285 325/159/7285
f 157/84/7286 153/85/7286 1336/381/7286
f 319/232/7287 331/234/7287 309/226/7287
f 1336/381/7288 856/382/7288 164/528/7288 157/84/7288
f 3885/238/7289 3886/239/7289 331/234/7289
f 158/527/7290 157/84/7291 164/528/7291
f 2266/101/7292 2279/101/7293 2278/101/7294
f 334/237/7295 338/134/7295 340/245/7295
f 164/528/7296 169/523/7296 170/577/7297 158/527/7298
f 164/528/7299 856/382/7299 169/523/7299
f 1178/489/7300 172/87/7300 173/88/7300 169/523/7301
f 169/523/7302 856/382/7303 1178/489/7303
f 340/245/7304 350/250/7304 345/249/7304
f 173/88/7305 179/86/7306 176/95/7307 170/577/7308
f 170/577/7309 169/523/7310 173/88/7311
f 2298/101/7312 2318/101/7313 2301/101/7314
f 356/137/7315 357/252/7315 347/133/7315
f 172/87/7316 1089/377/7316 181/93/7317 179/86/7316
f 358/253/7318 357/252/7318 363/140/7318
f 61/242/7319 63/255/7320 59/254/7321
f 380/275/7322 391/149/7322 392/276/7322
f 176/95/7323 179/86/7324 181/93/7325
f 181/93/7326 1089/377/7327 185/147/7327
f 176/95/7328 181/93/7329 1062/91/7330
f 187/94/7331 1062/91/7332 186/92/7333
f 379/144/7334 385/272/7334 388/271/7334
f 964/155/7335 192/154/7336 186/532/7337 185/500/7338
f 964/155/7339 185/500/7340 191/499/7341
f 192/154/7342 193/11/7343 187/545/7344 186/532/7345
f 896/496/7346 3839/163/7347 192/154/7348 191/156/7349
f 850/158/7350 95/73/7351 87/74/7352
f 193/11/7353 192/154/7354 937/162/7355
f 204/98/7356 205/96/7357 3793/97/7358 198/167/7358
f 937/162/7359 3839/163/7360 198/167/7361
f 193/11/7362 937/162/7363 198/167/7364
f 193/11/7365 198/167/7366 199/10/7367
f 2199/101/7368 2178/101/7369 2180/101/7370
f 415/296/7371 417/297/7371 409/151/7371
f 420/302/7372 422/166/7372 412/303/7372
f 3839/163/7373 896/496/7374 198/167/7375
f 198/167/7376 896/496/7377 895/100/7378
f 199/10/7379 198/167/7380 3793/97/7381
f 3903/308/7382 3904/310/7382 429/309/7382
f 428/164/7383 426/317/7383 434/316/7383
f 3538/491/7384 226/490/7385 227/113/7386 221/104/7387
f 434/316/7388 439/175/7388 430/165/7388
f 434/316/7389 438/174/7389 442/176/7389
f 204/98/7390 207/99/7391 208/170/7392
f 208/170/7393 207/99/7394 894/179/7395
f 2197/101/7396 2201/101/7397 2199/101/7398
f 433/318/7399 438/174/7399 426/317/7399
f 208/170/7400 215/106/7401 216/109/7400
f 302/306/7402 469/330/7403 278/329/7404
f 3980/334/7405 3911/336/7405 480/335/7405 466/181/7405
f 221/104/7406 219/105/7407 3538/491/7408
f 475/337/7409 470/184/7409 479/338/7409
f 470/184/7410 478/191/7410 483/339/7410
f 226/490/7411 3418/531/7412 233/119/7413 3474/187/7414
f 227/113/7415 226/490/7416 3474/187/7417
f 421/340/7418 484/273/7418 413/161/7418
f 3912/341/7419 3913/342/7419 480/335/7419
f 335/251/7420 488/344/7421 297/343/7422
f 479/338/7423 490/198/7423 491/269/7423
f 233/119/7424 3436/529/7425 231/112/7426 3474/187/7427
f 238/200/7428 3381/199/7429 233/119/7430 237/493/7431
f 234/229/7432 231/112/7433 3436/529/7434
f 171/247/7435 175/81/7436 162/83/7437
f 491/269/7438 494/197/7438 501/205/7438
f 233/119/7439 3418/531/7440 237/493/7441
f 234/229/7442 3436/529/7443 233/119/7444
f 3272/567/7445 246/568/7446 247/530/7447 242/118/7448
f 234/229/7449 233/119/7450 239/117/7451
f 494/197/7452 508/194/7452 509/206/7452
f 500/288/7453 528/274/7453 484/273/7453
f 242/118/7454 238/200/7455 3272/567/7456
f 239/117/7457 242/118/7458 247/530/7459
f 518/366/7460 521/367/7460 509/206/7460
f 530/372/7461 533/373/7461 521/367/7461
f 5/394/7462 4/3/7463 247/530/7464 246/568/7465
f 239/117/7466 247/530/7467 7/2/7468
f 247/530/7469 4/3/7470 7/2/7471
f 2218/101/7472 2239/101/7473 2221/101/7474
f 527/203/7475 530/372/7475 518/366/7475
f 8/518/7476 9/6/7477 248/5/7478 7/2/7479
f 2239/101/7480 2219/101/7481 2221/101/7482
f 536/378/7483 540/379/7483 530/372/7483
f 268/127/7484 269/128/7484 259/124/7484 257/121/7484
f 535/383/7485 545/385/7485 548/384/7485
f 256/120/7486 257/121/7486 259/124/7486
f 9/6/7487 8/518/7488 17/18/7489
f 259/124/7490 264/211/7490 255/123/7490
f 3878/210/7491 258/209/7491 3879/578/7491
f 18/26/7492 19/20/7493 17/18/7494 8/518/7495
f 273/225/7496 272/222/7496 258/209/7496 264/211/7496
f 291/305/7497 270/306/7498 416/330/7497
f 572/213/7499 573/218/7499 575/401/7499
f 273/225/7500 264/211/7500 259/124/7500 269/128/7500
f 2094/101/7501 2116/101/7502 2093/101/7503
f 282/130/7504 281/226/7504 273/225/7504 269/128/7504
f 3880/579/7505 272/222/7505 3881/221/7505
f 577/220/7506 578/404/7506 582/40/7506
f 19/20/7507 18/26/7508 24/25/7509
f 19/20/7510 24/25/7511 25/19/7512
f 581/407/7513 584/408/7513 578/404/7513
f 2097/101/7514 2103/101/7515 2102/101/7516
f 277/129/7517 282/130/7517 269/128/7517
f 36/37/7518 846/411/7519 25/19/7520 28/28/7521
f 564/233/7522 283/160/7522 649/286/7522
f 3936/409/7523 3992/410/7523 586/38/7523 584/408/7523
f 577/220/7524 579/405/7524 575/401/7524
f 582/40/7525 587/235/7525 583/261/7525
f 281/226/7526 282/130/7526 293/234/7526
f 3885/238/7527 3969/230/7527 285/232/7527 293/234/7527
f 290/307/7528 291/305/7529 455/360/7529
f 3889/580/7530 3888/581/7530 303/132/7530
f 288/131/7531 294/237/7531 282/130/7531
f 296/298/7532 295/251/7533 544/555/7532
f 278/329/7534 30/19/7535 20/18/7536
f 294/237/7537 298/134/7537 293/234/7537
f 849/411/7538 278/329/7539 48/240/7540
f 61/242/7541 537/243/7542 74/145/7543
f 305/249/7544 304/245/7544 294/237/7544 288/131/7544
f 3887/582/7545 298/134/7545 303/132/7545 3888/581/7545
f 36/37/7546 41/522/7547 42/240/7548 846/411/7549
f 317/253/7550 316/252/7550 310/133/7550 304/245/7550
f 335/251/7551 111/168/7552 103/157/7553
f 42/240/7554 41/522/7555 51/254/7556
f 3889/580/7557 303/132/7557 3890/135/7557
f 304/245/7558 310/133/7558 298/134/7558
f 182/415/7559 595/246/7560 188/416/7561
f 303/132/7562 310/133/7562 315/137/7562
f 42/240/7563 51/254/7564 52/242/7565
f 456/419/7566 218/9/7567 203/420/7568
f 311/250/7569 317/253/7569 304/245/7569
f 322/142/7570 321/140/7570 317/253/7570 311/250/7570
f 218/9/7571 354/260/7572 851/259/7573
f 315/137/7574 316/252/7574 320/139/7574
f 2158/101/7575 2132/101/7576 2140/101/7577
f 244/257/7578 510/256/7579 857/228/7580
f 857/228/7581 328/307/7582 271/4/7583
f 316/252/7584 327/540/7584 320/139/7584
f 316/252/7585 321/140/7585 327/540/7585
f 64/146/7586 65/145/7587 52/242/7588 56/255/7589
f 332/143/7590 333/536/7590 327/540/7590 321/140/7590
f 601/315/7591 535/383/7591 600/313/7591
f 459/177/7592 605/301/7592 606/300/7592
f 321/140/7593 329/141/7593 332/143/7593
f 342/272/7594 341/275/7594 333/536/7594 332/143/7594
f 439/175/7595 606/300/7595 607/266/7595
f 599/265/7596 567/13/7596 598/278/7596
f 604/311/7597 479/338/7597 603/268/7597
f 72/48/7598 76/74/7599 343/244/7600 65/145/7601
f 336/144/7602 342/272/7602 332/143/7602
f 352/153/7603 351/539/7603 349/276/7603 342/272/7603
f 413/161/7604 350/250/7604 325/159/7604
f 520/207/7605 601/315/7605 602/270/7605
f 341/275/7606 342/272/7606 349/276/7606
f 2275/101/7607 2284/101/7608 2260/101/7609
f 287/121/7610 528/274/7610 580/406/7610
f 2283/101/7611 2275/101/7612 2265/101/7613
f 343/244/7614 76/74/7615 847/158/7616
f 407/421/7617 406/241/7618 278/329/7619
f 3896/533/7620 349/276/7620 3897/534/7620
f 352/153/7621 342/272/7621 346/271/7621 353/535/7621
f 364/152/7622 352/153/7622 353/535/7622 365/303/7622
f 829/332/7623 630/433/7624 640/432/7624
f 614/299/7625 615/428/7626 629/427/7625
f 2241/101/7627 2243/101/7628 2219/101/7629
f 799/434/7630 660/436/7631 665/435/7632
f 351/539/7633 352/153/7633 362/151/7633
f 677/295/7634 824/437/7635 665/435/7636
f 570/290/7637 689/321/7638 585/422/7637
f 90/157/7639 85/73/7640 89/61/7641
f 372/297/7642 362/151/7642 364/152/7642 373/302/7642
f 3977/537/7643 362/151/7643 367/296/7643 3978/538/7643
f 2159/101/7644 2164/101/7645 2139/101/7646
f 650/286/7647 610/233/7647 609/304/7647
f 381/317/7648 372/297/7648 373/302/7648 382/164/7648
f 364/152/7649 365/303/7649 373/302/7649
f 2146/101/7650 2158/101/7651 2171/101/7652
f 90/157/7653 89/61/7654 99/59/7655
f 90/157/7656 99/59/7657 100/168/7658
f 283/160/7659 366/161/7659 374/340/7659
f 3900/583/7660 372/297/7660 3901/584/7660
f 100/168/7661 99/59/7662 101/64/7663
f 629/427/7664 607/266/7664 606/300/7664
f 3905/542/7665 3904/310/7665 383/309/7665 389/318/7665
f 373/302/7666 376/166/7666 382/164/7666
f 3902/541/7667 381/317/7667 383/309/7667 3903/308/7667
f 602/270/7668 702/442/7668 603/268/7668
f 100/168/7669 107/67/7670 110/169/7671
f 599/265/7672 708/446/7672 600/264/7672
f 383/309/7673 381/317/7673 389/318/7673
f 384/165/7674 390/316/7674 382/164/7674
f 842/362/7675 728/452/7676 739/451/7677
f 390/316/7678 394/174/7678 381/317/7678
f 389/318/7679 394/174/7679 396/172/7679
f 395/175/7680 397/176/7680 390/316/7680
f 110/169/7681 113/65/7682 115/525/7683
f 735/450/7684 838/449/7685 837/323/7686
f 845/322/7687 746/457/7688 745/456/7689
f 394/174/7690 397/176/7690 402/173/7690
f 115/525/7691 113/65/7692 121/102/7693
f 402/173/7694 401/585/7694 396/172/7694
f 848/448/7695 743/453/7696 738/320/7697
f 397/176/7698 405/177/7698 408/178/7698
f 123/103/7699 125/524/7700 115/525/7701 121/102/7702
f 408/178/7703 410/183/7703 402/173/7703
f 743/453/7704 735/450/7705 745/456/7706
f 766/429/7707 749/459/7708 825/454/7709
f 759/461/7710 802/463/7711 771/462/7712
f 825/454/7713 737/455/7714 736/345/7715
f 419/337/7716 418/184/7716 408/178/7716 405/177/7716
f 125/524/7717 123/103/7718 130/76/7719
f 618/376/7720 614/299/7721 700/312/7721
f 423/191/7722 425/335/7722 414/181/7722 410/183/7722
f 622/284/7723 739/451/7724 783/468/7723
f 130/76/7725 136/186/7726 137/185/7727 125/524/7728
f 418/184/7729 423/191/7729 410/183/7729
f 767/350/7730 709/460/7731 752/283/7732
f 728/452/7733 786/469/7734 783/468/7734
f 771/462/7735 702/442/7736 703/398/7736
f 418/184/7737 424/338/7737 427/339/7737
f 2279/101/7738 2258/101/7739 2257/101/7740
f 435/190/7741 423/191/7741 427/339/7741 436/198/7741
f 806/472/7742 839/357/7743 790/412/7744
f 137/185/7745 144/83/7746 145/248/7747
f 787/346/7748 826/356/7749 789/471/7750
f 801/477/7751 691/478/7752 793/355/7753
f 427/339/7754 424/338/7754 436/198/7754
f 2293/101/7755 2277/101/7756 2280/101/7757
f 3915/189/7758 435/190/7758 3916/586/7758
f 435/190/7759 436/198/7759 441/196/7759
f 2259/101/7760 2266/101/7761 2264/101/7762
f 145/248/7763 144/83/7764 152/247/7765
f 387/440/7766 784/347/7766 370/439/7766
f 154/81/7767 158/527/7768 159/415/7769 152/247/7770
f 3917/543/7771 441/196/7771 444/195/7771 3918/544/7771
f 436/198/7772 437/269/7772 445/197/7772
f 374/340/7773 431/273/7773 446/288/7773
f 691/478/7774 801/477/7775 827/280/7776
f 2261/101/7777 2275/101/7778 2260/101/7779
f 170/577/7780 176/95/7781 177/417/7782 165/416/7783
f 441/196/7784 451/194/7784 444/195/7784
f 441/196/7785 445/197/7785 451/194/7785
f 512/360/7786 790/412/7786 330/305/7786
f 445/197/7787 448/205/7787 453/206/7787
f 454/256/7788 455/360/7789 313/361/7789
f 668/413/7790 469/330/7790 330/305/7790
f 451/194/7791 453/206/7791 457/587/7791
f 159/415/7792 158/527/7793 165/416/7794
f 820/431/7795 387/440/7795 488/344/7795
f 2174/101/7796 2173/101/7797 2172/101/7797
f 165/416/7798 158/527/7799 170/577/7800
f 662/479/7801 843/444/7802 666/480/7803
f 457/587/7804 460/366/7804 465/204/7804
f 453/206/7805 460/366/7805 457/587/7805
f 453/206/7806 461/207/7806 462/367/7806
f 2317/101/7807 2297/101/7808 2296/101/7809
f 3984/547/7810 465/204/7810 3921/201/7810
f 737/455/7811 615/428/7812 618/376/7813
f 460/366/7814 467/203/7814 465/204/7814
f 469/330/7815 633/484/7815 279/476/7815
f 472/373/7816 462/367/7816 461/207/7816 473/383/7816
f 640/432/7817 612/438/7817 458/483/7817
f 462/367/7818 471/372/7818 460/366/7818
f 2324/101/7819 2304/101/7820 2305/101/7821
f 2356/486/7822 92/51/7823 81/43/7824
f 467/203/7825 471/372/7825 474/378/7825
f 177/417/7826 176/95/7827 184/380/7828
f 481/379/7829 471/372/7829 472/373/7829 482/385/7829
f 81/43/7830 893/46/7831 2473/485/7832
f 252/490/7833 241/105/7834 3631/491/7835
f 473/383/7836 482/385/7836 472/373/7836
f 1227/489/7837 194/87/7838 860/382/7839
f 486/388/7840 481/387/7840 482/546/7840 487/12/7840
f 920/494/7841 252/490/7842 263/493/7843
f 921/495/7844 241/105/7845 252/490/7846
f 482/546/7847 485/14/7847 487/12/7847
f 184/420/7848 187/545/7849 193/11/7850
f 194/87/7851 863/503/7852 860/382/7853
f 184/420/7854 193/11/7855 195/9/7856
f 919/492/7857 263/493/7858 265/200/7859
f 858/505/7860 871/507/7861 150/116/7862
f 486/388/7863 487/12/7863 495/217/7863
f 496/13/7864 497/212/7864 487/12/7864
f 261/343/7865 344/440/7866 432/344/7866
f 3926/588/7867 495/217/7867 3927/214/7867
f 495/217/7868 497/212/7868 498/216/7868
f 2187/101/7869 2177/101/7870 2174/101/7871
f 468/274/7872 499/290/7872 446/288/7872
f 205/96/7873 852/259/7874 195/9/7875 199/10/7876
f 166/504/7877 867/506/7878 858/505/7879
f 2197/101/7880 2183/101/7881 2185/101/7882
f 209/171/7883 210/258/7884 852/259/7885 205/96/7886
f 498/216/7887 497/212/7887 503/399/7887
f 3928/589/7888 503/399/7888 3929/590/7888
f 504/213/7889 505/218/7889 497/212/7889
f 503/399/7890 505/218/7890 507/219/7890
f 2211/101/7891 2174/101/7892 2186/101/7893
f 859/510/7894 943/511/7895 105/90/7896
f 3933/548/7897 3932/552/7897 514/403/7897
f 118/69/7898 940/509/7899 859/488/7900
f 3930/550/7901 507/219/7901 3931/551/7901
f 2178/101/7902 2204/101/7903 2185/101/7904
f 210/258/7905 209/171/7906 216/109/7907
f 946/515/7908 904/35/7909 45/34/7910
f 2213/101/7911 2237/101/7912 2224/101/7913
f 210/258/7914 216/109/7915 220/257/7916
f 1003/101/7917 978/101/7918 970/101/7919
f 3931/551/7920 507/219/7920 514/403/7920 3932/552/7920
f 505/218/7921 511/401/7921 515/220/7921
f 515/220/7922 516/404/7922 507/219/7922
f 220/257/7923 216/109/7924 222/108/7925
f 524/261/7926 523/40/7926 515/220/7926 517/405/7926
f 3933/548/7927 514/403/7927 3934/549/7927
f 514/403/7928 516/404/7928 522/407/7928
f 3991/553/7929 3935/554/7929 522/407/7929
f 961/101/7930 960/101/7931 1003/101/7932
f 523/40/7933 525/408/7933 516/404/7933
f 965/101/7934 990/101/7935 968/101/7936
f 980/101/7937 963/101/7938 961/101/7939
f 986/101/7940 979/101/7941 980/101/7940
f 499/290/7942 519/406/7942 529/422/7942
f 977/101/7943 980/101/7944 985/101/7945
f 525/408/7946 523/40/7946 531/38/7946
f 3992/410/7947 531/38/7947 3937/591/7947
f 532/235/7948 534/39/7948 523/40/7948
f 853/228/7949 234/229/7950 239/117/7951
f 7/2/7952 248/5/7953 243/4/7954 239/117/7955
f 977/101/7956 992/101/7957 963/101/7958
f 1021/101/7959 1006/101/7960 1004/101/7961
f 853/228/7962 239/117/7963 243/4/7964
f 534/39/7965 532/235/7965 538/236/7965
f 1019/101/7966 1033/101/7967 1008/101/7968
f 1384/101/7969 1350/101/7970 1358/101/7971
f 3939/592/7972 3938/593/7972 541/594/7972
f 1001/101/7973 991/101/7974 965/101/7975
f 3940/595/7976 3939/592/7976 541/594/7976
f 538/236/7977 542/556/7977 531/38/7977
f 1006/101/7978 1005/101/7979 1004/101/7979
f 203/380/7980 212/94/7981 197/95/7982
f 256/120/7983 255/123/7983 542/556/7983 538/236/7983
f 2114/101/7984 2103/101/7985 2130/101/7986
f 543/122/7987 256/120/7987 538/236/7987
f 544/555/7988 295/251/7989 432/344/7988
f 2235/101/7990 2220/101/7991 2217/101/7992
f 17/18/7993 249/329/7994 270/306/7995
f 2141/101/7996 2170/101/7997 2132/101/7998
f 2090/101/7999 2102/101/8000 2087/101/8001
f 42/240/8002 359/241/8003 249/329/8004
f 585/422/8005 738/320/8006 611/424/8005
f 2164/101/8007 2142/101/8008 2139/101/8009
f 359/241/8010 52/242/8011 476/243/8012
f 2158/101/8013 2147/101/8014 2163/101/8015
f 343/244/8016 295/251/8017 476/243/8018
f 2264/101/8019 2258/101/8020 2259/101/8021
f 2256/101/8022 2277/101/8023 2276/101/8024
f 546/441/8025 261/343/8026 110/169/8027 125/524/8028
f 100/168/8029 261/343/8030 295/251/8031
f 1018/101/8032 1019/101/8033 1008/101/8034
f 620/466/8035 825/454/8036 781/467/8037
f 1047/101/8038 1050/101/8039 1049/101/8040
f 323/414/8041 546/441/8042 125/524/8043 137/185/8044
f 2282/101/8045 2284/101/8046 2283/101/8047
f 2264/101/8048 2278/101/8049 2256/101/8050
f 2276/101/8051 2280/101/8052 2292/101/8053
f 145/248/8054 547/246/8055 323/414/8056
f 184/380/8057 403/426/8058 449/418/8059 177/417/8060
f 165/416/8061 449/418/8062 547/246/8063
f 2180/101/8064 2178/101/8065 2183/101/8066
f 1059/101/8067 1047/101/8068 1049/101/8067
f 2172/101/8069 2179/101/8070 2186/101/8071
f 2174/101/8072 2172/101/8073 2186/101/8074
f 195/9/8075 312/260/8076 403/419/8077
f 543/122/8078 532/235/8078 550/262/8078 519/406/8078
f 210/258/8079 454/256/8080 312/260/8081
f 2173/101/8082 2195/101/8083 2172/101/8084
f 1051/101/8085 1068/101/8086 1043/101/8087
f 454/256/8088 853/228/8089 290/307/8090
f 2249/101/8091 2216/101/8092 2225/101/8093
f 243/4/8094 270/306/8095 290/307/8096
f 511/401/8097 504/213/8097 552/278/8097 551/263/8097
f 524/261/8098 550/262/8098 532/235/8098
f 517/405/8099 551/263/8099 524/261/8099
f 511/401/8100 551/263/8100 517/405/8100
f 558/311/8101 424/338/8101 419/337/8101 559/301/8101
f 552/278/8102 504/213/8102 496/13/8102
f 485/14/8103 553/265/8103 496/13/8103
f 473/383/8104 554/313/8104 485/384/8104
f 461/207/8105 555/315/8105 473/383/8105
f 448/205/8106 556/270/8106 461/207/8106
f 556/270/8107 448/205/8107 437/269/8107
f 557/268/8108 437/269/8108 424/338/8108
f 353/535/8109 346/271/8109 564/233/8109 563/304/8109
f 559/301/8110 419/337/8110 405/177/8110
f 560/300/8111 405/177/8111 395/175/8111
f 561/266/8112 395/175/8112 384/165/8112
f 562/267/8113 384/165/8113 376/166/8113
f 562/267/8114 376/166/8114 365/303/8114
f 563/304/8115 365/303/8115 353/535/8115
f 1122/101/8116 1092/101/8117 1098/101/8118
f 336/144/8119 564/233/8119 346/271/8119
f 329/141/8120 564/233/8120 336/144/8120
f 322/142/8121 286/159/8121 329/141/8121
f 286/159/8122 322/142/8122 311/250/8122
f 305/249/8123 366/161/8123 311/250/8123
f 366/161/8124 305/249/8124 288/131/8124
f 277/129/8125 431/273/8125 288/131/8125
f 268/127/8126 468/274/8126 277/129/8126
f 257/121/8127 468/274/8127 268/127/8127
f 519/406/8128 257/121/8128 543/122/8128
f 1100/101/8129 1105/101/8130 1101/101/8131
f 1090/101/8132 1086/101/8133 1101/101/8134
f 1099/101/8135 1107/101/8136 1095/101/8137
f 1102/101/8138 1123/101/8139 1090/101/8140
f 1121/101/8141 1106/101/8142 1133/101/8143
f 1108/101/8144 1099/101/8145 1123/101/8146
f 1092/101/8147 1130/101/8148 1110/101/8149
f 1168/101/8150 1169/101/8151 1165/101/8151
f 1150/101/8152 1146/101/8153 1171/101/8154
f 1141/101/8155 1143/101/8155 1134/101/8155
f 1182/101/8156 1180/101/8157 1190/101/8158
f 1143/101/8159 1147/101/8160 1134/101/8161
f 1171/101/8162 1146/101/8163 1158/101/8164
f 1169/101/8165 1153/101/8166 1165/101/8167
f 1187/101/8168 1189/101/8169 1188/101/8170
f 1182/101/8171 1181/101/8172 1180/101/8172
f 1181/101/8173 1207/101/8174 1180/101/8175
f 1191/101/8176 1209/101/8177 1190/101/8178
f 1189/101/8179 1183/101/8180 1188/101/8181
f 1208/101/8182 1181/101/8183 1212/101/8184
f 1211/101/8185 1213/101/8186 1187/101/8187
f 1207/101/8188 1217/101/8189 1195/101/8190
f 1210/101/8191 1194/101/8192 1211/101/8193
f 1222/101/8194 1229/101/8195 1233/101/8196
f 1257/101/8197 196/101/8198 1226/101/8199
f 1230/101/8200 1227/101/8201 1228/101/8202
f 1229/101/8203 1234/101/8204 1233/101/8205
f 1295/101/8206 1273/101/8207 1272/101/8208
f 1234/101/8209 1235/101/8210 1233/101/8211
f 1228/101/8212 1256/101/8213 1230/101/8214
f 1075/101/8215 1076/101/8216 1059/101/8217
f 1090/101/8218 1095/101/8219 1086/101/8219
f 1265/101/8220 1290/101/8221 1275/101/8222
f 1275/101/8223 1290/101/8224 1276/101/8225
f 1304/101/8226 1267/101/8227 1276/101/8228
f 1305/101/8229 1293/101/8230 1266/101/8231
f 1273/101/8232 1298/101/8233 1268/101/8234
f 1280/101/8235 1305/101/8236 1267/101/8237
f 1295/101/8238 1298/101/8239 1296/101/8240
f 1307/101/8241 1306/101/8242 1316/101/8243
f 1313/101/8244 1308/101/8245 1312/101/8246
f 1342/101/8247 1307/101/8248 1316/101/8249
f 1306/101/8250 1321/101/8251 1315/101/8252
f 1350/101/8253 1349/101/8254 1358/101/8255
f 1314/101/8256 1323/101/8257 1306/101/8256
f 1333/101/8258 1338/101/8259 1334/101/8260
f 1356/101/8261 1350/101/8262 1385/101/8263
f 1383/101/8264 1353/101/8265 1352/101/8266
f 1349/101/8267 1371/101/8268 1359/101/8269
f 553/265/8270 692/446/8270 619/277/8270 552/278/8270
f 1356/101/8271 1373/101/8272 1349/101/8273
f 1084/101/8274 1045/101/8275 1065/101/8276
f 476/243/8277 296/298/8278 477/365/8278
f 1377/101/8279 1386/101/8280 1353/101/8281
f 1376/101/8282 1378/101/8283 1377/101/8284
f 449/418/8285 450/482/8286 398/445/8286
f 550/262/8287 616/424/8287 529/422/8287
f 404/483/8288 403/419/8289 617/438/8288
f 1419/101/8290 1431/101/8291 1395/101/8292
f 1391/101/8293 1392/101/8293 1390/101/8293
f 617/438/8294 312/260/8295 313/361/8294
f 616/424/8296 551/263/8296 619/277/8296
f 249/329/8297 360/421/8298 250/476/8298
f 1430/101/8299 1418/101/8300 1392/101/8301
f 1533/101/8302 1522/101/8303 1549/101/8304
f 816/324/8305 814/332/8306 634/433/8307 627/557/8308
f 623/299/8309 624/428/8310 625/376/8311
f 1675/101/8312 1638/101/8313 1647/101/8314
f 1889/101/8315 1882/101/8316 1878/101/8316
f 626/466/8317 809/454/8318 727/429/8319 785/431/8320
f 1417/101/8321 1410/101/8322 1413/101/8323
f 624/428/8324 632/427/8325 635/369/8326
f 1946/101/8327 1944/101/8328 1948/101/8329
f 721/283/8330 729/350/8331 638/484/8332 777/282/8332
f 1719/101/8333 1740/101/8334 1717/101/8335
f 645/371/8336 635/369/8337 632/427/8338 644/287/8338
f 1394/101/8339 1428/101/8340 1395/101/8341
f 638/484/8342 729/350/8343 760/348/8344 651/558/8342
f 733/464/8345 641/430/8346 727/429/8347
f 644/287/8348 647/285/8349 645/371/8350
f 648/333/8351 646/432/8352 814/332/8353
f 641/430/8354 733/464/8355 764/434/8356 657/436/8357
f 1434/101/8358 1455/101/8359 1433/101/8360
f 1887/101/8361 1884/101/8362 1898/101/8363
f 646/432/8364 648/333/8365 812/561/8366 654/560/8367
f 649/286/8368 653/368/8369 647/285/8370
f 1952/101/8371 1960/101/8372 1931/101/8373
f 1751/101/8374 1737/101/8375 1746/101/8376
f 658/479/8377 653/368/8378 649/286/8379 283/160/8379
f 651/558/8380 760/348/8381 821/358/8382 663/413/8380
f 1510/101/8383 1473/101/8384 1483/101/8385
f 283/160/8386 661/480/8387 658/479/8388
f 659/435/8389 764/434/8390 808/437/8391
f 1716/101/8392 1743/101/8393 1723/101/8392
f 1866/101/8394 1865/101/8395 1864/101/8396
f 283/160/8397 664/364/8398 661/480/8399
f 654/565/8400 812/596/8401 811/280/8402 673/281/8403
f 1508/101/8404 1495/101/8405 1510/101/8406
f 1510/101/8407 1495/101/8408 1507/101/8409
f 374/340/8410 667/363/8411 664/364/8412
f 1726/101/8413 1720/101/8413 1721/101/8413
f 671/559/8414 667/363/8415 374/340/8416 446/288/8416
f 1761/101/8417 1765/101/8418 1794/101/8419
f 1506/101/8420 1509/101/8421 1477/101/8422
f 807/294/8423 670/295/8424 808/437/8425
f 446/288/8426 674/289/8427 671/559/8428
f 1711/101/8429 1695/101/8430 1709/101/8431
f 674/289/8432 499/290/8433 679/321/8434
f 675/279/8435 811/280/8436 681/478/8437 796/474/8438
f 702/442/8439 618/376/8440 700/312/8439
f 762/292/8441 676/293/8442 807/294/8443
f 1497/101/8444 1481/101/8445 1474/101/8446
f 796/474/8447 681/478/8448 757/355/8449
f 1511/101/8450 1550/101/8451 1517/101/8452
f 1458/101/8453 1444/101/8454 1437/101/8455
f 644/287/8456 563/304/8456 649/286/8456
f 324/439/8457 344/440/8457 546/441/8458 323/414/8459
f 1469/101/8460 1461/101/8461 1440/101/8462
f 249/329/8463 250/476/8464 416/330/8464
f 562/267/8465 644/287/8465 632/427/8465
f 913/496/8466 938/498/8467 213/156/8468
f 1436/101/8469 1456/101/8470 1434/101/8471
f 792/473/8472 793/355/8473 822/474/8474
f 629/427/8475 608/267/8475 607/266/8475
f 795/352/8476 662/479/8477 655/368/8478
f 612/438/8479 354/260/8480 456/419/8481
f 560/300/8482 632/427/8482 623/299/8482
f 1419/101/8483 1426/101/8484 1420/101/8485
f 1437/101/8486 1444/101/8487 1469/101/8488
f 724/447/8489 848/448/8490 839/357/8491
f 639/371/8492 798/481/8493 642/285/8494
f 685/312/8495 559/301/8495 623/299/8495
f 685/312/8496 686/442/8496 557/268/8496 558/311/8496
f 1515/101/8497 1532/101/8498 1511/101/8499
f 912/100/8500 935/497/8501 913/496/8502
f 512/360/8503 328/307/8504 510/256/8505
f 1542/101/8506 1516/101/8507 1514/101/8508
f 458/425/8509 456/426/8510 502/418/8511
f 556/270/8512 686/442/8512 688/398/8512
f 722/475/8513 794/348/8514 840/358/8515
f 1531/101/8516 1515/101/8517 1555/101/8518
f 449/418/8519 404/425/8520 450/482/8520
f 555/315/8521 688/398/8521 690/314/8521
f 324/439/8522 547/246/8523 398/445/8522
f 359/241/8524 477/365/8525 360/421/8525
f 279/476/8526 783/468/8526 407/421/8526
f 674/289/8527 731/349/8528 693/460/8529 671/559/8530
f 1420/101/8531 1394/101/8532 1393/101/8533
f 406/241/8534 539/365/8535 537/243/8536
f 848/448/8537 724/447/8538 838/449/8539
f 554/264/8540 690/328/8540 692/446/8540
f 699/475/8541 731/349/8542 674/289/8543 679/321/8544
f 1850/101/8545 1844/101/8546 1843/101/8547
f 1638/101/8548 1642/101/8548 1637/101/8548
f 836/448/8549 819/357/8550 776/319/8551
f 810/356/8552 694/354/8553 698/375/8554
f 695/443/8555 833/444/8556 832/362/8557 704/452/8558
f 1942/101/8559 1943/101/8560 1961/101/8561
f 1915/101/8562 1901/101/8563 1898/101/8564
f 1633/101/8565 1632/101/8566 1597/101/8567
f 1533/101/8568 1557/101/8569 1517/101/8570
f 1560/101/8571 1559/101/8571 1558/101/8571
f 818/449/8572 836/448/8573 705/450/8574
f 161/101/8575 1589/101/8576 1586/101/8577
f 1640/101/8578 1639/101/8579 1641/101/8579
f 1970/101/8580 1988/101/8581 1971/101/8582
f 1973/101/8583 1962/101/8584 1970/101/8585
f 710/455/8586 707/345/8587 698/375/8588
f 3150/7/8589 6/1/8590 4/3/8591 5/394/8592
f 776/319/8593 711/320/8594 836/448/8595
f 1913/101/8596 1916/101/8597 1915/101/8598
f 2031/101/8599 2042/101/8600 2016/101/8601
f 1578/101/8602 161/101/8603 1586/101/8604
f 817/323/8605 705/450/8606 835/322/8607
f 713/453/8608 705/450/8609 836/448/8610
f 1588/101/8611 1564/101/8612 1559/101/8613
f 1599/101/8614 1601/101/8615 1598/101/8616
f 705/450/8617 717/456/8618 835/322/8619
f 712/451/8620 832/362/8621 831/458/8622
f 1927/101/8623 1948/101/8624 1923/101/8625
f 2121/101/8626 2114/101/8627 2095/101/8628
f 719/457/8629 725/562/8630 835/322/8631
f 809/454/8632 710/455/8633 720/459/8634
f 2100/101/8635 2118/101/8636 2094/101/8637
f 723/326/8638 734/331/8639 725/562/8640 719/457/8641
f 816/324/8642 835/322/8643 725/562/8644 814/332/8645
f 693/460/8646 721/283/8647 831/458/8648
f 2058/101/8649 2076/101/8650 2050/101/8651
f 734/331/8652 723/326/8653 770/327/8654
f 2026/101/8655 2045/101/8656 2007/101/8657
f 2093/101/8658 2100/101/8659 2094/101/8660
f 1917/101/8661 1888/101/8662 1883/101/8663
f 1628/101/8664 1630/101/8665 1629/101/8666
f 1948/101/8667 1944/101/8668 1943/101/8669
f 726/461/8670 769/463/8671 770/597/8672
f 2056/101/8673 2058/101/8674 2050/101/8675
f 731/349/8676 729/350/8677 693/460/8678
f 727/429/8679 720/459/8680 732/465/8681
f 2084/101/8682 2086/101/8683 2082/101/8684
f 769/463/8685 730/462/8686 768/477/8687
f 814/332/8688 725/562/8689 734/331/8690
f 2052/101/8691 2068/101/8692 2051/101/8693
f 765/370/8694 733/464/8695 732/465/8696
f 1618/101/8697 1619/101/8698 1608/101/8697
f 817/323/8699 816/324/8700 627/557/8701 773/564/8702
f 1926/101/8703 1930/101/8704 1925/101/8705
f 1641/101/8706 1639/101/8707 1676/101/8708
f 1601/101/8709 1604/101/8710 1598/101/8711
f 707/345/8712 809/454/8713 740/467/8714 744/347/8715
f 686/442/8716 625/376/8717 741/374/8718
f 1822/101/8719 1799/101/8720 1834/101/8721
f 1910/101/8722 1906/101/8723 1922/101/8724
f 818/449/8725 817/323/8726 773/564/8727 774/359/8728
f 1618/101/8729 1596/101/8730 1632/101/8731
f 686/442/8732 741/374/8733 730/462/8734
f 712/451/8735 742/468/8736 704/452/8737
f 688/398/8738 730/462/8739 726/461/8740 690/314/8738
f 1795/101/8741 1765/101/8742 1761/101/8741
f 1833/101/8743 1798/101/8744 1807/101/8745
f 1600/101/8746 1631/101/8747 1607/101/8748
f 701/447/8749 818/449/8750 774/359/8751 775/472/8752
f 704/452/8753 747/469/8754 695/443/8755
f 1878/101/8756 1906/101/8757 1902/101/8758
f 726/328/8759 723/326/8760 692/446/8761 690/328/8761
f 1597/101/8762 1596/101/8762 1595/101/8762
f 723/326/8763 719/457/8764 619/277/8765 692/446/8765
f 1949/101/8766 1931/101/8767 1930/101/8768
f 748/346/8769 810/356/8770 707/345/8771
f 1794/101/8772 1782/101/8773 1761/101/8774
f 696/353/8775 695/443/8776 750/470/8777 755/563/8777
f 701/447/8778 775/472/8779 819/357/8780
f 1698/101/8781 1709/101/8782 1695/101/8781
f 1564/101/8783 1588/101/8784 1560/101/8785
f 1763/101/8786 1755/101/8787 1754/101/8788
f 619/277/8789 719/457/8790 717/456/8791
f 1559/101/8792 1581/101/8793 1558/101/8792
f 1959/101/8794 1946/101/8795 1927/101/8796
f 713/453/8797 616/424/8798 717/456/8799
f 757/355/8800 810/356/8801 751/471/8802 756/473/8803
f 1767/101/8804 1778/101/8805 1796/101/8806
f 819/357/8807 754/412/8808 821/358/8809
f 1684/101/8810 1698/101/8811 1678/101/8812
f 711/320/8813 616/424/8814 713/453/8815
f 762/292/8816 696/353/8817 755/563/8818 683/291/8819
f 679/321/8820 529/422/8821 711/320/8822
f 763/481/8823 834/351/8824 807/294/8825 808/437/8826
f 1559/101/8827 1560/101/8828 1588/101/8829
f 1781/101/8830 1795/101/8831 1761/101/8832
f 1868/101/8833 1875/101/8834 1846/101/8835
f 760/348/8836 731/349/8837 699/475/8838
f 1443/101/8839 1436/101/8840 1435/101/8841
f 628/284/8842 250/476/8842 742/468/8842
f 742/468/8843 360/421/8843 747/469/8843
f 477/365/8844 750/470/8844 747/469/8844
f 477/365/8845 755/563/8845 750/470/8845
f 696/353/8846 761/352/8847 833/444/8848
f 761/352/8849 762/292/8850 834/351/8851
f 764/434/8852 765/370/8853 763/481/8854 808/437/8855
f 770/597/8856 769/463/8857 811/280/8858 812/596/8859
f 1736/101/8860 1719/101/8861 1718/101/8862
f 1660/101/8863 1642/101/8864 1677/101/8865
f 344/440/8866 740/467/8866 626/466/8866
f 740/467/8867 344/440/8867 744/347/8867
f 324/439/8868 748/346/8868 744/347/8868
f 748/346/8869 324/439/8869 751/471/8869
f 757/355/8870 768/477/8871 694/354/8872
f 768/477/8873 811/280/8874 769/463/8875
f 734/331/8876 770/327/8877 812/561/8878 648/333/8879
f 1698/101/8880 1684/101/8881 1710/101/8882
f 1680/101/8883 1705/101/8884 1681/101/8885
f 627/557/8886 313/361/8886 773/564/8886
f 773/564/8887 313/361/8887 774/359/8887
f 455/360/8888 775/472/8888 774/359/8888
f 775/472/8889 455/360/8889 754/412/8889
f 1851/101/8890 1873/101/8891 1845/101/8892
f 1637/101/8893 1658/101/8894 1645/101/8895
f 250/476/8896 777/282/8896 638/484/8896
f 250/476/8897 628/284/8897 777/282/8897
f 628/284/8898 712/451/8899 721/283/8900
f 1685/101/8901 1680/101/8902 1681/101/8902
f 1679/101/8903 1684/101/8903 1678/101/8903
f 1699/101/8904 1705/101/8905 1704/101/8906
f 755/563/8907 477/365/8907 683/291/8907
f 313/361/8908 627/557/8908 634/433/8908 617/438/8908
f 1720/101/8909 1747/101/8910 1721/101/8911
f 1752/101/8912 1720/101/8913 1745/101/8914
f 641/430/8915 432/344/8915 785/431/8915
f 344/440/8916 626/466/8916 785/431/8916
f 1743/101/8917 1746/101/8918 1723/101/8919
f 1781/101/8920 1765/101/8921 1795/101/8922
f 398/445/8923 756/473/8923 751/471/8923
f 756/473/8924 398/445/8924 796/474/8924
f 1760/101/8925 1796/101/8926 1759/101/8927
f 1765/101/8928 1782/101/8929 1794/101/8930
f 133/101/8931 1799/101/8932 1806/101/8933
f 617/438/8934 634/433/8934 646/432/8934
f 1798/101/8935 1800/101/8936 1797/101/8936
f 671/559/8937 693/460/8938 831/458/8939 667/363/8940
f 1797/101/8941 1818/101/8942 1805/101/8943
f 1819/101/8944 1808/101/8945 1818/101/8946
f 754/412/8947 291/305/8947 663/413/8947
f 832/362/8948 833/444/8949 661/480/8950 664/364/8951
f 699/475/8952 679/321/8953 776/319/8954
f 1949/101/8955 1957/101/8956 1952/101/8957
f 1778/101/8958 1754/101/8959 1759/101/8960
f 832/362/8961 667/363/8962 831/458/8963
f 1822/101/8964 1834/101/8965 133/101/8966
f 1875/101/8967 1852/101/8968 1851/101/8969
f 1808/101/8970 1835/101/8971 1798/101/8972
f 1685/101/8973 1699/101/8974 1686/101/8975
f 821/358/8976 699/475/8977 776/319/8978
f 1986/101/8979 1965/101/8980 1999/101/8981
f 2091/101/8982 2090/101/8983 2087/101/8983
f 675/279/8984 796/474/8984 398/445/8984 450/482/8984
f 1970/101/8985 1971/101/8986 1973/101/8987
f 2031/101/8988 2007/101/8989 2042/101/8990
f 683/291/8991 296/298/8991 676/293/8991
f 761/352/8992 658/479/8993 833/444/8994
f 1843/101/8995 1837/101/8996 1849/101/8997
f 2029/101/8998 2026/101/8999 2028/101/9000
f 653/368/9001 761/352/9002 834/351/9003
f 1629/101/9004 1604/101/9005 1606/101/9006
f 1843/101/9007 1842/101/9008 1837/101/9008
f 544/555/9009 659/435/9009 670/295/9009 296/298/9009
f 296/298/9010 670/295/9010 676/293/9010
f 2006/101/9011 2016/101/9012 2042/101/9011
f 675/279/9013 450/482/9013 673/281/9013
f 647/285/9014 834/351/9015 763/481/9016
f 2035/101/9017 2015/101/9018 2014/101/9019
f 2010/101/9020 2007/101/9021 2045/101/9022
f 765/370/9023 645/371/9024 763/481/9025
f 2033/101/9026 2014/101/9027 2011/101/9028
f 2010/101/9029 2029/101/9030 2006/101/9031
f 673/281/9032 404/425/9032 654/565/9032
f 2071/101/9033 2075/101/9034 2072/101/9035
f 635/369/9036 765/370/9037 732/465/9038
f 432/344/9039 657/436/9039 659/435/9039 544/555/9039
f 720/459/9040 635/369/9041 732/465/9042
f 416/330/9043 651/558/9043 663/413/9043
f 2033/101/9044 2037/101/9045 2035/101/9046
f 2014/101/9047 2015/101/9048 2011/101/9049
f 710/455/9050 624/428/9051 720/459/9052
f 2071/101/9053 2056/101/9054 2050/101/9055
f 1898/101/9056 1899/101/9057 1887/101/9058
f 1874/101/9059 1842/101/9060 1844/101/9061
f 625/376/9062 710/455/9063 698/375/9064
f 404/483/9065 646/432/9065 654/560/9065
f 432/344/9066 641/430/9066 657/436/9066
f 1865/101/9067 1843/101/9068 1849/101/9069
f 1989/101/9070 1972/101/9071 2000/101/9072
f 2072/101/9073 2058/101/9074 2085/101/9075
f 694/354/9076 741/374/9077 698/375/9078
f 651/558/9079 416/330/9079 638/484/9079
f 741/374/9080 694/354/9081 768/477/9082 730/462/9083
f 2057/101/9084 2052/101/9085 2049/101/9086
f 1821/101/9087 1824/101/9088 1822/101/9089
f 2459/101/9090 2475/101/9091 2464/101/9092
f 2235/101/9093 2217/101/9094 2216/101/9095
f 3150/7/9096 5/394/9097 898/395/9098
f 1553/526/9099 134/116/9100 854/505/9101
f 13/17/9102 897/517/9103 3037/519/9104
f 40/34/9105 49/55/9106 2660/521/9107
f 238/200/9108 246/568/9109 3272/567/9110
f 2809/36/9111 32/30/9112 885/566/9113
f 226/490/9114 237/493/9115 3418/531/9116
f 2074/89/9117 88/80/9118 98/90/9119
f 23/22/9120 886/32/9121 2907/21/9122
f 2476/101/9123 2493/101/9124 2462/101/9125
f 2445/101/9126 2451/101/9127 2446/101/9128
f 2475/101/9129 2459/101/9130 2458/101/9131
f 2428/101/9132 2456/101/9133 2419/101/9134
f 2616/101/9135 2604/101/9136 2621/101/9137
f 2441/101/9138 2442/101/9139 2440/101/9138
f 2625/101/9140 2648/101/9140 2622/101/9140
f 2600/101/9141 2603/101/9142 2620/101/9143
f 2610/101/9144 2605/101/9145 2607/101/9144
f 2583/101/9146 2621/101/9147 2604/101/9148
f 2616/101/9149 2607/101/9150 2615/101/9151
f 2566/101/9152 2557/101/9153 2550/101/9154
f 2598/101/9155 2603/101/9156 2588/101/9157
f 2324/101/9158 2316/101/9159 2304/101/9160
f 2336/101/9161 2344/101/9162 2345/101/9163
f 2547/101/9164 2564/101/9165 2563/101/9166
f 2355/101/9167 2340/101/9168 2337/101/9169
f 2358/101/9170 2361/101/9171 2362/101/9172
f 2530/101/9173 2503/101/9174 2504/101/9175
f 2521/101/9176 2504/101/9177 2536/101/9178
f 2542/101/9179 2518/101/9180 2516/101/9181
f 2376/101/9182 2375/101/9183 2396/101/9184
f 246/568/9185 900/598/9186 866/393/9187 5/394/9188
f 238/200/9189 901/492/9190 900/598/9191 246/568/9192
f 2576/101/9193 2560/101/9194 2565/101/9195
f 2414/101/9196 2377/101/9197 2376/101/9198
f 901/492/9199 237/493/9200 902/494/9201
f 902/494/9202 226/490/9203 903/495/9204
f 903/495/9205 219/105/9206 905/325/9207
f 905/325/9208 894/179/9209 907/423/9210
f 895/100/9211 908/497/9212 907/423/9213 207/99/9214
f 2559/101/9215 2565/101/9216 2560/101/9217
f 2427/101/9218 2419/101/9219 2418/101/9220
f 2399/101/9221 2409/101/9222 2377/101/9223
f 908/497/9224 896/496/9225 910/498/9226
f 191/156/9227 911/501/9228 910/498/9229
f 185/147/9230 868/502/9231 911/572/9232
f 172/87/9233 869/503/9234 868/502/9235
f 856/382/9236 870/396/9237 869/503/9238
f 2581/101/9239 2561/101/9240 2577/101/9241
f 153/85/9242 872/575/9243 870/396/9244
f 874/506/9245 872/575/9246 153/85/9247 147/391/9248
f 2526/101/9249 2542/101/9250 2516/101/9251
f 854/505/9252 875/507/9253 874/506/9254
f 134/116/9255 876/397/9256 875/507/9257
f 2397/101/9258 2398/101/9259 2413/101/9260
f 119/107/9261 877/508/9262 876/397/9263
f 878/573/9264 917/511/9265 98/90/9266 88/80/9267
f 109/69/9268 916/509/9269 877/508/9270
f 916/509/9271 855/510/9272 917/511/9273
f 80/51/9274 879/599/9275 878/573/9276 88/80/9277
f 71/43/9278 880/574/9279 879/599/9280 80/51/9281
f 884/576/9282 923/513/9283 882/600/9284 883/46/9285
f 2544/101/9286 2523/101/9287 2526/101/9288
f 71/43/9289 881/512/9290 880/574/9291
f 881/512/9292 883/46/9293 882/600/9294
f 32/30/9295 926/402/9296 925/515/9297 885/566/9298
f 923/513/9299 49/55/9300 924/400/9301
f 924/400/9302 40/34/9303 925/515/9304
f 23/22/9305 927/516/9306 926/402/9307 886/32/9308
f 13/17/9309 928/571/9310 927/516/9311 897/517/9312
f 898/8/9313 866/393/9314 928/571/9315 13/17/9316
f 3944/601/9317 3943/602/9318 902/494/9319 903/495/9320
f 2365/101/9321 2373/101/9322 2371/101/9323
f 2409/101/9324 2376/101/9325 2377/101/9326
f 2376/101/9327 2409/101/9328 2375/101/9328
f 2365/101/9329 2356/101/9330 2341/101/9331
f 3953/569/9332 4007/570/9333 874/506/9334 875/507/9335
f 2515/101/9336 2520/101/9337 2502/101/9338
f 2504/101/9339 2502/101/9340 2536/101/9341
f 2534/101/9342 2522/101/9343 2515/101/9344
f 2383/101/9345 2403/101/9346 2404/101/9347
f 2548/101/9348 2577/101/9348 2547/101/9348
f 2517/101/9349 2534/101/9350 2503/101/9351
f 2543/101/9352 2536/101/9353 2537/101/9354
f 2405/101/9355 2400/101/9356 2393/101/9357
f 2417/101/9358 2376/101/9359 2396/101/9360
f 2375/101/9361 2394/101/9362 2396/101/9363
f 2403/101/9364 2382/101/9365 2412/101/9366
f 2365/101/9367 2372/101/9368 2373/101/9368
f 2340/101/9369 2336/101/9370 2337/101/9371
f 2340/101/9372 2359/101/9373 2333/101/9374
f 2341/101/9375 2338/101/9376 2339/101/9377
f 2320/101/9378 2321/101/9379 2332/101/9380
f 2548/101/9381 2563/101/9382 2582/101/9383
f 2577/101/9384 2548/101/9385 2581/101/9386
f 2568/101/9387 2550/101/9388 2549/101/9389
f 3954/603/9390 3953/569/9391 875/507/9392 876/397/9393
f 948/101/9394 949/101/9395 929/101/9396 971/101/9397
f 2564/101/9398 2565/101/9399 2559/101/9400
f 2561/101/9401 2560/101/9402 2576/101/9403
f 2584/101/9404 2586/101/9405 2583/101/9405
f 2588/101/9406 2603/101/9407 2596/101/9408
f 2605/101/9409 2586/101/9410 2584/101/9411
f 2583/101/9412 2616/101/9413 2621/101/9414
f 2600/101/9415 2598/101/9416 2597/101/9417
f 2620/101/9418 2603/101/9419 68/101/9420
f 2600/101/9421 2597/101/9422 2599/101/9423
f 2619/101/9424 2610/101/9425 2583/101/9426
f 2322/101/9427 2323/101/9428 2321/101/9427
f 2632/101/9429 2646/101/9430 2629/101/9431
f 2600/101/9432 2620/101/9433 2598/101/9434
f 2663/101/9435 2632/101/9436 2647/101/9437
f 2418/101/9438 2439/101/9439 2426/101/9440
f 2440/101/9441 2442/101/9442 2443/101/9443
f 2418/101/9444 2426/101/9445 2427/101/9446
f 2473/101/9447 2476/101/9448 2463/101/9449
f 2487/101/9450 2483/101/9451 2484/101/9452
f 2518/101/9453 2523/101/9454 2505/101/9455
f 2478/101/9456 2475/101/9457 2483/101/9458
f 932/101/9459 956/101/9460 957/101/9461
f 2690/101/9462 2698/101/9463 2670/101/9464
f 955/101/9465 964/101/9466 957/101/9467
f 962/101/9468 931/101/9469 937/101/9470
f 937/101/9471 951/101/9472 953/101/9473
f 930/101/9474 929/101/9474 937/101/9474
f 2700/101/9475 2686/101/9476 2705/101/9477
f 2705/101/9478 2668/101/9479 2667/101/9480
f 967/101/9481 941/101/9482 952/101/9483
f 2712/101/9484 2731/101/9485 2718/101/9486
f 950/101/9487 931/101/9488 942/101/9489
f 2685/101/9490 2686/101/9491 2700/101/9492
f 933/101/9493 954/101/9494 956/101/9495 936/101/9496
f 953/101/9497 951/101/9498 942/101/9499
f 955/101/9500 957/101/9501 954/101/9502
f 954/101/9503 933/101/9504 955/101/9505
f 2648/101/9506 2625/101/9507 2626/101/9508
f 929/101/9509 949/101/9510 951/101/9511
f 2643/101/9512 2648/101/9513 2626/101/9514
f 2724/101/9515 2725/101/9516 2718/101/9517
f 2700/101/9518 2667/101/9519 2681/101/9520
f 2662/101/9521 2625/101/9522 2630/101/9523
f 2727/101/9524 2728/101/9525 2741/101/9526
f 2662/101/9527 2642/101/9528 2656/101/9529
f 948/101/9530 941/101/9531 967/101/9532
f 952/101/9533 930/101/9534 950/101/9535
f 954/101/9536 957/101/9537 956/101/9538
f 948/101/9539 952/101/9540 949/101/9541
f 936/101/9542 932/101/9543 933/101/9544
f 2643/101/9545 2656/101/9546 2642/101/9545
f 983/101/9547 999/101/9548 1011/101/9549 984/101/9550
f 2661/101/9551 2642/101/9552 2662/101/9553
f 2725/101/9554 2739/101/9555 2712/101/9556
f 933/101/9557 932/101/9558 964/101/9559
f 937/101/9560 953/101/9561 942/101/9562
f 2667/101/9563 2671/101/9563 2666/101/9563
f 975/101/9564 974/101/9565 973/101/9566
f 2810/101/9567 2821/101/9568 43/101/9569
f 982/101/9570 983/101/9571 984/101/9572
f 975/101/9573 1010/101/9574 996/101/9575 974/101/9576
f 2745/101/9577 2710/101/9578 2722/101/9579
f 2826/101/9580 2805/101/9581 2820/101/9582
f 2767/101/9583 2773/101/9583 2769/101/9583
f 981/101/9584 1009/101/9585 994/101/9586
f 984/101/9587 1011/101/9588 998/101/9589 982/101/9590
f 2768/101/9591 2786/101/9592 2764/101/9593
f 2792/101/9594 2812/101/9595 43/101/9596
f 1011/101/9597 999/101/9598 998/101/9599
f 998/101/9600 999/101/9601 1000/101/9602
f 976/101/9603 1000/101/9604 999/101/9605
f 2802/101/9606 2806/101/9607 2789/101/9608
f 1000/101/9609 982/101/9610 998/101/9611
f 997/101/9612 993/101/9613 996/101/9614
f 2806/101/9615 2820/101/9616 2805/101/9617
f 994/101/9618 995/101/9619 973/101/9620 972/101/9621
f 2769/101/9622 2773/101/9623 2787/101/9624
f 2786/101/9625 2769/101/9626 2787/101/9627
f 2802/101/9628 2790/101/9629 2791/101/9630
f 993/101/9631 997/101/9632 1009/101/9633
f 1010/101/9634 975/101/9635 995/101/9636
f 1039/101/9637 1036/101/9638 1013/101/9639 1031/101/9640
f 1009/101/9641 997/101/9642 994/101/9643
f 2803/101/9644 2820/101/9645 2806/101/9646
f 997/101/9647 996/101/9648 994/101/9649
f 2782/101/9650 2751/101/9651 2759/101/9652
f 2804/101/9653 2829/101/9654 2792/101/9655
f 2831/101/9656 2844/101/9657 2846/101/9658
f 2801/101/9659 2830/101/9660 2814/101/9661
f 2826/101/9662 2814/101/9663 2830/101/9664
f 2951/101/9665 2917/101/9666 2952/101/9667
f 1025/101/9668 1015/101/9669 1048/101/9668
f 1032/101/9670 1031/101/9671 1013/101/9671
f 1023/101/9672 1038/101/9673 1037/101/9674
f 2848/101/9675 2850/101/9676 2866/101/9677
f 2856/101/9678 2845/101/9679 2865/101/9680
f 2939/101/9681 2956/101/9682 2940/101/9683
f 1044/101/9684 1032/101/9685 1052/101/9686
f 1015/101/9687 1017/101/9688 1046/101/9689 1048/101/9690
f 1025/101/9691 1026/101/9692 1041/101/9693 1016/101/9694
f 2884/101/9695 2905/101/9696 2871/101/9697
f 2868/101/9698 2862/101/9699 2841/101/9700
f 2897/101/9701 2908/101/9702 2885/101/9703
f 2845/101/9704 2869/101/9705 2842/101/9706
f 1016/101/9707 1041/101/9708 1017/101/9709
f 1026/101/9710 1025/101/9711 1046/101/9712
f 2852/101/9713 2857/101/9714 2856/101/9715
f 1052/101/9716 1014/101/9717 1053/101/9718
f 2912/101/9719 2880/101/9720 2886/101/9721
f 1044/101/9722 1039/101/9723 1031/101/9724 1032/101/9725
f 2911/101/9726 2889/101/9727 2910/101/9728
f 2913/101/9729 2909/101/9730 2872/101/9731
f 2939/101/9732 2921/101/9733 31/101/9734
f 1024/101/9735 1037/101/9736 1053/101/9737
f 2890/101/9738 2904/101/9739 2897/101/9740
f 1013/101/9741 1036/101/9742 1038/101/9743
f 2937/101/9744 2935/101/9745 2955/101/9746
f 1026/101/9747 1046/101/9748 1017/101/9749
f 2856/101/9750 2865/101/9751 2843/101/9752
f 1024/101/9753 1014/101/9754 1023/101/9755
f 2862/101/9756 2858/101/9757 2831/101/9758
f 1052/101/9759 1053/101/9760 1038/101/9761 1036/101/9762
f 2848/101/9763 2846/101/9764 2844/101/9765
f 1026/101/9766 1017/101/9767 1041/101/9768
f 3041/101/9769 3012/101/9770 3020/101/9771
f 2966/101/9772 2986/101/9773 2976/101/9774
f 2937/101/9775 2955/101/9776 2954/101/9777
f 1064/101/9778 1079/101/9779 1080/101/9780
f 3000/101/9781 2975/101/9782 2972/101/9783
f 1077/101/9784 1079/101/9785 1062/101/9786 1054/101/9786
f 2948/101/9787 2955/101/9788 2935/101/9789
f 1094/101/9790 1055/101/9791 1073/101/9792
f 2969/101/9793 3002/101/9794 2970/101/9795
f 3020/101/9796 3012/101/9797 3009/101/9798
f 2995/101/9799 2968/101/9800 2967/101/9801
f 2975/101/9802 3001/101/9803 2969/101/9804
f 1081/101/9805 1063/101/9806 1082/101/9807
f 1058/101/9808 1063/101/9809 1081/101/9810
f 1079/101/9811 1078/101/9812 1094/101/9813
f 1079/101/9814 1094/101/9815 1073/101/9816
f 1073/101/9817 1088/101/9818 1080/101/9819
f 1093/101/9820 1082/101/9821 1089/101/9822 1056/101/9823
f 2976/101/9824 2981/101/9825 2973/101/9826
f 2974/101/9827 2995/101/9828 2987/101/9829
f 2999/101/9830 3001/101/9831 3000/101/9832
f 2999/101/9833 2972/101/9834 2970/101/9835
f 2971/101/9836 2987/101/9837 2966/101/9838
f 1083/101/9839 1055/101/9840 1094/101/9841
f 1081/101/9842 1082/101/9843 1093/101/9844
f 1077/101/9845 1083/101/9846 1078/101/9847
f 1080/101/9848 1079/101/9849 1073/101/9850
f 1058/101/9851 1093/101/9852 1056/101/9853 1087/101/9854
f 1078/101/9855 1079/101/9856 1077/101/9857
f 3030/101/9858 3033/101/9859 3034/101/9860
f 3042/101/9861 3041/101/9862 3039/101/9863
f 2972/101/9864 2975/101/9865 2970/101/9866
f 1129/101/9867 1118/101/9868 1132/101/9869 1103/101/9870
f 1077/101/9871 1072/101/9872 1083/101/9873
f 1129/101/9874 1119/101/9875 1118/101/9876
f 3087/101/9877 3089/101/9878 3056/101/9879
f 3072/101/9880 3090/101/9881 3054/101/9882
f 3050/101/9883 3075/101/9884 3066/101/9885
f 1112/101/9886 1096/101/9887 1097/101/9888 1126/101/9889
f 1127/101/9890 1097/101/9891 1104/101/9892
f 3056/101/9893 3072/101/9894 3054/101/9895
f 1104/101/9896 1114/101/9897 1115/101/9898
f 3069/101/9899 3068/101/9900 3052/101/9901
f 1112/101/9902 1116/101/9903 1113/101/9904
f 1120/101/9905 1097/101/9906 1109/101/9907
f 3109/101/9908 3098/101/9909 3097/101/9910
f 3110/101/9911 3099/101/9912 3098/101/9913
f 3092/101/9914 3052/101/9915 3051/101/9916
f 1132/101/9917 1118/101/9918 1117/101/9919
f 1128/101/9920 1117/101/9921 1119/101/9922 1125/101/9923
f 1117/101/9924 1103/101/9925 1132/101/9926
f 1120/101/9927 1109/101/9928 1115/101/9929 1114/101/9929
f 1114/101/9930 1113/101/9931 1120/101/9932
f 3084/101/9933 3061/101/9934 3066/101/9935
f 1109/101/9936 1127/101/9937 1115/101/9938
f 1096/101/9939 1113/101/9940 1114/101/9941
f 3122/101/9942 3098/101/9943 3109/101/9944
f 3169/101/9945 3135/101/9946 3134/101/9947
f 3058/101/9948 3076/101/9949 3050/101/9950
f 3068/101/9951 3069/101/9952 3058/101/9953
f 3050/101/9954 3066/101/9955 3061/101/9956
f 1131/101/9957 1097/101/9958 1120/101/9959
f 1117/101/9960 1118/101/9961 1119/101/9962
f 1131/101/9963 1116/101/9964 1112/101/9965 1126/101/9966
f 3069/101/9967 3092/101/9968 3076/101/9969
f 3196/101/9970 3210/101/9971 3195/101/9972
f 3097/101/9973 3115/101/9974 3109/101/9975
f 1148/101/9976 1138/101/9977 1157/101/9978
f 3190/101/9979 3174/101/9980 3178/101/9981
f 3118/101/9982 3119/101/9983 3120/101/9984
f 1139/101/9985 1148/101/9986 1172/101/9987
f 1136/101/9988 1160/101/9989 1161/101/9990
f 3132/101/9991 3122/101/9992 3121/101/9993
f 1162/101/9994 1159/101/9995 1135/101/9996 1155/101/9997
f 1173/101/9998 1154/101/9999 1175/101/10000
f 1148/101/10001 1157/101/10002 1164/101/10003 1172/101/10004
f 3198/101/10005 3211/101/10006 3175/101/10007
f 3210/101/10008 3173/101/10009 3179/101/10010
f 1175/101/10011 1137/101/10012 1156/101/10013
f 1139/101/10014 1163/101/10015 1138/101/10016 1140/101/10017
f 1163/101/10018 1157/101/10019 1138/101/10020
f 1163/101/10021 1139/101/10022 1164/101/10023
f 3197/101/10024 3204/101/10025 3198/101/10026
f 1161/101/10027 1160/101/10028 1156/101/10029
f 1135/101/10030 1159/101/10031 1160/101/10032
f 3159/101/10033 3171/101/10034 3136/101/10035
f 3145/101/10036 3137/101/10037 3135/101/10038
f 3175/101/10039 3190/101/10040 3178/101/10041
f 3194/101/10042 3191/101/10043 3185/101/10044
f 3209/101/10045 3195/101/10046 3210/101/10047
f 1170/101/10048 1161/101/10049 1156/101/10050
f 3146/101/10051 3160/101/10052 3140/101/10053
f 1160/101/10054 1175/101/10055 1156/101/10056
f 3137/101/10057 3156/101/10058 3133/101/10059
f 1162/101/10060 1175/101/10061 1159/101/10062
f 3175/101/10063 3211/101/10064 3190/101/10065
f 1178/101/10066 1204/101/10067 1216/101/10068 1186/101/10069
f 3162/101/10070 3153/101/10071 3169/101/10072
f 1154/101/10073 1173/101/10074 1162/101/10075
f 3290/101/10076 3255/101/10077 3261/101/10078
f 1200/101/10079 1201/101/10080 1206/101/10081 173/101/10082
f 3273/101/10083 3290/101/10084 3289/101/10085
f 3230/101/10086 3252/101/10087 3220/101/10088
f 1197/101/10089 1198/101/10090 1184/101/10091 1196/101/10092
f 3227/101/10093 3230/101/10094 3218/101/10095
f 3274/101/10096 3290/101/10097 3273/101/10098
f 1177/101/10099 1215/101/10100 1199/101/10101 1176/101/10102
f 1205/101/10103 1204/101/10104 1178/101/10105 1179/101/10106
f 3236/101/10107 3249/101/10108 3235/101/10109
f 1216/101/10110 1204/101/10111 1203/101/10112
f 1203/101/10113 1204/101/10114 1205/101/10115
f 1176/101/10116 1199/101/10117 1202/101/10118 1192/101/10119
f 1203/101/10120 1186/101/10121 1216/101/10122
f 1205/101/10123 1185/101/10124 1203/101/10125
f 3253/101/10126 3273/101/10127 3270/101/10128
f 3239/101/10129 3246/101/10130 3240/101/10131
f 1198/101/10132 1200/101/10133 173/101/10134 1184/101/10135
f 3278/101/10136 3257/101/10137 3267/101/10138
f 3304/101/10139 3297/101/10140 3300/101/10141
f 1177/101/10142 1201/101/10143 1215/101/10144
f 3305/101/10145 3313/101/10146 1/101/10147
f 3297/101/10148 3304/101/10148 3293/101/10148
f 1197/101/10149 1202/101/10150 1198/101/10151
f 1201/101/10152 1199/101/10153 1215/101/10154
f 3228/101/10155 3236/101/10156 3216/101/10157
f 1202/101/10158 1199/101/10159 1198/101/10160
f 3292/101/10161 3273/101/10162 3289/101/10163
f 3260/101/10164 3274/101/10165 3/101/10166
f 1197/101/10167 1192/101/10168 1202/101/10169
f 1237/101/10170 1218/101/10170 1220/101/10171 1238/101/10172
f 1255/101/10173 1220/101/10174 1219/101/10175
f 3357/101/10176 3347/101/10177 3342/101/10178
f 1224/101/10179 1221/101/10180 1225/101/10181
f 3293/101/10182 3315/101/10183 3302/101/10184
f 3398/101/10185 3401/101/10186 3399/101/10187
f 1219/101/10188 1245/101/10189 1246/101/10190
f 3376/101/10191 3382/101/10192 3383/101/10193
f 3331/101/10194 3300/101/10195 3297/101/10196
f 3328/101/10197 3297/101/10198 3314/101/10199
f 1250/101/10200 1220/101/10201 1240/101/10202
f 3316/101/10203 3314/101/10204 3302/101/10205
f 3412/101/10206 3389/101/10207 3383/101/10208
f 3363/101/10209 3336/101/10210 3372/101/10211
f 1248/101/10212 1225/101/10213 1249/101/10214
f 1224/101/10215 1247/101/10216 1223/101/10217
f 1245/101/10218 1244/101/10219 1250/101/10220
f 1245/101/10221 1250/101/10222 1240/101/10223
f 1218/101/10224 1243/101/10225 1245/101/10226
f 3347/101/10227 3350/101/10228 3342/101/10229
f 3304/101/10230 3308/101/10231 3293/101/10232
f 3305/101/10233 3329/101/10234 3313/101/10235
f 3401/101/10236 3390/101/10237 3409/101/10238
f 3399/101/10239 3409/101/10240 3380/101/10241
f 1255/101/10242 1246/101/10243 1240/101/10244
f 1251/101/10245 1220/101/10246 1250/101/10247
f 3380/101/10248 3390/101/10249 3375/101/10250
f 3408/101/10251 275/101/10252 3410/101/10253
f 1243/101/10254 1251/101/10255 1244/101/10256
f 1232/101/10257 1221/101/10258 1224/101/10259
f 1244/101/10260 1245/101/10261 1243/101/10262
f 3349/101/10263 3373/101/10264 3372/101/10265
f 3337/101/10266 3356/101/10267 3334/101/10268
f 1247/101/10269 1225/101/10270 1248/101/10271
f 1223/101/10272 1249/101/10273 1221/101/10274 1232/101/10275
f 3419/101/10276 3440/101/10277 3433/101/10278
f 1243/101/10279 1238/101/10280 1251/101/10281
f 3462/101/10282 3438/101/10283 3425/101/10284
f 1263/101/10285 1262/101/10286 1261/101/10287
f 1259/101/10288 1271/101/10288 1260/101/10288
f 1271/101/10289 1283/101/10290 1284/101/10291
f 3432/101/10292 3420/101/10293 3422/101/10294
f 3446/101/10295 3463/101/10296 3445/101/10297
f 3483/101/10298 3505/101/10299 3509/101/10300
f 3415/101/10301 3412/101/10302 3411/101/10303
f 3485/101/10304 3473/101/10305 3467/101/10306
f 1294/101/10307 1278/101/10308 1289/101/10309
f 3435/101/10310 3422/101/10311 3420/101/10312
f 1284/101/10313 1283/101/10314 1279/101/10315
f 1285/101/10316 1287/101/10317 1288/101/10318
f 1286/101/10319 1261/101/10320 1287/101/10321
f 1262/101/10322 1288/101/10323 1287/101/10324
f 1285/101/10325 1270/101/10326 1286/101/10327
f 1263/101/10328 1285/101/10329 1288/101/10330
f 1289/101/10331 1260/101/10332 1279/101/10333
f 1259/101/10334 1281/101/10335 1283/101/10336
f 1294/101/10337 1281/101/10338 1277/101/10339 1278/101/10340
f 3420/101/10341 3431/101/10341 3419/101/10341
f 3477/101/10342 3483/101/10343 3499/101/10344
f 3422/101/10345 3444/101/10346 3432/101/10347
f 1289/101/10348 1282/101/10349 1281/101/10350 1294/101/10351
f 1297/101/10352 1260/101/10353 1271/101/10354
f 1282/101/10355 1283/101/10356 1281/101/10357
f 3477/101/10358 3464/101/10358 3483/101/10358
f 1289/101/10359 1279/101/10360 1283/101/10361 1282/101/10362
f 1271/101/10363 1284/101/10364 1279/101/10365
f 3504/101/10366 3502/101/10367 3477/101/10368
f 3553/101/10369 3515/101/10370 3554/101/10371
f 1300/101/10372 1310/101/10372 1301/101/10372
f 1309/101/10373 1302/101/10374 1336/101/10375
f 3483/101/10376 3509/101/10377 3499/101/10378
f 3545/101/10379 3518/101/10380 3516/101/10381
f 3486/101/10382 3490/101/10383 3501/101/10384
f 1300/101/10385 1324/101/10386 1325/101/10387
f 1337/101/10388 1301/101/10389 1320/101/10390
f 3521/101/10391 3523/101/10392 3517/101/10393
f 3515/101/10394 3522/101/10395 3554/101/10396
f 1302/101/10397 1329/101/10398 1328/101/10399 1336/101/10400
f 1326/101/10401 1325/101/10402 1337/101/10402
f 1327/101/10403 1329/101/10404 1330/101/10405
f 3515/101/10406 3518/101/10407 3514/101/10408
f 1303/101/10409 1330/101/10410 1329/101/10411
f 1327/101/10412 1309/101/10413 1328/101/10414
f 1330/101/10415 1309/101/10416 1327/101/10417
f 1326/101/10418 1337/101/10419 1320/101/10420
f 3492/101/10421 3503/101/10422 3476/101/10423
f 3506/101/10424 3473/101/10425 3491/101/10426
f 3505/101/10427 3486/101/10428 3501/101/10429
f 3476/101/10430 3485/101/10431 3467/101/10432
f 3561/101/10433 3568/101/10434 3567/101/10435
f 3517/101/10436 3541/101/10437 3521/101/10438
f 1320/101/10439 1335/101/10440 1326/101/10441
f 1331/101/10442 1301/101/10443 1337/101/10444
f 1300/101/10445 1325/101/10446 1326/101/10447
f 1324/101/10448 1331/101/10449 1325/101/10450
f 1354/101/10451 1339/101/10451 1340/101/10452 1355/101/10453
f 1318/101/10454 1331/101/10455 1324/101/10456
f 1348/101/10457 1366/101/10458 1369/101/10459
f 3549/101/10460 3554/101/10461 3522/101/10462
f 3563/101/10463 3587/101/10464 3569/101/10465
f 1375/101/10466 1347/101/10467 1346/101/10468
f 3582/101/10469 3567/101/10470 3568/101/10471
f 1345/101/10472 1364/101/10473 1365/101/10474
f 3617/101/10475 3623/101/10476 3621/101/10477
f 3587/101/10478 3588/101/10479 3584/101/10478
f 3619/101/10480 3608/101/10481 3604/101/10482
f 1361/101/10483 1355/101/10484 1370/101/10485
f 3582/101/10486 3584/101/10487 3597/101/10488
f 1367/101/10489 1347/101/10490 1368/101/10491
f 3590/101/10492 3598/101/10493 3565/101/10494
f 1354/101/10495 1361/101/10496 1362/101/10497
f 1366/101/10498 1368/101/10499 1369/101/10500
f 1347/101/10501 1369/101/10502 1368/101/10503
f 1370/101/10504 1340/101/10505 1357/101/10506
f 1365/101/10507 1364/101/10508 1357/101/10509
f 1339/101/10510 1362/101/10511 1364/101/10512
f 3599/101/10513 3608/101/10513 3617/101/10513
f 3608/101/10514 3623/101/10515 3617/101/10516
f 1370/101/10517 1363/101/10518 1362/101/10519 1361/101/10520
f 3619/101/10521 3604/101/10522 3599/101/10523
f 3643/101/10524 251/101/10525 3650/101/10526
f 3628/101/10527 3620/101/10528 3631/101/10529
f 1357/101/10530 1374/101/10531 1365/101/10532
f 3638/101/10533 3599/101/10534 3618/101/10535
f 1346/101/10536 1367/101/10537 1366/101/10538 1375/101/10539
f 1348/101/10540 1347/101/10541 1375/101/10542
f 1415/101/10543 1379/101/10543 1381/101/10544 1396/101/10545
f 3638/101/10546 3623/101/10547 3639/101/10548
f 1363/101/10549 1364/101/10550 1362/101/10551
f 3607/101/10552 3620/101/10553 3605/101/10554
f 1363/101/10555 1370/101/10556 1357/101/10557
f 3733/101/10558 3734/101/10559 3732/101/10560
f 1389/101/10561 1405/101/10562 1407/101/10563
f 251/101/10564 3665/101/10565 3650/101/10566
f 3744/101/10567 3743/101/10568 3724/101/10569
f 1401/101/10570 1402/101/10571 1379/101/10572 1415/101/10573
f 3663/101/10574 3662/101/10575 3657/101/10576
f 1414/101/10577 1396/101/10578 1409/101/10579
f 3724/101/10580 3735/101/10581 3763/101/10582
f 3669/101/10583 3644/101/10584 3659/101/10585
f 3680/101/10586 3643/101/10587 3662/101/10588
f 1406/101/10589 1399/101/10590 1408/101/10591
f 3760/101/10592 3734/101/10593 3733/101/10594
f 3759/101/10595 3731/101/10596 3760/101/10597
f 3676/101/10598 3680/101/10599 3664/101/10600
f 3708/101/10601 3720/101/10602 3705/101/10601
f 1380/101/10603 1403/101/10604 1404/101/10605
f 1405/101/10606 1408/101/10607 1407/101/10608
f 1416/101/10609 1407/101/10610 1408/101/10611
f 1405/101/10612 1399/101/10613 1406/101/10614
f 1409/101/10615 1381/101/10616 1398/101/10617
f 1404/101/10618 1403/101/10619 1398/101/10620
f 3723/101/10621 3746/101/10622 3735/101/10623
f 3660/101/10624 3644/101/10625 3649/101/10626
f 1414/101/10627 1401/101/10628 1415/101/10629 1396/101/10630
f 3721/101/10631 3704/101/10632 3720/101/10633
f 3734/101/10634 3731/101/10635 3730/101/10636
f 1382/101/10637 1404/101/10638 1398/101/10639
f 1379/101/10640 1402/101/10641 1403/101/10642
f 1389/101/10643 1416/101/10644 1388/101/10645
f 3666/101/10646 3671/101/10647 3669/101/10648
f 3702/101/10649 3699/101/10650 3690/101/10651
f 3724/101/10652 3725/101/10652 3723/101/10652
f 1409/101/10653 1402/101/10654 1401/101/10655 1414/101/10656
f 1409/101/10657 1398/101/10658 1403/101/10659 1402/101/10660
f 1450/101/10661 1449/101/10662 1424/101/10663 1425/101/10664
f 1423/101/10665 1422/101/10666 1432/101/10667
f 3849/101/10668 225/101/10669 3812/101/10670
f 3762/101/10671 3724/101/10672 3763/101/10673
f 1422/101/10674 1438/101/10675 1421/101/10675
f 1451/101/10676 1457/101/10677 1449/101/10678
f 1421/101/10679 1432/101/10680 1422/101/10681
f 1453/101/10682 1446/101/10683 1421/101/10684 1438/101/10685
f 3746/101/10686 3747/101/10687 3766/101/10688
f 3759/101/10689 3733/101/10690 3732/101/10691
f 1423/101/10692 1441/101/10693 1452/101/10694 1422/101/10695
f 1427/101/10696 1448/101/10697 1450/101/10698 1425/101/10699
f 3769/101/10700 3767/101/10701 3781/101/10702
f 3805/101/10703 3792/101/10704 3807/101/10705
f 1451/101/10706 1449/101/10707 1448/101/10708
f 1448/101/10709 1449/101/10710 1450/101/10711
f 3828/101/10712 3848/101/10713 3812/101/10714
f 1447/101/10715 1446/101/10716 1452/101/10717
f 1447/101/10718 1452/101/10719 1441/101/10720
f 3804/101/10721 3786/101/10722 3783/101/10723
f 3789/101/10724 3781/101/10725 3782/101/10726
f 3826/101/10727 3809/101/10728 3825/101/10729
f 3840/101/10730 3828/101/10731 3821/101/10732
f 1441/101/10733 1423/101/10734 1447/101/10735
f 1459/101/10736 1422/101/10737 1452/101/10738
f 3847/101/10739 3826/101/10740 3825/101/10741
f 1446/101/10742 1447/101/10743 1432/101/10744 1421/101/10745
f 3784/101/10746 230/101/10747 3806/101/10748
f 1448/101/10749 1427/101/10750 1451/101/10751
f 3784/101/10752 3798/101/10753 230/101/10754
f 3841/101/10755 3830/101/10756 3847/101/10757
f 3809/101/10758 3829/101/10759 3825/101/10760
f 1424/101/10761 1457/101/10762 1427/101/10763 1425/101/10764
f 3813/101/10765 3811/101/10766 3846/101/10767
f 1490/101/10768 1491/101/10769 1480/101/10770 1464/101/10771
f 3805/101/10772 3769/101/10773 3781/101/10774
f 1453/101/10775 1438/101/10776 1459/101/10777
f 1478/101/10778 1462/101/10779 1463/101/10780 1500/101/10781
f 4035/101/10782 4047/101/10783 4045/101/10784
f 3874/101/10785 3854/101/10786 4031/101/10787
f 1471/101/10788 1464/101/10789 1480/101/10790
f 1471/101/10791 1480/101/10792 1498/101/10793
f 4026/101/10794 3866/101/10795 3855/101/10796
f 4042/101/10797 4052/101/10798 4038/101/10799
f 1492/101/10800 1463/101/10801 1479/101/10802
f 1489/101/10803 1480/101/10804 1491/101/10805
f 3873/101/10806 3874/101/10807 4032/101/10808
f 4041/101/10809 4042/101/10810 4039/101/10811
f 3841/101/10812 3847/101/10813 3845/101/10814
f 1486/101/10815 1484/101/10816 1492/101/10816
f 1470/101/10817 1486/101/10818 1485/101/10819
f 1490/101/10820 1471/101/10821 1488/101/10822
f 1485/101/10823 1492/101/10824 1479/101/10825
f 1462/101/10826 1493/101/10827 1486/101/10828
f 3856/101/10829 4029/101/10830 3857/101/10831
f 3867/101/10832 3856/101/10833 3857/101/10834
f 4030/101/10835 3856/101/10836 3867/101/10837
f 4027/101/10838 3867/101/10839 3857/101/10840
f 4033/101/10841 3855/101/10842 3854/101/10843
f 1491/101/10844 1490/101/10845 1488/101/10845 1489/101/10846
f 1478/101/10847 1487/101/10848 1493/101/10849
f 1496/101/10850 1485/101/10851 1479/101/10852
f 1487/101/10853 1463/101/10854 1492/101/10855
f 4032/101/10856 4031/101/10857 3868/101/10858
f 1488/101/10859 1471/101/10860 1489/101/10861
f 4048/101/10862 4054/101/10863 4047/101/10862
f 1484/101/10864 1486/101/10865 1493/101/10866
f 4051/101/10867 4042/101/10868 4041/101/10869
f 1539/101/10870 1527/101/10871 1541/101/10872 1512/101/10873
f 1539/101/10874 1528/101/10875 1527/101/10876
f 1606/101/10877 1604/101/10878 1601/101/10879
f 1536/101/10880 1502/101/10880 1504/101/10881 1519/101/10882
f 1523/101/10883 1524/101/10884 1502/101/10885 1536/101/10886
f 1503/101/10887 1530/101/10888 1525/101/10889
f 4039/101/10890 4042/101/10891 4038/101/10892
f 4059/101/10893 4074/101/10894 4060/101/10895
f 1540/101/10896 1519/101/10897 1529/101/10898
f 1540/101/10899 1523/101/10900 1536/101/10901 1519/101/10902
f 2056/101/10903 2085/101/10904 2058/101/10905
f 3014/101/10906 3016/101/10907 3013/101/10908
f 4078/101/10909 4075/101/10910 4060/101/10911
f 1541/101/10912 1527/101/10913 1526/101/10914
f 1526/101/10915 1512/101/10916 1541/101/10917
f 1528/101/10918 143/101/10919 1526/101/10920
f 1529/101/10921 1504/101/10922 1520/101/10923
f 1520/101/10924 1503/101/10925 1525/101/10926
f 1502/101/10927 1524/101/10928 1530/101/10929
f 4045/101/10930 4055/101/10931 4044/101/10932
f 4065/101/10933 4063/101/10934 4076/101/10935
f 4069/101/10936 4058/101/10937 4062/101/10938
f 4065/101/10939 4076/101/10940 4058/101/10941
f 4063/101/10942 4061/101/10943 4076/101/10944
f 1526/101/10945 1527/101/10946 1528/101/10947
f 1525/101/10948 1530/101/10949 1520/101/10950
f 3172/101/10951 3185/101/10952 3191/101/10953
f 4049/101/10954 4036/101/10955 4040/101/10956
f 4073/101/10957 4066/101/10958 4075/101/10959
f 1529/101/10960 1524/101/10961 1523/101/10962 1540/101/10963
f 4070/101/10964 4069/101/10965 4068/101/10966
f 1529/101/10967 1520/101/10968 1530/101/10969 1524/101/10970
f 1547/101/10971 1572/101/10972 1553/101/10973 1546/101/10974
f 63/255/10975 69/56/10975 62/53/10976
f 45/34/10977 50/41/10978 53/520/10979 2724/521/10980
f 62/53/10981 2670/54/10982 59/254/10983 63/255/10984
f 1573/101/10985 1566/101/10986 1543/101/10987 1551/101/10988
f 3137/27/10989 914/517/10990 3114/519/10991
f 1554/101/10992 1571/101/10993 1570/101/10994 1552/101/10995
f 1568/101/10996 1545/101/10997 1582/101/10998
f 1571/101/10999 1553/101/11000 1572/101/11001
f 39/37/11002 47/522/11003 50/41/11004
f 1570/101/11005 1572/101/11006 1547/101/11007
f 1545/101/11008 1568/101/11009 1569/101/11010 1563/101/11011
f 1547/101/11012 1552/101/11013 1570/101/11014
f 53/520/11015 2670/54/11016 54/55/11017
f 69/56/11018 68/57/11019 62/53/11020
f 62/53/11021 68/57/11022 899/576/11023
f 29/25/11024 2972/21/11025 3056/23/11026
f 39/37/11027 50/41/11028 43/33/11029
f 53/520/11030 59/254/11031 2670/54/11032
f 54/55/11033 62/53/11034 899/514/11035
f 1566/101/11036 1567/101/11037 1544/101/11038 1543/101/11039
f 1573/101/11040 1563/101/11041 1569/101/11042
f 1582/101/11043 1579/101/11044 1567/101/11045
f 899/576/11046 68/57/11047 70/58/11048 893/46/11049
f 1613/101/11050 1614/101/11051 1621/101/11052 1592/101/11053
f 904/35/11054 2865/36/11055 38/29/11056 43/33/11057
f 1569/101/11058 1568/101/11059 1566/101/11060
f 1585/101/11061 1614/101/11062 1616/101/11063
f 1602/101/11064 1583/101/11064 1584/101/11065 1603/101/11066
f 104/60/11067 2123/89/11068 97/80/11069
f 73/146/11070 79/44/11071 78/45/11072
f 2050/63/11073 859/510/11074 105/90/11075
f 893/46/11076 78/45/11077 79/44/11078 2473/485/11079
f 1609/101/11080 1603/101/11081 1617/101/11082
f 1602/101/11083 1610/101/11084 1611/101/11085
f 73/146/11086 82/48/11087 79/44/11088
f 79/44/11089 83/49/11089 2421/42/11089
f 1615/101/11090 1585/101/11091 1616/101/11092
f 96/75/11093 97/80/11094 2219/392/11095
f 2050/63/11096 105/90/11097 108/59/11098 112/64/11099
f 1602/101/11100 1609/101/11101 1610/101/11102
f 1613/101/11103 1591/101/11104 1615/101/11105
f 1617/101/11106 1584/101/11107 1605/101/11108
f 1612/101/11109 1611/101/11110 1605/101/11111
f 70/58/11112 69/56/11113 2550/47/11114 893/46/11115
f 91/52/11116 93/72/11116 2304/50/11116
f 82/48/11117 87/74/11118 83/49/11119
f 117/67/11120 116/62/11121 112/64/11122
f 127/68/11123 1875/71/11124 118/69/11125
f 859/510/11126 2050/63/11127 116/62/11128 1972/487/11129
f 1611/101/11130 1612/101/11131 1593/101/11132 1583/101/11133
f 1605/101/11134 1622/101/11135 1612/101/11136
f 1617/101/11137 1611/101/11138 1610/101/11139 1609/101/11140
f 202/93/11141 206/147/11142 1124/377/11142
f 108/59/11143 105/90/11144 104/60/11145
f 117/67/11146 1930/66/11147 116/62/11147
f 87/74/11148 93/72/11149 91/52/11150
f 1613/101/11151 1615/101/11152 1614/101/11153
f 1611/101/11154 1617/101/11155 1605/101/11156
f 1643/101/11157 1623/101/11157 1624/101/11158 1644/101/11159
f 138/102/11160 133/70/11161 127/68/11162
f 1659/101/11163 1624/101/11164 1634/101/11165
f 212/94/11166 211/92/11167 1095/91/11168
f 162/83/11169 168/82/11170 167/126/11171
f 189/523/11172 1227/489/11173 860/382/11173
f 183/528/11174 189/523/11174 860/382/11174
f 138/102/11175 139/103/11175 133/70/11176
f 1643/101/11177 1649/101/11178 1650/101/11179
f 1745/110/11180 132/107/11181 140/78/11182 146/77/11183
f 1655/101/11184 1624/101/11185 1646/101/11186
f 1653/101/11187 1625/101/11188 1654/101/11189
f 1663/101/11190 1649/101/11191 1643/101/11192 1644/101/11193
f 1652/101/11194 1636/101/11195 1653/101/11196
f 1627/101/11197 1635/101/11198 1652/101/11199
f 1651/101/11200 1655/101/11201 1646/101/11202
f 1646/101/11203 1659/101/11204 1651/101/11205
f 161/125/11206 858/505/11207 1604/526/11208
f 155/115/11209 161/125/11210 1604/526/11211
f 139/103/11212 149/76/11213 140/78/11214
f 183/528/11215 180/527/11216 190/577/11217 189/523/11215
f 196/88/11218 190/577/11219 197/95/11220 201/86/11221
f 1663/101/11222 1624/101/11223 1655/101/11224
f 1623/101/11225 1650/101/11226 1651/101/11227
f 155/115/11228 146/77/11229 149/76/11230 156/186/11231
f 178/84/11232 1386/381/11232 174/85/11232
f 1702/101/11233 1688/101/11234 1665/101/11235 1696/101/11236
f 1649/101/11237 1663/101/11238 1650/101/11239
f 1626/101/11240 1627/101/11241 1654/101/11242
f 1652/101/11243 1654/101/11244 1627/101/11245
f 178/84/11246 168/82/11246 175/81/11247 180/527/11248
f 1668/101/11249 1667/101/11250 1666/101/11251
f 224/10/11252 4035/97/11253 223/167/11254
f 225/98/11255 223/167/11256 4035/97/11256 228/96/11257
f 1674/101/11258 1669/101/11259 1697/101/11260
f 1667/101/11261 1673/101/11262 1665/101/11262
f 217/11/11263 223/167/11264 969/162/11265
f 1700/101/11266 1673/101/11267 1690/101/11268
f 1674/101/11269 1689/101/11270 1671/101/11271 1670/101/11272
f 275/530/11273 10/2/11274 1/3/11275
f 223/167/11276 912/100/11277 913/496/11278
f 230/170/11279 909/179/11280 229/99/11281
f 1688/101/11282 1691/101/11283 1666/101/11284 1665/101/11285
f 1690/101/11286 1667/101/11287 1682/101/11288
f 2/394/11289 274/568/11290 275/530/11291 1/3/11292
f 1001/155/11293 213/499/11294 206/500/11295
f 230/170/11296 240/109/11296 236/106/11297
f 3348/567/11298 267/118/11299 275/530/11300 274/568/11301
f 262/229/11302 266/117/11303 260/119/11304
f 1697/101/11305 1703/101/11306 1689/101/11307 1674/101/11308
f 1668/101/11309 1691/101/11310 1682/101/11311
f 253/113/11312 3565/187/11313 252/490/11314
f 1689/101/11315 1703/101/11316 1701/101/11317
f 214/154/11318 211/532/11319 212/545/11320 217/11/11321
f 1669/101/11322 1701/101/11323 1703/101/11324
f 225/98/11325 230/170/11326 229/99/11327
f 300/127/11328 287/121/11328 292/124/11328 301/128/11328
f 1690/101/11329 1682/101/11330 1691/101/11331 1688/101/11332
f 1700/101/11333 1690/101/11334 1688/101/11335
f 1670/101/11336 1671/101/11337 1701/101/11338
f 267/118/11339 3348/567/11340 265/200/11341
f 1689/101/11342 1701/101/11343 1671/101/11344
f 3889/580/11345 339/132/11345 3888/581/11345
f 1702/101/11346 1696/101/11347 1700/101/11348
f 1725/101/11349 1733/101/11350 1734/101/11351
f 307/225/11352 301/128/11352 292/124/11352 299/211/11352
f 1715/101/11353 1707/101/11354 1706/101/11354
f 1708/101/11355 1707/101/11356 1715/101/11357
f 1707/101/11358 1712/101/11359 1706/101/11359
f 1715/101/11360 1735/101/11361 1731/101/11362
f 3878/210/11363 3879/578/11363 289/209/11363
f 292/124/11364 280/123/11364 299/211/11364
f 1744/101/11365 1712/101/11366 1729/101/11367
f 1727/101/11368 1728/101/11369 1706/101/11370 1713/101/11371
f 337/298/11372 593/555/11372 335/251/11373
f 1732/101/11374 1725/101/11375 1734/101/11376
f 307/225/11377 299/211/11377 289/209/11377 306/222/11377
f 22/20/11378 30/19/11379 29/25/11380
f 1713/101/11381 1744/101/11382 1727/101/11383
f 1731/101/11384 1735/101/11385 1724/101/11386
f 1730/101/11387 1732/101/11388 1733/101/11389
f 1730/101/11390 1714/101/11391 1732/101/11392
f 1733/101/11393 1714/101/11394 1730/101/11395
f 1729/101/11396 1707/101/11397 1724/101/11398
f 3885/238/11399 331/234/11399 319/232/11399 3969/230/11399
f 345/249/11400 326/131/11400 334/237/11400 340/245/11400
f 3880/579/11401 3881/221/11401 306/222/11401
f 39/37/11402 33/28/11403 30/19/11404 849/411/11405
f 3889/580/11406 3890/135/11406 339/132/11406
f 3887/582/11407 3888/581/11407 339/132/11407 338/134/11407
f 1706/101/11408 1728/101/11409 1735/101/11410
f 1732/101/11411 1734/101/11412 1733/101/11413
f 39/37/11414 849/411/11415 48/240/11416 47/522/11417
f 314/130/11418 301/128/11418 307/225/11418 309/226/11418
f 1729/101/11419 1728/101/11420 1727/101/11421
f 1715/101/11422 1731/101/11423 1724/101/11424
f 417/297/11425 420/302/11425 411/152/11425 409/151/11425
f 328/307/11426 512/360/11427 330/305/11427
f 1735/101/11428 1729/101/11429 1724/101/11430
f 1758/101/11431 1773/101/11432 1776/101/11433
f 3900/583/11434 3901/584/11434 417/297/11434
f 1756/101/11435 1771/101/11436 1772/101/11437
f 350/250/11438 340/245/11438 358/253/11438
f 82/48/11439 74/145/11440 386/244/11441 87/74/11442
f 1785/101/11443 1764/101/11444 1777/101/11445
f 1757/101/11446 1769/101/11447 1770/101/11448
f 363/140/11449 377/143/11449 375/141/11449
f 1774/101/11450 1750/101/11451 1775/101/11452
f 411/152/11453 412/303/11453 400/535/11453 399/153/11453
f 356/137/11454 361/139/11454 357/252/11454
f 1785/101/11455 1769/101/11456 1757/101/11457 1764/101/11458
f 111/168/11459 112/64/11460 108/59/11461
f 380/275/11462 392/276/11462 385/272/11462
f 1773/101/11463 1775/101/11464 1776/101/11465
f 1750/101/11466 1776/101/11467 1775/101/11468
f 1773/101/11469 120/101/11470 1774/101/11471
f 1777/101/11472 1749/101/11473 1766/101/11474
f 1772/101/11475 1771/101/11476 1766/101/11477
f 1756/101/11478 1772/101/11479 1766/101/11480 1784/101/11481
f 1770/101/11482 1771/101/11483 1756/101/11484 1748/101/11485
f 1777/101/11486 1770/101/11487 1769/101/11488 1785/101/11489
f 368/142/11490 350/250/11490 358/253/11490 363/140/11490
f 1810/101/11491 1811/101/11492 1787/101/11493 1809/101/11494
f 339/132/11495 356/137/11495 347/133/11495
f 1784/101/11496 1749/101/11497 1756/101/11498
f 103/157/11499 102/61/11500 95/73/11501
f 411/152/11502 420/302/11502 412/303/11502
f 377/143/11503 363/140/11503 371/540/11503 378/536/11503
f 357/252/11504 371/540/11504 363/140/11504
f 1770/101/11505 1777/101/11506 1766/101/11507
f 1790/101/11508 1789/101/11509 1788/101/11510
f 1803/101/11511 1815/101/11512 1804/101/11513
f 470/184/11514 464/183/11514 478/191/11514
f 1791/101/11515 1803/101/11516 1792/101/11517
f 111/168/11518 122/169/11519 117/67/11520
f 1792/101/11521 1803/101/11522 1823/101/11523
f 483/339/11524 490/198/11524 479/338/11524
f 438/174/11525 452/173/11525 442/176/11525
f 1825/101/11526 1801/101/11527 1812/101/11528
f 1787/101/11529 1801/101/11530 1809/101/11531
f 1825/101/11532 1810/101/11533 1809/101/11534 1801/101/11535
f 163/248/11536 171/247/11537 162/83/11538
f 160/185/11539 163/248/11540 162/83/11541
f 149/76/11542 141/524/11543 160/185/11544 156/186/11545
f 452/173/11546 440/172/11546 447/585/11546
f 1814/101/11547 1823/101/11548 1804/101/11549
f 1826/101/11550 1792/101/11551 1814/101/11552
f 1815/101/11553 1791/101/11554 1826/101/11555
f 1812/101/11556 1789/101/11557 1802/101/11558
f 1813/101/11559 1812/101/11560 1802/101/11561
f 1788/101/11562 1811/101/11563 1813/101/11564
f 420/302/11565 428/164/11565 422/166/11565
f 433/318/11566 440/172/11566 438/174/11566
f 463/178/11567 452/173/11567 464/183/11567
f 1814/101/11568 1804/101/11569 1815/101/11570
f 439/175/11571 434/316/11571 442/176/11571
f 1830/101/11572 1847/101/11573 1867/101/11574 1829/101/11575
f 1812/101/11576 1811/101/11577 1810/101/11578
f 175/81/11579 171/247/11580 182/415/11581 180/527/11582
f 3915/189/11583 3916/586/11583 489/190/11583
f 1816/101/11584 1813/101/11585 1802/101/11586
f 139/103/11587 138/102/11588 131/525/11589 141/524/11590
f 1841/101/11591 1831/101/11592 1860/101/11593
f 508/194/11594 513/587/11594 509/206/11594
f 1829/101/11595 1828/101/11595 1838/101/11595
f 1839/101/11596 1853/101/11597 1828/101/11598
f 1840/101/11599 1841/101/11600 1848/101/11601
f 190/577/11602 188/416/11603 200/417/11604 197/95/11605
f 1853/101/11606 1854/101/11607 1855/101/11608
f 494/197/11609 509/206/11609 501/205/11609
f 1860/101/11610 1859/101/11611 1848/101/11612 1841/101/11613
f 540/379/11614 545/385/11614 533/373/11614 530/372/11614
f 518/366/11615 526/204/11615 527/203/11615
f 533/373/11616 535/383/11616 520/207/11616 521/367/11616
f 492/196/11617 493/195/11617 508/194/11617
f 1856/101/11618 1855/101/11619 1867/101/11619
f 1858/101/11620 1860/101/11621 1831/101/11622
f 1831/101/11623 1840/101/11624 1858/101/11625
f 421/340/11626 500/288/11626 484/273/11626
f 513/587/11627 526/204/11627 518/366/11627
f 527/203/11628 536/378/11628 530/372/11628
f 188/416/11629 190/577/11630 180/527/11631
f 521/367/11632 518/366/11632 530/372/11632
f 549/388/11633 566/217/11633 565/12/11633
f 1857/101/11634 1854/101/11635 1853/101/11636 1839/101/11637
f 1861/101/11638 1856/101/11639 1847/101/11640 1830/101/11641
f 1829/101/11642 1867/101/11643 1857/101/11644 1839/101/11645
f 1855/101/11646 1856/101/11647 1838/101/11648 1828/101/11649
f 200/417/11650 203/380/11651 197/95/11652
f 1872/101/11653 1897/101/11654 1907/101/11655 1871/101/11656
f 1854/101/11657 1857/101/11658 1855/101/11659
f 1856/101/11660 1867/101/11661 1847/101/11662
f 1858/101/11663 1840/101/11664 1859/101/11665
f 509/206/11666 513/587/11666 518/366/11666
f 545/546/11667 565/12/11667 548/14/11667
f 1870/101/11668 1869/101/11668 1879/101/11669 1904/101/11670
f 3931/551/11671 3932/552/11671 576/403/11671 574/219/11671
f 567/13/11672 565/12/11672 568/212/11672
f 584/408/11673 586/38/11673 582/40/11673
f 1885/101/11674 1903/101/11675 1869/101/11676
f 1885/101/11677 1869/101/11678 1870/101/11679
f 1879/101/11680 1894/101/11681 1893/101/11682
f 566/217/11683 569/216/11683 568/212/11683
f 3928/589/11684 3929/590/11684 571/399/11684
f 232/171/11685 228/96/11686 851/259/11687 235/258/11688
f 857/228/11689 266/117/11690 262/229/11691
f 1909/101/11692 1885/101/11693 1891/101/11694
f 1892/101/11695 1870/101/11696 1886/101/11697
f 1896/101/11698 1907/101/11699 1897/101/11700
f 571/399/11701 574/219/11701 573/218/11701
f 3992/410/11702 3937/591/11702 586/38/11702
f 1890/101/11703 1903/101/11704 1909/101/11705
f 1895/101/11706 1897/101/11707 1872/101/11708
f 1895/101/11709 1881/101/11710 1896/101/11711
f 1872/101/11712 1880/101/11713 1895/101/11714
f 1891/101/11715 1870/101/11716 1892/101/11717
f 1893/101/11718 1892/101/11719 1886/101/11720
f 1869/101/11721 1890/101/11722 1894/101/11723
f 3926/588/11724 3927/214/11724 566/217/11724
f 528/274/11725 500/288/11725 570/290/11725
f 10/2/11726 266/117/11727 271/4/11728 276/5/11729
f 577/220/11730 574/219/11730 578/404/11730
f 1886/101/11731 1904/101/11732 1893/101/11733
f 244/257/11734 251/108/11735 240/109/11736
f 583/261/11737 579/405/11737 577/220/11737 582/40/11737
f 573/218/11738 577/220/11738 575/401/11738
f 1891/101/11739 1894/101/11740 1890/101/11741
f 1937/101/11742 1939/101/11743 1914/101/11744 1947/101/11745
f 1880/101/11746 1907/101/11747 1881/101/11748
f 587/235/11749 582/40/11749 588/39/11749
f 235/258/11750 240/109/11751 232/171/11752
f 570/290/11753 585/422/11753 580/406/11753
f 583/261/11754 587/235/11754 596/262/11754
f 1911/101/11755 1919/101/11755 1918/101/11755
f 1945/101/11756 1911/101/11757 1918/101/11758
f 1918/101/11759 1933/101/11760 1934/101/11761
f 3940/595/11762 590/594/11762 3939/592/11762
f 271/4/11763 328/307/11764 302/306/11765
f 235/258/11766 354/260/11767 510/256/11768
f 1920/101/11769 1951/101/11770 1936/101/11771
f 604/311/11772 605/301/11772 475/337/11772 479/338/11772
f 1932/101/11773 1911/101/11774 1929/101/11775
f 20/18/11776 302/306/11777 278/329/11778
f 594/441/11779 141/524/11780 122/169/11781 297/343/11782
f 111/168/11783 335/251/11784 297/343/11785
f 1935/101/11786 1933/101/11787 1936/101/11787
f 1937/101/11788 1950/101/11789 1939/101/11790
f 1937/101/11791 1921/101/11792 1938/101/11793
f 1932/101/11794 1929/101/11795 1934/101/11796 1933/101/11796
f 548/14/11797 567/13/11797 599/265/11797
f 48/240/11798 278/329/11799 406/241/11800
f 3939/592/11801 590/594/11801 3938/593/11801
f 284/120/11802 589/236/11802 591/556/11802 280/123/11802
f 369/414/11803 160/185/11804 141/524/11805 594/441/11806
f 1911/101/11807 1932/101/11808 1935/101/11809 1928/101/11810
f 1928/101/11811 1935/101/11812 1951/101/11813
f 1945/101/11814 1934/101/11815 1929/101/11816
f 1936/101/11817 1933/101/11818 1918/101/11819 1919/101/11820
f 188/416/11821 595/246/11822 502/418/11823
f 535/383/11824 548/384/11824 600/313/11824
f 1937/101/11825 1938/101/11826 1950/101/11827
f 1951/101/11828 1935/101/11829 1936/101/11830
f 1914/101/11831 1912/101/11832 1947/101/11833
f 1950/101/11834 1938/101/11835 1921/101/11836 1912/101/11837
f 575/401/11838 579/405/11838 597/263/11838
f 598/278/11839 567/13/11839 572/213/11839
f 1939/101/11840 1950/101/11841 1912/101/11842 1914/101/11843
f 1947/101/11844 1912/101/11845 1921/101/11846
f 1994/101/11847 1979/101/11848 1953/101/11849 1976/101/11850
f 1969/101/11851 1955/101/11852 1985/101/11853
f 580/406/11854 592/122/11854 287/121/11854
f 501/205/11855 520/207/11855 602/270/11855
f 1966/101/11856 1954/101/11857 1953/101/11857
f 1954/101/11858 1990/101/11859 1953/101/11859
f 602/270/11860 491/269/11860 501/205/11860
f 606/300/11861 439/175/11861 459/177/11861
f 607/266/11862 430/165/11862 439/175/11862
f 608/267/11863 422/166/11863 430/165/11863
f 611/424/11864 613/277/11864 597/263/11864
f 1983/101/11865 1955/101/11866 1956/101/11867 1967/101/11868
f 1980/101/11869 1954/101/11870 1977/101/11871
f 1984/101/11872 1969/101/11873 1985/101/11874
f 300/127/11875 308/129/11875 528/274/11875
f 413/161/11876 326/131/11876 345/249/11876
f 1981/101/11877 1979/101/11878 1980/101/11878
f 1983/101/11879 1985/101/11880 1955/101/11881
f 1983/101/11882 1968/101/11883 1984/101/11884
f 458/483/11885 612/438/11885 456/419/11886
f 603/268/11887 479/338/11887 491/269/11887
f 608/267/11888 412/303/11888 422/166/11888
f 502/418/11889 443/445/11890 506/482/11890
f 599/265/11891 598/278/11891 613/277/11891 708/446/11891
f 308/129/11892 326/131/11892 484/273/11892
f 614/299/11893 618/376/11894 615/428/11895
f 1976/101/11896 1982/101/11897 1994/101/11898
f 1991/101/11899 1981/101/11900 1977/101/11901
f 1982/101/11902 1954/101/11903 1980/101/11904
f 537/243/11905 539/365/11906 337/298/11906
f 1953/101/11907 1979/101/11908 1981/101/11909
f 520/207/11910 535/383/11910 601/315/11910
f 375/141/11911 379/144/11911 610/233/11911
f 1994/101/11912 1982/101/11913 1979/101/11914
f 278/329/11915 279/476/11916 407/421/11916
f 1996/101/11917 2002/101/11917 2003/101/11918 1997/101/11919
f 656/565/11920 680/281/11921 827/280/11922 828/596/11923
f 1998/101/11924 2021/101/11925 2024/101/11926
f 608/267/11927 629/427/11927 637/287/11927
f 1995/101/11928 2002/101/11928 1996/101/11928
f 2030/101/11929 2032/101/11930 1995/101/11931
f 2020/101/11932 2017/101/11933 1995/101/11934 2032/101/11935
f 643/333/11936 829/332/11937 640/432/11938
f 822/474/11939 793/355/11940 691/478/11941
f 370/439/11942 369/414/11943 594/441/11944 387/440/11942
f 2036/101/11945 2030/101/11946 2019/101/11947
f 1997/101/11948 2012/101/11949 2025/101/11950 1996/101/11951
f 797/292/11952 823/294/11953 687/293/11954
f 278/329/11955 469/330/11956 279/476/11956
f 2022/101/11957 2013/101/11958 2023/101/11959
f 823/294/11960 824/437/11961 677/295/11962
f 636/430/11963 660/436/11964 799/434/11965 779/464/11966
f 2020/101/11967 2032/101/11968 2036/101/11969
f 2021/101/11970 2023/101/11971 2024/101/11972
f 2013/101/11973 2024/101/11974 2023/101/11975
f 2021/101/11976 2004/101/11977 2022/101/11978
f 2018/101/11979 2017/101/11980 2025/101/11981
f 2018/101/11982 2025/101/11983 2012/101/11984
f 2020/101/11985 2019/101/11986 2017/101/11987
f 700/312/11988 614/299/11988 605/301/11988
f 1996/101/11989 2025/101/11990 2019/101/11991 2030/101/11992
f 633/484/11993 652/558/11993 794/348/11994 767/350/11995
f 318/160/11996 662/479/11997 666/480/11998
f 682/289/11999 689/321/12000 570/290/12001
f 678/559/12002 500/288/12003 421/340/12003 672/363/12004
f 2002/101/12005 2017/101/12006 2018/101/12007
f 2036/101/12008 2019/101/12009 2020/101/12010
f 813/319/12011 848/448/12012 738/320/12013
f 2012/101/12014 2003/101/12015 2018/101/12016
f 615/428/12017 631/369/12018 629/427/12019
f 2041/101/12020 2040/101/12021 2039/101/12022
f 2055/101/12023 2066/101/12024 2065/101/12025
f 826/356/12026 718/375/12027 714/354/12028
f 2066/101/12029 2044/101/12030 2064/101/12031
f 709/460/12032 841/458/12033 752/283/12034
f 2043/101/12035 2055/101/12036 2074/101/12037
f 2078/101/12038 2074/101/12039 2065/101/12040
f 2040/101/12041 2053/101/12042 2038/101/12043
f 772/349/12044 709/460/12045 767/350/12046
f 780/331/12047 803/327/12048 753/326/12049
f 2062/101/12050 2059/101/12051 2038/101/12052 2073/101/12053
f 682/289/12054 678/559/12055 709/460/12056 772/349/12057
f 2041/101/12058 2054/101/12059 2061/101/12060 2040/101/12061
f 2040/101/12062 2061/101/12063 2079/101/12064 2053/101/12065
f 838/449/12066 735/450/12067 848/448/12068
f 2039/101/12069 2060/101/12070 2063/101/12071
f 2078/101/12072 2065/101/12073 2064/101/12074
f 2064/101/12075 2065/101/12076 2066/101/12077
f 2064/101/12078 2043/101/12079 2078/101/12080
f 802/463/12081 801/477/12082 771/462/12083
f 2062/101/12084 2061/101/12085 2059/101/12086
f 600/264/12087 708/446/12087 706/328/12087
f 722/475/12088 689/321/12089 682/289/12090 772/349/12091
f 406/241/12092 407/421/12093 539/365/12093
f 737/455/12094 718/375/12095 736/345/12096
f 837/323/12097 845/322/12098 735/450/12099
f 825/454/12100 749/459/12101 737/455/12102
f 2062/101/12103 2053/101/12104 2079/101/12105
f 2054/101/12106 2041/101/12107 2063/101/12108
f 2038/101/12109 2059/101/12110 2060/101/12111
f 602/270/12112 703/398/12112 702/442/12112
f 759/461/12113 803/597/12114 802/463/12115
f 716/353/12116 843/444/12117 795/352/12118
f 2099/101/12119 2110/101/12120 2111/101/12121
f 2104/101/12122 2080/101/12123 2081/101/12124 2096/101/12125
f 793/355/12126 792/473/12127 789/471/12128 826/356/12129
f 613/277/12130 745/456/12131 746/457/12132
f 2080/101/12133 2088/101/12133 2081/101/12133
f 2120/101/12134 2081/101/12135 2088/101/12136
f 803/597/12137 828/596/12138 827/280/12139 802/463/12140
f 829/332/12141 780/331/12142 758/562/12143
f 702/442/12144 782/374/12145 618/376/12146
f 2105/101/12147 2106/101/12148 2080/101/12149 2104/101/12150
f 743/453/12151 745/456/12152 611/424/12153
f 2122/101/12154 2096/101/12155 2108/101/12156
f 2122/101/12157 2105/101/12158 2104/101/12159 2096/101/12160
f 838/449/12161 805/359/12162 804/564/12163 837/323/12164
f 2113/101/12165 2081/101/12166 2098/101/12167
f 2109/101/12168 2099/101/12169 2111/101/12170
f 797/292/12171 697/291/12172 791/563/12173 716/353/12174
f 702/442/12175 771/462/12176 782/374/12177
f 2112/101/12178 2089/101/12179 2109/101/12180
f 2110/101/12181 2089/101/12182 2112/101/12183
f 2107/101/12184 2106/101/12185 2113/101/12186
f 2107/101/12187 2113/101/12188 2098/101/12189
f 724/447/12190 806/472/12191 805/359/12192 838/449/12193
f 798/481/12194 824/437/12195 823/294/12196 844/351/12197
f 2106/101/12198 2107/101/12199 2088/101/12200 2080/101/12201
f 2108/101/12202 2081/101/12203 2113/101/12204
f 2111/101/12205 2110/101/12206 2112/101/12206 2109/101/12207
f 795/352/12208 844/351/12209 797/292/12210
f 739/451/12211 728/452/12212 783/468/12213
f 2105/101/12214 2108/101/12215 2106/101/12216
f 781/467/12217 784/347/12217 387/440/12217
f 621/557/12218 804/564/12218 355/361/12218
f 2088/101/12219 2107/101/12220 2098/101/12221
f 753/326/12222 708/446/12223 613/277/12223 746/457/12224
f 728/452/12225 715/443/12226 786/469/12227
f 2127/101/12228 2126/101/12229 2125/101/12230
f 684/279/12231 680/281/12231 506/482/12231
f 2157/101/12232 2149/101/12233 2124/101/12234 2134/101/12235
f 2137/101/12236 2152/101/12237 2155/101/12238
f 842/362/12239 841/458/12240 672/363/12241
f 622/284/12242 752/283/12243 739/451/12244
f 790/412/12245 668/413/12245 330/305/12245
f 593/555/12246 337/298/12246 677/295/12246 665/435/12246
f 806/472/12247 790/412/12247 512/360/12247
f 2151/101/12248 2144/101/12249 2156/101/12250
f 780/331/12251 643/333/12252 828/561/12253 803/327/12254
f 2128/101/12255 2154/101/12256 2153/101/12257
f 2156/101/12258 2126/101/12259 2145/101/12260
f 2156/101/12261 2149/101/12262 2157/101/12263 2151/101/12264
f 2152/101/12265 2154/101/12266 2155/101/12267
f 2128/101/12268 2155/101/12269 2154/101/12270
f 2150/101/12271 2149/101/12272 2156/101/12273
f 2135/101/12274 2153/101/12275 2152/101/12276 2136/101/12277
f 722/475/12278 813/319/12279 689/321/12280
f 840/358/12281 813/319/12282 722/475/12283
f 792/473/12284 822/474/12284 443/445/12284
f 279/476/12285 633/484/12285 815/282/12285
f 355/361/12286 612/438/12286 630/433/12286 621/557/12286
f 2124/101/12287 2149/101/12288 2150/101/12289
f 512/360/12290 805/359/12290 806/472/12290
f 2144/101/12291 2151/101/12292 2157/101/12293 2134/101/12294
f 2150/101/12295 2156/101/12296 2145/101/12297
f 684/279/12298 506/482/12298 443/445/12298 822/474/12298
f 2125/101/12299 2150/101/12300 2145/101/12301
f 842/362/12302 669/364/12303 666/480/12304 843/444/12305
f 612/438/12306 640/432/12306 630/433/12306
f 2198/101/12307 2169/101/12308 2176/101/12309 2168/101/12310
f 2198/101/12311 2194/101/12312 2193/101/12313
f 252/490/12314 3503/531/12315 263/493/12316
f 2168/101/12317 2192/101/12318 2194/101/12319
f 2181/101/12320 2165/101/12320 2166/101/12321 2182/101/12322
f 618/376/12323 718/375/12324 737/455/12325
f 2165/101/12326 2175/101/12326 2166/101/12326
f 2203/101/12327 2169/101/12328 2193/101/12329
f 2167/101/12330 2166/101/12331 2175/101/12332
f 488/344/12333 660/436/12333 636/430/12333
f 642/285/12334 798/481/12335 844/351/12336
f 274/568/12337 2/394/12338 861/393/12339 918/598/12340
f 631/369/12341 778/465/12342 800/370/12343
f 2200/101/12344 2182/101/12345 2202/101/12346
f 2181/101/12347 2189/101/12348 2190/101/12349
f 488/344/12350 593/555/12350 665/435/12350 660/436/12350
f 3227/7/12351 915/395/12352 2/394/12353
f 265/200/12354 274/568/12355 918/598/12356 919/492/12357
f 2203/101/12358 2193/101/12359 2192/101/12360
f 2200/101/12361 2189/101/12362 2181/101/12363 2182/101/12364
f 2192/101/12365 2193/101/12366 2194/101/12367
f 2192/101/12368 2169/101/12369 2203/101/12370
f 2202/101/12371 2166/101/12372 2184/101/12373
f 737/455/12374 749/459/12375 615/428/12376
f 714/354/12377 718/375/12378 782/374/12379
f 14/17/12380 3114/519/12381 914/517/12382
f 922/325/12383 934/423/12384 909/179/12385
f 2202/101/12386 2190/101/12387 2189/101/12388 2200/101/12389
f 2123/89/12390 105/90/12391 97/80/12392
f 2165/101/12393 2190/101/12394 2191/101/12395
f 919/492/12396 920/494/12397 263/493/12398
f 2202/101/12399 2184/101/12400 2191/101/12401 2190/101/12402
f 2184/101/12403 2175/101/12404 2191/101/12405
f 26/22/12406 2972/21/12407 906/32/12408
f 652/558/12409 633/484/12409 469/330/12409
f 45/34/12410 2724/521/12411 54/55/12412
f 3944/601/12413 921/495/12414 920/494/12415 3943/602/12416
f 92/51/12417 97/80/12418 888/573/12419 889/599/12420
f 2234/101/12421 2209/101/12422 2231/101/12423
f 867/506/12424 166/391/12425 174/85/12426 865/575/12427
f 2206/101/12428 2214/101/12428 2207/101/12428
f 2206/101/12429 2205/101/12430 2214/101/12429
f 891/512/12431 892/600/12432 893/46/12433
f 2208/101/12434 2222/101/12435 2229/101/12436 2207/101/12437
f 912/100/12438 229/99/12439 934/423/12440 935/497/12441
f 935/497/12442 938/498/12443 913/496/12444
f 2206/101/12445 2226/101/12446 2205/101/12447
f 2226/101/12448 2245/101/12449 2227/101/12450
f 35/30/12451 904/566/12452 946/515/12453 947/402/12454
f 14/17/12455 914/517/12456 958/516/12457 959/571/12458
f 858/505/12459 867/506/12460 871/507/12461
f 2232/101/12462 2223/101/12463 2233/101/12464
f 194/87/12465 862/502/12466 863/503/12467
f 944/513/12468 945/400/12469 54/55/12470
f 2206/101/12471 2229/101/12472 2230/101/12473 2240/101/12474
f 132/107/12475 873/397/12476 887/508/12477
f 2228/101/12478 2227/101/12478 2229/101/12478
f 3954/603/12479 873/397/12480 871/507/12481 3953/569/12482
f 2231/101/12483 2233/101/12484 2234/101/12485
f 2209/101/12486 2234/101/12487 2233/101/12488
f 2231/101/12489 2215/101/12490 2232/101/12491
f 899/576/12492 893/46/12493 892/600/12494 944/513/12495
f 2222/101/12496 2214/101/12497 2228/101/12498
f 945/400/12499 946/515/12500 45/34/12501
f 118/69/12502 887/508/12503 940/509/12504
f 940/509/12505 943/511/12506 859/510/12507
f 2205/101/12508 2227/101/12509 2228/101/12510
f 2254/101/12511 2273/101/12512 2281/101/12513 2255/101/12514
f 81/43/12515 92/51/12516 889/599/12517 890/574/12518
f 860/382/12519 863/503/12520 864/396/12521
f 2245/101/12522 2226/101/12523 2230/101/12524
f 2254/101/12525 2274/101/12526 2273/101/12527
f 968/101/12528 966/101/12529 965/101/12530
f 2253/101/12531 2272/101/12532 2274/101/12533
f 1020/101/12534 1018/101/12535 1030/101/12536 1042/101/12537
f 2246/101/12538 2251/101/12538 2247/101/12538
f 2248/101/12539 2263/101/12540 2271/101/12541 2247/101/12542
f 965/101/12543 991/101/12544 990/101/12545
f 2267/101/12546 2268/101/12547 2269/101/12548
f 989/101/12549 991/101/12550 1001/101/12551
f 992/101/12552 969/101/12553 963/101/12554
f 1042/101/12555 1030/101/12556 1033/101/12557
f 988/101/12558 989/101/12559 966/101/12560
f 2281/101/12561 2273/101/12562 2272/101/12563
f 2285/101/12564 2268/101/12565 2267/101/12566 2262/101/12567
f 2272/101/12568 2255/101/12569 2281/101/12570
f 2285/101/12571 2262/101/12572 2271/101/12573
f 961/101/12574 969/101/12574 960/101/12574
f 988/101/12575 990/101/12576 991/101/12577
f 2269/101/12578 2270/101/12579 2251/101/12580 2246/101/12581
f 1007/101/12582 1005/101/12583 1006/101/12584
f 1018/101/12585 1020/101/12586 1019/101/12587
f 2272/101/12588 2273/101/12589 2274/101/12590
f 2253/101/12591 2254/101/12592 2252/101/12593
f 2251/101/12594 2248/101/12595 2247/101/12596
f 986/101/12597 980/101/12598 961/101/12599
f 966/101/12600 968/101/12601 990/101/12602 988/101/12603
f 966/101/12604 1001/101/12605 965/101/12606
f 978/101/12607 979/101/12608 986/101/12609
f 969/101/12610 977/101/12611 987/101/12612
f 2251/101/12613 2270/101/12614 2263/101/12615
f 980/101/12616 977/101/12617 963/101/12618
f 2314/101/12619 2315/101/12620 2289/101/12621 2290/101/12622
f 1060/101/12623 1070/101/12624 1050/101/12625
f 1047/101/12626 1076/101/12627 1075/101/12628 1050/101/12629
f 1057/101/12630 1051/101/12631 1045/101/12632
f 1057/101/12633 1085/101/12634 1067/101/12635
f 2294/101/12636 2287/101/12637 2286/101/12637
f 2287/101/12638 2299/101/12639 2286/101/12640
f 2295/101/12641 2289/101/12642 2303/101/12643
f 1034/101/12644 1030/101/12645 1018/101/12646
f 2307/101/12647 2308/101/12648 2286/101/12649 2299/101/12650
f 2288/101/12651 2302/101/12652 2310/101/12653 2287/101/12654
f 2312/101/12655 2314/101/12656 2290/101/12657 2295/101/12658
f 1035/101/12659 1022/101/12660 1029/101/12661
f 1043/101/12662 1068/101/12663 1066/101/12664
f 1099/101/12665 1108/101/12666 1107/101/12667
f 2313/101/12668 2303/101/12669 2315/101/12670
f 2287/101/12671 2310/101/12672 2311/101/12673 2300/101/12674
f 1051/101/12675 1067/101/12676 1068/101/12677
f 2311/101/12678 2307/101/12679 2299/101/12680 2300/101/12681
f 1060/101/12682 1075/101/12683 1059/101/12684
f 1107/101/12685 1133/101/12686 1106/101/12687
f 1134/101/12688 1147/101/12689 1146/101/12690
f 2286/101/12691 2308/101/12692 2309/101/12693
f 1029/101/12694 1022/101/12695 1028/101/12696
f 1133/101/12697 1102/101/12698 1090/101/12699
f 2312/101/12700 2303/101/12701 2313/101/12702
f 2307/101/12703 2311/101/12704 2308/101/12705
f 2294/101/12706 2309/101/12707 2302/101/12708
f 1105/101/12709 1086/101/12710 1095/101/12710 1107/101/12711
f 1059/101/12712 1076/101/12712 1047/101/12713
f 2329/101/12714 2350/101/12715 2351/101/12716
f 1145/101/12717 1166/101/12718 1141/101/12719 1134/101/12720
f 2352/101/12721 2360/101/12722 2351/101/12723
f 2350/101/12724 2335/101/12725 2334/101/12726
f 1102/101/12727 1108/101/12728 1123/101/12729
f 1151/101/12730 1174/101/12731 1142/101/12732
f 2347/101/12733 2348/101/12734 2326/101/12735 2342/101/12736
f 2363/101/12737 2346/101/12738 2366/101/12739
f 2346/101/12740 2363/101/12741 2347/101/12742 2342/101/12743
f 1105/101/12744 1121/101/12745 1101/101/12746
f 1187/101/12747 1213/101/12748 1189/101/12749
f 2334/101/12750 2351/101/12751 2350/101/12752
f 2354/101/12753 2343/101/12754 2349/101/12755
f 1171/101/12756 1158/101/12757 1141/101/12758
f 2334/101/12759 2335/101/12760 2352/101/12761
f 2366/101/12762 2327/101/12763 2364/101/12764
f 1171/101/12765 1166/101/12766 1145/101/12767 1150/101/12768
f 1130/101/12769 1091/101/12770 1124/101/12771 1111/101/12772
f 1169/101/12773 1142/101/12774 1174/101/12775 1152/101/12776
f 1145/101/12777 1146/101/12778 1150/101/12779
f 2328/101/12780 2349/101/12781 2364/101/12782
f 2326/101/12783 2348/101/12784 2343/101/12785
f 2363/101/12786 2366/101/12787 2348/101/12788
f 2349/101/12789 2343/101/12790 2364/101/12791
f 1167/101/12792 1143/101/12793 1141/101/12794
f 2366/101/12795 2364/101/12796 2343/101/12797 2348/101/12798
f 1092/101/12799 1122/101/12800 1091/101/12801 1130/101/12802
f 1168/101/12803 1165/101/12804 1153/101/12805 1151/101/12806
f 1253/101/12807 1256/101/12808 1254/101/12809
f 1207/101/12810 1193/101/12811 1217/101/12812
f 1242/101/12813 1258/101/12814 1239/101/12815
f 2367/101/12816 2374/101/12816 2368/101/12816
f 2370/101/12817 2381/101/12818 2401/101/12819
f 1241/101/12820 196/101/12821 1257/101/12822 1242/101/12823
f 1235/101/12824 1234/101/12825 1229/101/12826 1236/101/12827
f 1226/101/12828 1222/101/12829 1239/101/12830 1258/101/12831
f 2367/101/12832 2384/101/12833 2385/101/12834
f 2387/101/12835 2368/101/12836 2380/101/12837
f 2390/101/12838 2381/101/12839 2391/101/12840
f 1180/101/12841 1207/101/12842 1195/101/12843
f 2389/101/12844 2391/101/12845 2392/101/12846
f 2369/101/12847 2392/101/12848 2391/101/12849
f 2392/101/12850 2370/101/12851 2389/101/12852
f 2388/101/12853 2379/101/12854 2387/101/12855
f 1214/101/12856 1217/101/12857 1190/101/12858
f 1222/101/12859 1233/101/12860 1252/101/12861 1239/101/12862
f 2388/101/12863 2384/101/12864 2378/101/12865 2379/101/12866
f 1253/101/12867 1264/101/12868 1231/101/12869
f 1226/101/12870 1258/101/12871 1242/101/12872
f 1256/101/12873 1228/101/12874 1227/101/12875 1254/101/12876
f 1264/101/12877 1253/101/12878 1254/101/12879
f 1227/101/12880 1231/101/12881 1264/101/12882 1254/101/12883
f 2402/101/12884 2386/101/12885 2380/101/12886
f 1209/101/12887 1195/101/12888 1217/101/12889
f 2367/101/12890 2385/101/12891 2386/101/12892
f 2389/101/12893 2370/101/12894 2390/101/12895
f 1272/101/12896 1269/101/12897 1295/101/12898
f 2384/101/12899 2388/101/12900 2385/101/12901
f 2386/101/12902 2387/101/12903 2380/101/12904
f 2408/101/12905 2407/101/12906 2415/101/12907
f 2425/101/12908 2436/101/12909 2437/101/12910
f 2407/101/12911 2444/101/12912 2406/101/12912
f 2435/101/12913 2416/101/12914 2437/101/12915
f 2406/101/12916 2415/101/12917 2407/101/12918
f 1333/101/12919 1341/101/12920 1338/101/12921
f 2406/101/12922 2433/101/12923 2429/101/12924
f 2411/101/12925 2434/101/12926 2436/101/12927 2410/101/12928
f 1291/101/12929 1290/101/12930 1292/101/12931
f 1312/101/12932 1308/101/12933 1311/101/12934
f 2415/101/12935 2429/101/12936 2430/101/12937
f 2435/101/12938 2437/101/12939 2434/101/12940
f 1342/101/12941 1317/101/12942 1307/101/12943
f 2407/101/12944 2431/101/12945 2432/101/12946 2423/101/12947
f 2431/101/12948 2407/101/12949 2424/101/12950
f 1269/101/12951 1274/101/12952 1268/101/12953 1298/101/12954
f 2430/101/12955 2429/101/12956 2424/101/12957
f 2424/101/12958 2415/101/12959 2430/101/12960
f 2433/101/12961 2431/101/12962 2429/101/12963
f 1305/101/12964 1266/101/12965 1267/101/12966
f 1299/101/12967 1280/101/12968 1267/101/12969
f 1306/101/12970 1307/101/12970 1314/101/12970
f 2432/101/12971 2433/101/12972 2444/101/12973 2423/101/12974
f 2416/101/12975 2435/101/12976 2434/101/12977 2411/101/12978
f 2434/101/12979 2437/101/12980 2436/101/12981
f 2410/101/12982 2425/101/12983 2411/101/12984
f 2465/101/12985 2466/101/12986 2447/101/12987 2480/101/12988
f 1304/101/12989 1299/101/12990 1267/101/12991
f 1290/101/12992 1304/101/12993 1276/101/12994
f 1333/101/12995 1334/101/12996 1313/101/12997
f 1296/101/12998 1298/101/12999 1273/101/13000
f 1342/101/13001 1322/101/13002 1323/101/13003 1317/101/13004
f 2472/101/13005 2448/101/13006 2454/101/13006
f 2447/101/13007 2454/101/13007 2448/101/13007
f 2449/101/13008 2447/101/13009 2448/101/13010
f 1344/101/13011 1314/101/13012 1307/101/13013
f 2485/101/13014 2479/101/13015 2467/101/13016
f 1358/101/13017 1371/101/13018 1384/101/13019
f 1384/101/13020 1387/101/13021 1350/101/13022
f 2471/101/13023 2448/101/13024 2460/101/13025
f 1314/101/13026 1317/101/13027 1332/101/13028
f 1349/101/13029 1372/101/13030 1371/101/13031
f 1376/101/13032 1383/101/13033 1378/101/13034
f 2465/101/13035 2480/101/13036 2485/101/13037
f 2466/101/13038 2467/101/13038 2468/101/13038
f 2461/101/13039 2469/101/13040 2470/101/13041 2482/101/13042
f 2455/101/13043 2486/101/13044 2477/101/13045 2450/101/13046
f 2450/101/13047 2477/101/13048 2469/101/13049
f 2486/101/13050 2455/101/13051 2470/101/13052
f 1397/101/13053 1400/101/13054 1391/101/13055 1390/101/13053
f 2467/101/13056 2449/101/13057 2471/101/13058
f 2468/101/13059 2467/101/13060 2471/101/13061
f 2468/101/13062 2471/101/13063 2460/101/13064
f 1342/101/13065 1343/101/13066 1321/101/13067 1322/101/13068
f 1395/101/13069 1428/101/13070 1419/101/13071
f 1353/101/13072 1386/101/13073 1351/101/13074
f 1349/101/13075 1373/101/13076 1372/101/13077
f 1371/101/13078 1372/101/13079 1384/101/13080
f 2454/101/13081 2466/101/13082 2468/101/13083
f 2511/101/13084 2512/101/13085 2500/101/13086 2490/101/13087
f 2485/101/13088 2467/101/13089 2466/101/13090
f 2472/101/13091 2468/101/13092 2460/101/13093
f 1343/101/13094 1316/101/13095 1315/101/13096 1321/101/13097
f 1349/101/13098 1350/101/13098 1356/101/13098
f 2486/101/13099 2469/101/13100 2477/101/13101
f 1352/101/13102 1378/101/13103 1383/101/13104
f 1460/101/13105 1465/101/13106 1444/101/13107
f 2494/101/13108 2490/101/13109 2500/101/13110
f 2489/101/13111 2506/101/13112 2488/101/13113
f 2494/101/13114 2500/101/13115 2495/101/13116
f 1411/101/13117 1429/101/13118 1400/101/13119
f 1418/101/13120 1410/101/13121 1417/101/13122
f 1469/101/13123 1465/101/13124 1461/101/13125
f 2488/101/13126 2507/101/13127 2508/101/13128
f 2498/101/13129 2489/101/13130 2499/101/13131
f 2512/101/13132 2510/101/13133 2495/101/13134 2500/101/13135
f 1413/101/13136 1410/101/13137 1429/101/13138
f 2507/101/13139 2506/101/13140 2497/101/13141
f 2509/101/13142 2510/101/13143 2512/101/13144
f 1390/101/13145 1417/101/13146 1412/101/13147
f 1458/101/13148 1461/101/13149 1465/101/13150
f 2511/101/13151 2494/101/13152 2509/101/13153
f 1420/101/13154 1426/101/13155 1394/101/13156
f 1434/101/13157 1456/101/13158 1455/101/13159
f 1445/101/13160 1468/101/13161 1433/101/13162 1454/101/13163
f 1458/101/13164 1460/101/13165 1444/101/13166
f 2497/101/13167 2489/101/13168 2498/101/13169
f 2488/101/13170 2508/101/13171 2513/101/13172
f 1429/101/13173 1411/101/13174 1412/101/13175 1413/101/13176
f 1467/101/13177 1466/101/13178 1442/101/13179
f 2532/101/13180 2538/101/13181 2540/101/13182 2531/101/13183
f 2509/101/13184 2495/101/13185 2510/101/13186
f 2514/101/13187 2513/101/13188 2499/101/13189
f 1394/101/13190 1426/101/13191 1428/101/13192
f 1495/101/13193 1472/101/13194 1481/101/13195 1497/101/13196
f 1474/101/13197 1473/101/13198 1507/101/13199 1494/101/13200
f 2527/101/13201 2558/101/13201 2529/101/13201
f 2539/101/13202 2546/101/13203 57/101/13204
f 2538/101/13205 2532/101/13206 2539/101/13207
f 1436/101/13208 1443/101/13209 1456/101/13210
f 1506/101/13211 1501/101/13212 1509/101/13213
f 1433/101/13214 1455/101/13215 1454/101/13216
f 1532/101/13217 1549/101/13218 1522/101/13218
f 1472/101/13219 1473/101/13220 1481/101/13221
f 1506/101/13222 1499/101/13223 1501/101/13224
f 2527/101/13225 2556/101/13226 2553/101/13227
f 2552/101/13228 2529/101/13229 2545/101/13230
f 1440/101/13231 1437/101/13232 1469/101/13233
f 1494/101/13234 1497/101/13235 1474/101/13236
f 2528/101/13237 2552/101/13238 2555/101/13239 2551/101/13240
f 2541/101/13241 2546/101/13242 2533/101/13243
f 2533/101/13244 2540/101/13245 2541/101/13246
f 1515/101/13247 1531/101/13248 1532/101/13249
f 2554/101/13250 2552/101/13251 2545/101/13252
f 1466/101/13253 1467/101/13254 1445/101/13255 1454/101/13256
f 1477/101/13257 1476/101/13258 1505/101/13259 1499/101/13260
f 2551/101/13261 2555/101/13262 2556/101/13263
f 2529/101/13264 2554/101/13265 2545/101/13266
f 1499/101/13267 1506/101/13268 1477/101/13269
f 2527/101/13270 2553/101/13271 2554/101/13272
f 2531/101/13273 2533/101/13274 2532/101/13275
f 2555/101/13276 2552/101/13277 2553/101/13278
f 1497/101/13279 1494/101/13280 1507/101/13281
f 2611/101/13282 2572/101/13283 2573/101/13284 2578/101/13285
f 2539/101/13286 57/101/13287 2570/101/13288
f 1505/101/13289 1476/101/13290 1475/101/13291 1501/101/13292
f 1466/101/13293 1454/101/13294 1455/101/13295 1443/101/13296
f 1590/101/13297 1580/101/13298 1562/101/13299
f 2575/101/13300 2591/101/13301 2592/101/13302
f 2579/101/13303 2575/101/13304 2580/101/13305
f 2606/101/13306 2589/101/13307 2572/101/13308 2611/101/13309
f 1517/101/13310 1550/101/13311 1533/101/13312
f 2574/101/13313 2585/101/13314 2602/101/13315 2573/101/13316
f 1555/101/13317 1518/101/13318 1531/101/13319
f 1599/101/13320 1598/101/13321 1604/101/13322 1630/101/13323
f 1533/101/13324 1549/101/13325 1513/101/13326
f 2594/101/13327 2609/101/13328 2591/101/13329 2579/101/13330
f 1629/101/13331 1630/101/13332 1604/101/13333
f 2591/101/13334 2593/101/13335 2592/101/13336
f 2575/101/13337 2592/101/13338 2593/101/13339
f 2578/101/13340 2608/101/13341 2606/101/13342 2611/101/13343
f 1531/101/13344 1518/101/13345 1549/101/13346
f 1587/101/13347 1562/101/13348 1560/101/13349 1558/101/13347
f 1606/101/13350 1601/101/13351 1628/101/13352 1629/101/13353
f 1631/101/13354 1600/101/13355 1595/101/13356 1608/101/13357
f 1575/101/13358 1564/101/13359 1581/101/13360
f 1580/101/13361 1590/101/13362 1565/101/13363 1574/101/13364
f 2574/101/13365 2590/101/13366 2585/101/13367
f 2608/101/13368 2573/101/13369 2602/101/13370
f 1590/101/13371 1562/101/13372 1587/101/13373 1565/101/13374
f 2572/101/13375 2589/101/13376 2590/101/13377
f 2591/101/13378 2609/101/13379 2593/101/13380
f 2590/101/13381 2602/101/13382 2585/101/13383
f 1589/101/13384 1561/101/13385 1594/101/13386 1577/101/13387
f 2580/101/13388 2593/101/13389 2609/101/13390
f 2634/101/13391 2612/101/13392 2613/101/13393 2624/101/13394
f 1548/101/13395 1538/101/13396 1534/101/13397 1542/101/13397
f 1578/101/13398 1576/101/13399 161/101/13400
f 1534/101/13401 1538/101/13402 1516/101/13403
f 2628/101/13404 2640/101/13405 2641/101/13406
f 2613/101/13407 2623/101/13407 2614/101/13407
f 2635/101/13408 2636/101/13409 2612/101/13410 2634/101/13411
f 1597/101/13412 1607/101/13413 1620/101/13414 1619/101/13415
f 1639/101/13416 1672/101/13417 1662/101/13418
f 1687/101/13419 1692/101/13420 1679/101/13421 1678/101/13419
f 1675/101/13422 1648/101/13423 1638/101/13424
f 2651/101/13425 2614/101/13426 2627/101/13427
f 2628/101/13428 2641/101/13429 2639/101/13430
f 1660/101/13431 1648/101/13432 1658/101/13433
f 2618/101/13434 2638/101/13435 2640/101/13436 2617/101/13437
f 2638/101/13438 2618/101/13439 2639/101/13440
f 1631/101/13441 1620/101/13442 1607/101/13443
f 2637/101/13444 2636/101/13445 2651/101/13446
f 1633/101/13447 1618/101/13448 1632/101/13449
f 1664/101/13450 1672/101/13451 1639/101/13452
f 1648/101/13453 1660/101/13454 1677/101/13455
f 1645/101/13456 1658/101/13457 1657/101/13458
f 1658/101/13459 1637/101/13460 1642/101/13461 1660/101/13462
f 1661/101/13463 1664/101/13464 1640/101/13465
f 1661/101/13466 1662/101/13467 1664/101/13468
f 2624/101/13469 2650/101/13470 2635/101/13471 2634/101/13472
f 1675/101/13473 1656/101/13474 1657/101/13475 1658/101/13476
f 2614/101/13477 2637/101/13478 2627/101/13479
f 2650/101/13480 2613/101/13481 2651/101/13482
f 2641/101/13483 2640/101/13484 2638/101/13484 2639/101/13485
f 2612/101/13486 2636/101/13487 2637/101/13488
f 1710/101/13489 1684/101/13490 1679/101/13491
f 2637/101/13492 2651/101/13493 2627/101/13494
f 1628/101/13495 1599/101/13496 1630/101/13497
f 2672/101/13498 2652/101/13499 2653/101/13500 2658/101/13501
f 1661/101/13502 1641/101/13503 1676/101/13504 1662/101/13505
f 1645/101/13506 1647/101/13507 1638/101/13508 1637/101/13506
f 1726/101/13509 1745/101/13510 1720/101/13511
f 2655/101/13512 2677/101/13513 2680/101/13514
f 2673/101/13515 2674/101/13516 2652/101/13517 2672/101/13518
f 1711/101/13519 1692/101/13520 1687/101/13521 1694/101/13522
f 1704/101/13523 1705/101/13524 1680/101/13525
f 1720/101/13526 1752/101/13527 1747/101/13528
f 2688/101/13529 2658/101/13530 2693/101/13531
f 1678/101/13532 1698/101/13533 1695/101/13534
f 1699/101/13535 1704/101/13536 1686/101/13537
f 2678/101/13538 2665/101/13539 2679/101/13540
f 2679/101/13541 2680/101/13542 2677/101/13543 2678/101/13541
f 1751/101/13544 1746/101/13545 1743/101/13546
f 2654/101/13547 2675/101/13548 2676/101/13549
f 1694/101/13550 1695/101/13551 1711/101/13552
f 2655/101/13553 2680/101/13554 2679/101/13555
f 2677/101/13556 2660/101/13557 2678/101/13558
f 2693/101/13559 2653/101/13560 2691/101/13561
f 2676/101/13562 2675/101/13563 2691/101/13564
f 1709/101/13565 1693/101/13566 1679/101/13567
f 1687/101/13568 1695/101/13569 1694/101/13570
f 1721/101/13571 1747/101/13572 1722/101/13573
f 1739/101/13574 1737/101/13575 1740/101/13576 1736/101/13577
f 2658/101/13578 2688/101/13579 2673/101/13580 2672/101/13581
f 2676/101/13582 2691/101/13583 2659/101/13584 2654/101/13585
f 2693/101/13586 2691/101/13587 2675/101/13588 2674/101/13589
f 1746/101/13590 1739/101/13591 1723/101/13592
f 2652/101/13593 2674/101/13594 2675/101/13595
f 2688/101/13596 2693/101/13597 2674/101/13598
f 1698/101/13599 1693/101/13600 1709/101/13601
f 2659/101/13602 2653/101/13603 2654/101/13604
f 1719/101/13605 1736/101/13606 1740/101/13607
f 1751/101/13608 1743/101/13609 1716/101/13610 1737/101/13611
f 1693/101/13612 1698/101/13613 1710/101/13614
f 1746/101/13615 1737/101/13616 1739/101/13617
f 2713/101/13618 2694/101/13619 2695/101/13620 2706/101/13621
f 2703/101/13622 2719/101/13623 2720/101/13624
f 2695/101/13625 2701/101/13625 2696/101/13625
f 1799/101/13626 1824/101/13627 1827/101/13628
f 2719/101/13629 2699/101/13630 2716/101/13631
f 2733/101/13632 2714/101/13633 2694/101/13634 2713/101/13635
f 1754/101/13636 1753/101/13637 1759/101/13637
f 1796/101/13638 1778/101/13639 1759/101/13640
f 1805/101/13641 1818/101/13642 1817/101/13643
f 1800/101/13644 1820/101/13645 1819/101/13646
f 2721/101/13647 2717/101/13648 2716/101/13649 2699/101/13650
f 2715/101/13651 2696/101/13652 2707/101/13653
f 2703/101/13654 2720/101/13655 2717/101/13656
f 1821/101/13657 1822/101/13658 133/101/13659
f 1762/101/13660 1763/101/13661 1780/101/13662
f 1753/101/13663 1793/101/13664 1768/101/13665
f 2701/101/13666 2708/101/13667 2704/101/13668
f 2704/101/13669 2708/101/13670 2707/101/13671
f 2695/101/13672 2715/101/13673 2734/101/13674 2706/101/13675
f 1836/101/13676 1807/101/13677 1805/101/13678 1817/101/13679
f 1821/101/13680 1827/101/13681 1824/101/13682
f 1833/101/13683 1808/101/13684 1798/101/13685
f 1836/101/13686 1833/101/13687 1807/101/13688
f 1778/101/13689 1767/101/13690 1768/101/13691
f 2720/101/13692 2719/101/13693 2716/101/13693 2717/101/13694
f 1782/101/13695 1779/101/13696 1761/101/13697
f 2706/101/13698 2734/101/13699 2733/101/13700
f 2694/101/13701 2714/101/13702 2708/101/13703
f 1793/101/13704 1763/101/13705 1778/101/13706
f 2702/101/13707 2703/101/13708 2699/101/13709
f 1767/101/13710 1760/101/13711 1753/101/13712 1768/101/13713
f 2770/101/13714 2752/101/13715 2735/101/13716 2775/101/13717
f 2708/101/13718 2715/101/13719 2707/101/13720
f 2701/101/13721 2704/101/13722 2707/101/13723
f 1846/101/13724 1875/101/13725 1851/101/13726
f 37/101/13727 2738/101/13728 2748/101/13729
f 2742/101/13730 2743/101/13730 2736/101/13730
f 2742/101/13731 2775/101/13732 2735/101/13733
f 37/101/13734 2748/101/13735 2766/101/13736
f 37/101/13737 2755/101/13738 2757/101/13739
f 2743/101/13740 2753/101/13741 2754/101/13742
f 1877/101/13743 1868/101/13744 1846/101/13745
f 1833/101/13746 1836/101/13747 1817/101/13748 1818/101/13749
f 1866/101/13750 1850/101/13751 1865/101/13752
f 2737/101/13753 2747/101/13754 2763/101/13755 2736/101/13756
f 1876/101/13757 1849/101/13758 1862/101/13759 1863/101/13760
f 1818/101/13761 1808/101/13762 1833/101/13763
f 1882/101/13764 1888/101/13764 1878/101/13764
f 1873/101/13765 1877/101/13766 1845/101/13767
f 2775/101/13768 2771/101/13769 2770/101/13770
f 2754/101/13771 2753/101/13772 2747/101/13772
f 2755/101/13773 2772/101/13774 2757/101/13775
f 2748/101/13776 2772/101/13777 2756/101/13778 2766/101/13779
f 2754/101/13780 2747/101/13781 2737/101/13782 2743/101/13783
f 2738/101/13784 2757/101/13785 2772/101/13786
f 2736/101/13787 2763/101/13788 2771/101/13789 2742/101/13790
f 1865/101/13791 1850/101/13792 1843/101/13793
f 1899/101/13794 1916/101/13795 1884/101/13796
f 1898/101/13797 1901/101/13798 1899/101/13799
f 1883/101/13800 1882/101/13801 1922/101/13802 1900/101/13803
f 1865/101/13804 1863/101/13805 1864/101/13806
f 2735/101/13807 2752/101/13808 2753/101/13809
f 2755/101/13810 37/101/13811 2756/101/13812
f 1863/101/13813 1862/101/13814 1837/101/13815 1864/101/13816
f 1952/101/13817 1957/101/13818 1960/101/13819
f 1844/101/13820 1842/101/13821 1843/101/13822
f 1842/101/13823 1866/101/13824 1864/101/13825
f 1946/101/13826 1941/101/13827 1944/101/13828
f 1949/101/13829 1926/101/13830 1957/101/13831
f 2777/101/13832 2800/101/13832 2778/101/13832
f 2777/101/13833 2793/101/13834 2776/101/13835
f 1916/101/13836 1899/101/13837 1901/101/13838 1915/101/13839
f 1884/101/13840 1913/101/13841 1898/101/13842
f 1908/101/13843 1900/101/13844 1922/101/13845
f 2811/101/13846 2793/101/13847 2816/101/13848
f 2784/101/13849 2794/101/13850 2795/101/13851
f 2788/101/13852 2798/101/13853 2797/101/13854
f 1913/101/13855 1915/101/13856 1898/101/13857
f 2781/101/13858 2796/101/13859 2815/101/13860 2780/101/13861
f 1926/101/13862 1949/101/13863 1930/101/13864
f 1882/101/13865 1889/101/13866 1910/101/13867 1922/101/13868
f 2788/101/13869 2815/101/13870 2798/101/13871
f 2796/101/13872 2781/101/13873 2797/101/13874
f 1943/101/13875 1942/101/13876 1948/101/13877
f 2816/101/13878 2777/101/13879 2813/101/13880
f 1908/101/13881 1922/101/13882 1906/101/13882
f 1913/101/13883 1884/101/13884 1916/101/13885
f 1917/101/13886 1883/101/13887 1900/101/13888 1908/101/13889
f 2793/101/13890 2811/101/13891 2794/101/13892
f 1940/101/13893 1923/101/13894 1958/101/13895
f 2776/101/13896 2795/101/13897 2799/101/13898
f 2811/101/13899 2816/101/13900 2795/101/13901
f 2780/101/13902 2788/101/13903 2781/101/13904
f 1906/101/13905 1878/101/13906 1888/101/13907 1908/101/13908
f 1944/101/13909 1941/101/13910 1924/101/13911
f 2816/101/13912 2813/101/13913 2799/101/13914 2795/101/13915
f 2800/101/13916 2799/101/13917 2813/101/13918
f 1910/101/13919 1889/101/13920 1902/101/13921 1905/101/13922
f 2796/101/13923 2798/101/13924 2815/101/13925
f 2838/101/13926 2839/101/13927 2828/101/13928 2819/101/13929
f 2853/101/13930 2834/101/13931 2817/101/13932 2833/101/13933
f 1964/101/13934 2000/101/13935 1963/101/13936
f 2824/101/13937 2818/101/13938 2817/101/13938
f 2823/101/13939 2817/101/13939 2818/101/13939
f 2823/101/13940 2833/101/13941 2817/101/13942
f 2849/101/13943 2818/101/13944 2824/101/13945
f 2825/101/13946 2828/101/13947 2847/101/13948
f 2824/101/13949 2840/101/13950 2836/101/13951
f 1989/101/13952 1992/101/13953 1972/101/13954
f 1999/101/13955 1974/101/13956 1986/101/13957
f 2851/101/13958 2827/101/13959 2854/101/13960
f 2823/101/13961 2827/101/13962 2833/101/13963
f 1930/101/13964 1931/101/13965 1960/101/13966
f 2029/101/13967 2028/101/13968 2027/101/13968
f 2828/101/13969 2839/101/13970 2837/101/13971 2847/101/13972
f 2001/101/13973 1963/101/13974 1972/101/13975 1992/101/13976
f 2836/101/13977 2840/101/13978 2855/101/13979
f 2835/101/13980 2839/101/13981 2838/101/13982
f 2033/101/13983 2011/101/13984 2009/101/13985 2008/101/13986
f 2818/101/13987 2855/101/13988 2854/101/13989 2823/101/13990
f 2835/101/13991 2825/101/13992 2837/101/13993
f 2838/101/13994 2819/101/13995 2835/101/13996
f 1988/101/13997 1970/101/13998 1965/101/13999 1978/101/14000
f 1962/101/14001 1965/101/14001 1970/101/14001
f 2010/101/14002 2006/101/14003 2007/101/14003
f 2028/101/14004 2026/101/14005 2007/101/14006
f 2000/101/14007 1972/101/14008 1963/101/14009
f 2827/101/14010 2851/101/14011 2853/101/14012
f 2817/101/14013 2834/101/14014 2840/101/14015
f 2851/101/14016 2854/101/14017 2834/101/14018
f 1999/101/14019 1965/101/14020 1962/101/14021
f 2836/101/14022 2855/101/14023 2849/101/14024 2824/101/14025
f 2854/101/14026 2855/101/14027 2840/101/14028 2834/101/14029
f 2874/101/14030 2863/101/14031 2859/101/14032 2892/101/14033
f 2072/101/14034 2075/101/14035 2058/101/14036
f 27/101/14037 2861/101/14038 2860/101/14039
f 27/101/14040 2860/101/14041 2864/101/14042
f 2048/101/14043 2082/101/14044 2069/101/14045 2077/101/14046
f 2896/101/14047 2879/101/14048 2864/101/14049 2860/101/14050
f 2045/101/14051 2026/101/14052 2029/101/14053
f 2092/101/14054 2090/101/14055 2091/101/14056
f 2033/101/14057 2035/101/14058 2014/101/14059
f 2893/101/14060 2892/101/14061 2895/101/14062
f 2016/101/14063 2046/101/14064 2031/101/14065
f 2863/101/14066 2877/101/14067 2875/101/14068
f 2882/101/14069 2859/101/14070 2867/101/14071
f 2070/101/14072 2067/101/14073 2069/101/14074
f 2050/101/14075 2076/101/14076 2071/101/14077
f 2876/101/14078 2875/101/14079 2882/101/14079
f 27/101/14080 2878/101/14081 2881/101/14082 2861/101/14083
f 2878/101/14084 2896/101/14085 2881/101/14086
f 2878/101/14087 2864/101/14088 2879/101/14089
f 2100/101/14090 2117/101/14091 2118/101/14092
f 2895/101/14093 2859/101/14094 2882/101/14095
f 2876/101/14096 2882/101/14097 2867/101/14098
f 2071/101/14099 2072/101/14100 2056/101/14101
f 2031/101/14102 2028/101/14103 2007/101/14104
f 2057/101/14105 2068/101/14106 2052/101/14107
f 2006/101/14108 2029/101/14109 2027/101/14110
f 2082/101/14111 2047/101/14112 2084/101/14113
f 2876/101/14114 2867/101/14115 2891/101/14116 2883/101/14117
f 2070/101/14118 2084/101/14119 2047/101/14120 2067/101/14121
f 2877/101/14122 2874/101/14123 2893/101/14124
f 2159/101/14125 2161/101/14126 2142/101/14127
f 2863/101/14128 2875/101/14129 2876/101/14130
f 2086/101/14131 2069/101/14132 2082/101/14133
f 2861/101/14134 2881/101/14135 2896/101/14136
f 2146/101/14137 2143/101/14138 2131/101/14139 2147/101/14140
f 2900/101/14141 2906/101/14141 2901/101/14141
f 2900/101/14142 2922/101/14143 2899/101/14144
f 2938/101/14145 2901/101/14146 2906/101/14147
f 2114/101/14148 2121/101/14149 2087/101/14150 2101/101/14151
f 2116/101/14152 2118/101/14153 2117/101/14154
f 2922/101/14155 2923/101/14156 2924/101/14157
f 2900/101/14158 2914/101/14159 2922/101/14160
f 2927/101/14161 2901/101/14162 2915/101/14163
f 2916/101/14164 2931/101/14165 2930/101/14166
f 2093/101/14167 2123/101/14168 2100/101/14169
f 2087/101/14170 2102/101/14171 2101/101/14172
f 2906/101/14173 2925/101/14174 2926/101/14175
f 2929/101/14176 2931/101/14177 2932/101/14178
f 2902/101/14179 2932/101/14180 2931/101/14181
f 2932/101/14182 2903/101/14183 2929/101/14184
f 2928/101/14185 2900/101/14186 2927/101/14187
f 2926/101/14188 2925/101/14189 2915/101/14190
f 2090/101/14191 2115/101/14192 2102/101/14193
f 2243/101/14194 2218/101/14195 2221/101/14196 2219/101/14197
f 2116/101/14198 2129/101/14199 2093/101/14200
f 2162/101/14201 2159/101/14202 2139/101/14203
f 2148/101/14204 2141/101/14205 2163/101/14206
f 2923/101/14207 2914/101/14208 2928/101/14209
f 2938/101/14210 2926/101/14211 2915/101/14212
f 2899/101/14213 2924/101/14214 2925/101/14215
f 2142/101/14216 2161/101/14217 2160/101/14218
f 2928/101/14219 2927/101/14220 2924/101/14221
f 2171/101/14222 2140/101/14223 2143/101/14224 2146/101/14225
f 2929/101/14226 2907/101/14227 2930/101/14228
f 2129/101/14229 2116/101/14230 2117/101/14231
f 2923/101/14232 2928/101/14233 2924/101/14234
f 2091/101/14235 2095/101/14236 2130/101/14237 2103/101/14238
f 2114/101/14239 2101/101/14240 2103/101/14241
f 2160/101/14242 2162/101/14243 2139/101/14244
f 2957/101/14245 2949/101/14246 2941/101/14247
f 2944/101/14248 2946/101/14249 2945/101/14250
f 2965/101/14251 2942/101/14252 2941/101/14253
f 2147/101/14254 2131/101/14255 2138/101/14256 2148/101/14257
f 2218/101/14258 2242/101/14259 2239/101/14260
f 2186/101/14261 2179/101/14262 2212/101/14263 2196/101/14264
f 2949/101/14265 2959/101/14266 2958/101/14267
f 2977/101/14268 2942/101/14269 2978/101/14270
f 2964/101/14271 2979/101/14272 2965/101/14273 2941/101/14274
f 2177/101/14275 2173/101/14276 2174/101/14277
f 2944/101/14278 2960/101/14279 2963/101/14280 2943/101/14281
f 2979/101/14282 2964/101/14283 2978/101/14284
f 2960/101/14285 2961/101/14286 2963/101/14287
f 2962/101/14288 2945/101/14289 2961/101/14290
f 2943/101/14291 2963/101/14292 2961/101/14293
f 2960/101/14294 2945/101/14295 2962/101/14296
f 2957/101/14297 2977/101/14298 2980/101/14299 2950/101/14300
f 2197/101/14301 2204/101/14302 2201/101/14303
f 2958/101/14304 2977/101/14305 2964/101/14306
f 2941/101/14307 2958/101/14308 2964/101/14309
f 2161/101/14310 2159/101/14311 2162/101/14312 2160/101/14312
f 2977/101/14313 2958/101/14314 2959/101/14315 2980/101/14316
f 2250/101/14317 2241/101/14318 2219/101/14319
f 2146/101/14320 2147/101/14321 2158/101/14322
f 2158/101/14323 2163/101/14324 2132/101/14325
f 2185/101/14326 2204/101/14327 2197/101/14328
f 2196/101/14329 2211/101/14330 2186/101/14331
f 2949/101/14332 2980/101/14333 2959/101/14334
f 2950/101/14335 2949/101/14336 2957/101/14337
f 2195/101/14338 2211/101/14339 2188/101/14340
f 2224/101/14341 2225/101/14342 2216/101/14343 2213/101/14341
f 2244/101/14344 2249/101/14345 2225/101/14346
f 2989/101/14347 3008/101/14348 2988/101/14349 2985/101/14350
f 2965/101/14351 2979/101/14352 2978/101/14353
f 2983/101/14354 2991/101/14354 2984/101/14354
f 2989/101/14355 2997/101/14356 3011/101/14357
f 2991/101/14358 3005/101/14359 3006/101/14360
f 2259/101/14361 2258/101/14362 2279/101/14363 2266/101/14364
f 2260/101/14365 2284/101/14366 2291/101/14367
f 2257/101/14368 2256/101/14369 2276/101/14370
f 2239/101/14371 2242/101/14372 2241/101/14373
f 2257/101/14374 2258/101/14374 2264/101/14374
f 2282/101/14375 2283/101/14376 2265/101/14377
f 2293/101/14378 2280/101/14379 2276/101/14380
f 2993/101/14381 3007/101/14382 3004/101/14383
f 3022/101/14384 2984/101/14385 2996/101/14386
f 2213/101/14387 2238/101/14388 2237/101/14389
f 2278/101/14390 2279/101/14390 2277/101/14390
f 3006/101/14391 3005/101/14392 2996/101/14393
f 2982/101/14394 3004/101/14395 3005/101/14396
f 2256/101/14397 2278/101/14398 2277/101/14399
f 2249/101/14400 2235/101/14401 2216/101/14402
f 2257/101/14403 2292/101/14404 2280/101/14405 2279/101/14406
f 2235/101/14407 2238/101/14408 2220/101/14409
f 2250/101/14410 2239/101/14411 2241/101/14412
f 2296/101/14413 2297/101/14413 2301/101/14413
f 2249/101/14414 2237/101/14415 2238/101/14416 2235/101/14417
f 3060/101/14418 3048/101/14419 3027/101/14420 3028/101/14421
f 2992/101/14422 3021/101/14423 3007/101/14424
f 3021/101/14425 2983/101/14426 3022/101/14427
f 3008/101/14428 3010/101/14429 3018/101/14430
f 2997/101/14431 3018/101/14432 3010/101/14433
f 3007/101/14434 3021/101/14435 3004/101/14436
f 3008/101/14437 3011/101/14438 3010/101/14439
f 2991/101/14440 3006/101/14441 2996/101/14442
f 2985/101/14443 2988/101/14444 3018/101/14445
f 3008/101/14446 3018/101/14447 2988/101/14448
f 3025/101/14449 3024/101/14449 3031/101/14450 3026/101/14451
f 3032/101/14452 3028/101/14453 3037/101/14454
f 3062/101/14455 3045/101/14456 3024/101/14457 3044/101/14458
f 2382/101/14459 2403/101/14460 2400/101/14461
f 2298/101/14462 2297/101/14463 2323/101/14464 2318/101/14465
f 2332/101/14466 2317/101/14467 2319/101/14468 2320/101/14469
f 2371/101/14470 2373/101/14471 2356/101/14472
f 3057/101/14473 3035/101/14474 3059/101/14475
f 2336/101/14476 2333/101/14477 2344/101/14478
f 3037/101/14479 3048/101/14480 3053/101/14481
f 2404/101/14482 2403/101/14483 2412/101/14484
f 3032/101/14485 3047/101/14486 3060/101/14487 3028/101/14488
f 2301/101/14489 2297/101/14490 2298/101/14491
f 2362/101/14492 2345/101/14493 2344/101/14494 2357/101/14495
f 3047/101/14496 3048/101/14497 3060/101/14498
f 3047/101/14499 3037/101/14500 3053/101/14501
f 3057/101/14502 3062/101/14503 3044/101/14504 3035/101/14505
f 3059/101/14506 3025/101/14507 3036/101/14508
f 3046/101/14509 3045/101/14510 3036/101/14511
f 3024/101/14512 3045/101/14513 3046/101/14514
f 2357/101/14515 2358/101/14516 2362/101/14517
f 2319/101/14518 2321/101/14519 2320/101/14520
f 2301/101/14521 2318/101/14522 2322/101/14523
f 2324/101/14524 2330/101/14525 2325/101/14526
f 2336/101/14527 2345/101/14528 2362/101/14529 2361/101/14530
f 3062/101/14531 3059/101/14532 3045/101/14533
f 2321/101/14534 2296/101/14535 2301/101/14536 2322/101/14537
f 3046/101/14538 3036/101/14539 3026/101/14540 3031/101/14541
f 3070/101/14542 3065/101/14542 3064/101/14542 3063/101/14542
f 2400/101/14543 2383/101/14544 2393/101/14545
f 3074/101/14546 3085/101/14547 3086/101/14548
f 3081/101/14549 3079/101/14550 3063/101/14551 3095/101/14552
f 3067/101/14553 3074/101/14554 3096/101/14555
f 2397/101/14556 2394/101/14557 2375/101/14558 2398/101/14559
f 2396/101/14560 2394/101/14561 2397/101/14562 2413/101/14563
f 2421/101/14564 2453/101/14565 2438/101/14566
f 2446/101/14567 2451/101/14568 2438/101/14569
f 3064/101/14570 3078/101/14571 3063/101/14572
f 2443/101/14573 2442/101/14574 2427/101/14575
f 3094/101/14576 3065/101/14577 3073/101/14578
f 3074/101/14579 3086/101/14580 3083/101/14581
f 2418/101/14582 2440/101/14583 2439/101/14584
f 3067/101/14585 3082/101/14586 3085/101/14587 3071/101/14588
f 2377/101/14589 2414/101/14590 2399/101/14591
f 3078/101/14592 3093/101/14593 3081/101/14594
f 3082/101/14595 3067/101/14596 3083/101/14597
f 2443/101/14598 2427/101/14599 2426/101/14600 2439/101/14601
f 3080/101/14602 3094/101/14603 3073/101/14604
f 2418/101/14605 2441/101/14606 2440/101/14607
f 2445/101/14608 2446/101/14609 2421/101/14610
f 2456/101/14611 2428/101/14612 2441/101/14613
f 2375/101/14614 2395/101/14615 2398/101/14616
f 3086/101/14617 3085/101/14618 3082/101/14619 3083/101/14620
f 3093/101/14621 3064/101/14622 3094/101/14623
f 3063/101/14624 3079/101/14625 3080/101/14626
f 2441/101/14627 2428/101/14628 2442/101/14629
f 3071/101/14630 3074/101/14631 3067/101/14632
f 2420/101/14633 2451/101/14634 2452/101/14635
f 3081/101/14636 3093/101/14637 3079/101/14638
f 2544/101/14639 2526/101/14640 2516/101/14641
f 2442/101/14642 2428/101/14643 2419/101/14644
f 3070/101/14645 3080/101/14646 3073/101/14647
f 3113/101/14648 3105/101/14649 3129/101/14650
f 2492/101/14651 2496/101/14652 2473/101/14653
f 2530/101/14654 2517/101/14655 2503/101/14656
f 3111/101/14657 3130/101/14657 3104/101/14657
f 3111/101/14658 3123/101/14659 3103/101/14660
f 3142/101/14661 3104/101/14662 3126/101/14663
f 2483/101/14664 2475/101/14665 2458/101/14666
f 3112/101/14667 3124/101/14668 3125/101/14669
f 3139/101/14670 3104/101/14671 3142/101/14672
f 3113/101/14673 3129/101/14674 3128/101/14675
f 2464/101/14676 2481/101/14677 2478/101/14678
f 2519/101/14679 2543/101/14680 2537/101/14681
f 3107/101/14682 3127/101/14683 3105/101/14684 3108/101/14685
f 2458/101/14686 2457/101/14687 2501/101/14687
f 3125/101/14688 3126/101/14689 3130/101/14690 3103/101/14691
f 2598/101/14692 68/101/14693 2603/101/14694
f 2463/101/14695 2462/101/14696 2493/101/14697 2491/101/14698
f 2473/101/14699 2463/101/14700 2491/101/14701 2492/101/14702
f 2520/101/14703 2522/101/14703 2521/101/14703
f 2484/101/14704 2474/101/14705 2501/101/14706 2487/101/14707
f 2502/101/14708 2503/101/14708 2515/101/14708
f 3124/101/14709 3123/101/14710 3138/101/14711
f 3138/101/14712 3111/101/14713 3139/101/14714
f 2518/101/14715 2542/101/14716 2526/101/14717 2523/101/14718
f 3127/101/14719 3107/101/14720 3128/101/14721
f 2534/101/14722 2515/101/14723 2503/101/14723
f 2504/101/14724 2503/101/14725 2502/101/14726
f 3126/101/14727 3139/101/14728 3142/101/14729
f 2457/101/14730 2458/101/14731 2464/101/14732
f 2492/101/14733 2491/101/14734 2496/101/14735
f 3127/101/14736 3129/101/14737 3105/101/14738
f 3155/101/14739 3182/101/14740 3168/101/14741
f 2597/101/14742 2598/101/14743 2588/101/14744
f 3151/101/14745 3144/101/14746 3143/101/14746
f 3144/101/14747 3163/101/14748 3143/101/14749
f 2584/101/14750 2604/101/14751 2615/101/14752 2605/101/14753
f 3149/101/14754 3181/101/14755 3164/101/14756
f 3167/101/14757 3155/101/14758 3168/101/14759
f 2600/101/14760 2596/101/14761 2603/101/14762
f 3144/101/14763 3177/101/14764 3176/101/14765 3163/101/14766
f 2550/101/14767 2562/101/14768 2549/101/14769
f 3166/101/14770 3168/101/14771 3182/101/14772
f 3182/101/14773 3147/101/14774 3166/101/14775
f 2550/101/14776 2557/101/14777 2562/101/14778
f 2522/101/14779 2530/101/14780 2521/101/14781
f 3150/101/14782 3167/101/14783 3166/101/14784 3147/101/14785
f 2566/101/14786 2569/101/14787 2567/101/14788
f 2564/101/14789 2559/101/14790 2563/101/14791
f 2569/101/14792 2562/101/14793 2557/101/14794 2567/101/14795
f 3163/101/14796 3176/101/14797 3181/101/14798
f 3143/101/14799 3164/101/14800 3165/101/14801
f 3180/101/14802 3154/101/14803 3177/101/14804 3144/101/14805
f 3176/101/14806 3177/101/14807 3164/101/14808
f 2583/101/14809 2586/101/14809 2619/101/14809
f 2559/101/14810 2560/101/14811 2548/101/14812
f 2522/101/14813 2517/101/14814 2530/101/14815
f 3181/101/14816 3176/101/14817 3164/101/14818
f 3151/101/14819 3165/101/14820 3154/101/14821
f 3184/101/14822 6/101/14822 3187/101/14823 3219/101/14824
f 2515/101/11560 2522/101/14825 2520/101/14826
f 3193/101/14827 3205/101/14828 3206/101/14829
f 2604/101/14830 2616/101/14831 2615/101/14832
f 3188/101/14833 3199/101/14834 3183/101/14835
f 3186/101/14836 3193/101/14837 3207/101/14838
f 3202/101/14839 3207/101/14840 3206/101/14841
f 3188/101/14842 3183/101/14842 3184/101/14842
f 2632/101/14843 2663/101/14844 2646/101/14845
f 2644/101/14846 2645/101/14847 2646/101/14848
f 2596/101/14849 2600/101/14850 2599/101/14851
f 3199/101/14852 3221/101/14853 3200/101/14854
f 3188/101/14855 3215/101/14856 3214/101/14857 3212/101/14858
f 2629/101/14859 2645/101/14860 2644/101/14861
f 2661/101/14862 2664/101/14863 2622/101/14864 2642/101/14865
f 3215/101/14866 3184/101/14867 3192/101/14868
f 3189/101/14869 3203/101/14870 3205/101/14871
f 3200/101/14872 3201/101/14873 6/101/14874 3183/101/14875
f 3212/101/14876 3214/101/14877 3221/101/14878 3199/101/14879
f 2683/101/14880 2690/101/14881 2697/101/14882
f 2586/101/14883 2601/101/14884 2610/101/14885
f 2684/101/14886 2681/101/14887 2667/101/14888 2666/101/14889
f 2626/101/14890 2625/101/14891 2656/101/14892 2633/101/14893
f 2587/101/14894 2588/101/14895 2596/101/14896
f 2664/101/14897 2630/101/14898 2625/101/14899 2622/101/14900
f 3207/101/14901 3202/101/14902 3203/101/14903 3186/101/14904
f 2631/101/14905 2632/101/14906 2629/101/14907
f 3203/101/14908 3206/101/14909 3205/101/14910
f 3202/101/14911 3206/101/14912 3203/101/14913
f 3189/101/14914 3193/101/14915 3186/101/14916
f 2668/101/14917 2682/101/14918 2687/101/14919
f 3201/101/14920 3215/101/14921 3192/101/14922
f 3187/101/14923 3201/101/14924 3192/101/14925
f 2683/101/14926 2697/101/14927 2692/101/14928
f 3238/101/14929 3226/101/14930 3247/101/14931
f 2722/101/14932 2726/101/14933 2727/101/14934 2741/101/14935
f 2666/101/14936 2687/101/14937 2686/101/14938
f 2732/101/14939 2739/101/14940 2725/101/14941
f 3224/101/14942 3241/101/14943 3223/101/14944
f 3258/101/14945 3241/101/14946 3254/101/14947
f 3232/101/14948 3243/101/14949 3242/101/14950
f 2711/101/14951 2730/101/14952 2729/101/14953
f 3245/101/14954 3238/101/14955 3247/101/14956
f 2687/101/14957 2682/101/14958 2705/101/14959
f 2730/101/14960 2711/101/14961 2723/101/14962 2744/101/14963
f 3234/101/14964 3244/101/14965 3226/101/14966 4/101/14967
f 3244/101/14968 3247/101/14969 3226/101/14970
f 2712/101/14971 2740/101/14972 2731/101/14973
f 3254/101/14974 3224/101/14975 3259/101/14976
f 2700/101/14977 2705/101/14978 2667/101/14979
f 2741/101/14980 2728/101/14981 2745/101/14982
f 2712/101/14983 2739/101/14984 2740/101/14985
f 3241/101/14986 3258/101/14987 3243/101/14988
f 3223/101/14989 3242/101/14990 3237/101/14991
f 2727/101/14992 2726/101/14993 2709/101/14994 2728/101/14995
f 3258/101/14996 3254/101/14997 3243/101/14998
f 2670/101/14999 2669/101/15000 2692/101/15001 2689/101/15002
f 2768/101/15003 2764/101/15004 2749/101/15005 2746/101/15006
f 3243/101/15007 3254/101/15008 3242/101/15009
f 3256/101/15010 3245/101/15011 3244/101/15012 3234/101/15013
f 2741/101/15014 2745/101/15015 2722/101/15016
f 3254/101/15017 3259/101/15018 3237/101/15019 3242/101/15020
f 3233/101/15021 3237/101/15022 3259/101/15023
f 2730/101/15024 2744/101/15025 2729/101/15026
f 2697/101/15027 2690/101/15028 2689/101/15029 2692/101/15029
f 2709/101/15030 2729/101/15031 2728/101/15032
f 3276/101/15033 3262/101/15034 3264/101/15035 3296/101/15036
f 3265/101/15037 3264/101/15038 3263/101/15039
f 2822/101/15040 2830/101/15041 2789/101/15042 2805/101/15043
f 3271/101/15044 3277/101/15045 3272/101/15046
f 3285/101/15047 3272/101/15048 3288/101/15049
f 2761/101/15050 2779/101/15051 2783/101/15052
f 3264/101/15053 3262/101/15054 3263/101/15055
f 2802/101/15056 2807/101/15057 2806/101/15058
f 43/101/15059 2812/101/15060 2808/101/15061
f 43/101/15062 2821/101/15063 2804/101/15064
f 2758/101/15065 2765/101/15066 2762/101/15067
f 3298/101/15068 3296/101/15069 3294/101/15070
f 3276/101/15071 3295/101/15072 3282/101/15073
f 2782/101/15074 2774/101/15075 2751/101/15076
f 2808/101/15077 2812/101/15078 2829/101/15079
f 3285/101/15080 3288/101/15081 3284/101/15082
f 3287/101/15083 3288/101/15084 3277/101/15085 3266/101/15086
f 3284/101/15087 3288/101/15088 3287/101/15089
f 2783/101/15090 2779/101/15091 2774/101/15092 2782/101/15092
f 3266/101/15093 3284/101/15094 3287/101/15095
f 3294/101/15096 3264/101/15097 3299/101/15098
f 3283/101/15099 3282/101/15100 3299/101/15101
f 2791/101/15102 2790/101/15103 2820/101/15104 2803/101/15105
f 2773/101/15106 2765/101/15107 2750/101/15108
f 2807/101/15109 2803/101/15110 2806/101/15110
f 2785/101/15111 2751/101/15112 2774/101/15113 2779/101/15114
f 2759/101/15115 2751/101/15116 2761/101/15117
f 2804/101/15118 2821/101/15119 2810/101/15120 2829/101/15121
f 3282/101/15122 3283/101/15123 3263/101/15124 3262/101/15125
f 3276/101/15126 3298/101/15127 3295/101/15128
f 3299/101/15129 3265/101/15130 3283/101/15131
f 3272/101/15132 3285/101/15133 3284/101/15134 3271/101/15135
f 3298/101/15136 3294/101/15137 3282/101/15138
f 3321/101/15139 3323/101/15140 3303/101/15141 3307/101/15142
f 2758/101/15143 2762/101/15144 2767/101/15145
f 3282/101/15146 3294/101/15147 3299/101/15148
f 3335/101/15149 3311/101/15150 247/101/15151
f 3312/101/15152 3323/101/15153 3324/101/15154
f 3341/101/15155 3318/101/15156 3306/101/15157 3309/101/15158
f 2789/101/15159 2806/101/15160 2805/101/15161
f 3311/101/15162 3306/101/15163 247/101/15164
f 3307/101/15165 3312/101/15166 3333/101/15167
f 3322/101/15168 3333/101/15169 3324/101/15170
f 2846/101/15171 2848/101/15172 2866/101/15173
f 2911/101/15174 2888/101/15175 2871/101/15176 2889/101/15177
f 3338/101/15178 3310/101/15179 3339/101/15180
f 2790/101/15181 2801/101/15182 2826/101/15183 2820/101/15184
f 2831/101/15185 2858/101/15186 2850/101/15187
f 3319/101/15188 3320/101/15189 3325/101/15190 247/101/15191
f 2866/101/15192 2870/101/15193 2846/101/15194
f 3321/101/15195 3307/101/15196 3322/101/15197
f 3339/101/15198 3311/101/15199 3340/101/15200
f 3320/101/15201 3319/101/15202 3340/101/15203
f 2808/101/15204 2810/101/15205 43/101/15206
f 2880/101/15207 2872/101/15207 2871/101/15207
f 2832/101/15208 2831/101/15209 2846/101/15210
f 2845/101/15211 2856/101/15212 2857/101/15213
f 2832/101/15214 2841/101/15214 2862/101/15214
f 2844/101/15215 2850/101/15216 2848/101/15217
f 3338/101/15218 3341/101/15219 3309/101/15220 3310/101/15221
f 3318/101/15222 3319/101/15223 247/101/15224 3306/101/15225
f 3335/101/15226 3320/101/15227 3340/101/15228
f 2884/101/15229 2871/101/15230 2872/101/15230
f 3321/101/15231 3324/101/15232 3323/101/15233
f 3341/101/15234 3339/101/15235 3318/101/15236
f 2885/101/15237 2908/101/15238 2887/101/15239
f 2807/101/15240 2802/101/15241 2791/101/15242 2803/101/15243
f 3339/101/15244 3340/101/15245 3319/101/15246 3318/101/15247
f 31/101/15248 2921/101/15249 2918/101/15250
f 2936/101/15251 2951/101/15252 2952/101/15253 2933/101/15254
f 3352/101/15255 3344/101/15256 3351/101/15256
f 3381/101/15257 3359/101/15258 3371/101/15259
f 3381/101/15260 3354/101/15261 3370/101/15262
f 2937/101/15263 2954/101/15264 2934/101/15265
f 2894/101/15266 2913/101/15267 2905/101/15268
f 2936/101/15269 2933/101/15270 2948/101/15271
f 2920/101/15272 2935/101/15273 2937/101/15274
f 3377/101/15275 3365/101/15276 3378/101/15277
f 3353/101/15278 3379/101/15279 3366/101/15280
f 3359/101/15281 3384/101/15282 3369/101/15283
f 3378/101/15284 3344/101/15285 3358/101/15286
f 3351/101/15287 3367/101/15288 3368/101/15289
f 3354/101/15290 3369/101/15291 3370/101/15292
f 3346/101/15293 3370/101/15294 3384/101/15295
f 3354/101/15296 3371/101/15297 3369/101/15298
f 3368/101/15299 3367/101/15300 3358/101/15301
f 2920/101/15302 2936/101/15303 2935/101/15304
f 2890/101/15305 2898/101/15306 2904/101/15307
f 3366/101/15308 3367/101/15309 3351/101/15310 3343/101/15311
f 2886/101/15312 2911/101/15313 2910/101/15314
f 2890/101/15315 2897/101/15316 2885/101/15317
f 2910/101/15318 2889/101/15319 2912/101/15320
f 2894/101/15321 2884/101/15322 2909/101/15323 2913/101/15324
f 2871/101/15325 2905/101/15326 2889/101/15327
f 2912/101/15328 2889/101/15329 2905/101/15330 2913/101/15331
f 3365/101/15332 3377/101/15333 3379/101/15334
f 3345/101/15335 3368/101/15336 3358/101/15337
f 3002/101/15338 2999/101/15339 2970/101/15340
f 2954/101/15341 2955/101/15342 2953/101/15343
f 3377/101/15344 3378/101/15345 3366/101/15346
f 3367/101/15347 3378/101/15348 3358/101/15349
f 2939/101/15350 2940/101/15351 2921/101/15352
f 3040/101/15353 3009/101/15354 3012/101/15355
f 3392/101/15356 3405/101/15357 3416/101/15358 3414/101/15359
f 3003/101/15360 2971/101/15361 2968/101/15362
f 2999/101/15363 3000/101/15364 2972/101/15365
f 3393/101/15366 3423/101/15367 3402/101/15368
f 3405/101/15369 3392/101/15370 3421/101/15371
f 3396/101/15372 3387/101/15373 3407/101/15374
f 2976/101/15375 2986/101/15376 2981/101/15377
f 3014/101/15378 3013/101/15379 3038/101/15380 3030/101/15381
f 3385/101/15382 3403/101/15383 3404/101/15384
f 3406/101/15385 3388/101/15386 3407/101/15387
f 3424/101/15388 3388/101/15389 3406/101/15390
f 2998/101/15391 2995/101/15392 2967/101/15393
f 2967/101/15394 2968/101/15394 2971/101/15394
f 2967/101/15395 2976/101/15396 2973/101/15397
f 3039/101/15398 3009/101/15399 3040/101/15400 3043/101/15401
f 3414/101/15402 3416/101/15403 3423/101/15404 3426/101/15405
f 2990/101/15406 2974/101/15407 2987/101/15408
f 3043/101/15409 3042/101/15410 3039/101/15411
f 3402/101/15412 3403/101/15413 3385/101/15414 3393/101/15415
f 3417/101/15416 3404/101/15417 3421/101/15418
f 2981/101/15419 2986/101/15420 2998/101/15421
f 3404/101/15422 3403/101/15423 3421/101/15424
f 2969/101/15425 3001/101/15426 3002/101/15427
f 3417/101/15428 3392/101/15429 3385/101/15430
f 3453/101/15431 3454/101/15432 3443/101/15433 3430/101/15434
f 2967/101/15435 2966/101/15436 2976/101/15437
f 3403/101/15438 3405/101/15439 3421/101/15440
f 3386/101/15441 3424/101/15442 3387/101/15443
f 3449/101/15444 3450/101/15445 3457/101/15446 3436/101/15447
f 3058/101/15448 3077/101/15449 3076/101/15450
f 3428/101/15451 3442/101/15452 3427/101/15452
f 3437/101/15453 3443/101/15454 3455/101/15455
f 3452/101/15456 3455/101/15457 3454/101/15458
f 3429/101/15459 3428/101/15460 3436/101/15461
f 3087/101/15462 3088/101/15463 3089/101/15464
f 3030/101/15465 3038/101/15466 3033/101/15467
f 3429/101/15468 3469/101/15469 3456/101/15470 3428/101/15471
f 3051/101/15472 3052/101/15472 3058/101/15472
f 3056/101/15473 3089/101/15474 3072/101/15475
f 3072/101/15476 3088/101/15477 3090/101/15478
f 3465/101/15479 3468/101/15480 3466/101/15481
f 3442/101/15482 3447/101/15483 3448/101/15484
f 3013/101/15485 3033/101/15486 3038/101/15487
f 3092/101/15488 3069/101/15489 3052/101/15490
f 3056/101/15491 3054/101/15492 3055/101/15493 3087/101/15494
f 3084/101/15495 3075/101/15496 3091/101/15497
f 3450/101/15498 3449/101/15499 3469/101/15499
f 3452/101/15500 3454/101/15501 3451/101/15502
f 3453/101/15503 3437/101/15504 3451/101/15505
f 3466/101/15506 3428/101/15507 3456/101/15508
f 3449/101/15509 3448/101/15510 3456/101/15511
f 3058/101/15512 3069/101/15513 3077/101/15514
f 3009/101/15515 3039/101/15516 3023/101/15517
f 3020/101/15518 3019/101/15519 3049/101/15520 3041/101/15521
f 3041/101/15522 3049/101/15523 3029/101/15524 3023/101/15525
f 3091/101/15526 3092/101/15527 3051/101/15528
f 3077/101/15529 3069/101/15530 3076/101/15531
f 3066/101/15532 3075/101/15533 3084/101/15534
f 3448/101/15535 3449/101/15536 3436/101/15537 3427/101/15538
f 3442/101/15539 3465/101/15540 3447/101/15541
f 3429/101/15542 3450/101/15543 3469/101/15544
f 3455/101/15545 3452/101/15546 3451/101/15547 3437/101/15548
f 3451/101/15549 3454/101/15550 3453/101/15551
f 3466/101/15552 3448/101/15553 3447/101/15554 3465/101/15555
f 3050/101/15556 3076/101/15557 3075/101/15558
f 3158/101/15559 3159/101/15560 3136/101/15561
f 3161/101/15562 3159/101/15563 3158/101/15564 3160/101/15565
f 3121/101/15566 3109/101/15567 3115/101/15568 3132/101/15569
f 3117/101/15570 3110/101/15571 3116/101/15572
f 3087/101/15573 3055/101/15574 3090/101/15575
f 3471/101/15576 3470/101/15576 3480/101/15576
f 3508/101/15577 3482/101/15578 3481/101/15579
f 3471/101/15580 3480/101/15581 3472/101/15582
f 3494/101/15583 3495/101/15584 3480/101/15585 3470/101/15586
f 3132/101/15587 3115/101/15588 3097/101/15589 3116/101/15590
f 3146/101/15591 3159/101/15592 3161/101/15593
f 3479/101/15594 3493/101/15595 3494/101/15596
f 3098/101/15597 3099/101/15598 3102/101/15599 3097/101/15597
f 3496/101/15600 3472/101/15601 3488/101/15602
f 3482/101/15603 3500/101/15604 3497/101/15605
f 3137/101/15606 3133/101/15606 3134/101/15606 3135/101/15606
f 3146/101/15607 3161/101/15608 3160/101/15609
f 3493/101/15610 3478/101/15611 3507/101/15612
f 3498/101/15613 3481/101/15614 3497/101/15615
f 3475/101/15616 3474/101/15617 3498/101/15618
f 3495/101/15619 3496/101/15620 3488/101/15621
f 3162/101/15622 3169/101/15623 3134/101/15624
f 3156/101/15625 3145/101/15626 3169/101/15627
f 3121/101/15628 3122/101/15629 3109/101/15630
f 3475/101/15631 3500/101/15632 3482/101/15633 3474/101/15634
f 3157/101/15635 3170/101/15636 3133/101/15637 3153/101/15638
f 3472/101/15639 3495/101/15640 3488/101/15641
f 3507/101/15642 3471/101/15643 3496/101/15644
f 3136/101/15645 3140/101/15646 3160/101/15647 3158/101/15648
f 3474/101/15649 3482/101/15650 3508/101/15651
f 3507/101/15652 3496/101/15653 3494/101/15654
f 3106/101/15655 3101/101/15656 3131/101/15657 3118/101/15658
f 3136/101/15659 3171/101/15660 3146/101/15661
f 3530/101/15662 3520/101/15663 3510/101/15664 3524/101/15665
f 3498/101/15666 3500/101/15667 3475/101/15668
f 3535/101/15669 3538/101/15670 3537/101/15671
f 3240/101/15672 3246/101/15673 3230/101/15674
f 3534/101/15675 3548/101/15676 3512/101/15677 3513/101/15678
f 3530/101/15679 3531/101/15680 3532/101/15681
f 3209/101/15682 3210/101/15683 3179/101/15684
f 3190/101/15685 3198/101/15686 3204/101/15687
f 3547/101/15688 3510/101/15689 3525/101/15690
f 3535/101/15691 3537/101/15692 3534/101/15693
f 3512/101/15694 3548/101/15695 3537/101/15696
f 3179/101/15697 3172/101/15698 3191/101/15699
f 3533/101/15700 3532/101/15701 3547/101/15702
f 3519/101/15703 3532/101/15704 3533/101/15705
f 3210/101/15706 3213/101/15707 3173/101/15708
f 3197/101/15709 3174/101/15710 3204/101/15711
f 3239/101/15712 3252/101/15713 3246/101/15714
f 3133/101/15715 3156/101/15716 3153/101/15717
f 3195/101/15718 3172/101/15719 3208/101/15720 3196/101/15721
f 3197/101/15722 3198/101/15723 3175/101/15724
f 3538/101/15725 3535/101/15726 3534/101/15727 3513/101/15728
f 3531/101/15729 3530/101/15730 3546/101/15731
f 3546/101/15732 3510/101/15733 3547/101/15734
f 3196/101/15735 3213/101/15736 3210/101/15737
f 3531/101/15738 3546/101/15739 3532/101/15740
f 3213/101/15741 3196/101/15742 3173/101/15743
f 3252/101/15744 3239/101/15745 3218/101/15746
f 3533/101/15747 3547/101/15748 3525/101/15749
f 3190/101/15750 3204/101/15751 3174/101/15752
f 3217/101/15753 3216/101/15754 3231/101/15755
f 3281/101/15756 3257/101/15757 3278/101/15758 3275/101/15759
f 3519/101/15760 3533/101/15761 3525/101/15762
f 3534/101/15763 3537/101/15764 3548/101/15765
f 3228/101/15766 3216/101/15767 3217/101/15767
f 3260/101/15768 3268/101/15769 3274/101/15770
f 3558/101/15771 3550/101/15772 222/101/15773
f 3550/101/15774 3570/101/15775 3556/101/15776
f 3571/101/15777 3572/101/15778 3556/101/15779 3557/101/15780
f 3273/101/15781 3253/101/15782 3/101/15783 3274/101/15784
f 3250/101/15785 3217/101/15786 3249/101/15787 3229/101/15788
f 3583/101/15789 3570/101/15790 3585/101/15791
f 3231/101/15792 3251/101/15793 3248/101/15794
f 3574/101/15795 3577/101/15796 3552/101/15797 3560/101/15798
f 3578/101/15799 3550/101/15800 3564/101/15801
f 3551/101/15802 3576/101/15803 3575/101/15804
f 3573/101/15805 3572/101/15806 3578/101/15806
f 3574/101/15807 3576/101/15808 3577/101/15809
f 3552/101/15810 3577/101/15811 3576/101/15812
f 3574/101/15813 3559/101/15814 3575/101/15815
f 3573/101/15816 3564/101/15817 3586/101/15818 3558/101/15819
f 3585/101/15820 3550/101/15821 3578/101/15822
f 3585/101/15823 3572/101/15824 3571/101/15825 3583/101/15826
f 3278/101/15827 3279/101/15828 3280/101/15829
f 3228/101/15830 3229/101/15831 3236/101/15832
f 3286/101/15833 3270/101/15834 3292/101/15835 3289/101/15836
f 3255/101/15837 3291/101/15838 3260/101/15839 3/101/15837
f 3227/101/15840 3218/101/15841 3239/101/15842 3240/101/15843
f 3248/101/15844 3235/101/15845 3249/101/15846
f 3261/101/15847 3253/101/15848 3270/101/15849
f 3305/101/15850 1/101/15851 3301/101/15852 3317/101/15853
f 3570/101/15854 3583/101/15855 3571/101/15856
f 3556/101/15857 3572/101/15858 3573/101/15859
f 3313/101/15860 3327/101/15861 3301/101/15862
f 3302/101/15863 3315/101/15864 3316/101/15865
f 3347/101/15866 3348/101/15867 3350/101/15868
f 3267/101/15869 3257/101/15870 3269/101/15871
f 3342/101/15872 3361/101/15873 3357/101/15874
f 3595/101/15875 3594/101/15876 215/101/15875
f 3355/101/15877 3374/101/15878 3363/101/15879
f 3600/101/15880 3609/101/15881 3591/101/15882
f 3601/101/15883 3592/101/15884 3603/101/15885
f 3614/101/15886 3602/101/15887 3615/101/15888
f 3601/101/15889 3593/101/15890 3592/101/15891
f 3600/101/15892 3592/101/15893 3593/101/15894
f 3603/101/15895 3611/101/15896 3612/101/15897
f 3630/101/15898 3610/101/15899 3591/101/15900 3609/101/15901
f 3293/101/15902 3308/101/15903 3315/101/15904
f 3373/101/15905 3355/101/15906 3363/101/15907
f 3616/101/15908 3615/101/15909 3594/101/15910 3595/101/15911
f 3627/101/15912 3593/101/15913 3606/101/15914
f 3316/101/15915 3315/101/15916 3328/101/15917
f 3356/101/15918 3374/101/15919 3355/101/15920
f 3373/101/15921 3363/101/15922 3372/101/15923
f 3614/101/15924 3615/101/15925 3613/101/15926
f 3304/101/15927 3331/101/15928 3308/101/15929
f 3613/101/15930 3615/101/15931 3616/101/15932
f 215/101/15933 3613/101/15934 3616/101/15935 3595/101/15936
f 3629/101/15937 3630/101/15938 3609/101/15939 3600/101/15940
f 3611/101/15941 3610/101/15942 3627/101/15943
f 3591/101/15944 3610/101/15945 3611/101/15946
f 3328/101/15947 3331/101/15948 3297/101/15949
f 3360/101/15950 3362/101/15951 3348/101/15952
f 3360/101/15953 3357/101/15954 3362/101/15955
f 3593/101/15956 3627/101/15957 3629/101/15958 3600/101/15959
f 3601/101/15960 3612/101/15961 3606/101/15962
f 3602/101/15963 3614/101/15964 3613/101/15965 215/101/15966
f 3355/101/15967 3332/101/15968 3334/101/15969 3356/101/15970
f 3630/101/15971 3629/101/15972 3610/101/15973
f 3612/101/15974 3627/101/15975 3606/101/15976
f 3348/101/15977 3347/101/15978 3357/101/15979 3360/101/15980
f 3328/101/15981 3315/101/15982 3308/101/15983 3331/101/15984
f 3410/101/15985 275/101/15986 3389/101/15987
f 3462/101/15988 3458/101/15989 3438/101/15990
f 3314/101/15991 3316/101/15992 3330/101/15993
f 215/101/15994 3594/101/15995 3602/101/15996
f 3329/101/15997 3305/101/15998 3317/101/15999 3326/101/16000
f 3425/101/16001 3463/101/16002 3446/101/16003
f 3433/101/16004 3440/101/16005 3461/101/16006
f 3390/101/16007 3401/101/16008 3400/101/16009
f 3633/101/16010 3645/101/16011 3632/101/16012
f 3634/101/16013 3648/101/16014 3653/101/16015
f 3444/101/16016 3435/101/16017 3441/101/16018
f 3431/101/16019 3444/101/16020 3441/101/16021
f 3637/101/16022 3654/101/16023 3656/101/16024 3635/101/16025
f 3670/101/16026 3668/101/16027 3667/101/16028
f 3632/101/16029 3651/101/16030 3652/101/16031
f 3641/101/16032 3636/101/16033 3655/101/16034
f 3398/101/16035 3399/101/16036 3380/101/16037
f 3645/101/16038 3670/101/16039 3651/101/16040
f 3635/101/16041 3656/101/16042 3636/101/16043
f 3654/101/16044 3640/101/16045 3655/101/16046
f 3399/101/16047 3401/101/16048 3409/101/16049
f 3667/101/16050 3633/101/16051 3647/101/16052
f 3411/101/16053 3412/101/16054 3383/101/16055
f 3653/101/16056 3647/101/16057 3646/101/16058 3634/101/16059
f 3395/101/16060 275/101/16061 3408/101/16062 3397/101/16063
f 3415/101/16064 3382/101/16065 3376/101/16066 3391/101/16067
f 3398/101/16068 3400/101/16069 3401/101/16070
f 3667/101/16071 3647/101/16072 3648/101/16073 3652/101/16074
f 3632/101/16075 3652/101/16076 3648/101/16077
f 3670/101/16078 3667/101/16079 3652/101/16080
f 3653/101/16081 3648/101/16082 3647/101/16083
f 3654/101/16084 3636/101/16085 3656/101/16086
f 3438/101/16087 3445/101/16088 3463/101/16089
f 3412/101/16090 3391/101/16091 3395/101/16092 3413/101/16093
f 3380/101/16094 3409/101/16095 3390/101/16096
f 3515/101/16097 3514/101/16098 3522/101/16098
f 3707/101/16099 3674/101/16100 208/101/16101
f 3541/101/16102 3517/101/16103 3523/101/16104 3542/101/16105
f 3677/101/16106 3689/101/16107 3678/101/16108
f 3674/101/16109 3673/101/16110 208/101/16111
f 3678/101/16112 3689/101/16113 3683/101/16114
f 3485/101/16115 3492/101/16116 3473/101/16117
f 3477/101/16118 3499/101/16119 3501/101/16120 3490/101/16121
f 3682/101/16122 3694/101/16123 3695/101/16124
f 3422/101/16125 3435/101/16126 3444/101/16127
f 3709/101/16128 3674/101/16129 3688/101/16130
f 3698/101/16131 3689/101/16132 3675/101/16133
f 3464/101/16134 3489/101/16135 3487/101/16136
f 3506/101/16137 3491/101/16138 3476/101/16139
f 3516/101/16140 3515/101/16141 3544/101/16142 3555/101/16143
f 3694/101/16144 3681/101/16145 3706/101/16146
f 3502/101/16147 3504/101/16148 3489/101/16149
f 3689/101/16150 3710/101/16151 3675/101/16152
f 3710/101/16153 3677/101/16154 3697/101/16155
f 3696/101/16156 3695/101/16157 3709/101/16158
f 208/101/16159 3695/101/16160 3696/101/16161
f 3529/101/16162 3518/101/16163 3545/101/16164 3536/101/16165
f 3490/101/16166 3504/101/16167 3477/101/16168
f 3540/101/16169 3542/101/16170 3543/101/16171
f 3696/101/16172 3688/101/16173 3707/101/16174 3684/101/16175
f 3683/101/16176 3698/101/16177 3697/101/16178 3678/101/16179
f 3706/101/16180 3674/101/16181 3709/101/16182
f 3696/101/16183 3709/101/16184 3688/101/16185
f 3697/101/16186 3675/101/16187 3710/101/16188
f 3521/101/16189 3543/101/16190 3523/101/16191
f 3597/101/16192 3584/101/16193 3588/101/16194
f 3487/101/16195 3504/101/16196 3490/101/16197
f 3486/101/16198 3483/101/16199 3464/101/16200 3487/101/16201
f 3489/101/16202 3504/101/16203 3487/101/16204
f 3549/101/16205 3553/101/16206 3554/101/16207
f 3749/101/16208 3727/101/16209 3714/101/16210
f 3588/101/16211 3581/101/16212 3563/101/16213
f 3516/101/16214 3555/101/16215 3536/101/16216
f 204/101/16217 3729/101/16218 3719/101/16219
f 3727/101/16220 3713/101/16221 3714/101/16222
f 3718/101/16223 3738/101/16224 3739/101/16225
f 3742/101/16226 3737/101/16227 3713/101/16228 3736/101/16229
f 3590/101/16230 3566/101/16231 3596/101/16232
f 3748/101/16233 3726/101/16234 3751/101/16235
f 3543/101/16236 3521/101/16237 3539/101/16238 3540/101/16239
f 3562/101/16240 3563/101/16241 3569/101/16242
f 3741/101/16243 3729/101/16244 3752/101/16245
f 3597/101/16246 3588/101/16247 3562/101/16248
f 3719/101/16249 3741/101/16250 3740/101/16251 204/101/16252
f 3590/101/16253 3589/101/16254 3579/101/16255
f 3541/101/16256 3539/101/16257 3521/101/16258
f 3715/101/16259 3753/101/16260 3752/101/16261
f 3739/101/16262 3728/101/16263 3749/101/16264 3718/101/16265
f 3753/101/16266 204/101/16267 3740/101/16268
f 3751/101/16269 3727/101/16270 3728/101/16271
f 3528/101/16272 3514/101/16273 3518/101/16274 3529/101/16275
f 3553/101/16276 3544/101/16277 3515/101/16278
f 3748/101/16279 3742/101/16280 3736/101/16281 3726/101/16282
f 3582/101/16283 3597/101/16284 3567/101/16285
f 3737/101/16286 3738/101/16287 3714/101/16288 3713/101/16289
f 3751/101/16290 3728/101/16291 3738/101/16292 3737/101/16293
f 3739/101/16294 3738/101/16295 3728/101/16296
f 3740/101/16297 3752/101/16298 3753/101/16299
f 3587/101/16300 3581/101/16301 3588/101/16302
f 3566/101/16303 3565/101/16304 3580/101/16305 3596/101/16306
f 3529/101/16307 3544/101/16308 3528/101/16309
f 3757/101/16310 3779/101/16311 3791/101/16312 3780/101/16313
f 3680/101/16314 3676/101/16315 3643/101/16316
f 3658/101/16317 251/101/16318 3643/101/16319
f 3755/101/16320 3754/101/16320 3764/101/16320
f 3787/101/16321 3768/101/16322 3754/101/16323
f 3780/101/16324 3791/101/16325 3776/101/16326 3765/101/16327
f 3764/101/16328 3774/101/16329 3775/101/16330
f 3639/101/16331 3619/101/16332 3599/101/16333
f 3608/101/16334 3624/101/16335 3623/101/16336
f 3679/101/16337 3680/101/16338 3662/101/16339
f 3788/101/16340 3787/101/16341 3773/101/16342
f 3621/101/16343 3623/101/16344 3622/101/16345
f 3625/101/16346 3642/101/16347 3628/101/16348
f 3791/101/16349 3779/101/16350 3776/101/16351
f 3758/101/16352 3778/101/16353 3779/101/16354
f 3758/101/16355 3776/101/16356 3778/101/16357
f 3773/101/16358 3755/101/16359 3790/101/16360
f 3754/101/16361 3772/101/16362 3774/101/16363
f 3666/101/16364 3669/101/16365 3659/101/16366
f 3680/101/16367 3679/101/16368 3663/101/16369 3664/101/16370
f 3626/101/16371 3628/101/16372 3631/101/16373
f 3622/101/16374 3638/101/16375 3621/101/16376
f 3631/101/16377 3607/101/16378 3625/101/16379 3626/101/16380
f 3608/101/16381 3619/101/16382 3624/101/16383
f 3772/101/16384 3768/101/16385 3788/101/16386
f 3756/101/16387 3775/101/16388 3790/101/16389
f 3776/101/16390 3779/101/16391 3778/101/16392
f 3775/101/16393 3774/101/16394 3790/101/16395
f 3794/101/16396 3793/101/16397 3803/101/16398 3795/101/16399
f 3773/101/16400 3774/101/16401 3772/101/16402
f 3643/101/16403 3650/101/16404 3662/101/16405
f 3605/101/16406 3628/101/16407 3642/101/16408
f 3665/101/16409 3676/101/16410 3664/101/16410
f 3644/101/16411 3669/101/16412 3671/101/16413
f 3774/101/16414 3773/101/16415 3790/101/16416
f 3724/101/16417 3723/101/16418 3735/101/16419
f 3800/101/16420 3793/101/16421 3794/101/16422
f 3800/101/16423 3818/101/16424 3831/101/16425 3810/101/16426
f 3686/101/16427 3705/101/16428 3704/101/16429
f 3722/101/16430 3704/101/16431 3721/101/16432
f 3725/101/16433 3750/101/16434 3745/101/16435
f 3800/101/16436 3814/101/16437 3793/101/16438
f 3795/101/16439 3833/101/16440 3824/101/16441 3794/101/16442
f 3814/101/16443 3815/101/16444 3816/101/16445
f 3712/101/16446 3716/101/16447 3700/101/16448
f 3708/101/16449 3702/101/16450 3720/101/16451
f 3705/101/16452 3720/101/16453 3704/101/16454
f 3797/101/16455 3819/101/16456 3823/101/16457 3796/101/16458
f 3814/101/16459 3831/101/16460 3815/101/16461
f 3819/101/16462 3822/101/16463 3823/101/16464
f 3820/101/16465 3802/101/16466 3822/101/16467
f 3796/101/16468 3823/101/16469 3822/101/16470
f 3819/101/16471 3801/101/16472 3820/101/16473
f 3712/101/16474 3711/101/16475 3716/101/16476
f 3818/101/16477 3794/101/16478 3824/101/16479
f 3816/101/16480 3818/101/16481 3824/101/16482
f 3793/101/16483 3816/101/16484 3817/101/16485
f 3722/101/16486 3703/101/16487 3686/101/16488 3704/101/16489
f 3723/101/16490 3747/101/16491 3746/101/16492
f 3701/101/16493 3708/101/16494 3705/101/16495
f 236/101/16496 3692/101/16497 3717/101/16498 3711/101/16499
f 3717/101/16500 3692/101/16501 3691/101/16502 3716/101/16503
f 3803/101/16504 3817/101/16505 3833/101/16506 3795/101/16507
f 230/101/16508 3798/101/16509 3792/101/16510
f 3831/101/16511 3818/101/16512 3816/101/16513
f 3817/101/16514 3824/101/16515 3833/101/16516
f 3759/101/16517 3760/101/16518 3733/101/16519
f 3699/101/16520 3701/101/16521 3687/101/16522
f 3766/101/16523 3762/101/16524 3763/101/16525
f 3734/101/16526 3760/101/16527 3731/101/16528
f 3789/101/16529 3805/101/16530 3781/101/16531
f 3872/101/16532 3869/101/16533 3864/101/16534
f 3843/101/16535 3835/101/16536 3836/101/16537
f 3835/101/16538 3842/101/16539 3836/101/16540
f 3844/101/16541 3861/101/16542 3862/101/16543
f 3762/101/16544 3744/101/16545 3724/101/16546
f 3766/101/16547 3747/101/16548 3762/101/16549
f 3769/101/16550 230/101/16551 3767/101/16552
f 3843/101/16553 3858/101/16554 3835/101/16555
f 3858/101/16556 3871/101/16557 3859/101/16558
f 3860/101/16559 3836/101/16560 3852/101/16561
f 3782/101/16562 3792/101/16563 3789/101/16564
f 3805/101/16565 3807/101/16566 3769/101/16567
f 3858/101/16568 3851/101/16569 3871/101/16570
f 3872/101/16571 3864/101/16572 3863/101/16573
f 3759/101/16574 3761/101/16575 3731/101/16576
f 3863/101/16577 3864/101/16578 3865/101/16579
f 3837/101/16580 3865/101/16581 3864/101/16582
f 3863/101/16583 3839/101/16584 3872/101/16585
f 3865/101/16586 3839/101/16587 3863/101/16588
f 3851/101/16589 3843/101/16590 3860/101/16591
f 3861/101/16592 3860/101/16593 3852/101/16594
f 3844/101/16595 3862/101/16596 3852/101/16597
f 3798/101/16598 3784/101/16599 3806/101/16600 3785/101/16601
f 3798/101/16602 3807/101/16603 3792/101/16604
f 3798/101/16605 3785/101/16606 3807/101/16607
f 3783/101/16608 3777/101/16609 3799/101/16610 3804/101/16611
f 3859/101/16612 3861/101/16613 3842/101/16614 3835/101/16615
f 3826/101/16616 3811/101/16617 3809/101/16618
f 3862/101/16619 3861/101/16620 3852/101/16621
f 3870/101/16622 3836/101/16623 3842/101/16624
f 3799/101/16625 3808/101/16626 3770/101/16627
f 3771/101/16628 3777/101/16629 3786/101/16630
f 2744/101/16631 2723/101/16632 2710/101/16633
f 2711/101/16634 2729/101/16635 2709/101/16636
f 1088/101/16637 1055/101/16638 1062/101/16639
f 3114/101/16640 3100/101/16641 3101/101/16642
f 1170/101/16643 1137/101/16644 1136/101/16645
f 3218/101/16646 3230/101/16647 3220/101/16648
f 3590/101/16649 3596/101/16650 3589/101/16651
f 1374/101/16652 1340/101/16653 1345/101/16654
f 3725/101/16655 3724/101/16656 3743/101/16657
f 1496/101/16658 1463/101/16659 1470/101/16660
f 1579/101/16661 1545/101/16662 1544/101/16663
f 1622/101/16664 1584/101/16665 1593/101/16666
f 190/577/16667 196/88/16668 189/523/16669
f 340/245/16670 338/134/16670 347/133/16670
f 120/101/16671 1750/101/16672 1783/101/16673
f 753/326/16674 746/457/16675 758/562/16676 780/331/16677
f 799/434/16678 824/437/16679 798/481/16680 800/370/16681
f 1107/101/16682 1102/101/16683 1133/101/16684
f 1144/101/16685 1149/101/16686 1167/101/16687
f 1275/101/16688 1276/101/16689 1267/101/16690 1265/101/16688
f 2479/101/16691 2480/101/16692 2447/101/16693
f 2870/101/16694 2850/101/16695 2858/101/16696 2868/101/16697
f 3650/101/16698 3665/101/16699 3664/101/16700
f 1549/101/16701 1518/101/16702 1513/101/16703
f 925/515/16704 4021/604/16705 4020/605/16706 924/400/16707
f 882/600/16708 4018/606/16709 4017/607/16710
f 882/600/16711 4017/607/16712 4016/608/16713 881/512/16714
f 917/511/16715 4013/609/16716 4012/610/16717
f 917/511/16718 4012/610/16719 4011/611/16720 916/509/16721
f 916/509/16722 4011/611/16723 4010/612/16724
f 869/503/16725 4005/613/16726 4004/614/16727
f 868/502/16728 4003/615/16729 4002/616/16730 911/572/16731
f 911/572/16732 4002/616/16733 4001/617/16734
f 911/501/16735 4001/618/16736 4000/619/16737 910/498/16738
f 907/423/16739 3998/620/16740 3997/621/16741
f 907/423/16742 3997/621/16743 3996/622/16744 905/325/16745
f 900/598/16746 3993/623/16747 4025/624/16748 866/393/16749
f 498/216/16750 3990/625/16750 3989/215/16750
f 467/203/16751 3986/626/16751 3985/202/16751
f 457/587/16752 465/204/16752 3984/547/16752 3983/627/16752
f 451/194/16753 3982/628/16753 3981/193/16753
f 414/181/16754 3980/334/16754 3979/180/16754
f 318/160/16755 669/364/16756 421/340/16755
f 348/149/16757 3975/629/16757 3974/148/16757
f 320/139/16758 3972/630/16758 3971/138/16758
f 297/343/16759 122/169/16760 111/168/16761
f 927/516/16762 928/571/16763 3967/631/16764 4023/632/16765
f 928/571/16766 4024/633/16767 3967/631/16768
f 926/402/16769 927/516/16770 3966/634/16771 4022/635/16772
f 927/516/16773 4023/632/16774 3966/634/16775
f 926/402/16776 4022/635/16777 3965/636/16778
f 925/515/16779 3964/637/16780 4021/604/16781
f 925/515/16782 926/402/16783 3965/636/16784 3964/637/16785
f 923/513/16786 3963/638/16787 4019/639/16788
f 924/400/16789 4020/605/16790 3963/638/16791 923/513/16792
f 882/600/16793 923/513/16794 3962/640/16795 4018/606/16796
f 923/513/16797 4019/639/16798 3962/640/16799
f 881/512/16800 4016/608/16801 3961/641/16802
f 881/512/16803 3961/641/16804 3960/642/16805 880/574/16806
f 879/599/16807 880/574/16808 3959/643/16809 4015/644/16810
f 880/574/16811 3960/642/16812 3959/643/16813
f 879/599/16814 3958/645/16815 4014/646/16816 878/573/16817
f 879/599/16818 4015/644/16819 3958/645/16820
f 878/573/16821 3957/647/16822 4013/609/16823 917/511/16824
f 878/573/16825 4014/646/16826 3957/647/16827
f 877/508/16828 3956/648/16829 4009/649/16830
f 916/509/16831 4010/612/16832 3956/648/16833 877/508/16834
f 876/397/16835 877/508/16836 3955/650/16837 4008/651/16838
f 877/508/16839 4009/649/16840 3955/650/16841
f 876/397/16842 4008/651/16843 3954/603/16844
f 2321/101/16845 2323/101/16846 2332/101/16847
f 2409/101/16848 2395/101/16849 2375/101/16850
f 874/506/16851 3952/652/16852 4006/653/16853 872/575/16854
f 874/506/16855 4007/570/16856 3952/652/16857
f 872/575/16858 4006/653/16859 3951/654/16860
f 872/575/16861 3951/654/16862 3950/655/16863 870/396/16864
f 869/503/16865 870/396/16866 3949/656/16867 4005/613/16868
f 870/396/16869 3950/655/16870 3949/656/16871
f 868/502/16872 3948/657/16873 4003/615/16874
f 869/503/16875 4004/614/16876 3948/657/16877 868/502/16878
f 910/498/16879 3947/658/16880 3999/659/16881 908/497/16882
f 910/498/16883 4000/619/16884 3947/658/16885
f 908/497/16886 3946/660/16887 3998/620/16888 907/423/16889
f 908/497/16890 3999/659/16891 3946/660/16892
f 905/325/16893 3945/661/16894 3995/662/16895 903/495/16896
f 905/325/16897 3996/622/16898 3945/661/16899
f 903/495/16900 3995/662/16901 3944/601/16902
f 2516/101/16903 2518/101/16904 2505/101/16905
f 902/494/16906 3943/602/16907 3994/663/16908 901/492/16909
f 901/492/16910 3942/664/16911 3993/623/16912 900/598/16913
f 901/492/16914 3994/663/16915 3942/664/16916
f 928/571/16917 866/393/16918 3941/665/16919 4024/633/16920
f 866/393/16921 4025/624/16922 3941/665/16923
f 1034/101/16924 1018/101/16925 1008/101/16926
f 1007/101/16927 1027/101/16928 1005/101/16929
f 989/101/16930 1001/101/16931 966/101/16932
f 541/594/16933 3938/593/16933 3937/591/16933 531/38/16933 542/556/16933
f 986/101/16934 961/101/16935 970/101/16936
f 522/407/16937 525/408/16937 3936/409/16937 3991/553/16937
f 977/101/16938 969/101/16939 992/101/16940
f 514/403/16941 522/407/16941 3935/554/16941 3934/549/16941
f 961/101/16942 1003/101/16943 970/101/16944
f 958/516/16945 914/517/16946 26/22/16947
f 81/43/16948 891/512/16949 893/46/16950
f 944/513/16951 54/55/16952 899/514/16953
f 503/399/16954 507/219/16954 3930/550/16954 3929/590/16954
f 498/216/16955 503/399/16955 3928/589/16955 3990/625/16955
f 132/107/16956 887/508/16957 118/69/16958
f 213/499/16959 939/501/16960 206/500/16961
f 486/388/16962 495/217/16962 3926/588/16962 3988/666/16962
f 206/147/16963 862/502/16964 194/87/16965
f 486/388/16966 3988/666/16966 3925/389/16966
f 118/69/16967 859/488/16968 1972/487/16969
f 474/378/16970 3923/667/16970 3987/668/16970
f 474/378/16971 481/379/16971 3924/669/16971 3923/667/16971
f 467/203/16972 474/378/16972 3922/670/16972 3986/626/16972
f 474/378/16973 3987/668/16973 3922/670/16973
f 506/482/16974 680/281/16974 458/425/16974
f 615/428/16975 749/459/16976 631/369/16977
f 451/194/16978 457/587/16978 3920/671/16978 3982/628/16978
f 457/587/16979 3983/627/16979 3920/671/16979
f 370/439/16980 789/471/16980 443/445/16980
f 444/195/16981 3919/192/16981 3918/544/16981
f 407/421/16982 786/469/16982 539/365/16982
f 435/190/16983 441/196/16983 3917/543/16983 3916/586/16983
f 799/434/16984 800/370/16985 779/464/16986
f 786/469/16987 715/443/16988 788/470/16987
f 425/335/16989 423/191/16989 3914/188/16989 3913/342/16989
f 611/424/16990 745/456/16991 613/277/16990
f 779/464/16992 778/465/16993 766/429/16994
f 425/335/16995 3912/341/16995 3911/336/16995
f 752/283/16996 841/458/16997 739/451/16998
f 410/183/16999 414/181/16999 3910/182/16999 3909/672/16999
f 410/183/17000 3909/672/17000 3908/673/17000 401/585/17000 402/173/17000
f 401/585/17001 3908/673/17001 3907/674/17001
f 396/172/17002 401/585/17002 3907/674/17002 3906/675/17002
f 396/172/17003 3906/675/17003 3905/542/17003 389/318/17003
f 443/445/17004 502/418/17005 595/246/17006
f 370/439/17007 595/246/17008 369/414/17009
f 355/361/17010 510/256/17011 354/260/17012
f 372/297/17013 381/317/17013 3902/541/17013 3901/584/17013
f 387/440/17014 594/441/17015 297/343/17016
f 367/296/17017 372/297/17017 3900/583/17017 3899/676/17017
f 367/296/17018 3899/676/17018 3978/538/17018
f 351/539/17019 362/151/17019 3898/677/17019 3976/678/17019
f 362/151/17020 3977/537/17020 3898/677/17020
f 351/539/17021 3976/678/17021 3897/534/17021 349/276/17021
f 348/149/17022 349/276/17022 3896/533/17022 3975/629/17022
f 766/429/17023 820/431/17024 636/430/17025
f 609/304/17026 412/303/17026 608/267/17026
f 333/536/17027 341/275/17027 3894/679/17027 3973/680/17027
f 341/275/17028 348/149/17028 3895/150/17028 3894/679/17028
f 333/536/17029 3973/680/17029 3893/681/17029
f 327/540/17030 333/536/17030 3893/681/17030 3892/682/17030
f 320/139/17031 327/540/17031 3891/683/17031 3972/630/17031
f 327/540/17032 3892/682/17032 3891/683/17032
f 160/185/17033 369/414/17034 163/248/17035
f 595/246/17036 182/415/17037 171/247/17038
f 335/251/17039 850/158/17040 386/244/17041
f 302/306/17042 20/18/17043 12/6/17044
f 293/234/17045 298/134/17045 3887/582/17045 3886/239/17045
f 278/329/17046 849/411/17047 30/19/17048
f 302/306/17049 12/6/17050 271/4/17051
f 857/228/17052 254/112/17053 244/257/17054
f 281/226/17055 285/232/17055 3884/231/17055 3968/227/17055
f 570/290/17056 580/406/17056 528/274/17056
f 272/222/17057 273/225/17057 3883/224/17057 3882/223/17057
f 244/257/17058 254/112/17059 251/108/17060
f 576/403/17061 578/404/17061 574/219/17061
f 258/209/17062 272/222/17062 3880/579/17062 3879/578/17062
f 571/399/17063 573/218/17063 568/212/17063
f 3924/386/17064 3925/389/17064 549/388/17064 540/387/17064
f 255/123/17065 258/209/17065 3877/208/17065 3876/684/17065
f 255/123/17066 3876/684/17066 3940/595/17066 541/594/17066 542/556/17066
f 3813/101/17067 3834/101/17068 3832/101/17069
f 3841/101/17070 3829/101/17071 3809/101/17072 3830/101/17073
f 3845/101/17074 3847/101/17075 3825/101/17076
f 3840/101/17077 3848/101/17078 3828/101/17079
f 3821/101/17080 225/101/17081 3838/101/17082 3840/101/17083
f 3812/101/17084 3848/101/17085 3849/101/17086
f 3834/101/17087 3813/101/17088 3846/101/17089 3827/101/17090
f 3849/101/17091 3838/101/17092 225/101/17093
f 3847/101/17094 3827/101/17095 3826/101/17096
f 3845/101/17097 3825/101/17098 3829/101/17099 3841/101/17100
f 3830/101/17101 3809/101/17102 3811/101/17103 3832/101/17104
f 3847/101/17105 3830/101/17106 3832/101/17107 3827/101/17108
f 3834/101/17109 3827/101/17110 3832/101/17111
f 3838/101/17112 3849/101/17113 3848/101/17114
f 3856/101/17115 4030/101/17116 4034/101/17117 4029/101/17118
f 3854/101/17119 3866/101/17119 3850/101/17119
f 4031/101/17120 3850/101/17121 3868/101/17122
f 4030/101/17123 3867/101/17124 4027/101/17125 4034/101/17126
f 3866/101/17127 4026/101/17128 3875/101/17129
f 4032/101/17130 3874/101/17131 4031/101/17132
f 4034/101/17133 4027/101/17134 4029/101/17135
f 3857/101/17136 4029/101/17137 4028/101/17138
f 3857/101/17139 4028/101/17140 4027/101/17141
f 3874/101/17142 4033/101/17143 3854/101/17144
f 3850/101/17145 3875/101/17146 3873/101/17147
f 3873/101/17148 4032/101/17149 3868/101/17150
f 3855/101/17151 4033/101/17152 4026/101/17153
f 4027/101/17154 4028/101/17155 4029/101/17156
f 4026/101/17157 4033/101/17158 3875/101/17159
f 4036/101/17160 4037/101/17161 4043/101/17162 4035/101/17163
f 3874/101/17164 3873/101/17165 3875/101/17166
f 3875/101/17167 4033/101/17168 3874/101/17169
f 4040/101/17170 4036/101/17171 4035/101/17172
f 4040/101/17173 4044/101/17174 4055/101/17175 4049/101/17176
f 4040/101/17177 4035/101/17178 4045/101/17179
f 4037/101/17180 4036/101/17181 4054/101/17182 4056/101/17183
f 4045/101/17184 4047/101/17185 4046/101/17186
f 4039/101/17187 4038/101/17188 4053/101/17189 4050/101/17190
f 4045/101/17191 4046/101/17192 4055/101/17193
f 4050/101/17194 4053/101/17195 4052/101/17196
f 4051/101/17197 4052/101/17198 4042/101/17199
f 4038/101/17200 4052/101/17201 4053/101/17202
f 4050/101/17203 4051/101/17204 4041/101/17205
f 4049/101/17206 4054/101/17207 4036/101/17208
f 4047/101/17209 4054/101/17210 4049/101/17211
f 4035/101/17212 4048/101/17213 4047/101/17214
f 4043/101/17215 4037/101/17216 4056/101/17217 4048/101/17218
f 4055/101/17219 4047/101/17220 4049/101/17221
f 4048/101/17222 4056/101/17223 4054/101/17224
f 4078/101/17225 4073/101/17226 4075/101/17227
f 4062/101/17228 4058/101/17229 4057/101/17230
f 4057/101/17231 4058/101/17232 4061/101/17233
f 4063/101/17234 4071/101/17235 4070/101/17236
f 4062/101/17237 4057/101/17238 4067/101/17239
f 4067/101/17240 4068/101/17241 4077/101/17242
f 4069/101/17243 4065/101/17244 4058/101/17245
f 4067/101/17246 4077/101/17247 4064/101/17248
f 4078/101/17249 4072/101/17250 4073/101/17251
f 4072/101/17252 4074/101/17253 4073/101/17254
f 4059/101/17255 4073/101/17256 4074/101/17257
f 4072/101/17258 4078/101/17259 4060/101/17260
f 4074/101/17261 4072/101/17262 4060/101/17263
f 4064/101/17264 4069/101/17265 4062/101/17266
f 4070/101/17267 4065/101/17268 4069/101/17269
f 4063/101/17270 4065/101/17271 4071/101/17272
f 4068/101/17273 4057/101/17274 4061/101/17275 4070/101/17276
f 4071/101/17277 4065/101/17278 4070/101/17279
f 4076/101/17280 4061/101/17281 4058/101/17282
f 1123/101/17283 1095/101/17284 1090/101/17285
f 1212/101/17286 1181/101/17287 1182/101/17288
f 1430/101/17289 1392/101/17290 1391/101/17291
f 1555/101/17292 1515/101/17293 1513/101/17294
f 1632/101/17295 1596/101/17296 1597/101/17297
f 1677/101/17298 1642/101/17299 1638/101/17300
f 133/101/17301 1834/101/17302 1799/101/17303
f 2536/101/17304 2502/101/17305 2537/101/17306
f 946/515/17307 945/400/17308 4020/605/17309 4021/604/17310
f 892/600/17311 4017/607/17312 4018/606/17313
f 892/600/17314 891/512/17315 4016/608/17316 4017/607/17317
f 943/511/17318 4012/610/17319 4013/609/17320
f 943/511/17321 940/509/17322 4011/611/17323 4012/610/17324
f 940/509/17325 4010/612/17326 4011/611/17327
f 863/503/17328 4004/614/17329 4005/613/17330
f 862/502/17331 939/572/17332 4002/616/17333 4003/615/17334
f 939/572/17335 4001/617/17336 4002/616/17337
f 939/501/17338 938/498/17339 4000/619/17340 4001/618/17341
f 934/423/17342 3997/621/17343 3998/620/17344
f 934/423/17345 922/325/17346 3996/622/17347 3997/621/17348
f 918/598/17349 861/393/17350 4025/624/17351 3993/623/17352
f 569/216/17353 3989/215/17353 3990/625/17353
f 527/203/17354 3985/202/17354 3986/626/17354
f 513/587/17355 3983/627/17355 3984/547/17355 526/204/17355
f 508/194/17356 3981/193/17356 3982/628/17356
f 466/181/17357 3979/180/17357 3980/334/17357
f 391/149/17358 3974/148/17358 3975/629/17358
f 361/139/17359 3971/138/17359 3972/630/17359
f 958/516/17360 4023/632/17361 3967/631/17362 959/571/17363
f 959/571/17364 3967/631/17365 4024/633/17366
f 947/402/17367 4022/635/17368 3966/634/17369 958/516/17370
f 958/516/17371 3966/634/17372 4023/632/17373
f 947/402/17374 3965/636/17375 4022/635/17376
f 946/515/17377 4021/604/17378 3964/637/17379
f 946/515/17380 3964/637/17381 3965/636/17382 947/402/17383
f 944/513/17384 4019/639/17385 3963/638/17386
f 945/400/17387 944/513/17388 3963/638/17389 4020/605/17390
f 892/600/17391 4018/606/17392 3962/640/17393 944/513/17394
f 944/513/17395 3962/640/17396 4019/639/17397
f 891/512/17398 3961/641/17399 4016/608/17400
f 891/512/17401 890/574/17402 3960/642/17403 3961/641/17404
f 889/599/17405 4015/644/17406 3959/643/17407 890/574/17408
f 890/574/17409 3959/643/17410 3960/642/17411
f 889/599/17412 888/573/17413 4014/646/17414 3958/645/17415
f 889/599/17416 3958/645/17417 4015/644/17418
f 888/573/17419 943/511/17420 4013/609/17421 3957/647/17422
f 888/573/17423 3957/647/17424 4014/646/17425
f 887/508/17426 4009/649/17427 3956/648/17428
f 940/509/17429 887/508/17430 3956/648/17431 4010/612/17432
f 873/397/17433 4008/651/17434 3955/650/17435 887/508/17436
f 887/508/17437 3955/650/17438 4009/649/17439
f 873/397/17440 3954/603/17441 4008/651/17442
f 867/506/17443 865/575/17444 4006/653/17445 3952/652/17446
f 867/506/17447 3952/652/17448 4007/570/17449
f 865/575/17450 3951/654/17451 4006/653/17452
f 865/575/17453 864/396/17454 3950/655/17455 3951/654/17456
f 863/503/17457 4005/613/17458 3949/656/17459 864/396/17460
f 864/396/17461 3949/656/17462 3950/655/17463
f 862/502/17464 4003/615/17465 3948/657/17466
f 863/503/17467 862/502/17468 3948/657/17469 4004/614/17470
f 938/498/17471 935/497/17472 3999/659/17473 3947/658/17474
f 938/498/17475 3947/658/17476 4000/619/17477
f 935/497/17478 934/423/17479 3998/620/17480 3946/660/17481
f 935/497/17482 3946/660/17483 3999/659/17484
f 922/325/17485 921/495/17486 3995/662/17487 3945/661/17488
f 922/325/17489 3945/661/17490 3996/622/17491
f 921/495/17492 3944/601/17493 3995/662/17494
f 920/494/17495 919/492/17496 3994/663/17497 3943/602/17498
f 919/492/17499 918/598/17500 3993/623/17501 3942/664/17502
f 919/492/17503 3942/664/17504 3994/663/17505
f 959/571/17506 4024/633/17507 3941/665/17508 861/393/17509
f 861/393/17510 3941/665/17511 4025/624/17512
f 590/594/17513 591/556/17513 586/38/17513 3937/591/17513 3938/593/17513
f 581/407/17514 3991/553/17514 3936/409/17514 584/408/17514
f 576/403/17515 3934/549/17515 3935/554/17515 581/407/17515
f 571/399/17516 3929/590/17516 3930/550/17516 574/219/17516
f 569/216/17517 3990/625/17517 3928/589/17517 571/399/17517
f 549/388/17518 3988/666/17518 3926/588/17518 566/217/17518
f 549/388/17519 3925/389/17519 3988/666/17519
f 536/378/17520 3987/668/17520 3923/667/17520
f 536/378/17521 3923/667/17521 3924/669/17521 540/379/17521
f 527/203/17522 3986/626/17522 3922/670/17522 536/378/17522
f 536/378/17523 3922/670/17523 3987/668/17523
f 508/194/17524 3982/628/17524 3920/671/17524 513/587/17524
f 513/587/17525 3920/671/17525 3983/627/17525
f 493/195/17526 3918/544/17526 3919/192/17526
f 489/190/17527 3916/586/17527 3917/543/17527 492/196/17527
f 480/335/17528 3913/342/17528 3914/188/17528 478/191/17528
f 480/335/17529 3911/336/17529 3912/341/17529
f 464/183/17530 3909/672/17530 3910/182/17530 466/181/17530
f 464/183/17531 452/173/17531 447/585/17531 3908/673/17531 3909/672/17531
f 447/585/17532 3907/674/17532 3908/673/17532
f 440/172/17533 3906/675/17533 3907/674/17533 447/585/17533
f 440/172/17534 433/318/17534 3905/542/17534 3906/675/17534
f 417/297/17535 3901/584/17535 3902/541/17535 426/317/17535
f 415/296/17536 3899/676/17536 3900/583/17536 417/297/17536
f 415/296/17537 3978/538/17537 3899/676/17537
f 393/539/17538 3976/678/17538 3898/677/17538 409/151/17538
f 409/151/17539 3898/677/17539 3977/537/17539
f 393/539/17540 392/276/17540 3897/534/17540 3976/678/17540
f 391/149/17541 3975/629/17541 3896/533/17541 392/276/17541
f 378/536/17542 3973/680/17542 3894/679/17542 380/275/17542
f 380/275/17543 3894/679/17543 3895/150/17543 391/149/17543
f 378/536/17544 3893/681/17544 3973/680/17544
f 371/540/17545 3892/682/17545 3893/681/17545 378/536/17545
f 361/139/17546 3972/630/17546 3891/683/17546 371/540/17546
f 371/540/17547 3891/683/17547 3892/682/17547
f 331/234/17548 3886/239/17548 3887/582/17548 338/134/17548
f 309/226/17549 3968/227/17549 3884/231/17549 319/232/17549
f 306/222/17550 3882/223/17550 3883/224/17550 307/225/17550
f 289/209/17551 3879/578/17551 3880/579/17551 306/222/17551
f 280/123/17552 3876/684/17552 3877/208/17552 289/209/17552
f 280/123/17553 591/556/17553 590/594/17553 3940/595/17553 3876/684/17553
