# Blender 4.1.1
# www.blender.org
mtllib tire_main.mtl
o Cylinder
v -1.000458 -0.017454 0.226794
v -1.000458 -0.017454 -0.226794
v -0.977778 -0.211705 0.226794
v -0.977778 -0.211705 -0.226794
v -0.917586 -0.397656 0.226794
v -0.917586 -0.397656 -0.226794
v -0.822236 -0.568079 0.226794
v -0.822236 -0.568079 -0.226794
v -0.695442 -0.716316 0.226794
v -0.695442 -0.716316 -0.226794
v -0.542147 -0.836514 0.226794
v -0.542147 -0.836514 -0.226794
v -0.368345 -0.923828 0.226794
v -0.368345 -0.923828 -0.226794
v -0.180864 -0.974579 0.226794
v -0.180864 -0.974579 -0.226794
v 0.999050 0.000000 0.226794
v 0.999050 -0.000000 -0.226794
v 0.977778 -0.211705 0.226794
v 0.977778 -0.211705 -0.226794
v 0.917586 -0.397656 0.226794
v 0.917586 -0.397656 -0.226794
v 0.822236 -0.568079 0.226794
v 0.822236 -0.568079 -0.226794
v 0.695442 -0.716316 0.226794
v 0.695442 -0.716316 -0.226794
v 0.542147 -0.836514 0.226794
v 0.542147 -0.836514 -0.226794
v 0.368345 -0.923828 0.226794
v 0.368345 -0.923828 -0.226794
v -0.977778 0.211705 0.226794
v -0.977778 0.211705 -0.226794
v -0.917586 0.397656 0.226794
v -0.917586 0.397656 -0.226794
v -0.822236 0.568079 0.226794
v -0.822236 0.568079 -0.226794
v -0.695442 0.716316 0.226794
v -0.695442 0.716316 -0.226794
v -0.542147 0.836514 0.226794
v -0.542147 0.836514 -0.226794
v -0.368345 0.923828 0.226794
v -0.368345 0.923828 -0.226794
v -0.180864 0.974579 0.226794
v -0.180864 0.974579 -0.226794
v 0.180864 -0.974579 0.226794
v 0.180864 -0.974579 -0.226794
v 0.977778 0.211705 0.226794
v 0.977778 0.211705 -0.226794
v 0.917586 0.397656 0.226794
v 0.917586 0.397656 -0.226794
v 0.822236 0.568079 0.226794
v 0.822236 0.568079 -0.226794
v 0.695442 0.716316 0.226794
v 0.695442 0.716316 -0.226794
v 0.542147 0.836514 0.226794
v 0.542147 0.836514 -0.226794
v 0.368345 0.923828 0.226794
v 0.368345 0.923828 -0.226794
v 0.180864 0.974579 0.226794
v 0.180864 0.974579 -0.226794
v -1.009960 0.000000 0.082523
v -1.009960 -0.000000 -0.082523
v -0.986896 -0.225360 0.082523
v -0.986896 -0.225360 -0.082523
v -0.923794 -0.413913 0.082523
v -0.923794 -0.413913 -0.082523
v -0.825085 -0.586282 0.082523
v -0.825085 -0.586282 -0.082523
v -0.694608 -0.735729 0.082523
v -0.694608 -0.735729 -0.082523
v -0.537437 -0.856363 0.082523
v -0.537437 -0.856363 -0.082523
v -0.359686 -0.943356 0.082523
v -0.359686 -0.943356 -0.082523
v -0.168261 -0.993150 0.082523
v -0.168261 -0.993150 -0.082523
v 1.009960 0.000000 0.082523
v 1.009960 -0.000000 -0.082523
v 0.986896 -0.225360 0.082523
v 0.986896 -0.225360 -0.082523
v 0.923794 -0.413913 0.082523
v 0.923794 -0.413913 -0.082523
v 0.825085 -0.586282 0.082523
v 0.825085 -0.586282 -0.082523
v 0.694608 -0.735729 0.082523
v 0.694608 -0.735729 -0.082523
v 0.537437 -0.856363 0.082523
v 0.537437 -0.856363 -0.082523
v 0.359686 -0.943356 0.082523
v 0.359686 -0.943356 -0.082523
v -0.986896 0.225360 0.082523
v -0.986896 0.225360 -0.082523
v -0.923794 0.413913 0.082523
v -0.923794 0.413913 -0.082523
v -0.825085 0.586282 0.082523
v -0.825085 0.586282 -0.082523
v -0.694608 0.735729 0.082523
v -0.694608 0.735729 -0.082523
v -0.537437 0.856363 0.082523
v -0.537437 0.856363 -0.082523
v -0.359686 0.943356 0.082523
v -0.359686 0.943356 -0.082523
v -0.168261 0.993150 0.082522
v -0.168261 0.993150 -0.082523
v 0.168261 -0.993150 0.082523
v 0.168261 -0.993150 -0.082523
v 0.986896 0.225360 0.082523
v 0.986896 0.225360 -0.082523
v 0.923794 0.413913 0.082523
v 0.923794 0.413913 -0.082523
v 0.825085 0.586282 0.082523
v 0.825085 0.586282 -0.082523
v 0.694608 0.735729 0.082523
v 0.694608 0.735729 -0.082523
v 0.537437 0.856363 0.082523
v 0.537437 0.856363 -0.082523
v 0.359686 0.943356 0.082523
v 0.359686 0.943356 -0.082523
v 0.168261 0.993150 0.082522
v 0.168261 0.993150 -0.082523
v 0.000000 0.740626 -0.162391
v 0.186773 0.715573 -0.127237
v 0.140963 0.786973 -0.181174
v 0.324211 0.668609 -0.153928
v 0.293041 0.748261 -0.179788
v 0.449425 0.595059 -0.125310
v 0.434377 0.679614 -0.178773
v 0.557756 0.497993 -0.152370
v 0.559407 0.583966 -0.178028
v 0.644883 0.381041 -0.124167
v 0.663220 0.465227 -0.177470
v 0.707393 0.249211 -0.151444
v 0.741749 0.328137 -0.177038
v 0.742903 0.107243 -0.123457
v 0.791916 0.178093 -0.176686
v 0.000000 -0.740626 -0.162390
v 0.810251 -0.000000 -0.176335
v 0.186773 -0.715573 -0.127237
v -0.186773 0.715573 -0.127237
v 0.140963 -0.786973 -0.181174
v -0.140963 0.786973 -0.181174
v -0.324211 0.668609 -0.153928
v -0.293041 0.748261 -0.179788
v -0.449425 0.595059 -0.125310
v -0.434377 0.679614 -0.178773
v -0.557756 0.497993 -0.152370
v -0.559407 0.583966 -0.178028
v -0.644883 0.381041 -0.124167
v -0.663220 0.465227 -0.177470
v -0.707393 0.249211 -0.151444
v -0.741749 0.328137 -0.177038
v -0.742903 0.107243 -0.123457
v -0.791916 0.178093 -0.176686
v -0.810251 -0.000000 -0.176335
v 0.324211 -0.668609 -0.153928
v 0.000000 0.740626 0.162390
v 0.293041 -0.748261 -0.179788
v 0.449425 -0.595059 -0.125310
v 0.434377 -0.679614 -0.178773
v 0.557756 -0.497993 -0.152370
v 0.559407 -0.583966 -0.178028
v 0.644883 -0.381041 -0.124167
v 0.663220 -0.465227 -0.177470
v 0.707393 -0.249211 -0.151444
v 0.741749 -0.328137 -0.177038
v 0.742903 -0.107243 -0.123457
v 0.791916 -0.178093 -0.176686
v -0.186773 -0.715573 -0.127237
v -0.140963 -0.786973 -0.181174
v -0.324211 -0.668609 -0.153928
v -0.293041 -0.748261 -0.179788
v -0.449425 -0.595059 -0.125310
v -0.434377 -0.679614 -0.178773
v -0.557756 -0.497993 -0.152370
v -0.559407 -0.583966 -0.178028
v -0.644883 -0.381041 -0.124167
v -0.663220 -0.465227 -0.177470
v -0.707393 -0.249211 -0.151444
v -0.741749 -0.328137 -0.177038
v -0.742903 -0.107243 -0.123457
v -0.791916 -0.178093 -0.176686
v 0.186773 0.715573 0.127237
v 0.140963 0.786973 0.181174
v 0.324211 0.668609 0.153928
v 0.293041 0.748261 0.179788
v 0.449425 0.595059 0.125310
v 0.434377 0.679614 0.178773
v 0.557756 0.497993 0.152370
v 0.559407 0.583966 0.178028
v 0.644883 0.381041 0.124167
v 0.663220 0.465227 0.177470
v 0.707393 0.249211 0.151444
v 0.741749 0.328137 0.177038
v 0.742903 0.107243 0.123457
v 0.791916 0.178093 0.176686
v 0.000000 -0.740626 0.162391
v 0.810251 0.000000 0.176335
v 0.186773 -0.715573 0.127237
v -0.186773 0.715573 0.127237
v 0.140963 -0.786973 0.181174
v -0.140963 0.786973 0.181174
v -0.324211 0.668609 0.153928
v -0.293041 0.748261 0.179788
v -0.449425 0.595059 0.125310
v -0.434377 0.679614 0.178773
v -0.557756 0.497993 0.152370
v -0.559407 0.583966 0.178028
v -0.644883 0.381041 0.124167
v -0.663220 0.465227 0.177470
v -0.707393 0.249211 0.151444
v -0.741749 0.328137 0.177038
v -0.742903 0.107243 0.123457
v -0.791916 0.178093 0.176686
v -0.810251 0.000000 0.176335
v 0.039244 0.823685 -0.105142
v 0.324211 -0.668609 0.153928
v 0.198726 0.802981 -0.103772
v 0.293041 -0.748261 0.179788
v 0.449425 -0.595059 0.125310
v 0.434377 -0.679614 0.178773
v 0.557756 -0.497993 0.152370
v 0.559407 -0.583966 0.178028
v 0.644883 -0.381041 0.124167
v 0.663220 -0.465227 0.177470
v 0.707393 -0.249211 0.151444
v 0.741749 -0.328137 0.177038
v 0.742903 -0.107243 0.123457
v 0.791916 -0.178093 0.176686
v -0.186773 -0.715573 0.127237
v -0.140963 -0.786973 0.181174
v -0.324211 -0.668609 0.153928
v -0.293041 -0.748261 0.179788
v -0.449425 -0.595059 0.125310
v -0.434377 -0.679614 0.178773
v -0.557756 -0.497993 0.152370
v -0.559407 -0.583966 0.178028
v -0.644883 -0.381041 0.124167
v -0.663220 -0.465227 0.177470
v -0.707393 -0.249211 0.151444
v -0.741749 -0.328137 0.177038
v -0.742903 -0.107243 0.123457
v -0.791916 -0.178093 0.176686
v 0.350724 0.750774 -0.102712
v 0.489346 0.669211 -0.101908
v 0.609193 0.561602 -0.101301
v 0.705594 0.432245 -0.100839
v 0.774790 0.286244 -0.100480
v 0.814078 0.129314 -0.100195
v -0.039244 0.823685 -0.105142
v -0.198726 0.802981 -0.103772
v 0.039244 -0.823685 -0.105142
v -0.350724 0.750774 -0.102712
v -0.489346 0.669211 -0.101908
v -0.609193 0.561602 -0.101301
v -0.705594 0.432245 -0.100839
v -0.774790 0.286244 -0.100480
v -0.814078 0.129314 -0.100195
v 0.039244 0.823685 0.105142
v 0.198726 0.802981 0.103772
v 0.198726 -0.802981 -0.103772
v 0.350724 -0.750774 -0.102712
v 0.489346 -0.669211 -0.101908
v 0.609193 -0.561602 -0.101301
v 0.705594 -0.432245 -0.100839
v 0.774790 -0.286244 -0.100480
v 0.814078 -0.129314 -0.100195
v -0.039244 -0.823685 -0.105142
v -0.198726 -0.802981 -0.103772
v 0.350724 0.750774 0.102712
v 0.489346 0.669211 0.101908
v 0.609193 0.561602 0.101301
v 0.705594 0.432245 0.100839
v 0.774790 0.286244 0.100480
v 0.814078 0.129314 0.100195
v -0.039244 0.823685 0.105142
v -0.198726 0.802981 0.103772
v 0.039244 -0.823685 0.105142
v -0.350724 0.750774 0.102712
v -0.489346 0.669211 0.101908
v -0.609193 0.561602 0.101301
v -0.705594 0.432245 0.100839
v -0.774790 0.286244 0.100480
v -0.814078 0.129314 0.100195
v -0.986688 0.225832 -0.000000
v -0.536708 0.858079 -0.000000
v 0.198726 -0.802981 0.103772
v 0.350724 -0.750774 0.102712
v 0.489346 -0.669211 0.101908
v 0.609193 -0.561602 0.101301
v 0.705594 -0.432245 0.100839
v 0.774790 -0.286244 0.100480
v 0.814078 -0.129314 0.100195
v -0.039244 -0.823685 0.105142
v -0.198726 -0.802981 0.103772
v -0.350724 -0.750774 0.102712
v -0.489346 -0.669211 0.101908
v -0.986688 -0.225832 0.000000
v -0.536708 -0.858079 0.000000
v 0.986688 -0.225832 0.000000
v 0.536708 -0.858079 0.000000
v 0.986688 0.225832 -0.000000
v 0.536708 0.858079 -0.000000
v -0.923510 0.414564 -0.000000
v -0.358667 0.945783 -0.000000
v -0.923510 -0.414564 0.000000
v -0.358667 -0.945783 0.000000
v 0.923510 -0.414564 0.000000
v 0.358667 -0.945783 0.000000
v 0.923510 0.414564 -0.000000
v 0.358667 0.945783 -0.000000
v -0.824699 0.587171 -0.000000
v -0.166837 0.996597 -0.000000
v -0.824699 -0.587171 0.000000
v -0.166837 -0.996597 0.000000
v 0.824699 -0.587171 0.000000
v 0.166837 -0.996597 0.000000
v 0.824699 0.587171 -0.000000
v 0.166837 0.996597 -0.000000
v -1.009784 0.000000 0.000000
v -0.694081 0.736956 -0.000000
v -0.694081 -0.736956 0.000000
v 1.009784 0.000000 0.000000
v 0.694081 0.736956 -0.000000
v 0.694081 -0.736956 0.000000
v -0.350724 -0.750774 -0.102712
v -0.489346 -0.669211 -0.101908
v 0.000000 1.006623 -0.000000
v 0.000000 -1.006623 0.000000
v -0.609193 -0.561602 0.101301
v -0.705594 -0.432245 0.100839
v -0.774790 -0.286244 0.100480
v -0.814078 -0.129314 0.100195
v 0.000000 0.793235 0.182857
v 0.000000 -0.793235 0.182857
v 0.000000 1.002093 0.082522
v 0.000000 0.985602 0.226794
v 0.000000 -1.002093 0.082523
v 0.000000 -0.985602 0.226794
v 0.757411 0.000000 0.155441
v -0.757411 0.000000 0.155441
v 0.820345 0.000000 0.100009
v -0.748030 0.000000 0.143538
v -0.820345 0.000000 0.100009
v 0.748030 0.000000 0.143538
v -0.278787 -0.961376 0.109223
v -0.187844 -0.985307 0.110347
v -0.313213 -0.938752 0.226795
v -0.217417 -0.964684 0.226795
v -0.262676 -0.971089 0.004252
v -0.172545 -0.994933 0.004902
v -0.276942 -0.963080 0.097838
v -0.188072 -0.986337 0.098375
v -0.326284 -0.993490 0.227788
v -0.295683 -1.025057 0.109285
v -0.231353 -1.019264 0.228516
v -0.204740 -1.048988 0.110409
v -0.279572 -1.034770 0.004314
v -0.293838 -1.026760 0.097900
v -0.204969 -1.050018 0.098437
v -0.189441 -1.058614 0.004963
v -0.609193 -0.561602 -0.101301
v -0.705594 -0.432245 -0.100839
v -0.774790 -0.286244 -0.100480
v -0.814078 -0.129314 -0.100195
v 0.000000 0.793235 -0.182857
v 0.000000 -0.793235 -0.182857
v 0.000000 1.002093 -0.082523
v 0.000000 0.985602 -0.226794
v 0.000000 -1.002093 -0.082523
v 0.000000 -0.985602 -0.226794
v 0.757411 -0.000000 -0.155441
v -0.757411 -0.000000 -0.155441
v 0.820345 -0.000000 -0.100009
v -0.748030 -0.000000 -0.143538
v -0.820345 -0.000000 -0.100009
v 0.748030 -0.000000 -0.143538
v -0.278787 -0.961376 -0.109223
v -0.187844 -0.985307 -0.110347
v -0.313213 -0.938752 -0.226794
v -0.217417 -0.964684 -0.226794
v -0.262676 -0.971089 -0.004252
v -0.172545 -0.994933 -0.004902
v -0.276942 -0.963080 -0.097838
v -0.188072 -0.986337 -0.098375
v -0.326284 -0.993490 -0.227788
v -0.295683 -1.025057 -0.109284
v -0.231353 -1.019264 -0.228515
v -0.204740 -1.048988 -0.110409
v -0.279572 -1.034770 -0.004314
v -0.293838 -1.026760 -0.097899
v -0.204969 -1.050018 -0.098437
v -0.189441 -1.058614 -0.004963
v -0.382854 -0.924872 0.109223
v -0.295096 -0.958663 0.110347
v -0.414582 -0.898599 0.226795
v -0.322221 -0.934911 0.226795
v -0.367909 -0.936299 0.004252
v -0.280949 -0.969913 0.004902
v -0.381208 -0.926768 0.097838
v -0.295436 -0.959661 0.098375
v -0.433596 -0.951566 0.227788
v -0.406653 -0.986308 0.109285
v -0.342077 -0.987627 0.228516
v -0.318895 -1.020098 0.110409
v -0.391708 -0.997734 0.004314
v -0.405007 -0.988204 0.097900
v -0.319235 -1.021097 0.098437
v -0.304748 -1.031349 0.004963
v -0.382854 -0.924872 -0.109223
v -0.295096 -0.958663 -0.110347
v -0.414582 -0.898599 -0.226794
v -0.322221 -0.934912 -0.226794
v -0.367909 -0.936299 -0.004252
v -0.280949 -0.969913 -0.004902
v -0.381208 -0.926768 -0.097838
v -0.295436 -0.959661 -0.098375
v -0.433596 -0.951566 -0.227788
v -0.406653 -0.986308 -0.109284
v -0.342077 -0.987627 -0.228515
v -0.318895 -1.020098 -0.110409
v -0.391708 -0.997734 -0.004314
v -0.405007 -0.988204 -0.097899
v -0.319235 -1.021097 -0.098437
v -0.304748 -1.031349 -0.004963
v -0.482274 -0.877142 0.109223
v -0.398765 -0.920381 0.110347
v -0.510919 -0.847537 0.226795
v -0.423113 -0.893790 0.226795
v -0.468677 -0.890143 0.004252
v -0.385942 -0.933119 0.004902
v -0.480847 -0.879207 0.097838
v -0.399214 -0.921336 0.098375
v -0.535645 -0.898092 0.227788
v -0.512687 -0.935587 0.109285
v -0.448647 -0.944001 0.228516
v -0.429178 -0.978826 0.110409
v -0.499089 -0.948588 0.004314
v -0.511259 -0.937652 0.097900
v -0.429627 -0.979781 0.098437
v -0.416355 -0.991564 0.004963
v -0.482274 -0.877142 -0.109223
v -0.398765 -0.920381 -0.110347
v -0.510919 -0.847537 -0.226794
v -0.423113 -0.893790 -0.226794
v -0.468677 -0.890143 -0.004252
v -0.385942 -0.933119 -0.004902
v -0.480847 -0.879207 -0.097838
v -0.399214 -0.921336 -0.098375
v -0.535645 -0.898092 -0.227788
v -0.512687 -0.935587 -0.109284
v -0.448647 -0.944001 -0.228515
v -0.429178 -0.978826 -0.110409
v -0.499089 -0.948588 -0.004314
v -0.511259 -0.937652 -0.097899
v -0.429627 -0.979781 -0.098437
v -0.416355 -0.991564 -0.004963
v -0.575840 -0.818764 0.109223
v -0.497595 -0.870928 0.110347
v -0.601054 -0.786188 0.226795
v -0.518869 -0.841820 0.226795
v -0.563755 -0.833182 0.004252
v -0.486250 -0.884999 0.004902
v -0.574648 -0.820974 0.097838
v -0.498145 -0.871828 0.098375
v -0.631191 -0.833716 0.227788
v -0.612498 -0.873509 0.109285
v -0.549772 -0.888917 0.228516
v -0.534252 -0.925672 0.110409
v -0.600413 -0.887926 0.004314
v -0.611306 -0.875719 0.097900
v -0.534803 -0.926572 0.098437
v -0.522908 -0.939744 0.004963
v -0.575840 -0.818764 -0.109223
v -0.497595 -0.870928 -0.110347
v -0.601055 -0.786188 -0.226794
v -0.518869 -0.841820 -0.226794
v -0.563755 -0.833182 -0.004252
v -0.486250 -0.884999 -0.004902
v -0.574648 -0.820974 -0.097838
v -0.498145 -0.871828 -0.098375
v -0.631191 -0.833716 -0.227788
v -0.612498 -0.873509 -0.109284
v -0.549772 -0.888917 -0.228515
v -0.534252 -0.925672 -0.110409
v -0.600413 -0.887926 -0.004314
v -0.611306 -0.875719 -0.097899
v -0.534803 -0.926572 -0.098437
v -0.522908 -0.939744 -0.004963
v -0.662416 -0.750448 0.109223
v -0.590384 -0.810902 0.110347
v -0.683894 -0.715295 0.226795
v -0.608327 -0.779630 0.226795
v -0.651990 -0.766107 0.004252
v -0.580656 -0.826136 0.004902
v -0.661475 -0.752775 0.097838
v -0.591030 -0.811736 0.098375
v -0.719076 -0.759219 0.227788
v -0.704873 -0.800827 0.109285
v -0.644224 -0.823042 0.228516
v -0.632841 -0.861282 0.110409
v -0.694448 -0.816487 0.004314
v -0.703932 -0.803155 0.097900
v -0.633488 -0.862116 0.098437
v -0.623114 -0.876516 0.004963
v -0.662416 -0.750448 -0.109223
v -0.590384 -0.810902 -0.110347
v -0.683894 -0.715295 -0.226794
v -0.608327 -0.779631 -0.226794
v -0.651990 -0.766107 -0.004252
v -0.580656 -0.826136 -0.004902
v -0.661475 -0.752775 -0.097838
v -0.591030 -0.811736 -0.098375
v -0.719076 -0.759219 -0.227788
v -0.704873 -0.800827 -0.109284
v -0.644224 -0.823042 -0.228515
v -0.632841 -0.861282 -0.110409
v -0.694448 -0.816487 -0.004314
v -0.703932 -0.803155 -0.097899
v -0.633488 -0.862116 -0.098437
v -0.623114 -0.876516 -0.004963
v -0.740951 -0.673022 0.109223
v -0.676006 -0.741034 0.110347
v -0.758431 -0.635720 0.226795
v -0.690401 -0.707978 0.226795
v -0.732311 -0.689733 0.004252
v -0.668014 -0.757245 0.004902
v -0.740271 -0.675439 0.097838
v -0.676741 -0.741791 0.098375
v -0.798232 -0.675507 0.227788
v -0.788693 -0.718425 0.109285
v -0.730855 -0.747177 0.228516
v -0.723748 -0.786437 0.110409
v -0.780053 -0.735137 0.004314
v -0.788013 -0.720842 0.097900
v -0.724483 -0.787194 0.098437
v -0.715756 -0.802648 0.004963
v -0.740951 -0.673022 -0.109223
v -0.676006 -0.741034 -0.110347
v -0.758431 -0.635720 -0.226794
v -0.690401 -0.707978 -0.226794
v -0.732311 -0.689733 -0.004252
v -0.668014 -0.757245 -0.004902
v -0.740271 -0.675439 -0.097838
v -0.676741 -0.741791 -0.098375
v -0.798232 -0.675507 -0.227788
v -0.788693 -0.718425 -0.109284
v -0.730855 -0.747177 -0.228515
v -0.723748 -0.786437 -0.110409
v -0.780053 -0.735137 -0.004314
v -0.788013 -0.720842 -0.097899
v -0.724483 -0.787194 -0.098437
v -0.715756 -0.802648 -0.004963
v -0.810492 -0.587426 0.109223
v -0.753423 -0.662170 0.110347
v -0.823763 -0.548428 0.226795
v -0.764094 -0.627731 0.226795
v -0.803743 -0.604987 0.004252
v -0.747262 -0.679162 0.004902
v -0.810082 -0.589904 0.097838
v -0.754236 -0.662842 0.098375
v -0.867698 -0.583595 0.227788
v -0.862939 -0.627302 0.109285
v -0.808615 -0.662242 0.228516
v -0.805870 -0.702045 0.110409
v -0.856190 -0.644862 0.004314
v -0.862529 -0.629779 0.097900
v -0.806683 -0.702718 0.098437
v -0.799710 -0.719038 0.004963
v -0.810492 -0.587426 -0.109223
v -0.753423 -0.662170 -0.110347
v -0.823763 -0.548428 -0.226794
v -0.764094 -0.627731 -0.226794
v -0.803743 -0.604987 -0.004252
v -0.747262 -0.679162 -0.004902
v -0.810082 -0.589904 -0.097838
v -0.754236 -0.662842 -0.098375
v -0.867699 -0.583595 -0.227788
v -0.862939 -0.627302 -0.109284
v -0.808615 -0.662242 -0.228515
v -0.805870 -0.702045 -0.110409
v -0.856190 -0.644862 -0.004314
v -0.862529 -0.629779 -0.097899
v -0.806683 -0.702718 -0.098437
v -0.799710 -0.719038 -0.004963
v -0.870194 -0.494700 0.109223
v -0.821695 -0.575268 0.110347
v -0.879094 -0.454479 0.226795
v -0.828512 -0.539864 0.226795
v -0.865418 -0.512897 0.004252
v -0.817441 -0.592835 0.004902
v -0.870060 -0.497207 0.097838
v -0.822577 -0.575847 0.098375
v -0.926632 -0.484599 0.227788
v -0.926710 -0.528564 0.109285
v -0.876559 -0.569269 0.228516
v -0.878210 -0.609132 0.110409
v -0.921934 -0.546760 0.004314
v -0.926575 -0.531071 0.097900
v -0.879092 -0.609711 0.098437
v -0.873956 -0.626699 0.004963
v -0.870194 -0.494700 -0.109223
v -0.821695 -0.575268 -0.110347
v -0.879095 -0.454479 -0.226794
v -0.828512 -0.539865 -0.226794
v -0.865418 -0.512897 -0.004252
v -0.817441 -0.592835 -0.004902
v -0.870060 -0.497207 -0.097838
v -0.822577 -0.575847 -0.098375
v -0.926633 -0.484599 -0.227788
v -0.926710 -0.528564 -0.109284
v -0.876559 -0.569269 -0.228515
v -0.878210 -0.609132 -0.110409
v -0.921934 -0.546760 -0.004314
v -0.926575 -0.531071 -0.097899
v -0.879092 -0.609711 -0.098437
v -0.873956 -0.626699 -0.004963
v -0.919334 -0.395969 0.109223
v -0.879992 -0.481383 0.110347
v -0.923755 -0.355013 0.226795
v -0.882873 -0.445445 0.226795
v -0.916589 -0.414581 0.004252
v -0.877696 -0.499312 0.004902
v -0.919476 -0.398476 0.097838
v -0.880932 -0.481862 0.098375
v -0.974318 -0.379721 0.227788
v -0.979231 -0.423411 0.109285
v -0.933863 -0.469385 0.228516
v -0.939889 -0.508825 0.110409
v -0.976486 -0.442022 0.004314
v -0.979373 -0.425917 0.097900
v -0.940830 -0.509303 0.098437
v -0.937594 -0.526753 0.004963
v -0.919334 -0.395969 -0.109223
v -0.879992 -0.481383 -0.110347
v -0.923755 -0.355013 -0.226794
v -0.882873 -0.445445 -0.226794
v -0.916589 -0.414581 -0.004252
v -0.877696 -0.499312 -0.004902
v -0.919476 -0.398476 -0.097838
v -0.880932 -0.481862 -0.098375
v -0.974318 -0.379721 -0.227788
v -0.979231 -0.423411 -0.109284
v -0.933863 -0.469385 -0.228515
v -0.939889 -0.508825 -0.110409
v -0.976486 -0.442022 -0.004314
v -0.979373 -0.425917 -0.097899
v -0.940830 -0.509303 -0.098437
v -0.937594 -0.526753 -0.004963
v -0.957314 -0.292432 0.109223
v -0.927607 -0.381655 0.110347
v -0.957203 -0.251237 0.226795
v -0.926517 -0.345618 0.226795
v -0.956633 -0.311232 0.004252
v -0.927297 -0.399728 0.004902
v -0.957731 -0.294908 0.097838
v -0.928594 -0.382027 0.098375
v -1.010177 -0.270233 0.227788
v -1.019867 -0.313117 0.109285
v -0.979832 -0.363803 0.228516
v -0.990160 -0.402341 0.110409
v -1.019186 -0.331918 0.004314
v -1.020284 -0.315593 0.097900
v -0.991147 -0.402713 0.098437
v -0.989850 -0.420413 0.004963
v -0.957314 -0.292432 -0.109223
v -0.927607 -0.381655 -0.110347
v -0.957203 -0.251237 -0.226794
v -0.926517 -0.345618 -0.226794
v -0.956633 -0.311232 -0.004252
v -0.927297 -0.399728 -0.004902
v -0.957731 -0.294908 -0.097838
v -0.928594 -0.382027 -0.098375
v -1.010177 -0.270233 -0.227788
v -1.019867 -0.313117 -0.109284
v -0.979832 -0.363803 -0.228515
v -0.990160 -0.402341 -0.110409
v -1.019186 -0.331918 -0.004314
v -1.020284 -0.315593 -0.097899
v -0.991147 -0.402713 -0.098437
v -0.989850 -0.420413 -0.004963
v -0.983674 -0.185344 0.109223
v -0.963962 -0.277295 0.110347
v -0.979032 -0.144412 0.226795
v -0.958915 -0.241596 0.226795
v -0.985065 -0.204106 0.004252
v -0.965643 -0.295291 0.004902
v -0.984361 -0.187759 0.097838
v -0.964984 -0.277556 0.098375
v -1.033774 -0.157465 0.227788
v -1.048122 -0.199023 0.109285
v -1.013906 -0.253806 0.228516
v -1.028411 -0.290973 0.110409
v -1.049514 -0.217784 0.004314
v -1.048809 -0.201438 0.097900
v -1.029433 -0.291234 0.098437
v -1.030092 -0.308970 0.004963
v -0.983674 -0.185344 -0.109223
v -0.963962 -0.277295 -0.110347
v -0.979032 -0.144412 -0.226794
v -0.958915 -0.241596 -0.226794
v -0.985065 -0.204106 -0.004252
v -0.965643 -0.295291 -0.004902
v -0.984361 -0.187759 -0.097838
v -0.964984 -0.277556 -0.098375
v -1.033774 -0.157465 -0.227788
v -1.048122 -0.199023 -0.109284
v -1.013906 -0.253806 -0.228515
v -1.028411 -0.290973 -0.110409
v -1.049514 -0.217784 -0.004314
v -1.048809 -0.201438 -0.097899
v -1.029433 -0.291234 -0.098437
v -1.030092 -0.308970 -0.004963
v -0.998093 -0.076007 0.109223
v -0.988616 -0.169568 0.110347
v -0.988976 -0.035834 0.226795
v -0.979672 -0.134641 0.226795
v -1.001540 -0.094501 0.004252
v -0.992266 -0.187270 0.004902
v -0.999041 -0.078332 0.097838
v -0.989661 -0.169715 0.098375
v -1.044822 -0.042786 0.227788
v -1.063655 -0.082513 0.109285
v -1.035673 -0.140727 0.228516
v -1.054179 -0.176073 0.110409
v -1.067102 -0.101007 0.004314
v -1.064604 -0.084838 0.097900
v -1.055223 -0.176220 0.098437
v -1.057829 -0.193776 0.004963
v -0.998093 -0.076007 -0.109223
v -0.988616 -0.169568 -0.110347
v -0.988976 -0.035834 -0.226794
v -0.979672 -0.134641 -0.226794
v -1.001540 -0.094501 -0.004252
v -0.992266 -0.187270 -0.004902
v -0.999041 -0.078332 -0.097838
v -0.989661 -0.169715 -0.098375
v -1.044822 -0.042786 -0.227788
v -1.063655 -0.082513 -0.109284
v -1.035673 -0.140727 -0.228515
v -1.054179 -0.176073 -0.110409
v -1.067102 -0.101007 -0.004314
v -1.064604 -0.084838 -0.097899
v -1.055223 -0.176220 -0.098437
v -1.057829 -0.193776 -0.004963
v -1.000396 0.034253 0.109223
v -1.001270 -0.059783 0.110347
v -0.986916 0.073179 0.226795
v -0.988538 -0.026052 0.226795
v -1.005857 0.016250 0.004252
v -1.006845 -0.076976 0.004902
v -1.001595 0.032046 0.097838
v -1.002324 -0.059814 0.098375
v -1.043188 0.072413 0.227788
v -1.066277 0.034999 0.109285
v -1.044869 -0.025940 0.228516
v -1.067150 -0.059036 0.110409
v -1.071737 0.016996 0.004314
v -1.067475 0.032793 0.097900
v -1.068205 -0.059067 0.098437
v -1.072725 -0.076230 0.004963
v -1.000396 0.034253 -0.109223
v -1.001270 -0.059783 -0.110347
v -0.986916 0.073179 -0.226794
v -0.988538 -0.026052 -0.226794
v -1.005857 0.016250 -0.004252
v -1.006845 -0.076976 -0.004902
v -1.001595 0.032046 -0.097838
v -1.002324 -0.059814 -0.098375
v -1.043188 0.072413 -0.227788
v -1.066277 0.034999 -0.109284
v -1.044869 -0.025940 -0.228515
v -1.067150 -0.059036 -0.110409
v -1.071737 0.016996 -0.004314
v -1.067475 0.032793 -0.097899
v -1.068205 -0.059067 -0.098437
v -1.072725 -0.076230 -0.004963
v -0.990557 0.144096 0.109223
v -1.001769 0.050728 0.110347
v -0.972876 0.181303 0.226795
v -0.985404 0.082853 0.226795
v -0.997964 0.126803 0.004252
v -1.009202 0.034252 0.004902
v -0.991991 0.142035 0.097838
v -1.002821 0.050813 0.098375
v -1.028890 0.186732 0.227788
v -1.055955 0.152085 0.109285
v -1.041381 0.089161 0.228516
v -1.067168 0.058717 0.110409
v -1.063363 0.134792 0.004314
v -1.057389 0.150024 0.097900
v -1.068219 0.058802 0.098437
v -1.074601 0.042241 0.004963
v -0.990557 0.144096 -0.109223
v -1.001769 0.050728 -0.110347
v -0.972876 0.181303 -0.226794
v -0.985404 0.082853 -0.226794
v -0.997964 0.126803 -0.004252
v -1.009202 0.034252 -0.004902
v -0.991991 0.142035 -0.097838
v -1.002821 0.050813 -0.098375
v -1.028890 0.186732 -0.227788
v -1.055955 0.152085 -0.109284
v -1.041381 0.089161 -0.228515
v -1.067168 0.058717 -0.110409
v -1.063363 0.134792 -0.004314
v -1.057389 0.150024 -0.097899
v -1.068219 0.058802 -0.098437
v -1.074601 0.042241 -0.004963
v -0.968693 0.252191 0.109223
v -0.990109 0.160623 0.110347
v -0.947026 0.287227 0.226795
v -0.970309 0.190753 0.226795
v -0.977958 0.235818 0.004252
v -0.999309 0.145065 0.004902
v -0.970345 0.250300 0.097838
v -0.991145 0.160823 0.098375
v -1.002103 0.298786 0.227788
v -1.032815 0.267326 0.109285
v -1.025252 0.203180 0.228516
v -1.054231 0.175758 0.110409
v -1.042080 0.250953 0.004314
v -1.034467 0.265435 0.097900
v -1.055267 0.175958 0.098437
v -1.063432 0.160200 0.004963
v -0.968693 0.252191 -0.109223
v -0.990109 0.160623 -0.110347
v -0.947026 0.287227 -0.226794
v -0.970309 0.190753 -0.226794
v -0.977958 0.235818 -0.004252
v -0.999309 0.145065 -0.004902
v -0.970345 0.250300 -0.097838
v -0.991145 0.160823 -0.098375
v -1.002103 0.298786 -0.227788
v -1.032815 0.267326 -0.109284
v -1.025252 0.203180 -0.228515
v -1.054231 0.175758 -0.110409
v -1.042080 0.250953 -0.004314
v -1.034467 0.265435 -0.097899
v -1.055267 0.175958 -0.098437
v -1.063432 0.160200 -0.004963
v -0.935071 0.357225 0.109223
v -0.966430 0.268568 0.110347
v -0.909681 0.389665 0.226795
v -0.943435 0.296337 0.226795
v -0.946081 0.341970 0.004252
v -0.977286 0.254117 0.004902
v -0.936920 0.355527 0.097838
v -0.967437 0.268881 0.098375
v -0.963152 0.407212 0.227788
v -0.997139 0.379322 0.109285
v -0.996678 0.314733 0.228516
v -1.028498 0.290665 0.110409
v -1.008149 0.364067 0.004314
v -0.998989 0.377624 0.097900
v -1.029505 0.290978 0.098437
v -1.039354 0.276214 0.004963
v -0.935071 0.357225 -0.109223
v -0.966430 0.268568 -0.110347
v -0.909681 0.389665 -0.226794
v -0.943435 0.296337 -0.226794
v -0.946081 0.341970 -0.004252
v -0.977286 0.254117 -0.004902
v -0.936920 0.355527 -0.097838
v -0.967437 0.268881 -0.098375
v -0.963153 0.407212 -0.227788
v -0.997139 0.379322 -0.109284
v -0.996678 0.314733 -0.228515
v -1.028498 0.290665 -0.110409
v -1.008149 0.364067 -0.004314
v -0.998989 0.377624 -0.097899
v -1.029505 0.290978 -0.098437
v -1.039354 0.276214 -0.004963
v -0.890098 0.457922 0.109223
v -0.931019 0.373253 0.110347
v -0.861293 0.487372 0.226795
v -0.905109 0.398324 0.226795
v -0.902719 0.443971 0.004252
v -0.943399 0.360084 0.004902
v -0.892123 0.456438 0.097838
v -0.931986 0.373675 0.098375
v -0.912510 0.510695 0.227788
v -0.949358 0.486713 0.109285
v -0.956005 0.422466 0.228516
v -0.990280 0.402044 0.110409
v -0.961980 0.472762 0.004314
v -0.951384 0.485229 0.097900
v -0.991247 0.402466 0.098437
v -1.002660 0.388875 0.004963
v -0.890098 0.457922 -0.109223
v -0.931019 0.373253 -0.110347
v -0.861294 0.487372 -0.226794
v -0.905110 0.398324 -0.226794
v -0.902719 0.443971 -0.004252
v -0.943399 0.360084 -0.004902
v -0.892123 0.456438 -0.097838
v -0.931986 0.373675 -0.098375
v -0.912510 0.510695 -0.227788
v -0.949358 0.486713 -0.109284
v -0.956005 0.422466 -0.228515
v -0.990280 0.402044 -0.110409
v -0.961980 0.472762 -0.004314
v -0.951384 0.485229 -0.097899
v -0.991247 0.402466 -0.098437
v -1.002660 0.388875 -0.004963
v -0.834320 0.553061 0.109223
v -0.884308 0.473408 0.110347
v -0.802451 0.579164 0.226795
v -0.855797 0.495476 0.226795
v -0.848399 0.540583 0.004252
v -0.898061 0.461680 0.004902
v -0.836496 0.551809 0.097838
v -0.885223 0.473934 0.098375
v -0.850791 0.607979 0.227788
v -0.890054 0.588196 0.109285
v -0.903728 0.525070 0.228516
v -0.940042 0.508543 0.110409
v -0.904133 0.575719 0.004314
v -0.892230 0.586944 0.097900
v -0.940956 0.509069 0.098437
v -0.953795 0.496815 0.004963
v -0.834320 0.553061 -0.109223
v -0.884308 0.473408 -0.110347
v -0.802451 0.579164 -0.226794
v -0.855797 0.495476 -0.226794
v -0.848399 0.540583 -0.004252
v -0.898061 0.461680 -0.004902
v -0.836496 0.551809 -0.097838
v -0.885223 0.473934 -0.098375
v -0.850791 0.607979 -0.227788
v -0.890054 0.588196 -0.109284
v -0.903728 0.525070 -0.228515
v -0.940042 0.508543 -0.110409
v -0.904133 0.575719 -0.004314
v -0.892230 0.586944 -0.097899
v -0.940956 0.509069 -0.098437
v -0.953795 0.496815 -0.004963
v -0.768415 0.641486 0.109223
v -0.826862 0.567815 0.110347
v -0.733868 0.663924 0.226795
v -0.796097 0.586614 0.226795
v -0.783782 0.630633 0.004252
v -0.841822 0.557672 0.004902
v -0.770716 0.640481 0.097838
v -0.827713 0.568439 0.098375
v -0.778745 0.697883 0.227788
v -0.819946 0.682539 0.109285
v -0.840481 0.621301 0.228516
v -0.878392 0.608869 0.110409
v -0.835312 0.671686 0.004314
v -0.822246 0.681534 0.097900
v -0.879244 0.609492 0.098437
v -0.893353 0.598725 0.004963
v -0.768415 0.641486 -0.109223
v -0.826862 0.567815 -0.110347
v -0.733868 0.663924 -0.226794
v -0.796097 0.586614 -0.226794
v -0.783782 0.630633 -0.004252
v -0.841822 0.557672 -0.004902
v -0.770716 0.640481 -0.097838
v -0.827713 0.568439 -0.098375
v -0.778745 0.697883 -0.227788
v -0.819946 0.682539 -0.109284
v -0.840481 0.621301 -0.228515
v -0.878392 0.608869 -0.110409
v -0.835312 0.671686 -0.004314
v -0.822246 0.681534 -0.097899
v -0.879244 0.609492 -0.098437
v -0.893353 0.598725 -0.004963
v -0.693183 0.722125 0.109223
v -0.759379 0.655331 0.110347
v -0.656377 0.740626 0.226795
v -0.726732 0.670631 0.226795
v -0.709650 0.713028 0.004252
v -0.775365 0.646895 0.004902
v -0.695580 0.721379 0.097838
v -0.760157 0.656044 0.098375
v -0.697246 0.779316 0.227788
v -0.739884 0.768597 0.109285
v -0.767032 0.709990 0.228516
v -0.806081 0.701804 0.110409
v -0.756351 0.759501 0.004314
v -0.742282 0.767852 0.097900
v -0.806858 0.702517 0.098437
v -0.822066 0.693367 0.004963
v -0.693183 0.722125 -0.109223
v -0.759379 0.655331 -0.110347
v -0.656377 0.740626 -0.226794
v -0.726733 0.670631 -0.226794
v -0.709650 0.713028 -0.004252
v -0.775365 0.646895 -0.004902
v -0.695580 0.721379 -0.097838
v -0.760157 0.656044 -0.098375
v -0.697246 0.779316 -0.227788
v -0.739884 0.768597 -0.109284
v -0.767032 0.709990 -0.228515
v -0.806081 0.701804 -0.110409
v -0.756351 0.759501 -0.004314
v -0.742282 0.767852 -0.097899
v -0.806858 0.702517 -0.098437
v -0.822066 0.693367 -0.004963
v -0.609536 0.793998 0.109223
v -0.682678 0.734891 0.110347
v -0.570918 0.808338 0.226795
v -0.648547 0.746507 0.226795
v -0.626904 0.786768 0.004252
v -0.699495 0.728265 0.004902
v -0.612001 0.793520 0.097838
v -0.683373 0.735686 0.098375
v -0.607283 0.851288 0.227788
v -0.650841 0.845326 0.109285
v -0.684272 0.790060 0.228516
v -0.723984 0.786220 0.110409
v -0.668209 0.838096 0.004314
v -0.653306 0.844848 0.097900
v -0.724678 0.787014 0.098437
v -0.740800 0.779593 0.004963
v -0.609536 0.793998 -0.109223
v -0.682678 0.734891 -0.110347
v -0.570918 0.808338 -0.226794
v -0.648547 0.746507 -0.226794
v -0.626904 0.786768 -0.004252
v -0.699495 0.728265 -0.004902
v -0.612001 0.793520 -0.097838
v -0.683373 0.735686 -0.098375
v -0.607283 0.851288 -0.227788
v -0.650841 0.845326 -0.109284
v -0.684272 0.790060 -0.228515
v -0.723984 0.786220 -0.110409
v -0.668209 0.838096 -0.004314
v -0.653306 0.844848 -0.097899
v -0.724678 0.787014 -0.098437
v -0.740800 0.779593 -0.004963
v -0.518490 0.856233 0.109223
v -0.597691 0.805532 0.110347
v -0.478529 0.866238 0.226795
v -0.562489 0.813322 0.226795
v -0.536548 0.850957 0.004252
v -0.615134 0.800795 0.004902
v -0.520993 0.856029 0.097838
v -0.598294 0.806397 0.098375
v -0.509948 0.912928 0.227788
v -0.553898 0.911793 0.109285
v -0.593206 0.860541 0.228516
v -0.633099 0.861092 0.110409
v -0.571956 0.906518 0.004314
v -0.556401 0.911590 0.097900
v -0.633702 0.861958 0.098437
v -0.650542 0.856356 0.004963
v -0.518490 0.856233 -0.109223
v -0.597691 0.805532 -0.110347
v -0.478529 0.866238 -0.226794
v -0.562489 0.813322 -0.226794
v -0.536548 0.850957 -0.004252
v -0.615134 0.800795 -0.004902
v -0.520993 0.856029 -0.097838
v -0.598294 0.806397 -0.098375
v -0.509948 0.912928 -0.227788
v -0.553898 0.911793 -0.109284
v -0.593206 0.860541 -0.228515
v -0.633099 0.861092 -0.110409
v -0.571956 0.906518 -0.004314
v -0.556401 0.911590 -0.097899
v -0.633702 0.861958 -0.098437
v -0.650542 0.856356 -0.004963
v -0.421151 0.908074 0.109223
v -0.505448 0.866393 0.110347
v -0.380331 0.913622 0.226795
v -0.469603 0.870264 0.226795
v -0.439679 0.904817 0.004252
v -0.523307 0.863605 0.004902
v -0.423660 0.908147 0.097838
v -0.505952 0.867320 0.098375
v -0.406423 0.963485 0.227788
v -0.450232 0.967193 0.109285
v -0.494938 0.920575 0.228516
v -0.534529 0.925512 0.110409
v -0.468760 0.963936 0.004314
v -0.452741 0.967266 0.097900
v -0.535033 0.926439 0.098437
v -0.552388 0.922723 0.004963
v -0.421151 0.908074 -0.109223
v -0.505448 0.866393 -0.110347
v -0.380331 0.913623 -0.226794
v -0.469603 0.870264 -0.226794
v -0.439679 0.904817 -0.004252
v -0.523307 0.863605 -0.004902
v -0.423660 0.908147 -0.097838
v -0.505952 0.867320 -0.098375
v -0.406423 0.963485 -0.227788
v -0.450232 0.967193 -0.109284
v -0.494938 0.920575 -0.228515
v -0.534529 0.925512 -0.110409
v -0.468760 0.963936 -0.004314
v -0.452741 0.967266 -0.097899
v -0.535033 0.926439 -0.098437
v -0.552388 0.922723 -0.004963
v -0.318699 0.948893 0.109223
v -0.407070 0.916738 0.110347
v -0.277517 0.949917 0.226795
v -0.371016 0.916642 0.226795
v -0.337473 0.947694 0.004252
v -0.425127 0.915931 0.004902
v -0.321185 0.949241 0.097838
v -0.407469 0.917715 0.098375
v -0.297965 1.002348 0.227788
v -0.341100 1.010852 0.109285
v -0.390664 0.969435 0.228516
v -0.429471 0.978698 0.110409
v -0.359874 1.009653 0.004314
v -0.343586 1.011200 0.097900
v -0.429870 0.979674 0.098437
v -0.447528 0.977890 0.004963
v -0.318699 0.948893 -0.109223
v -0.407070 0.916738 -0.110347
v -0.277517 0.949917 -0.226794
v -0.371016 0.916642 -0.226794
v -0.337473 0.947694 -0.004252
v -0.425127 0.915931 -0.004902
v -0.321185 0.949241 -0.097838
v -0.407469 0.917715 -0.098375
v -0.297965 1.002348 -0.227788
v -0.341100 1.010852 -0.109284
v -0.390664 0.969435 -0.228515
v -0.429471 0.978698 -0.110409
v -0.359874 1.009653 -0.004314
v -0.343586 1.011200 -0.097899
v -0.429870 0.979674 -0.098437
v -0.447528 0.977890 -0.004963
v -0.212378 0.978193 0.109223
v -0.303750 0.955956 0.110347
v -0.171334 0.974681 0.226795
v -0.267926 0.951893 0.226795
v -0.231171 0.979067 0.004252
v -0.321787 0.957140 0.004902
v -0.214811 0.978813 0.097838
v -0.304040 0.956970 0.098375
v -0.185890 1.029043 0.227788
v -0.227828 1.042241 0.109285
v -0.281647 1.006528 0.228516
v -0.319200 1.020003 0.110409
v -0.246620 1.043114 0.004314
v -0.230261 1.042861 0.097900
v -0.319489 1.021018 0.098437
v -0.337236 1.021187 0.004963
v -0.212378 0.978193 -0.109223
v -0.303750 0.955956 -0.110347
v -0.171334 0.974681 -0.226794
v -0.267926 0.951894 -0.226794
v -0.231171 0.979067 -0.004252
v -0.321787 0.957140 -0.004902
v -0.214811 0.978813 -0.097838
v -0.304040 0.956970 -0.098375
v -0.185890 1.029043 -0.227788
v -0.227828 1.042241 -0.109284
v -0.281647 1.006528 -0.228515
v -0.319200 1.020003 -0.110409
v -0.246620 1.043114 -0.004314
v -0.230261 1.042861 -0.097899
v -0.319489 1.021018 -0.098437
v -0.337236 1.021187 -0.004963
v -0.103480 0.995620 0.109223
v -0.196744 0.983569 0.110347
v -0.063071 0.987613 0.226795
v -0.161584 0.975590 0.226795
v -0.122062 0.998555 0.004252
v -0.214540 0.986730 0.004902
v -0.105830 0.996503 0.097838
v -0.196920 0.984609 0.098375
v -0.071559 1.043247 0.227788
v -0.111790 1.060978 0.109285
v -0.169211 1.031402 0.228516
v -0.205054 1.048927 0.110409
v -0.130372 1.063914 0.004314
v -0.114140 1.061862 0.097900
v -0.205229 1.049967 0.098437
v -0.222850 1.052088 0.004963
v -0.103480 0.995620 -0.109223
v -0.196744 0.983569 -0.110347
v -0.063071 0.987613 -0.226794
v -0.161584 0.975590 -0.226794
v -0.122062 0.998555 -0.004252
v -0.214540 0.986730 -0.004902
v -0.105830 0.996503 -0.097838
v -0.196920 0.984609 -0.098375
v -0.071559 1.043247 -0.227788
v -0.111790 1.060978 -0.109284
v -0.169211 1.031402 -0.228515
v -0.205054 1.048927 -0.110409
v -0.130372 1.063914 -0.004314
v -0.114140 1.061862 -0.097899
v -0.205229 1.049967 -0.098437
v -0.222850 1.052088 -0.004963
v 0.006674 1.000960 0.109223
v -0.087350 0.999242 0.110347
v 0.045957 0.988558 0.226795
v -0.053281 0.987445 0.226795
v -0.011472 1.005923 0.004252
v -0.104690 1.004342 0.004902
v 0.004435 1.002098 0.097838
v -0.087410 1.000296 0.098375
v 0.043641 1.044787 0.227788
v 0.005605 1.066836 0.109285
v -0.054721 1.043757 0.228516
v -0.088419 1.065118 0.110409
v -0.012542 1.071798 0.004314
v 0.003366 1.067973 0.097900
v -0.088479 1.066171 0.098437
v -0.105760 1.070218 0.004963
v 0.006674 1.000960 -0.109223
v -0.087350 0.999242 -0.110347
v 0.045957 0.988558 -0.226794
v -0.053281 0.987445 -0.226794
v -0.011472 1.005923 -0.004252
v -0.104690 1.004342 -0.004902
v 0.004435 1.002098 -0.097838
v -0.087410 1.000296 -0.098375
v 0.043641 1.044787 -0.227788
v 0.005605 1.066836 -0.109284
v -0.054721 1.043757 -0.228515
v -0.088419 1.065118 -0.110409
v -0.012542 1.071798 -0.004314
v 0.003366 1.067973 -0.097899
v -0.088479 1.066171 -0.098437
v -0.105760 1.070218 -0.004963
v 0.116747 0.994151 0.109223
v 0.023106 1.002787 0.110347
v 0.154428 0.977502 0.226795
v 0.055670 0.987313 0.226795
v 0.099257 1.001079 0.004252
v 0.006431 1.009763 0.004902
v 0.114648 0.995528 0.097838
v 0.023162 1.003840 0.098375
v 0.158311 1.033645 0.227788
v 0.122931 1.059745 0.109285
v 0.060433 1.043442 0.228516
v 0.029290 1.068380 0.110409
v 0.105441 1.066673 0.004314
v 0.120832 1.061121 0.097900
v 0.029346 1.069434 0.098437
v 0.012615 1.075357 0.004963
v 0.116747 0.994151 -0.109223
v 0.023106 1.002787 -0.110347
v 0.154428 0.977502 -0.226794
v 0.055670 0.987313 -0.226794
v 0.099257 1.001079 -0.004252
v 0.006431 1.009763 -0.004902
v 0.114648 0.995528 -0.097838
v 0.023162 1.003840 -0.098375
v 0.158311 1.033645 -0.227788
v 0.122931 1.059745 -0.109284
v 0.060433 1.043442 -0.228515
v 0.029290 1.068380 -0.110409
v 0.105441 1.066673 -0.004314
v 0.120832 1.061121 -0.097899
v 0.029346 1.069434 -0.098437
v 0.012615 1.075357 -0.004963
v 0.225404 0.975274 0.109223
v 0.133280 0.994159 0.110347
v 0.261024 0.954581 0.226795
v 0.163945 0.975196 0.226795
v 0.208782 0.984085 0.004252
v 0.117474 1.002927 0.004902
v 0.223468 0.976873 0.097838
v 0.133452 0.995200 0.098375
v 0.271060 1.009956 0.227788
v 0.238766 1.039789 0.109285
v 0.174853 1.030461 0.228516
v 0.146643 1.058674 0.110409
v 0.222144 1.048600 0.004314
v 0.236830 1.041388 0.097900
v 0.146814 1.059715 0.098437
v 0.130837 1.067442 0.004963
v 0.225404 0.975274 -0.109223
v 0.133280 0.994159 -0.110347
v 0.261024 0.954581 -0.226794
v 0.163945 0.975196 -0.226794
v 0.208782 0.984085 -0.004252
v 0.117474 1.002927 -0.004902
v 0.223468 0.976873 -0.097838
v 0.133452 0.995200 -0.098375
v 0.271060 1.009956 -0.227788
v 0.238766 1.039789 -0.109284
v 0.174853 1.030461 -0.228515
v 0.146643 1.058674 -0.110409
v 0.222144 1.048600 -0.004314
v 0.236830 1.041388 -0.097899
v 0.146814 1.059715 -0.098437
v 0.130837 1.067442 -0.004963
v 0.331323 0.944559 0.109223
v 0.241836 0.973463 0.110347
v 0.364451 0.920073 0.226795
v 0.270229 0.951242 0.226795
v 0.315771 0.955144 0.004252
v 0.227091 0.983917 0.004902
v 0.329575 0.946361 0.097838
v 0.242121 0.974479 0.098375
v 0.380518 0.974007 0.227788
v 0.351702 1.007212 0.109285
v 0.287150 1.004972 0.228516
v 0.262215 1.036117 0.110409
v 0.336150 1.017798 0.004314
v 0.349954 1.009015 0.097900
v 0.262500 1.037133 0.098437
v 0.247469 1.046570 0.004963
v 0.331323 0.944559 -0.109223
v 0.241836 0.973463 -0.110347
v 0.364451 0.920073 -0.226794
v 0.270229 0.951243 -0.226794
v 0.315771 0.955144 -0.004252
v 0.227091 0.983917 -0.004902
v 0.329575 0.946361 -0.097838
v 0.242121 0.974479 -0.098375
v 0.380518 0.974007 -0.227788
v 0.351702 1.007212 -0.109284
v 0.287150 1.004972 -0.228515
v 0.262215 1.036117 -0.110409
v 0.336150 1.017798 -0.004314
v 0.349954 1.009015 -0.097899
v 0.262500 1.037133 -0.098437
v 0.247469 1.046570 -0.004963
v 0.433222 0.902378 0.109223
v 0.347458 0.940951 0.110347
v 0.463454 0.874396 0.226795
v 0.373233 0.915742 0.226795
v 0.418929 0.914610 0.004252
v 0.333952 0.952963 0.004902
v 0.431683 0.904361 0.097838
v 0.347853 0.941929 0.098375
v 0.485357 0.926236 0.227788
v 0.460369 0.962409 0.109285
v 0.395963 0.967283 0.228516
v 0.374605 1.000982 0.110409
v 0.446076 0.974641 0.004314
v 0.458830 0.964393 0.097900
v 0.375000 1.001961 0.098437
v 0.361099 1.012995 0.004963
v 0.433222 0.902378 -0.109223
v 0.347458 0.940951 -0.110347
v 0.463454 0.874396 -0.226794
v 0.373233 0.915742 -0.226794
v 0.418929 0.914610 -0.004252
v 0.333952 0.952963 -0.004902
v 0.431683 0.904361 -0.097838
v 0.347853 0.941929 -0.098375
v 0.485357 0.926236 -0.227788
v 0.460369 0.962409 -0.109284
v 0.395963 0.967283 -0.228515
v 0.374605 1.000982 -0.110409
v 0.446076 0.974641 -0.004314
v 0.458830 0.964393 -0.097899
v 0.375000 1.001961 -0.098437
v 0.361099 1.012995 -0.004963
v 0.529861 0.849243 0.109223
v 0.448861 0.897017 0.110347
v 0.556832 0.818105 0.226795
v 0.471707 0.869125 0.226795
v 0.517001 0.862973 0.004252
v 0.436759 0.910442 0.004902
v 0.528550 0.851384 0.097838
v 0.449362 0.897946 0.098375
v 0.584305 0.867221 0.227788
v 0.563448 0.905924 0.109285
v 0.499969 0.917853 0.228516
v 0.482448 0.953697 0.110409
v 0.550587 0.919654 0.004314
v 0.562136 0.908065 0.097900
v 0.482948 0.954626 0.098437
v 0.470345 0.967123 0.004963
v 0.529861 0.849243 -0.109223
v 0.448861 0.897017 -0.110347
v 0.556832 0.818105 -0.226794
v 0.471707 0.869125 -0.226794
v 0.517001 0.862973 -0.004252
v 0.436759 0.910442 -0.004902
v 0.528550 0.851384 -0.097838
v 0.449362 0.897946 -0.098375
v 0.584305 0.867221 -0.227788
v 0.563448 0.905924 -0.109284
v 0.499969 0.917853 -0.228515
v 0.482448 0.953697 -0.110409
v 0.550587 0.919654 -0.004314
v 0.562136 0.908065 -0.097899
v 0.482948 0.954626 -0.098437
v 0.470345 0.967123 -0.004963
v 0.620069 0.785799 0.109223
v 0.544816 0.842194 0.110347
v 0.643451 0.751884 0.226795
v 0.564455 0.811958 0.226795
v 0.608797 0.800861 0.004252
v 0.534264 0.856869 0.004902
v 0.619001 0.788072 0.097838
v 0.545416 0.843062 0.098375
v 0.676160 0.797679 0.227788
v 0.659687 0.838441 0.109285
v 0.597906 0.857282 0.228516
v 0.584434 0.894836 0.110409
v 0.648415 0.853503 0.004314
v 0.658619 0.840714 0.097900
v 0.585033 0.895704 0.098437
v 0.573882 0.909511 0.004963
v 0.620069 0.785799 -0.109223
v 0.544816 0.842194 -0.110347
v 0.643451 0.751884 -0.226794
v 0.564455 0.811958 -0.226794
v 0.608797 0.800861 -0.004252
v 0.534264 0.856869 -0.004902
v 0.619001 0.788072 -0.097838
v 0.545416 0.843062 -0.098375
v 0.676160 0.797679 -0.227788
v 0.659687 0.838441 -0.109284
v 0.597906 0.857282 -0.228515
v 0.584434 0.894836 -0.110409
v 0.648415 0.853503 -0.004314
v 0.658619 0.840714 -0.097899
v 0.585033 0.895704 -0.098437
v 0.573882 0.909511 -0.004963
v 0.702750 0.712817 0.109223
v 0.634158 0.777148 0.110347
v 0.722259 0.676535 0.226795
v 0.650351 0.744935 0.226795
v 0.693203 0.729028 0.004252
v 0.625284 0.792895 0.004902
v 0.701939 0.715193 0.097838
v 0.634849 0.777945 0.098375
v 0.759807 0.718454 0.227788
v 0.747919 0.760782 0.109285
v 0.688585 0.786304 0.228516
v 0.679326 0.825112 0.110409
v 0.738372 0.776992 0.004314
v 0.747107 0.763157 0.097900
v 0.680018 0.825909 0.098437
v 0.670453 0.840859 0.004963
v 0.702750 0.712817 -0.109223
v 0.634158 0.777148 -0.110347
v 0.722259 0.676535 -0.226794
v 0.650351 0.744936 -0.226794
v 0.693203 0.729028 -0.004252
v 0.625284 0.792895 -0.004902
v 0.701939 0.715193 -0.097838
v 0.634849 0.777945 -0.098375
v 0.759808 0.718454 -0.227788
v 0.747919 0.760782 -0.109284
v 0.688585 0.786304 -0.228515
v 0.679326 0.825112 -0.110409
v 0.738372 0.776992 -0.004314
v 0.747107 0.763157 -0.097899
v 0.680018 0.825909 -0.098437
v 0.670453 0.840859 -0.004963
v 0.776901 0.631183 0.109223
v 0.715802 0.702669 0.110347
v 0.792300 0.592975 0.226795
v 0.728353 0.668870 0.226795
v 0.769195 0.648345 0.004252
v 0.708714 0.719296 0.004902
v 0.776356 0.633633 0.097838
v 0.716576 0.703385 0.098375
v 0.834232 0.630509 0.227788
v 0.827072 0.673887 0.109285
v 0.770906 0.705782 0.228516
v 0.765972 0.745373 0.110409
v 0.819366 0.691049 0.004314
v 0.826526 0.676338 0.097900
v 0.766747 0.746089 0.098437
v 0.758885 0.762000 0.004963
v 0.776901 0.631183 -0.109223
v 0.715802 0.702669 -0.110347
v 0.792300 0.592975 -0.226794
v 0.728353 0.668870 -0.226794
v 0.769195 0.648345 -0.004252
v 0.708714 0.719296 -0.004902
v 0.776356 0.633633 -0.097838
v 0.716576 0.703385 -0.098375
v 0.834232 0.630509 -0.227788
v 0.827072 0.673887 -0.109284
v 0.770906 0.705782 -0.228515
v 0.765972 0.745373 -0.110409
v 0.819366 0.691049 -0.004314
v 0.826526 0.676338 -0.097899
v 0.766747 0.746089 -0.098437
v 0.758885 0.762000 -0.004963
v 0.841621 0.541886 0.109223
v 0.788757 0.619660 0.110347
v 0.852723 0.502216 0.226795
v 0.797514 0.584686 0.226795
v 0.835850 0.559792 0.004252
v 0.783541 0.636966 0.004902
v 0.841349 0.544382 0.097838
v 0.789605 0.620286 0.098375
v 0.898530 0.534909 0.227788
v 0.896185 0.578812 0.109285
v 0.843869 0.616692 0.228516
v 0.843321 0.656586 0.110409
v 0.890414 0.596718 0.004314
v 0.895912 0.581308 0.097900
v 0.844170 0.657212 0.098437
v 0.838105 0.673892 0.004963
v 0.841621 0.541886 -0.109223
v 0.788757 0.619660 -0.110347
v 0.852723 0.502216 -0.226794
v 0.797514 0.584686 -0.226794
v 0.835850 0.559792 -0.004252
v 0.783541 0.636966 -0.004902
v 0.841349 0.544382 -0.097838
v 0.789605 0.620286 -0.098375
v 0.898530 0.534910 -0.227788
v 0.896185 0.578812 -0.109284
v 0.843869 0.616692 -0.228515
v 0.843321 0.656586 -0.110409
v 0.890414 0.596718 -0.004314
v 0.895912 0.581308 -0.097899
v 0.844170 0.657212 -0.098437
v 0.838105 0.673892 -0.004963
v 0.896125 0.446012 0.109223
v 0.852137 0.529129 0.110347
v 0.902796 0.405361 0.226795
v 0.856994 0.493404 0.226795
v 0.892359 0.464444 0.004252
v 0.848857 0.546904 0.004902
v 0.896129 0.448523 0.097838
v 0.853050 0.529658 0.098375
v 0.951921 0.432817 0.227788
v 0.954420 0.476711 0.109285
v 0.906588 0.520116 0.228516
v 0.910432 0.559828 0.110409
v 0.950654 0.495143 0.004314
v 0.954424 0.479222 0.097900
v 0.911345 0.560358 0.098437
v 0.907152 0.577603 0.004963
v 0.896125 0.446012 -0.109223
v 0.852137 0.529129 -0.110347
v 0.902796 0.405361 -0.226794
v 0.856994 0.493404 -0.226794
v 0.892359 0.464444 -0.004252
v 0.848857 0.546904 -0.004902
v 0.896129 0.448523 -0.097838
v 0.853050 0.529658 -0.098375
v 0.951921 0.432817 -0.227788
v 0.954420 0.476711 -0.109284
v 0.906588 0.520116 -0.228515
v 0.910432 0.559828 -0.110409
v 0.950654 0.495143 -0.004314
v 0.954424 0.479222 -0.097899
v 0.911345 0.560358 -0.098437
v 0.907152 0.577603 -0.004963
v 0.939751 0.344724 0.109223
v 0.905174 0.432176 0.110347
v 0.941910 0.303586 0.226795
v 0.906071 0.396133 0.226795
v 0.938035 0.363458 0.004252
v 0.903869 0.450203 0.004902
v 0.940031 0.347219 0.097838
v 0.906139 0.432601 0.098375
v 0.993757 0.325471 0.227788
v 1.001069 0.368824 0.109285
v 0.958303 0.417227 0.228516
v 0.966492 0.456275 0.110409
v 0.999354 0.387558 0.004314
v 1.001349 0.371319 0.097900
v 0.967458 0.456701 0.098437
v 0.965188 0.474303 0.004963
v 0.939751 0.344724 -0.109223
v 0.905174 0.432176 -0.110347
v 0.941910 0.303586 -0.226794
v 0.906071 0.396133 -0.226794
v 0.938035 0.363458 -0.004252
v 0.903869 0.450203 -0.004902
v 0.940031 0.347219 -0.097838
v 0.906139 0.432601 -0.098375
v 0.993757 0.325471 -0.227788
v 1.001069 0.368824 -0.109284
v 0.958303 0.417227 -0.228515
v 0.966492 0.456275 -0.110409
v 0.999354 0.387558 -0.004314
v 1.001349 0.371319 -0.097899
v 0.967458 0.456701 -0.098437
v 0.965188 0.474303 -0.004963
v 0.971970 0.239251 0.109223
v 0.947223 0.329976 0.110347
v 0.969590 0.198126 0.226795
v 0.944149 0.294053 0.226795
v 0.972326 0.258061 0.004252
v 0.947910 0.348038 0.004902
v 0.972523 0.241700 0.097838
v 0.948229 0.330293 0.098375
v 1.023530 0.214174 0.227788
v 1.035567 0.256459 0.109285
v 0.998385 0.309274 0.228516
v 1.010820 0.347184 0.110409
v 1.035923 0.275269 0.004314
v 1.036120 0.258908 0.097900
v 1.011827 0.347501 0.098437
v 1.011507 0.365246 0.004963
v 0.971970 0.239251 -0.109223
v 0.947223 0.329976 -0.110347
v 0.969590 0.198126 -0.226794
v 0.944150 0.294053 -0.226794
v 0.972326 0.258061 -0.004252
v 0.947910 0.348038 -0.004902
v 0.972523 0.241700 -0.097838
v 0.948229 0.330293 -0.098375
v 1.023530 0.214174 -0.227788
v 1.035567 0.256459 -0.109284
v 0.998385 0.309274 -0.228515
v 1.010820 0.347184 -0.110409
v 1.035923 0.275269 -0.004314
v 1.036120 0.258908 -0.097899
v 1.011827 0.347501 -0.098437
v 1.011507 0.365246 -0.004963
v 0.992390 0.130874 0.109223
v 0.977774 0.223771 0.110347
v 0.985500 0.090260 0.226795
v 0.970767 0.188404 0.226795
v 0.994813 0.149530 0.004252
v 0.980443 0.241648 0.004902
v 0.993209 0.133248 0.097838
v 0.978809 0.223975 0.098375
v 1.040879 0.100278 0.227788
v 1.057495 0.140982 0.109285
v 1.026348 0.197566 0.228516
v 1.042879 0.233878 0.110409
v 1.059917 0.159638 0.004314
v 1.058313 0.143355 0.097900
v 1.043913 0.234082 0.098437
v 1.045548 0.251755 0.004963
v 0.992390 0.130874 -0.109223
v 0.977774 0.223771 -0.110347
v 0.985501 0.090260 -0.226794
v 0.970767 0.188404 -0.226794
v 0.994813 0.149530 -0.004252
v 0.980443 0.241648 -0.004902
v 0.993209 0.133248 -0.097838
v 0.978809 0.223975 -0.098375
v 1.040879 0.100278 -0.227788
v 1.057495 0.140982 -0.109284
v 1.026348 0.197566 -0.228515
v 1.042879 0.233878 -0.110409
v 1.059917 0.159638 -0.004314
v 1.058313 0.143355 -0.097899
v 1.043913 0.234082 -0.098437
v 1.045548 0.251755 -0.004963
v 1.000764 0.020910 0.109223
v 0.996456 0.114850 0.110347
v 0.989448 -0.018700 0.226795
v 0.985601 0.080469 0.226795
v 1.005225 0.039186 0.004252
v 1.001076 0.132325 0.004902
v 1.001839 0.023179 0.097838
v 0.997507 0.114940 0.098375
v 1.045593 -0.014835 0.227788
v 1.066585 0.023794 0.109285
v 1.041853 0.083461 0.228516
v 1.062277 0.117734 0.110409
v 1.071046 0.042070 0.004314
v 1.067660 0.026063 0.097900
v 1.063329 0.117824 0.098437
v 1.066897 0.135209 0.004963
v 1.000764 0.020910 -0.109223
v 0.996456 0.114850 -0.110347
v 0.989449 -0.018700 -0.226794
v 0.985602 0.080469 -0.226794
v 1.005225 0.039186 -0.004252
v 1.001076 0.132325 -0.004902
v 1.001839 0.023179 -0.097838
v 0.997507 0.114940 -0.098375
v 1.045593 -0.014835 -0.227788
v 1.066585 0.023794 -0.109284
v 1.041853 0.083461 -0.228515
v 1.062277 0.117734 -0.110409
v 1.071046 0.042070 -0.004314
v 1.067660 0.026063 -0.097899
v 1.063329 0.117824 -0.098437
v 1.066897 0.135209 -0.004963
v 0.996991 -0.089309 0.109223
v 1.003043 0.004535 0.110347
v 0.981386 -0.127434 0.226795
v 0.988472 -0.028444 0.226795
v 1.003434 -0.071635 0.004252
v 1.009557 0.021395 0.004902
v 0.998309 -0.087172 0.097838
v 1.004097 0.004508 0.098375
v 1.037615 -0.129769 0.227788
v 1.062729 -0.093684 0.109285
v 1.044711 -0.031658 0.228516
v 1.068782 0.000161 0.110409
v 1.069173 -0.076009 0.004314
v 1.064048 -0.091547 0.097900
v 1.069836 0.000134 0.098437
v 1.075296 0.017021 0.004963
v 0.996991 -0.089309 -0.109223
v 1.003043 0.004535 -0.110347
v 0.981386 -0.127434 -0.226794
v 0.988472 -0.028444 -0.226794
v 1.003434 -0.071635 -0.004252
v 1.009557 0.021395 -0.004902
v 0.998309 -0.087172 -0.097838
v 1.004097 0.004508 -0.098375
v 1.037615 -0.129769 -0.227788
v 1.062729 -0.093684 -0.109284
v 1.044711 -0.031658 -0.228515
v 1.068782 0.000161 -0.110409
v 1.069173 -0.076009 -0.004314
v 1.064048 -0.091547 -0.097899
v 1.069836 0.000134 -0.098437
v 1.075296 0.017021 -0.004963
v 0.981115 -0.198445 0.109223
v 0.997454 -0.105836 0.110347
v 0.961411 -0.234621 0.226795
v 0.979343 -0.137011 0.226795
v 0.989464 -0.181586 0.004252
v 1.005783 -0.089794 0.004902
v 0.982660 -0.196466 0.097838
v 0.998499 -0.105979 0.098375
v 1.017041 -0.243128 0.227788
v 1.045974 -0.210024 0.109285
v 1.034888 -0.146392 0.228516
v 1.062313 -0.117415 0.110409
v 1.054323 -0.193166 0.004314
v 1.047519 -0.208045 0.097900
v 1.063358 -0.117558 0.098437
v 1.070642 -0.101374 0.004963
v 0.981115 -0.198445 -0.109223
v 0.997454 -0.105836 -0.110347
v 0.961411 -0.234621 -0.226794
v 0.979344 -0.137011 -0.226794
v 0.989464 -0.181586 -0.004252
v 1.005783 -0.089794 -0.004902
v 0.982660 -0.196466 -0.097838
v 0.998499 -0.105979 -0.098375
v 1.017041 -0.243128 -0.227788
v 1.045974 -0.210024 -0.109284
v 1.034888 -0.146392 -0.228515
v 1.062313 -0.117415 -0.110409
v 1.054323 -0.193166 -0.004314
v 1.047519 -0.208045 -0.097899
v 1.063358 -0.117558 -0.098437
v 1.070642 -0.101374 -0.004963
v 0.953330 -0.305171 0.109223
v 0.979757 -0.214922 0.110347
v 0.929765 -0.338960 0.226795
v 0.958327 -0.243915 0.226795
v 0.963482 -0.289333 0.004252
v 0.989801 -0.199894 0.004902
v 0.955083 -0.303374 0.097838
v 0.980780 -0.215179 0.098375
v 0.984122 -0.353535 0.227788
v 1.016521 -0.323815 0.109285
v 1.012502 -0.259350 0.228516
v 1.042948 -0.233566 0.110409
v 1.026674 -0.307977 0.004314
v 1.018274 -0.322018 0.097900
v 1.043972 -0.233823 0.098437
v 1.052992 -0.218538 0.004963
v 0.953330 -0.305171 -0.109223
v 0.979757 -0.214922 -0.110347
v 0.929766 -0.338960 -0.226794
v 0.958327 -0.243915 -0.226794
v 0.963482 -0.289333 -0.004252
v 0.989801 -0.199894 -0.004902
v 0.955083 -0.303374 -0.097838
v 0.980780 -0.215179 -0.098375
v 0.984123 -0.353535 -0.227788
v 1.016521 -0.323815 -0.109284
v 1.012502 -0.259350 -0.228515
v 1.042948 -0.233566 -0.110409
v 1.026674 -0.307977 -0.004314
v 1.018274 -0.322018 -0.097899
v 1.043972 -0.233823 -0.098437
v 1.052992 -0.218538 -0.004963
v 0.913972 -0.408193 0.109223
v 0.950168 -0.321399 0.110347
v 0.886834 -0.439185 0.226795
v 0.925678 -0.347859 0.226795
v 0.925806 -0.393568 0.004252
v 0.961803 -0.307567 0.004902
v 0.915913 -0.406600 0.097838
v 0.951156 -0.321767 0.098375
v 0.939258 -0.459651 0.227788
v 0.974729 -0.433676 0.109285
v 0.977826 -0.369160 0.228516
v 1.010924 -0.346881 0.110409
v 0.986562 -0.419051 0.004314
v 0.976669 -0.432082 0.097900
v 1.011913 -0.347249 0.098437
v 1.022560 -0.333050 0.004963
v 0.913972 -0.408193 -0.109223
v 0.950168 -0.321399 -0.110347
v 0.886834 -0.439185 -0.226794
v 0.925678 -0.347859 -0.226794
v 0.925806 -0.393568 -0.004252
v 0.961803 -0.307567 -0.004902
v 0.915913 -0.406600 -0.097838
v 0.951156 -0.321767 -0.098375
v 0.939258 -0.459651 -0.227788
v 0.974729 -0.433676 -0.109284
v 0.977826 -0.369160 -0.228515
v 1.010924 -0.346881 -0.110409
v 0.986562 -0.419051 -0.004314
v 0.976669 -0.432082 -0.097899
v 1.011913 -0.347249 -0.098437
v 1.022560 -0.333050 -0.004963
v 0.863520 -0.506260 0.109223
v 0.909044 -0.423974 0.110347
v 0.833138 -0.534079 0.226795
v 0.881792 -0.447580 0.226795
v 0.876891 -0.493026 0.004252
v 0.922131 -0.411506 0.004902
v 0.865624 -0.504890 0.097838
v 0.909986 -0.424449 0.098375
v 0.882992 -0.560187 0.227788
v 0.921105 -0.538272 0.109285
v 0.931281 -0.474488 0.228516
v 0.966629 -0.455986 0.110409
v 0.934476 -0.525038 0.004314
v 0.923209 -0.536902 0.097900
v 0.967571 -0.456461 0.098437
v 0.979715 -0.443518 0.004963
v 0.863520 -0.506260 -0.109223
v 0.909044 -0.423974 -0.110347
v 0.833138 -0.534079 -0.226794
v 0.881792 -0.447580 -0.226794
v 0.876891 -0.493026 -0.004252
v 0.922131 -0.411506 -0.004902
v 0.865624 -0.504890 -0.097838
v 0.909986 -0.424449 -0.098375
v 0.882992 -0.560187 -0.227788
v 0.921105 -0.538272 -0.109284
v 0.931281 -0.474488 -0.228515
v 0.966629 -0.455986 -0.110409
v 0.934476 -0.525038 -0.004314
v 0.923209 -0.536902 -0.097899
v 0.967571 -0.456461 -0.098437
v 0.979715 -0.443518 -0.004963
v 0.802586 -0.598182 0.109223
v 0.856886 -0.521403 0.110347
v 0.769328 -0.622489 0.226795
v 0.827203 -0.541868 0.226795
v 0.817332 -0.586499 0.004252
v 0.871265 -0.510451 0.004902
v 0.804828 -0.597051 0.097838
v 0.857771 -0.521979 0.098375
v 0.816007 -0.653924 0.227788
v 0.856300 -0.636334 0.109285
v 0.873431 -0.574057 0.228516
v 0.910600 -0.559556 0.110409
v 0.871045 -0.624651 0.004314
v 0.858542 -0.635204 0.097900
v 0.911484 -0.560131 0.098437
v 0.924979 -0.548603 0.004963
v 0.802586 -0.598182 -0.109223
v 0.856886 -0.521403 -0.110347
v 0.769328 -0.622489 -0.226794
v 0.827203 -0.541868 -0.226794
v 0.817332 -0.586499 -0.004252
v 0.871265 -0.510451 -0.004902
v 0.804828 -0.597051 -0.097838
v 0.857771 -0.521979 -0.098375
v 0.816007 -0.653924 -0.227788
v 0.856300 -0.636334 -0.109284
v 0.873431 -0.574057 -0.228515
v 0.910600 -0.559556 -0.110409
v 0.871045 -0.624651 -0.004314
v 0.858542 -0.635204 -0.097899
v 0.911484 -0.560131 -0.098437
v 0.924979 -0.548603 -0.004963
v 0.731910 -0.682842 0.109223
v 0.794327 -0.612503 0.110347
v 0.696180 -0.703343 0.226795
v 0.762573 -0.629578 0.226795
v 0.747851 -0.672852 0.004252
v 0.809823 -0.603199 0.004902
v 0.734263 -0.681966 0.097838
v 0.795142 -0.613173 0.098375
v 0.739117 -0.739723 0.227788
v 0.781101 -0.726672 0.109285
v 0.804979 -0.666658 0.228516
v 0.843517 -0.656333 0.110409
v 0.797042 -0.716682 0.004314
v 0.783454 -0.725795 0.097900
v 0.844333 -0.657002 0.098437
v 0.859014 -0.647029 0.004963
v 0.731910 -0.682842 -0.109223
v 0.794327 -0.612503 -0.110347
v 0.696180 -0.703344 -0.226794
v 0.762573 -0.629578 -0.226794
v 0.747851 -0.672852 -0.004252
v 0.809823 -0.603199 -0.004902
v 0.734263 -0.681966 -0.097838
v 0.795142 -0.613173 -0.098375
v 0.739118 -0.739723 -0.227788
v 0.781101 -0.726672 -0.109284
v 0.804979 -0.666658 -0.228515
v 0.843517 -0.656333 -0.110409
v 0.797042 -0.716682 -0.004314
v 0.783454 -0.725795 -0.097899
v 0.844333 -0.657002 -0.098437
v 0.859014 -0.647029 -0.004963
v 0.652350 -0.759214 0.109223
v 0.722125 -0.696168 0.110347
v 0.614581 -0.775660 0.226795
v 0.688685 -0.709646 0.226795
v 0.669293 -0.751038 0.004252
v 0.738551 -0.688625 0.004902
v 0.654785 -0.758601 0.097838
v 0.722862 -0.696923 0.098375
v 0.653256 -0.816542 0.227788
v 0.696420 -0.808189 0.109285
v 0.726755 -0.751166 0.228516
v 0.766196 -0.745143 0.110409
v 0.713364 -0.800013 0.004314
v 0.698855 -0.807576 0.097900
v 0.766933 -0.745898 0.098437
v 0.782622 -0.737600 0.004963
v 0.652350 -0.759214 -0.109223
v 0.722125 -0.696168 -0.110347
v 0.614581 -0.775660 -0.226794
v 0.688685 -0.709646 -0.226794
v 0.669293 -0.751038 -0.004252
v 0.738551 -0.688625 -0.004902
v 0.654785 -0.758601 -0.097838
v 0.722862 -0.696923 -0.098375
v 0.653256 -0.816542 -0.227788
v 0.696420 -0.808189 -0.109284
v 0.726755 -0.751166 -0.228515
v 0.766196 -0.745143 -0.110409
v 0.713364 -0.800013 -0.004314
v 0.698855 -0.807576 -0.097899
v 0.766933 -0.745898 -0.098437
v 0.782622 -0.737600 -0.004963
v 0.564871 -0.826370 0.109223
v 0.641158 -0.771383 0.110347
v 0.525521 -0.838561 0.226795
v 0.606438 -0.781100 0.226795
v 0.582610 -0.820108 0.004252
v 0.658314 -0.765693 0.004902
v 0.567358 -0.826029 0.097838
v 0.641808 -0.772214 0.098375
v 0.559465 -0.883450 0.227788
v 0.603286 -0.879896 0.109285
v 0.639710 -0.826556 0.228516
v 0.679573 -0.824909 0.110409
v 0.621026 -0.873634 0.004314
v 0.605773 -0.879555 0.097900
v 0.680223 -0.825740 0.098437
v 0.696729 -0.819219 0.004963
v 0.564871 -0.826370 -0.109223
v 0.641158 -0.771383 -0.110347
v 0.525522 -0.838561 -0.226794
v 0.606439 -0.781101 -0.226794
v 0.582610 -0.820108 -0.004252
v 0.658314 -0.765693 -0.004902
v 0.567358 -0.826029 -0.097838
v 0.641808 -0.772214 -0.098375
v 0.559465 -0.883450 -0.227788
v 0.603286 -0.879896 -0.109284
v 0.639710 -0.826556 -0.228515
v 0.679573 -0.824909 -0.110409
v 0.621026 -0.873634 -0.004314
v 0.605773 -0.879555 -0.097899
v 0.680223 -0.825740 -0.098437
v 0.696729 -0.819219 -0.004963
v 0.470535 -0.883495 0.109223
v 0.552408 -0.837234 0.110347
v 0.430083 -0.891284 0.226795
v 0.516830 -0.843073 0.226795
v 0.488856 -0.879222 0.004252
v 0.570086 -0.833465 0.004902
v 0.473045 -0.883430 0.097838
v 0.552962 -0.838132 0.098375
v 0.458882 -0.939633 0.227788
v 0.502829 -0.940922 0.109285
v 0.544899 -0.891913 0.228516
v 0.584702 -0.894661 0.110409
v 0.521150 -0.936649 0.004314
v 0.505338 -0.940857 0.097900
v 0.585256 -0.895559 0.098437
v 0.602380 -0.890892 0.004963
v 0.470535 -0.883495 -0.109223
v 0.552408 -0.837234 -0.110347
v 0.430083 -0.891284 -0.226794
v 0.516830 -0.843073 -0.226794
v 0.488856 -0.879222 -0.004252
v 0.570086 -0.833465 -0.004902
v 0.473045 -0.883430 -0.097838
v 0.552962 -0.838132 -0.098375
v 0.458882 -0.939634 -0.227788
v 0.502829 -0.940922 -0.109284
v 0.544899 -0.891913 -0.228515
v 0.584702 -0.894661 -0.110409
v 0.521150 -0.936649 -0.004314
v 0.505338 -0.940857 -0.097899
v 0.585256 -0.895559 -0.098437
v 0.602380 -0.890892 -0.004963
v 0.370487 -0.929896 0.109223
v 0.456953 -0.892922 0.110347
v 0.329424 -0.933187 0.226795
v 0.420948 -0.894812 0.226795
v 0.389167 -0.927664 0.004252
v 0.474938 -0.891121 0.004902
v 0.372989 -0.930107 0.097838
v 0.457405 -0.893875 0.098375
v 0.352730 -0.984411 0.227788
v 0.396267 -0.990527 0.109285
v 0.443474 -0.946443 0.228516
v 0.482733 -0.953553 0.110409
v 0.414947 -0.988295 0.004314
v 0.398769 -0.990738 0.097900
v 0.483185 -0.954506 0.098437
v 0.500718 -0.951752 0.004963
v 0.370487 -0.929896 -0.109223
v 0.456953 -0.892922 -0.110347
v 0.329424 -0.933187 -0.226794
v 0.420948 -0.894812 -0.226794
v 0.389167 -0.927664 -0.004252
v 0.474938 -0.891121 -0.004902
v 0.372989 -0.930107 -0.097838
v 0.457405 -0.893875 -0.098375
v 0.352730 -0.984411 -0.227788
v 0.396267 -0.990527 -0.109284
v 0.443474 -0.946443 -0.228515
v 0.482733 -0.953553 -0.110409
v 0.414947 -0.988295 -0.004314
v 0.398769 -0.990738 -0.097899
v 0.483185 -0.954506 -0.098437
v 0.500718 -0.951752 -0.004963
v 0.265943 -0.965008 0.109223
v 0.355951 -0.937771 0.110347
v 0.224768 -0.963762 0.226795
v 0.319958 -0.935688 0.226795
v 0.284755 -0.964845 0.004252
v 0.374025 -0.937959 0.004902
v 0.268407 -0.965493 0.097838
v 0.356296 -0.938768 0.098375
v 0.242296 -1.017240 0.227788
v 0.284897 -1.028107 0.109285
v 0.336667 -0.989484 0.228516
v 0.374906 -1.000870 0.110409
v 0.303709 -1.027944 0.004314
v 0.287361 -1.028592 0.097900
v 0.375250 -1.001867 0.098437
v 0.392980 -1.001058 0.004963
v 0.265943 -0.965008 -0.109223
v 0.355951 -0.937771 -0.110347
v 0.224768 -0.963762 -0.226794
v 0.319958 -0.935688 -0.226794
v 0.284755 -0.964845 -0.004252
v 0.374025 -0.937959 -0.004902
v 0.268407 -0.965493 -0.097838
v 0.356296 -0.938768 -0.098375
v 0.242296 -1.017240 -0.227788
v 0.284897 -1.028107 -0.109284
v 0.336667 -0.989484 -0.228515
v 0.374906 -1.000870 -0.110409
v 0.303709 -1.027944 -0.004314
v 0.287361 -1.028592 -0.097899
v 0.375250 -1.001867 -0.098437
v 0.392980 -1.001058 -0.004963
v 0.158170 -0.988407 0.109223
v 0.250629 -0.971237 0.110347
v 0.117382 -0.982639 0.226795
v 0.215082 -0.965207 0.226795
v 0.176886 -0.990315 0.004252
v 0.268572 -0.973412 0.004902
v 0.160565 -0.989160 0.097838
v 0.250861 -0.972266 0.098375
v 0.128921 -1.037720 0.227788
v 0.170068 -1.053208 0.109285
v 0.225772 -1.020515 0.228516
v 0.262526 -1.036038 0.110409
v 0.188783 -1.055116 0.004314
v 0.172463 -1.053961 0.097900
v 0.262759 -1.037067 0.098437
v 0.280470 -1.038214 0.004963
v 0.158170 -0.988407 -0.109223
v 0.250629 -0.971237 -0.110347
v 0.117382 -0.982639 -0.226794
v 0.215082 -0.965207 -0.226794
v 0.176886 -0.990315 -0.004252
v 0.268572 -0.973412 -0.004902
v 0.160565 -0.989160 -0.097838
v 0.250861 -0.972266 -0.098375
v 0.128921 -1.037720 -0.227788
v 0.170068 -1.053208 -0.109284
v 0.225772 -1.020515 -0.228515
v 0.262526 -1.036038 -0.110409
v 0.188783 -1.055116 -0.004314
v 0.172463 -1.053961 -0.097899
v 0.262759 -1.037067 -0.098437
v 0.280470 -1.038214 -0.004963
v 0.048477 -0.999808 0.109223
v 0.142263 -0.992913 0.110347
v 0.008571 -0.989588 0.226795
v 0.107596 -0.983010 0.226795
v 0.066869 -1.003763 0.004252
v 0.159859 -0.997050 0.004902
v 0.050775 -1.000820 0.097838
v 0.142381 -0.993962 0.098375
v 0.013981 -1.045604 0.227788
v 0.053174 -1.065525 0.109285
v 0.112137 -1.039158 0.228516
v 0.146960 -1.058630 0.110409
v 0.071566 -1.069480 0.004314
v 0.055472 -1.066537 0.097900
v 0.147078 -1.059678 0.098437
v 0.164555 -1.062766 0.004963
v 0.048477 -0.999808 -0.109223
v 0.142263 -0.992913 -0.110347
v 0.008571 -0.989588 -0.226794
v 0.107596 -0.983010 -0.226794
v 0.066869 -1.003763 -0.004252
v 0.159859 -0.997050 -0.004902
v 0.050775 -1.000820 -0.097838
v 0.142381 -0.993962 -0.098375
v 0.013981 -1.045605 -0.227788
v 0.053174 -1.065525 -0.109284
v 0.112137 -1.039158 -0.228515
v 0.146960 -1.058630 -0.110409
v 0.071566 -1.069480 -0.004314
v 0.055472 -1.066537 -0.097899
v 0.147078 -1.059678 -0.098437
v 0.164555 -1.062766 -0.004963
v -0.061804 -0.999073 0.109223
v 0.032171 -1.002537 0.110347
v -0.100344 -0.984525 0.226795
v -0.001196 -0.988880 0.226795
v -0.043959 -1.005027 0.004252
v 0.049205 -1.008584 0.004902
v -0.059632 -1.000332 0.097838
v 0.032173 -1.003592 0.098375
v -0.101129 -1.040796 0.227788
v -0.064365 -1.064907 0.109285
v -0.002860 -1.045187 0.228516
v 0.029610 -1.068372 0.110409
v -0.046520 -1.070862 0.004314
v -0.062193 -1.066166 0.097900
v 0.029612 -1.069427 0.098437
v 0.046643 -1.074419 0.004963
v -0.061804 -0.999073 -0.109223
v 0.032171 -1.002537 -0.110347
v -0.100344 -0.984525 -0.226794
v -0.001196 -0.988880 -0.226794
v -0.043959 -1.005027 -0.004252
v 0.049205 -1.008584 -0.004902
v -0.059632 -1.000332 -0.097838
v 0.032173 -1.003592 -0.098375
v -0.101129 -1.040796 -0.227788
v -0.064365 -1.064907 -0.109284
v -0.002860 -1.045187 -0.228515
v 0.029610 -1.068372 -0.110409
v -0.046520 -1.070862 -0.004314
v -0.062193 -1.066166 -0.097899
v 0.029612 -1.069427 -0.098437
v 0.046643 -1.074419 -0.004963
v -0.171335 -0.986210 0.109223
v -0.078311 -0.999991 0.110347
v -0.208041 -0.967511 0.226795
v -0.109974 -0.982747 0.226795
v -0.154253 -0.994092 0.004252
v -0.062047 -1.007875 0.004902
v -0.169315 -0.987700 0.097838
v -0.078426 -1.001040 0.098375
v -0.215012 -1.023354 0.227788
v -0.181123 -1.051363 0.109285
v -0.117821 -1.038528 0.228516
v -0.088100 -1.065145 0.110409
v -0.164041 -1.059245 0.004314
v -0.179103 -1.052853 0.097900
v -0.088214 -1.066193 0.098437
v -0.071835 -1.073029 0.004963
v -0.171335 -0.986210 -0.109223
v -0.078311 -0.999991 -0.110347
v -0.208041 -0.967511 -0.226794
v -0.109974 -0.982747 -0.226794
v -0.154253 -0.994092 -0.004252
v -0.062047 -1.007875 -0.004902
v -0.169315 -0.987700 -0.097838
v -0.078426 -1.001040 -0.098375
v -0.215012 -1.023354 -0.227788
v -0.181123 -1.051363 -0.109284
v -0.117821 -1.038528 -0.228515
v -0.088100 -1.065145 -0.110409
v -0.164041 -1.059245 -0.004314
v -0.179103 -1.052853 -0.097899
v -0.088214 -1.066193 -0.098437
v -0.071835 -1.073029 -0.004963
vn 0.7535 0.6575 -0.0043
vn -0.2550 -0.9609 0.1081
vn 0.8678 -0.4969 0.0011
vn -0.7515 0.2282 -0.6190
vn -0.8670 -0.4908 -0.0858
vn 0.6101 -0.7865 -0.0953
vn 0.7515 -0.2282 -0.6190
vn -0.0000 0.5333 -0.8459
vn 0.0381 0.5792 -0.8143
vn -0.0381 0.5793 -0.8142
vn -0.0767 0.3349 -0.9391
vn 0.0565 -0.9973 -0.0477
vn -0.0072 -0.2287 0.9735
vn -0.9945 0.1014 -0.0263
vn -0.9945 0.1022 0.0222
vn -0.9945 0.1013 -0.0263
vn -0.9945 0.1020 0.0222
vn 0.0567 0.9914 -0.1180
vn -0.8678 -0.4969 -0.0011
vn -0.2057 -0.2762 0.9388
vn -0.1613 0.2611 -0.9517
vn -0.1611 0.2611 -0.9518
vn 0.1411 0.3794 0.9144
vn 0.5782 -0.1952 0.7922
vn -0.0717 -0.2840 0.9561
vn 0.1054 -0.2192 -0.9700
vn -0.0566 0.2298 0.9716
vn 0.4565 0.4028 -0.7933
vn -0.7535 0.6575 0.0043
vn -0.7535 0.6512 0.0902
vn -0.9466 0.3116 -0.0826
vn 0.4565 -0.4028 -0.7933
vn -0.0000 0.5333 0.8459
vn -0.2608 -0.5487 0.7943
vn 0.0469 -0.2918 0.9553
vn 0.7535 0.6575 0.0043
vn 0.2844 -0.3119 -0.9066
vn -0.0531 -0.3924 0.9183
vn 0.9466 0.3116 0.0826
vn 0.0565 0.9973 0.0477
vn 0.4614 0.0316 -0.8866
vn 0.2566 0.0318 0.9660
vn 0.2524 0.0261 0.9673
vn 0.2569 0.0316 0.9659
vn 0.2522 0.0262 0.9673
vn 0.0176 0.6098 -0.7923
vn 0.2844 -0.3119 0.9066
vn -0.8678 0.4969 0.0011
vn 0.9894 -0.1205 -0.0807
vn 0.9894 -0.1205 -0.0806
vn 0.8670 0.4908 0.0858
vn -0.4079 -0.0960 -0.9080
vn 0.2989 -0.1742 -0.9383
vn 0.7830 -0.0781 0.6171
vn 0.8678 0.4969 0.0011
vn -0.1411 -0.3794 -0.9144
vn -0.3595 -0.0641 0.9309
vn -0.3910 -0.0421 0.9194
vn -0.3677 -0.0140 0.9298
vn -0.3491 -0.2529 -0.9023
vn 0.0469 0.2918 0.9553
vn -0.1774 -0.2329 -0.9562
vn 0.1896 0.1658 -0.9678
vn -0.1411 0.3794 0.9144
vn 0.2109 -0.3529 -0.9116
vn -0.8678 -0.4969 0.0011
vn 0.4565 -0.4028 0.7933
vn -0.7830 -0.0781 0.6171
vn 0.2608 0.5487 0.7943
vn -0.2057 0.2762 -0.9388
vn -0.0469 0.2918 0.9553
vn -0.2550 0.9609 0.1081
vn 0.4565 0.4028 0.7933
vn 0.9945 0.1014 -0.0263
vn 0.9945 0.1020 0.0222
vn 0.9945 0.1013 -0.0263
vn 0.9945 0.1022 0.0222
vn 0.0767 0.3349 -0.9391
vn -0.2608 0.5487 -0.7943
vn -0.0565 -0.9973 -0.0477
vn -0.4614 -0.0316 0.8866
vn -0.3589 0.6982 -0.6194
vn 0.4419 -0.8913 0.1012
vn -0.2989 -0.1742 -0.9383
vn -0.1054 0.2192 0.9700
vn 0.0565 0.9973 -0.0477
vn -0.2538 -0.9668 0.0307
vn 0.5782 0.1952 -0.7922
vn -0.1774 0.2329 -0.9562
vn 0.3982 0.1923 0.8969
vn 0.8678 0.4969 -0.0011
vn 0.0185 0.3513 0.9361
vn 0.0933 0.4552 0.8855
vn 0.2309 0.3371 0.9127
vn 0.2211 0.1264 -0.9670
vn -0.0567 -0.9914 0.1180
vn 0.2109 0.3529 0.9116
vn 0.9483 -0.3174 0.0007
vn -0.2989 0.1742 -0.9383
vn 0.4614 -0.0316 0.8866
vn -0.4614 0.0316 0.8866
vn -0.3982 0.1923 0.8969
vn 0.9483 -0.3174 -0.0007
vn -0.0567 0.9914 -0.1180
vn -0.1054 -0.2192 -0.9700
vn -0.2568 -0.0318 -0.9660
vn -0.2567 -0.0318 -0.9660
vn -0.2567 -0.0317 -0.9660
vn 0.4614 0.0316 0.8866
vn -0.9466 -0.3116 -0.0826
vn 0.0566 -0.2298 -0.9716
vn -0.7535 -0.6512 -0.0902
vn -0.6101 -0.7865 -0.0953
vn 0.6033 0.5001 -0.6212
vn -0.1896 -0.1658 -0.9678
vn -0.2211 -0.1264 0.9670
vn -0.2608 0.5487 0.7943
vn 0.1613 -0.2612 0.9517
vn -0.9466 -0.3116 0.0826
vn -0.4419 0.8913 -0.1012
vn -0.8678 0.4969 -0.0011
vn 0.1896 -0.1658 -0.9678
vn -0.4407 0.8975 0.0179
vn -0.0185 -0.3513 -0.9361
vn -0.2310 -0.3373 -0.9126
vn -0.0932 -0.4552 -0.8855
vn -0.6033 -0.5001 -0.6212
vn -0.7535 -0.6575 -0.0043
vn 0.2608 0.5487 -0.7943
vn -0.0717 0.2840 -0.9561
vn -0.0566 0.2298 -0.9716
vn 0.6094 0.7928 -0.0095
vn -0.8670 0.4908 -0.0858
vn 0.2437 -0.0811 0.9665
vn 0.1504 0.1973 -0.9687
vn -0.3595 0.0641 0.9309
vn -0.3677 0.0140 0.9299
vn -0.3910 0.0421 0.9194
vn 0.4079 0.0960 0.9080
vn -0.7535 -0.6575 0.0043
vn 0.9466 0.3116 -0.0826
vn -0.4565 -0.4028 0.7933
vn -0.4079 0.0960 -0.9080
vn 0.4079 0.0960 -0.9080
vn 0.2989 0.1742 0.9383
vn -0.6094 -0.7928 0.0095
vn 0.9940 0.0955 0.0531
vn 0.9899 0.1057 0.0941
vn 0.9942 0.0936 0.0537
vn 0.9898 0.1077 0.0935
vn -0.0531 0.3924 0.9183
vn -0.4614 0.0316 -0.8866
vn 0.2057 0.2762 -0.9388
vn -0.0767 -0.3349 -0.9391
vn 0.3589 0.6982 0.6194
vn -0.3589 -0.6982 0.6194
vn -0.7535 -0.6512 0.0902
vn 0.2211 0.1264 0.9670
vn -0.1774 0.2329 0.9562
vn -0.0000 -0.5333 0.8459
vn 0.0381 -0.5792 0.8143
vn -0.0381 -0.5793 0.8142
vn -0.9483 0.3174 0.0007
vn 0.1896 0.1658 0.9678
vn 0.0717 0.2840 0.9561
vn 0.1774 -0.2329 -0.9562
vn -0.4565 0.4028 -0.7933
vn 0.3491 -0.2529 0.9023
vn 0.1574 0.3873 -0.9084
vn 0.1377 0.3836 -0.9132
vn 0.1563 0.3906 -0.9072
vn 0.1370 0.3857 -0.9124
vn 0.7515 0.2282 -0.6190
vn 0.1054 0.2192 -0.9700
vn 0.2109 0.3529 -0.9116
vn -0.0176 -0.6098 0.7923
vn -0.3589 0.6982 0.6194
vn 0.7535 0.6512 -0.0902
vn 0.3589 -0.6982 0.6194
vn 0.7515 -0.2282 0.6190
vn 0.0185 -0.3513 -0.9361
vn 0.0933 -0.4552 -0.8855
vn 0.2309 -0.3371 -0.9127
vn 0.2538 -0.9668 -0.0307
vn 0.0767 0.3349 0.9391
vn -0.9466 0.3116 0.0826
vn -0.6101 0.7865 -0.0953
vn 0.4419 -0.8913 -0.1012
vn -0.7830 0.0781 0.6171
vn -0.4565 -0.4028 -0.7933
vn 0.0176 -0.6098 0.7923
vn -0.7830 -0.0781 -0.6171
vn 0.6033 0.5001 0.6212
vn 0.0717 -0.2840 0.9561
vn 0.1504 -0.1973 -0.9687
vn 0.0531 0.3924 -0.9183
vn 0.0565 -0.9973 0.0477
vn -0.4079 -0.0960 0.9080
vn -0.0531 -0.3924 -0.9183
vn -0.0176 0.6098 0.7923
vn 0.4079 -0.0960 0.9080
vn 0.2608 -0.5487 0.7943
vn 0.6101 -0.7865 0.0953
vn -0.0717 0.2840 0.9561
vn 0.2057 -0.2762 -0.9388
vn 0.4079 -0.0960 -0.9080
vn -0.4407 -0.8975 -0.0179
vn 0.0072 0.2287 -0.9735
vn -0.1054 0.2192 -0.9700
vn -0.3439 -0.0453 -0.9379
vn -0.2989 0.1742 0.9383
vn 0.9894 0.1205 -0.0807
vn 0.4407 -0.8975 0.0179
vn 0.6101 0.7865 -0.0953
vn -0.0000 -0.5333 -0.8459
vn 0.0566 0.2298 0.9716
vn -0.2550 -0.9609 -0.1081
vn -0.9894 -0.1205 -0.0807
vn -0.1896 0.1658 0.9678
vn 0.1774 -0.2329 0.9562
vn -0.2989 -0.1742 0.9383
vn 0.1574 -0.3873 0.9084
vn 0.1377 -0.3836 0.9132
vn 0.1563 -0.3906 0.9072
vn 0.1370 -0.3857 0.9124
vn 0.9466 -0.3116 -0.0826
vn 0.7830 0.0781 -0.6171
vn -0.4419 -0.8913 0.1012
vn 0.7830 -0.0781 -0.6171
vn 0.1054 -0.2192 0.9700
vn -0.8670 -0.4908 0.0858
vn 0.0717 0.2840 -0.9561
vn 0.0469 -0.2918 -0.9553
vn 0.7515 0.2282 0.6190
vn 0.0531 0.3924 0.9183
vn 0.0566 0.2298 -0.9716
vn -0.1896 0.1658 -0.9678
vn 0.3982 -0.1923 -0.8969
vn 0.3439 0.0453 -0.9379
vn 0.2437 -0.0811 -0.9665
vn -0.6033 -0.5001 0.6212
vn 0.7830 0.0781 0.6171
vn 0.0767 -0.3349 0.9391
vn -0.2109 -0.3529 -0.9116
vn 0.9483 0.3174 -0.0007
vn -0.1896 -0.1658 0.9678
vn -0.4407 -0.8975 0.0179
vn -0.0565 0.9973 -0.0477
vn -0.4419 -0.8913 -0.1012
vn -0.7515 -0.2282 0.6190
vn 0.0531 -0.3924 -0.9183
vn 0.2538 0.9668 -0.0307
vn -0.1504 -0.1973 -0.9687
vn -0.3491 0.2529 0.9023
vn 0.2538 0.9668 0.0307
vn -0.7515 0.2282 0.6190
vn 0.9920 0.1259 0.0016
vn -0.0185 0.3513 0.9361
vn -0.2310 0.3373 0.9126
vn -0.0932 0.4552 0.8855
vn 0.0567 -0.9914 -0.1180
vn 0.0176 0.6098 0.7923
vn 0.9940 -0.0955 0.0531
vn 0.9898 -0.1076 0.0936
vn 0.9942 -0.0936 0.0537
vn 0.9899 -0.1057 0.0941
vn -0.0566 -0.2298 0.9716
vn 0.2989 -0.1742 0.9383
vn -0.7535 0.6575 -0.0043
vn -0.5782 0.1952 0.7922
vn -0.2211 0.1264 -0.9670
vn -0.2844 -0.3119 -0.9066
vn 0.0072 0.2287 0.9735
vn -0.0566 -0.2298 -0.9716
vn -0.0469 -0.2918 -0.9553
vn -0.0767 -0.3349 0.9391
vn -0.9920 -0.1259 0.0016
vn 0.4407 -0.8975 -0.0179
vn -0.2614 -0.0281 0.9648
vn -0.2524 -0.0258 0.9673
vn -0.2615 -0.0273 0.9648
vn -0.2523 -0.0266 0.9673
vn 0.2550 0.9609 0.1081
vn 0.1774 0.2329 -0.9562
vn 0.2567 -0.0318 -0.9660
vn 0.2566 -0.0318 -0.9660
vn -0.7535 0.6512 -0.0902
vn -0.4407 0.8975 -0.0179
vn 0.2550 0.9609 -0.1081
vn 0.0176 -0.6098 -0.7923
vn 0.2608 -0.5487 -0.7943
vn -0.2437 -0.0811 0.9665
vn 0.7535 0.6512 0.0902
vn -0.9483 -0.3174 0.0007
vn 0.1054 0.2192 0.9700
vn 0.1411 -0.3794 -0.9144
vn 0.4419 0.8913 0.1012
vn 0.0717 -0.2840 -0.9561
vn -0.4079 0.0960 0.9080
vn 0.1896 -0.1658 0.9678
vn -0.6101 -0.7865 0.0953
vn -0.1574 0.3873 -0.9084
vn -0.1370 0.3857 -0.9124
vn -0.1563 0.3906 -0.9072
vn -0.1377 0.3836 -0.9132
vn -0.0717 -0.2840 -0.9561
vn 0.6033 -0.5001 -0.6212
vn -0.2550 0.9609 -0.1081
vn 0.3982 -0.1923 0.8969
vn -0.3439 0.0452 -0.9379
vn -0.3439 0.0453 -0.9379
vn -0.9945 -0.1014 -0.0263
vn -0.9945 -0.1020 0.0222
vn -0.9945 -0.1013 -0.0263
vn -0.9945 -0.1022 0.0222
vn 0.9466 -0.3116 0.0826
vn 0.3589 0.6982 -0.6194
vn -0.6094 0.7928 -0.0095
vn -0.0469 -0.2918 0.9553
vn 0.6094 0.7928 0.0095
vn 0.0469 0.2918 -0.9553
vn 0.4407 0.8975 -0.0179
vn -0.3589 -0.6982 -0.6194
vn 0.3595 0.0641 0.9309
vn 0.3910 0.0421 0.9194
vn 0.3677 0.0139 0.9299
vn -0.5782 -0.1952 0.7922
vn -0.1613 -0.2611 0.9517
vn -0.1611 -0.2611 0.9518
vn 0.3491 0.2529 -0.9023
vn 0.7535 -0.6575 -0.0043
vn -0.6033 0.5001 -0.6212
vn 0.1613 0.2612 -0.9517
vn -0.2211 -0.1264 -0.9670
vn 0.5782 -0.1952 -0.7922
vn 0.2538 -0.9668 0.0307
vn -0.2437 0.0811 0.9665
vn -0.4419 0.8913 0.1012
vn 0.2057 -0.2762 0.9388
vn 0.0072 -0.2287 0.9735
vn 0.3595 -0.0641 0.9309
vn 0.3677 -0.0139 0.9299
vn 0.3910 -0.0421 0.9194
vn 0.8670 -0.4908 -0.0858
vn -0.4565 0.4028 0.7933
vn -0.2844 -0.3119 0.9066
vn -0.2211 0.1264 0.9670
vn 0.2109 -0.3529 0.9116
vn 0.4614 -0.0316 -0.8866
vn 0.2566 0.0318 -0.9660
vn 0.2567 0.0319 -0.9660
vn 0.3439 -0.0453 -0.9379
vn -0.2538 -0.9668 -0.0307
vn 0.2844 0.3119 -0.9066
vn -0.7515 -0.2282 -0.6190
vn -0.2437 0.0811 -0.9665
vn 0.3982 0.1923 -0.8969
vn -0.1504 0.1973 -0.9687
vn -0.9920 0.1259 0.0016
vn -0.0072 -0.2287 -0.9735
vn -0.3982 0.1923 -0.8969
vn 0.9483 0.3174 0.0007
vn 0.7535 -0.6575 0.0043
vn 0.2437 0.0811 0.9665
vn -0.3982 -0.1923 -0.8969
vn -0.1054 -0.2192 0.9700
vn 0.8670 0.4908 -0.0858
vn -0.2057 -0.2762 -0.9388
vn -0.2109 -0.3529 0.9116
vn -0.2437 -0.0811 -0.9665
vn 0.8670 -0.4908 0.0858
vn -0.2568 0.0318 -0.9660
vn -0.2568 0.0317 -0.9659
vn -0.2567 0.0317 -0.9660
vn 0.6094 -0.7928 0.0095
vn -0.0567 0.9914 0.1180
vn -0.9939 0.0959 0.0535
vn -0.9900 0.1032 0.0961
vn -0.9939 0.0965 0.0534
vn -0.9900 0.1037 0.0960
vn 0.6101 0.7865 0.0953
vn 0.2057 0.2762 0.9388
vn -0.3491 -0.2529 0.9023
vn 0.2989 0.1742 -0.9383
vn -0.8670 0.4908 0.0858
vn -0.6033 0.5001 0.6212
vn -0.0565 0.9973 0.0477
vn 0.4419 0.8913 -0.1012
vn -0.2109 0.3529 -0.9116
vn -0.0531 0.3924 -0.9183
vn -0.0567 -0.9914 -0.1180
vn -0.9483 0.3174 -0.0007
vn 0.9920 -0.1259 0.0016
vn 0.2844 0.3119 0.9066
vn 0.9945 -0.1014 -0.0263
vn 0.9945 -0.1022 0.0222
vn 0.9945 -0.1013 -0.0263
vn 0.9945 -0.1020 0.0222
vn -0.2538 0.9668 -0.0307
vn -0.0767 0.3349 0.9391
vn -0.0176 0.6098 -0.7923
vn -0.1504 -0.1973 0.9687
vn 0.3491 0.2529 0.9023
vn -0.2109 0.3529 0.9116
vn -0.1504 0.1973 0.9687
vn 0.0072 -0.2287 -0.9735
vn 0.2437 0.0811 -0.9665
vn 0.2550 -0.9609 -0.1081
vn -0.1774 -0.2329 0.9562
vn -0.1574 -0.3873 0.9084
vn -0.1370 -0.3857 0.9124
vn -0.1563 -0.3906 0.9072
vn -0.1377 -0.3836 0.9132
vn 0.7535 -0.6512 -0.0902
vn 0.1774 0.2329 0.9562
vn -0.0072 0.2287 0.9735
vn -0.0565 -0.9973 0.0477
vn -0.7830 0.0781 -0.6171
vn -0.6101 0.7865 0.0953
vn 0.2211 -0.1264 0.9670
vn -0.2614 0.0281 0.9648
vn -0.2523 0.0266 0.9673
vn -0.2615 0.0273 0.9648
vn -0.2525 0.0258 0.9673
vn 0.6094 -0.7928 -0.0095
vn -0.2057 0.2762 0.9388
vn 0.1504 0.1973 0.9687
vn 0.2620 -0.0277 0.9647
vn 0.2522 -0.0272 0.9673
vn 0.2621 -0.0263 0.9647
vn 0.2523 -0.0258 0.9673
vn 0.0767 -0.3349 -0.9391
vn -0.2844 0.3119 -0.9066
vn 0.7535 -0.6512 0.0902
vn -0.0072 0.2287 -0.9735
vn 0.0531 -0.3924 0.9183
vn 0.1504 -0.1973 0.9687
vn -0.4614 -0.0316 -0.8866
vn -0.6094 0.7928 0.0095
vn -0.5782 -0.1952 -0.7922
vn 0.5782 0.1952 0.7922
vn -0.6094 -0.7928 -0.0095
vn 0.2550 -0.9609 0.1081
vn 0.0566 -0.2298 0.9716
vn -0.5782 0.1952 -0.7922
vn 0.3491 -0.2529 -0.9023
vn -0.2538 0.9668 0.0307
vn -0.0176 -0.6098 -0.7923
vn 0.4407 0.8975 0.0179
vn -0.2844 0.3119 0.9066
vn -0.9483 -0.3174 -0.0007
vn 0.8678 -0.4969 -0.0011
vn -0.3491 0.2529 -0.9023
vn 0.3589 -0.6982 -0.6194
vn 0.0567 -0.9914 0.1180
vn -0.3982 -0.1923 0.8969
vn -0.0469 0.2918 -0.9553
vn 0.2211 -0.1264 -0.9670
vn -0.9894 0.1205 -0.0807
vn 0.0567 0.9914 0.1180
vn -0.9946 -0.0913 0.0485
vn -0.9892 -0.1249 0.0767
vn -0.9947 -0.0887 0.0524
vn -0.9892 -0.1275 0.0728
vn 0.6033 -0.5001 0.6212
vn -0.2608 -0.5487 -0.7943
vn 0.2571 0.9604 0.1072
vn 0.2545 0.9660 0.0452
vn 0.2571 0.9604 -0.1072
vn 0.2545 0.9660 -0.0452
vn 0.0027 0.0242 -0.9997
vn 0.0113 -0.0040 0.9999
vn 0.0065 -0.0027 1.0000
vn 0.9506 -0.2520 -0.1811
vn -0.0054 0.0024 -1.0000
vn 0.9315 -0.2387 -0.2744
vn -0.9232 0.2309 0.3073
vn -0.2545 -0.9660 -0.0452
vn -0.2556 -0.9491 -0.1840
vn -0.9530 0.2527 0.1669
vn 0.0113 -0.0040 -0.9999
vn -0.9232 0.2309 -0.3073
vn 0.9506 -0.2520 0.1811
vn 0.0065 -0.0027 -1.0000
vn -0.2545 -0.9660 0.0452
vn -0.0054 0.0024 1.0000
vn 0.9315 -0.2387 0.2744
vn 0.0027 0.0242 0.9997
vn -0.2556 -0.9491 0.1840
vn -0.9530 0.2527 -0.1669
vn 0.3612 0.9263 0.1072
vn 0.3592 0.9322 0.0452
vn 0.3612 0.9263 -0.1072
vn 0.3592 0.9322 -0.0452
vn 0.0054 0.0237 -0.9997
vn 0.0108 -0.0052 0.9999
vn 0.0062 -0.0034 1.0000
vn 0.9171 -0.3551 -0.1811
vn -0.0051 0.0030 -1.0000
vn 0.8996 -0.3398 -0.2744
vn -0.8922 0.3310 0.3073
vn -0.3592 -0.9322 -0.0452
vn -0.3585 -0.9152 -0.1840
vn -0.9195 0.3560 0.1669
vn 0.0108 -0.0052 -0.9999
vn -0.8922 0.3310 -0.3073
vn 0.9171 -0.3551 0.1811
vn 0.0062 -0.0034 -1.0000
vn -0.3592 -0.9322 0.0452
vn -0.0051 0.0030 1.0000
vn 0.8996 -0.3398 0.2744
vn 0.0054 0.0237 0.9997
vn -0.3585 -0.9152 0.1840
vn -0.9195 0.3560 -0.1669
vn 0.4609 0.8810 0.1072
vn 0.4596 0.8870 0.0452
vn 0.4609 0.8810 -0.1072
vn 0.4596 0.8870 -0.0452
vn 0.0080 0.0230 -0.9997
vn 0.0102 -0.0063 0.9999
vn 0.0057 -0.0040 1.0000
vn 0.8725 -0.4538 -0.1811
vn -0.0048 0.0035 -1.0000
vn 0.8568 -0.4367 -0.2744
vn -0.8503 0.4272 0.3073
vn -0.4596 -0.8870 -0.0452
vn -0.4570 -0.8702 -0.1840
vn -0.8747 0.4550 0.1669
vn 0.0102 -0.0063 -0.9999
vn -0.8503 0.4272 -0.3073
vn 0.8725 -0.4538 0.1811
vn 0.0057 -0.0040 -1.0000
vn -0.4596 -0.8870 0.0452
vn -0.0048 0.0035 1.0000
vn 0.8568 -0.4367 0.2744
vn 0.0080 0.0230 0.9997
vn -0.4570 -0.8702 0.1840
vn -0.8747 0.4550 -0.1669
vn 0.5550 0.8249 0.1072
vn 0.5544 0.8310 0.0452
vn 0.5550 0.8249 -0.1072
vn 0.5544 0.8310 -0.0452
vn 0.0104 0.0220 -0.9997
vn 0.0094 -0.0074 0.9999
vn 0.0053 -0.0047 1.0000
vn 0.8173 -0.5471 -0.1811
vn -0.0043 0.0040 -1.0000
vn 0.8035 -0.5283 -0.2744
vn -0.7982 0.5181 0.3073
vn -0.5544 -0.8310 -0.0452
vn -0.5499 -0.8147 -0.1840
vn -0.8193 0.5485 0.1669
vn 0.0094 -0.0074 -0.9999
vn -0.7982 0.5181 -0.3073
vn 0.8173 -0.5471 0.1811
vn 0.0053 -0.0047 -1.0000
vn -0.5544 -0.8310 0.0452
vn -0.0043 0.0040 1.0000
vn 0.8035 -0.5283 0.2744
vn 0.0104 0.0220 0.9997
vn -0.5500 -0.8147 0.1840
vn -0.8193 0.5485 -0.1669
vn 0.6424 0.7588 0.1072
vn 0.6424 0.7650 0.0452
vn 0.6424 0.7588 -0.1072
vn 0.6424 0.7650 -0.0452
vn 0.0128 0.0207 -0.9997
vn 0.0085 -0.0084 0.9999
vn 0.0047 -0.0052 1.0000
vn 0.7521 -0.6336 -0.1811
vn -0.0039 0.0045 -1.0000
vn 0.7405 -0.6134 -0.2744
vn -0.7363 0.6028 0.3073
vn -0.6424 -0.7650 -0.0452
vn -0.6362 -0.7492 -0.1840
vn -0.7540 0.6353 0.1669
vn 0.0085 -0.0084 -0.9999
vn -0.7363 0.6028 -0.3073
vn 0.7521 -0.6336 0.1811
vn 0.0047 -0.0052 -1.0000
vn -0.6424 -0.7650 0.0452
vn -0.0039 0.0045 1.0000
vn 0.7405 -0.6134 0.2744
vn 0.0128 0.0207 0.9997
vn -0.6362 -0.7492 0.1840
vn -0.7540 0.6353 -0.1669
vn 0.7220 0.6836 0.1072
vn 0.7227 0.6897 0.0452
vn 0.7220 0.6836 -0.1072
vn 0.7227 0.6897 -0.0452
vn 0.0150 0.0191 -0.9997
vn 0.0076 -0.0093 0.9999
vn 0.0041 -0.0057 1.0000
vn 0.6779 -0.7125 -0.1811
vn -0.0034 0.0049 -1.0000
vn 0.6686 -0.6912 -0.2744
vn -0.6656 0.6801 0.3073
vn -0.7227 -0.6897 -0.0452
vn -0.7148 -0.6747 -0.1840
vn -0.6796 0.7144 0.1669
vn 0.0076 -0.0093 -0.9999
vn -0.6656 0.6801 -0.3073
vn 0.6779 -0.7125 0.1811
vn 0.0041 -0.0057 -1.0000
vn -0.7227 -0.6897 0.0452
vn -0.0034 0.0049 1.0000
vn 0.6686 -0.6912 0.2744
vn 0.0150 0.0191 0.9997
vn -0.7148 -0.6747 0.1840
vn -0.6796 0.7144 -0.1669
vn 0.7928 0.6000 0.1072
vn 0.7942 0.6060 0.0452
vn 0.7928 0.6000 -0.1072
vn 0.7942 0.6060 -0.0452
vn 0.0170 0.0174 -0.9997
vn 0.0065 -0.0101 0.9999
vn 0.0035 -0.0061 1.0000
vn 0.5954 -0.7828 -0.1811
vn -0.0028 0.0052 -1.0000
vn 0.5885 -0.7605 -0.2744
vn -0.5867 0.7492 0.3073
vn -0.7942 -0.6060 -0.0452
vn -0.7847 -0.5920 -0.1840
vn -0.5969 0.7848 0.1669
vn 0.0065 -0.0101 -0.9999
vn -0.5867 0.7492 -0.3073
vn 0.5954 -0.7828 0.1811
vn 0.0035 -0.0061 -1.0000
vn -0.7942 -0.6060 0.0452
vn -0.0028 0.0052 1.0000
vn 0.5885 -0.7605 0.2744
vn 0.0170 0.0174 0.9997
vn -0.7847 -0.5920 0.1840
vn -0.5969 0.7848 -0.1669
vn 0.8540 0.5091 0.1072
vn 0.8560 0.5150 0.0452
vn 0.8540 0.5091 -0.1072
vn 0.8560 0.5150 -0.0452
vn 0.0188 0.0154 -0.9997
vn 0.0053 -0.0107 0.9999
vn 0.0028 -0.0065 1.0000
vn 0.5056 -0.8435 -0.1811
vn -0.0022 0.0055 -1.0000
vn 0.5012 -0.8207 -0.2744
vn -0.5007 0.8092 0.3073
vn -0.8560 -0.5150 -0.0452
vn -0.8450 -0.5020 -0.1840
vn -0.5069 0.8457 0.1669
vn 0.0053 -0.0107 -0.9999
vn -0.5007 0.8092 -0.3073
vn 0.5056 -0.8435 0.1811
vn 0.0028 -0.0065 -1.0000
vn -0.8560 -0.5150 0.0452
vn -0.0022 0.0055 1.0000
vn 0.5012 -0.8207 0.2744
vn 0.0188 0.0154 0.9997
vn -0.8450 -0.5020 0.1840
vn -0.5069 0.8457 -0.1669
vn 0.9048 0.4121 0.1072
vn 0.9075 0.4177 0.0452
vn 0.9048 0.4121 -0.1072
vn 0.9075 0.4177 -0.0452
vn 0.0204 0.0132 -0.9997
vn 0.0041 -0.0113 0.9999
vn 0.0021 -0.0067 1.0000
vn 0.4098 -0.8940 -0.1811
vn -0.0016 0.0057 -1.0000
vn 0.4079 -0.8708 -0.2744
vn -0.4087 0.8594 0.3073
vn -0.9075 -0.4177 -0.0452
vn -0.8951 -0.4060 -0.1840
vn -0.4108 0.8963 0.1669
vn 0.0041 -0.0113 -0.9999
vn -0.4087 0.8594 -0.3073
vn 0.4098 -0.8940 0.1811
vn 0.0021 -0.0067 -1.0000
vn -0.9075 -0.4177 0.0452
vn -0.0016 0.0057 1.0000
vn 0.4079 -0.8708 0.2744
vn 0.0204 0.0132 0.9997
vn -0.8951 -0.4060 0.1840
vn -0.4108 0.8963 -0.1669
vn 0.9447 0.3101 0.1072
vn 0.9479 0.3153 0.0452
vn 0.9447 0.3101 -0.1072
vn 0.9479 0.3153 -0.0452
vn 0.0217 0.0109 -0.9997
vn 0.0029 -0.0116 0.9999
vn 0.0013 -0.0069 1.0000
vn 0.3089 -0.9337 -0.1811
vn -0.0010 0.0059 -1.0000
vn 0.3096 -0.9104 -0.2744
vn -0.3116 0.8991 0.3073
vn -0.9479 -0.3153 -0.0452
vn -0.9344 -0.3051 -0.1840
vn -0.3097 0.9361 0.1669
vn 0.0029 -0.0116 -0.9999
vn -0.3116 0.8991 -0.3073
vn 0.3089 -0.9337 0.1811
vn 0.0013 -0.0069 -1.0000
vn -0.9479 -0.3153 0.0452
vn -0.0010 0.0059 1.0000
vn 0.3096 -0.9104 0.2744
vn 0.0217 0.0109 0.9997
vn -0.9344 -0.3051 0.1840
vn -0.3097 0.9361 -0.1669
vn 0.9730 0.2043 0.1072
vn 0.9768 0.2091 0.0452
vn 0.9730 0.2043 -0.1072
vn 0.9768 0.2091 -0.0452
vn 0.0228 0.0085 -0.9997
vn 0.0016 -0.0119 0.9999
vn 0.0005 -0.0070 1.0000
vn 0.2043 -0.9620 -0.1811
vn -0.0003 0.0059 -1.0000
vn 0.2076 -0.9389 -0.2744
vn -0.2108 0.9280 0.3073
vn -0.9768 -0.2091 -0.0452
vn -0.9623 -0.2005 -0.1840
vn -0.2049 0.9645 0.1669
vn 0.0016 -0.0119 -0.9999
vn -0.2108 0.9280 -0.3073
vn 0.2043 -0.9620 0.1811
vn 0.0005 -0.0070 -1.0000
vn -0.9768 -0.2091 0.0452
vn -0.0003 0.0059 1.0000
vn 0.2076 -0.9389 0.2744
vn 0.0228 0.0085 0.9997
vn -0.9623 -0.2005 0.1840
vn -0.2049 0.9645 -0.1669
vn 0.9896 0.0960 0.1072
vn 0.9939 0.1004 0.0452
vn 0.9896 0.0960 -0.1072
vn 0.9939 0.1004 -0.0452
vn 0.0236 0.0059 -0.9997
vn 0.0003 -0.0120 0.9999
vn -0.0002 -0.0070 1.0000
vn 0.0973 -0.9786 -0.1811
vn 0.0004 0.0059 -1.0000
vn 0.1031 -0.9561 -0.2744
vn -0.1075 0.9455 0.3073
vn -0.9939 -0.1004 -0.0452
vn -0.9785 -0.0934 -0.1840
vn -0.0975 0.9811 0.1669
vn 0.0003 -0.0120 -0.9999
vn -0.1075 0.9455 -0.3073
vn 0.0973 -0.9786 0.1811
vn -0.0002 -0.0070 -1.0000
vn -0.9939 -0.1004 0.0452
vn 0.0004 0.0059 1.0000
vn 0.1031 -0.9561 0.2744
vn 0.0236 0.0059 0.9997
vn -0.9785 -0.0934 0.1840
vn -0.0975 0.9811 -0.1669
vn 0.9941 -0.0135 0.1072
vn 0.9989 -0.0096 0.0452
vn 0.9941 -0.0135 -0.1072
vn 0.9989 -0.0096 -0.0452
vn 0.0241 0.0033 -0.9997
vn -0.0011 -0.0119 0.9999
vn -0.0010 -0.0070 1.0000
vn -0.0110 -0.9834 -0.1811
vn 0.0010 0.0058 -1.0000
vn -0.0027 -0.9616 -0.2744
vn -0.0028 0.9516 0.3073
vn -0.9989 0.0096 -0.0452
vn -0.9828 0.0148 -0.1840
vn 0.0110 0.9859 0.1669
vn -0.0011 -0.0119 -0.9999
vn -0.0028 0.9516 -0.3073
vn -0.0110 -0.9834 0.1811
vn -0.0010 -0.0070 -1.0000
vn -0.9989 0.0096 0.0452
vn 0.0010 0.0058 1.0000
vn -0.0027 -0.9616 0.2744
vn 0.0241 0.0033 0.9997
vn -0.9828 0.0148 0.1840
vn 0.0110 0.9859 -0.1669
vn 0.9866 -0.1227 0.1072
vn 0.9918 -0.1194 0.0452
vn 0.9866 -0.1227 -0.1072
vn 0.9918 -0.1194 -0.0452
vn 0.0243 0.0006 -0.9997
vn -0.0024 -0.0118 0.9999
vn -0.0018 -0.0068 1.0000
vn -0.1191 -0.9762 -0.1811
vn 0.0016 0.0057 -1.0000
vn -0.1085 -0.9555 -0.2744
vn 0.1019 0.9461 0.3073
vn -0.9918 0.1194 -0.0452
vn -0.9752 0.1228 -0.1840
vn 0.1194 0.9787 0.1669
vn -0.0024 -0.0118 -0.9999
vn 0.1019 0.9461 -0.3073
vn -0.1191 -0.9762 0.1811
vn -0.0018 -0.0068 -1.0000
vn -0.9918 0.1194 0.0452
vn 0.0016 0.0057 1.0000
vn -0.1085 -0.9555 0.2744
vn 0.0243 0.0006 0.9997
vn -0.9752 0.1228 0.1840
vn 0.1194 0.9787 -0.1669
vn 0.9671 -0.2305 0.1072
vn 0.9727 -0.2278 0.0452
vn 0.9671 -0.2305 -0.1072
vn 0.9727 -0.2278 -0.0452
vn 0.0242 -0.0021 -0.9997
vn -0.0037 -0.0114 0.9999
vn -0.0025 -0.0066 1.0000
vn -0.2258 -0.9572 -0.1811
vn 0.0023 0.0055 -1.0000
vn -0.2130 -0.9377 -0.2744
vn 0.2054 0.9292 0.3073
vn -0.9727 0.2278 -0.0452
vn -0.9558 0.2294 -0.1840
vn 0.2263 0.9596 0.1669
vn -0.0037 -0.0114 -0.9999
vn 0.2054 0.9292 -0.3073
vn -0.2258 -0.9572 0.1811
vn -0.0025 -0.0066 -1.0000
vn -0.9727 0.2278 0.0452
vn 0.0023 0.0055 1.0000
vn -0.2130 -0.9377 0.2744
vn 0.0242 -0.0021 0.9997
vn -0.9558 0.2294 0.1840
vn 0.2263 0.9596 -0.1669
vn 0.9359 -0.3355 0.1072
vn 0.9417 -0.3334 0.0452
vn 0.9359 -0.3355 -0.1072
vn 0.9417 -0.3334 -0.0452
vn 0.0238 -0.0047 -0.9997
vn -0.0049 -0.0109 0.9999
vn -0.0032 -0.0062 1.0000
vn -0.3297 -0.9266 -0.1811
vn 0.0028 0.0052 -1.0000
vn -0.3148 -0.9086 -0.2744
vn 0.3063 0.9010 0.3073
vn -0.9417 0.3334 -0.0452
vn -0.9247 0.3331 -0.1840
vn 0.3305 0.9289 0.1669
vn -0.0049 -0.0109 -0.9999
vn 0.3063 0.9010 -0.3073
vn -0.3297 -0.9266 0.1811
vn -0.0032 -0.0062 -1.0000
vn -0.9417 0.3334 0.0452
vn 0.0028 0.0052 1.0000
vn -0.3148 -0.9086 0.2744
vn 0.0238 -0.0047 0.9997
vn -0.9247 0.3331 0.1840
vn 0.3305 0.9289 -0.1669
vn 0.8933 -0.4365 0.1072
vn 0.8993 -0.4350 0.0452
vn 0.8933 -0.4365 -0.1072
vn 0.8993 -0.4350 -0.0452
vn 0.0232 -0.0073 -0.9997
vn -0.0061 -0.0103 0.9999
vn -0.0039 -0.0059 1.0000
vn -0.4296 -0.8847 -0.1811
vn 0.0034 0.0049 -1.0000
vn -0.4129 -0.8685 -0.2744
vn 0.4036 0.8618 0.3073
vn -0.8993 0.4350 -0.0452
vn -0.8825 0.4328 -0.1840
vn 0.4307 0.8869 0.1669
vn -0.0061 -0.0103 -0.9999
vn 0.4036 0.8618 -0.3073
vn -0.4296 -0.8847 0.1811
vn -0.0039 -0.0059 -1.0000
vn -0.8993 0.4350 0.0452
vn 0.0034 0.0049 1.0000
vn -0.4129 -0.8685 0.2744
vn 0.0232 -0.0073 0.9997
vn -0.8825 0.4328 0.1840
vn 0.4307 0.8869 -0.1669
vn 0.8399 -0.5321 0.1072
vn 0.8460 -0.5313 0.0452
vn 0.8399 -0.5321 -0.1072
vn 0.8460 -0.5313 -0.0452
vn 0.0222 -0.0098 -0.9997
vn -0.0072 -0.0096 0.9999
vn -0.0045 -0.0054 1.0000
vn -0.5243 -0.8320 -0.1811
vn 0.0039 0.0045 -1.0000
vn -0.5059 -0.8178 -0.2744
vn 0.4959 0.8122 0.3073
vn -0.8460 0.5313 -0.0452
vn -0.8295 0.5273 -0.1840
vn 0.5257 0.8341 0.1669
vn -0.0072 -0.0096 -0.9999
vn 0.4959 0.8122 -0.3073
vn -0.5243 -0.8320 0.1811
vn -0.0045 -0.0054 -1.0000
vn -0.8460 0.5313 0.0452
vn 0.0039 0.0045 1.0000
vn -0.5059 -0.8178 0.2744
vn 0.0222 -0.0098 0.9997
vn -0.8295 0.5273 0.1840
vn 0.5257 0.8341 -0.1669
vn 0.7763 -0.6212 0.1072
vn 0.7824 -0.6211 0.0452
vn 0.7763 -0.6212 -0.1072
vn 0.7824 -0.6211 -0.0452
vn 0.0210 -0.0122 -0.9997
vn -0.0082 -0.0088 0.9999
vn -0.0051 -0.0049 1.0000
vn -0.6127 -0.7693 -0.1811
vn 0.0044 0.0040 -1.0000
vn -0.5928 -0.7572 -0.2744
vn 0.5823 0.7527 0.3073
vn -0.7824 0.6211 -0.0452
vn -0.7665 0.6153 -0.1840
vn 0.6142 0.7713 0.1669
vn -0.0082 -0.0088 -0.9999
vn 0.5823 0.7527 -0.3073
vn -0.6127 -0.7693 0.1811
vn -0.0051 -0.0049 -1.0000
vn -0.7824 0.6211 0.0452
vn 0.0044 0.0040 1.0000
vn -0.5928 -0.7572 0.2744
vn 0.0210 -0.0122 0.9997
vn -0.7665 0.6153 0.1840
vn 0.6142 0.7713 -0.1669
vn 0.7032 -0.7029 0.1072
vn 0.7093 -0.7034 0.0452
vn 0.7032 -0.7029 -0.1072
vn 0.7093 -0.7034 -0.0452
vn 0.0195 -0.0144 -0.9997
vn -0.0091 -0.0078 0.9999
vn -0.0056 -0.0043 1.0000
vn -0.6936 -0.6972 -0.1811
vn 0.0048 0.0035 -1.0000
vn -0.6725 -0.6874 -0.2744
vn 0.6615 0.6841 0.3073
vn -0.7093 0.7034 -0.0452
vn -0.6941 0.6959 -0.1840
vn 0.6954 0.6990 0.1669
vn -0.0091 -0.0078 -0.9999
vn 0.6615 0.6841 -0.3073
vn -0.6936 -0.6972 0.1811
vn -0.0056 -0.0043 -1.0000
vn -0.7093 0.7034 0.0452
vn 0.0048 0.0035 1.0000
vn -0.6725 -0.6874 0.2744
vn 0.0195 -0.0144 0.9997
vn -0.6941 0.6959 0.1840
vn 0.6954 0.6990 -0.1669
vn 0.6216 -0.7760 0.1072
vn 0.6277 -0.7772 0.0452
vn 0.6216 -0.7760 -0.1072
vn 0.6277 -0.7772 -0.0452
vn 0.0178 -0.0165 -0.9997
vn -0.0099 -0.0068 0.9999
vn -0.0060 -0.0036 1.0000
vn -0.7661 -0.6167 -0.1811
vn 0.0051 0.0029 -1.0000
vn -0.7440 -0.6092 -0.2744
vn 0.7328 0.6071 0.3073
vn -0.6277 0.7772 -0.0452
vn -0.6134 0.7681 -0.1840
vn 0.7680 0.6183 0.1669
vn -0.0099 -0.0068 -0.9999
vn 0.7328 0.6071 -0.3073
vn -0.7661 -0.6167 0.1811
vn -0.0060 -0.0036 -1.0000
vn -0.6277 0.7772 0.0452
vn 0.0051 0.0029 1.0000
vn -0.7440 -0.6092 0.2744
vn 0.0178 -0.0165 0.9997
vn -0.6134 0.7681 0.1840
vn 0.7680 0.6183 -0.1669
vn 0.5325 -0.8396 0.1072
vn 0.5384 -0.8415 0.0452
vn 0.5325 -0.8396 -0.1072
vn 0.5384 -0.8415 -0.0452
vn 0.0159 -0.0184 -0.9997
vn -0.0106 -0.0056 0.9999
vn -0.0064 -0.0030 1.0000
vn -0.8293 -0.5287 -0.1811
vn 0.0054 0.0024 -1.0000
vn -0.8065 -0.5237 -0.2744
vn 0.7951 0.5228 0.3073
vn -0.5384 0.8415 -0.0452
vn -0.5251 0.8309 -0.1840
vn 0.8314 0.5300 0.1669
vn -0.0106 -0.0056 -0.9999
vn 0.7951 0.5228 -0.3073
vn -0.8293 -0.5287 0.1811
vn -0.0064 -0.0030 -1.0000
vn -0.5384 0.8415 0.0452
vn 0.0054 0.0024 1.0000
vn -0.8065 -0.5237 0.2744
vn 0.0159 -0.0184 0.9997
vn -0.5251 0.8309 0.1840
vn 0.8314 0.5300 -0.1669
vn 0.4369 -0.8931 0.1072
vn 0.4425 -0.8956 0.0452
vn 0.4369 -0.8931 -0.1072
vn 0.4425 -0.8956 -0.0452
vn 0.0138 -0.0200 -0.9997
vn -0.0111 -0.0044 0.9999
vn -0.0067 -0.0022 1.0000
vn -0.8824 -0.4343 -0.1811
vn 0.0057 0.0017 -1.0000
vn -0.8592 -0.4318 -0.2744
vn 0.8478 0.4322 0.3073
vn -0.4425 0.8956 -0.0452
vn -0.4305 0.8836 -0.1840
vn 0.8847 0.4353 0.1669
vn -0.0111 -0.0044 -0.9999
vn 0.8478 0.4322 -0.3073
vn -0.8824 -0.4343 0.1811
vn -0.0067 -0.0022 -1.0000
vn -0.4425 0.8956 0.0452
vn 0.0057 0.0017 1.0000
vn -0.8592 -0.4318 0.2744
vn 0.0138 -0.0200 0.9997
vn -0.4305 0.8836 0.1840
vn 0.8847 0.4353 -0.1669
vn 0.3360 -0.9358 0.1072
vn 0.3413 -0.9389 0.0452
vn 0.3360 -0.9358 -0.1072
vn 0.3413 -0.9389 -0.0452
vn 0.0115 -0.0214 -0.9997
vn -0.0116 -0.0032 0.9999
vn -0.0069 -0.0015 1.0000
vn -0.9248 -0.3345 -0.1811
vn 0.0058 0.0011 -1.0000
vn -0.9015 -0.3346 -0.2744
vn 0.8902 0.3363 0.3073
vn -0.3413 0.9389 -0.0452
vn -0.3307 0.9256 -0.1840
vn 0.9272 0.3354 0.1669
vn -0.0116 -0.0032 -0.9999
vn 0.8902 0.3363 -0.3073
vn -0.9248 -0.3345 0.1811
vn -0.0069 -0.0015 -1.0000
vn -0.3413 0.9389 0.0452
vn 0.0058 0.0011 1.0000
vn -0.9015 -0.3346 0.2744
vn 0.0115 -0.0214 0.9997
vn -0.3307 0.9256 0.1840
vn 0.9272 0.3354 -0.1669
vn 0.2310 -0.9670 0.1072
vn 0.2360 -0.9707 0.0452
vn 0.2310 -0.9670 -0.1072
vn 0.2360 -0.9707 -0.0452
vn 0.0091 -0.0225 -0.9997
vn -0.0118 -0.0019 0.9999
vn -0.0070 -0.0007 1.0000
vn -0.9560 -0.2308 -0.1811
vn 0.0059 0.0005 -1.0000
vn -0.9329 -0.2334 -0.2744
vn 0.9218 0.2363 0.3073
vn -0.2360 0.9707 -0.0452
vn -0.2269 0.9564 -0.1840
vn 0.9584 0.2314 0.1669
vn -0.0118 -0.0019 -0.9999
vn 0.9218 0.2363 -0.3073
vn -0.9560 -0.2308 0.1811
vn -0.0070 -0.0007 -1.0000
vn -0.2360 0.9707 0.0452
vn 0.0059 0.0005 1.0000
vn -0.9329 -0.2334 0.2744
vn 0.0091 -0.0225 0.9997
vn -0.2269 0.9564 0.1840
vn 0.9584 0.2314 -0.1669
vn 0.1232 -0.9866 0.1072
vn 0.1277 -0.9908 0.0452
vn 0.1232 -0.9866 -0.1072
vn 0.1277 -0.9908 -0.0452
vn 0.0066 -0.0234 -0.9997
vn -0.0120 -0.0006 0.9999
vn -0.0070 -0.0000 1.0000
vn -0.9756 -0.1242 -0.1811
vn 0.0059 -0.0002 -1.0000
vn -0.9529 -0.1294 -0.2744
vn 0.9422 0.1335 0.3073
vn -0.1277 0.9908 -0.0452
vn -0.1203 0.9755 -0.1840
vn 0.9781 0.1245 0.1669
vn -0.0120 -0.0006 -0.9999
vn 0.9422 0.1335 -0.3073
vn -0.9756 -0.1242 0.1811
vn -0.0070 -0.0000 -1.0000
vn -0.1277 0.9908 0.0452
vn 0.0059 -0.0002 1.0000
vn -0.9529 -0.1294 0.2744
vn 0.0066 -0.0234 0.9997
vn -0.1203 0.9755 0.1840
vn 0.9781 0.1245 -0.1669
vn 0.0139 -0.9941 0.1072
vn 0.0180 -0.9988 0.0452
vn 0.0139 -0.9941 -0.1072
vn 0.0180 -0.9988 -0.0452
vn 0.0039 -0.0240 -0.9997
vn -0.0120 0.0007 0.9999
vn -0.0070 0.0008 1.0000
vn -0.9833 -0.0161 -0.1811
vn 0.0059 -0.0008 -1.0000
vn -0.9613 -0.0238 -0.2744
vn 0.9512 0.0290 0.3073
vn -0.0180 0.9988 -0.0452
vn -0.0123 0.9828 -0.1840
vn 0.9858 0.0162 0.1669
vn -0.0120 0.0007 -0.9999
vn 0.9512 0.0290 -0.3073
vn -0.9833 -0.0161 0.1811
vn -0.0070 0.0008 -1.0000
vn -0.0180 0.9988 0.0452
vn 0.0059 -0.0008 1.0000
vn -0.9613 -0.0238 0.2744
vn 0.0039 -0.0240 0.9997
vn -0.0123 0.9828 0.1840
vn 0.9858 0.0162 -0.1669
vn -0.0955 -0.9896 0.1072
vn -0.0920 -0.9947 0.0452
vn -0.0955 -0.9896 -0.1072
vn -0.0920 -0.9947 -0.0452
vn 0.0013 -0.0243 -0.9997
vn -0.0118 0.0021 0.9999
vn -0.0068 0.0016 1.0000
vn -0.9791 0.0921 -0.1811
vn 0.0057 -0.0015 -1.0000
vn -0.9581 0.0821 -0.2744
vn 0.9486 -0.0758 0.3073
vn 0.0920 0.9947 -0.0452
vn 0.0959 0.9782 -0.1840
vn 0.9816 -0.0924 0.1669
vn -0.0118 0.0021 -0.9999
vn 0.9486 -0.0758 -0.3073
vn -0.9791 0.0921 0.1811
vn -0.0068 0.0016 -1.0000
vn 0.0920 0.9947 0.0452
vn 0.0057 -0.0015 1.0000
vn -0.9581 0.0821 0.2744
vn 0.0013 -0.0243 0.9997
vn 0.0959 0.9782 0.1840
vn 0.9816 -0.0924 -0.1669
vn -0.2038 -0.9731 0.1072
vn -0.2009 -0.9786 0.0452
vn -0.2038 -0.9731 -0.1072
vn -0.2009 -0.9786 -0.0452
vn -0.0014 -0.0243 -0.9997
vn -0.0115 0.0033 0.9999
vn -0.0066 0.0023 1.0000
vn -0.9631 0.1993 -0.1811
vn 0.0055 -0.0021 -1.0000
vn -0.9433 0.1870 -0.2744
vn 0.9345 -0.1797 0.3073
vn 0.2009 0.9786 -0.0452
vn 0.2030 0.9617 -0.1840
vn 0.9655 -0.1998 0.1669
vn -0.0115 0.0033 -0.9999
vn 0.9345 -0.1797 -0.3073
vn -0.9631 0.1993 0.1811
vn -0.0066 0.0023 -1.0000
vn 0.2009 0.9786 0.0452
vn 0.0055 -0.0021 1.0000
vn -0.9433 0.1870 0.2744
vn -0.0014 -0.0243 0.9997
vn 0.2030 0.9617 0.1840
vn 0.9655 -0.1998 -0.1669
vn -0.3096 -0.9448 0.1072
vn -0.3073 -0.9505 0.0452
vn -0.3096 -0.9448 -0.1072
vn -0.3073 -0.9505 -0.0452
vn -0.0041 -0.0240 -0.9997
vn -0.0111 0.0046 0.9999
vn -0.0063 0.0030 1.0000
vn -0.9353 0.3040 -0.1811
vn 0.0053 -0.0027 -1.0000
vn -0.9170 0.2897 -0.2744
vn 0.9091 -0.2814 0.3073
vn 0.3073 0.9505 -0.0452
vn 0.3075 0.9336 -0.1840
vn 0.9377 -0.3048 0.1669
vn -0.0111 0.0046 -0.9999
vn 0.9091 -0.2814 -0.3073
vn -0.9353 0.3040 0.1811
vn -0.0063 0.0030 -1.0000
vn 0.3073 0.9505 0.0452
vn 0.0053 -0.0027 1.0000
vn -0.9170 0.2897 0.2744
vn -0.0041 -0.0240 0.9997
vn 0.3075 0.9336 0.1840
vn 0.9377 -0.3048 -0.1669
vn -0.4117 -0.9050 0.1072
vn -0.4100 -0.9110 0.0452
vn -0.4117 -0.9050 -0.1072
vn -0.4100 -0.9110 -0.0452
vn -0.0067 -0.0234 -0.9997
vn -0.0105 0.0058 0.9999
vn -0.0060 0.0037 1.0000
vn -0.8962 0.4051 -0.1811
vn 0.0049 -0.0033 -1.0000
vn -0.8795 0.3888 -0.2744
vn 0.8726 -0.3797 0.3073
vn 0.4100 0.9110 -0.0452
vn 0.4084 0.8941 -0.1840
vn 0.8984 -0.4061 0.1669
vn -0.0105 0.0058 -0.9999
vn 0.8726 -0.3797 -0.3073
vn -0.8962 0.4051 0.1811
vn -0.0060 0.0037 -1.0000
vn 0.4100 0.9110 0.0452
vn 0.0049 -0.0033 1.0000
vn -0.8795 0.3888 0.2744
vn -0.0067 -0.0234 0.9997
vn 0.4084 0.8941 0.1840
vn 0.8984 -0.4061 -0.1669
vn -0.5087 -0.8542 0.1072
vn -0.5077 -0.8603 0.0452
vn -0.5087 -0.8542 -0.1072
vn -0.5077 -0.8603 -0.0452
vn -0.0092 -0.0225 -0.9997
vn -0.0098 0.0069 0.9999
vn -0.0055 0.0044 1.0000
vn -0.8462 0.5012 -0.1811
vn 0.0046 -0.0038 -1.0000
vn -0.8314 0.4832 -0.2744
vn 0.8255 -0.4734 0.3073
vn 0.5077 0.8603 -0.0452
vn 0.5042 0.8437 -0.1840
vn 0.8483 -0.5025 0.1669
vn -0.0098 0.0069 -0.9999
vn 0.8255 -0.4734 -0.3073
vn -0.8462 0.5012 0.1811
vn -0.0055 0.0044 -1.0000
vn 0.5077 0.8603 0.0452
vn 0.0046 -0.0038 1.0000
vn -0.8314 0.4832 0.2744
vn -0.0092 -0.0225 0.9997
vn 0.5042 0.8437 0.1840
vn 0.8483 -0.5025 -0.1669
vn -0.5996 -0.7931 0.1072
vn -0.5993 -0.7992 0.0452
vn -0.5996 -0.7931 -0.1072
vn -0.5993 -0.7992 -0.0452
vn -0.0116 -0.0213 -0.9997
vn -0.0090 0.0079 0.9999
vn -0.0050 0.0049 1.0000
vn -0.7859 0.5912 -0.1811
vn 0.0041 -0.0043 -1.0000
vn -0.7732 0.5717 -0.2744
vn 0.7684 -0.5613 0.3073
vn 0.5993 0.7992 -0.0452
vn 0.5940 0.7831 -0.1840
vn 0.7879 -0.5928 0.1669
vn -0.0090 0.0079 -0.9999
vn 0.7684 -0.5613 -0.3073
vn -0.7859 0.5912 0.1811
vn -0.0050 0.0049 -1.0000
vn 0.5993 0.7992 0.0452
vn 0.0041 -0.0043 1.0000
vn -0.7732 0.5717 0.2744
vn -0.0116 -0.0213 0.9997
vn 0.5940 0.7831 0.1840
vn 0.7879 -0.5928 -0.1669
vn -0.6832 -0.7223 0.1072
vn -0.6836 -0.7285 0.0452
vn -0.6832 -0.7223 -0.1072
vn -0.6836 -0.7285 -0.0452
vn -0.0139 -0.0199 -0.9997
vn -0.0081 0.0089 0.9999
vn -0.0044 0.0055 1.0000
vn -0.7161 0.6741 -0.1811
vn 0.0036 -0.0047 -1.0000
vn -0.7056 0.6533 -0.2744
vn 0.7020 -0.6424 0.3073
vn 0.6836 0.7285 -0.0452
vn 0.6765 0.7130 -0.1840
vn 0.7179 -0.6758 0.1669
vn -0.0081 0.0089 -0.9999
vn 0.7020 -0.6424 -0.3073
vn -0.7161 0.6741 0.1811
vn -0.0044 0.0055 -1.0000
vn 0.6836 0.7285 0.0452
vn 0.0036 -0.0047 1.0000
vn -0.7056 0.6533 0.2744
vn -0.0139 -0.0199 0.9997
vn 0.6765 0.7130 0.1840
vn 0.7179 -0.6758 -0.1669
vn -0.7585 -0.6428 0.1072
vn -0.7596 -0.6488 0.0452
vn -0.7585 -0.6428 -0.1072
vn -0.7596 -0.6488 -0.0452
vn -0.0160 -0.0183 -0.9997
vn -0.0070 0.0097 0.9999
vn -0.0038 0.0059 1.0000
vn -0.6376 0.7488 -0.1811
vn 0.0031 -0.0051 -1.0000
vn -0.6295 0.7270 -0.2744
vn 0.6271 -0.7158 0.3073
vn 0.7596 0.6488 -0.0452
vn 0.7509 0.6343 -0.1840
vn 0.6392 -0.7507 0.1669
vn -0.0070 0.0097 -0.9999
vn 0.6271 -0.7158 -0.3073
vn -0.6376 0.7488 0.1811
vn -0.0038 0.0059 -1.0000
vn 0.7596 0.6488 0.0452
vn 0.0031 -0.0051 1.0000
vn -0.6295 0.7270 0.2744
vn -0.0160 -0.0183 0.9997
vn 0.7509 0.6343 0.1840
vn 0.6392 -0.7507 -0.1669
vn -0.8246 -0.5554 0.1072
vn -0.8263 -0.5613 0.0452
vn -0.8246 -0.5554 -0.1072
vn -0.8263 -0.5613 -0.0452
vn -0.0179 -0.0164 -0.9997
vn -0.0059 0.0104 0.9999
vn -0.0031 0.0063 1.0000
vn -0.5513 0.8144 -0.1811
vn 0.0025 -0.0054 -1.0000
vn -0.5457 0.7918 -0.2744
vn 0.5445 -0.7804 0.3073
vn 0.8263 0.5613 -0.0452
vn 0.8161 0.5478 -0.1840
vn 0.5527 -0.8165 0.1669
vn -0.0059 0.0104 -0.9999
vn 0.5445 -0.7804 -0.3073
vn -0.5513 0.8144 0.1811
vn -0.0031 0.0063 -1.0000
vn 0.8263 0.5613 0.0452
vn 0.0025 -0.0054 1.0000
vn -0.5457 0.7918 0.2744
vn -0.0179 -0.0164 0.9997
vn 0.8161 0.5478 0.1840
vn 0.5527 -0.8165 -0.1669
vn -0.8807 -0.4613 0.1072
vn -0.8831 -0.4670 0.0452
vn -0.8807 -0.4613 -0.1072
vn -0.8831 -0.4670 -0.0452
vn -0.0196 -0.0143 -0.9997
vn -0.0047 0.0110 0.9999
vn -0.0024 0.0066 1.0000
vn -0.4584 0.8701 -0.1811
vn 0.0019 -0.0056 -1.0000
vn -0.4553 0.8470 -0.2744
vn 0.4554 -0.8356 0.3073
vn 0.8831 0.4670 -0.0452
vn 0.8714 0.4547 -0.1840
vn 0.4596 -0.8723 0.1669
vn -0.0047 0.0110 -0.9999
vn 0.4554 -0.8356 -0.3073
vn -0.4584 0.8701 0.1811
vn -0.0024 0.0066 -1.0000
vn 0.8831 0.4670 0.0452
vn 0.0019 -0.0056 1.0000
vn -0.4553 0.8470 0.2744
vn -0.0196 -0.0143 0.9997
vn 0.8714 0.4547 0.1840
vn 0.4596 -0.8723 -0.1669
vn -0.9261 -0.3616 0.1072
vn -0.9291 -0.3670 0.0452
vn -0.9261 -0.3616 -0.1072
vn -0.9291 -0.3670 -0.0452
vn -0.0211 -0.0121 -0.9997
vn -0.0035 0.0115 0.9999
vn -0.0017 0.0068 1.0000
vn -0.3599 0.9152 -0.1811
vn 0.0013 -0.0058 -1.0000
vn -0.3593 0.8920 -0.2744
vn 0.3607 -0.8806 0.3073
vn 0.9291 0.3670 -0.0452
vn 0.9161 0.3561 -0.1840
vn 0.3608 -0.9176 0.1669
vn -0.0035 0.0115 -0.9999
vn 0.3607 -0.8806 -0.3073
vn -0.3599 0.9152 0.1811
vn -0.0017 0.0068 -1.0000
vn 0.9291 0.3670 0.0452
vn 0.0013 -0.0058 1.0000
vn -0.3593 0.8920 0.2744
vn -0.0211 -0.0121 0.9997
vn 0.9161 0.3561 0.1840
vn 0.3608 -0.9176 -0.1669
vn -0.9603 -0.2576 0.1072
vn -0.9638 -0.2626 0.0452
vn -0.9603 -0.2576 -0.1072
vn -0.9638 -0.2626 -0.0452
vn -0.0223 -0.0097 -0.9997
vn -0.0022 0.0118 0.9999
vn -0.0009 0.0070 1.0000
vn -0.2570 0.9493 -0.1811
vn 0.0006 -0.0059 -1.0000
vn -0.2590 0.9261 -0.2744
vn 0.2616 -0.9149 0.3073
vn 0.9638 0.2626 -0.0452
vn 0.9498 0.2532 -0.1840
vn 0.2577 -0.9517 0.1669
vn -0.0022 0.0118 -0.9999
vn 0.2616 -0.9149 -0.3073
vn -0.2570 0.9493 0.1811
vn -0.0009 0.0070 -1.0000
vn 0.9638 0.2626 0.0452
vn 0.0006 -0.0059 1.0000
vn -0.2590 0.9261 0.2744
vn -0.0223 -0.0097 0.9997
vn 0.9498 0.2532 0.1840
vn 0.2577 -0.9517 -0.1669
vn -0.9828 -0.1504 0.1072
vn -0.9869 -0.1550 0.0452
vn -0.9828 -0.1504 -0.1072
vn -0.9869 -0.1550 -0.0452
vn -0.0232 -0.0072 -0.9997
vn -0.0009 0.0120 0.9999
vn -0.0001 0.0070 1.0000
vn -0.1510 0.9718 -0.1811
vn -0.0000 -0.0059 -1.0000
vn -0.1556 0.9490 -0.2744
vn 0.1594 -0.9382 0.3073
vn 0.9869 0.1550 -0.0452
vn 0.9718 0.1471 -0.1840
vn 0.1514 -0.9743 0.1669
vn -0.0009 0.0120 -0.9999
vn 0.1594 -0.9382 -0.3073
vn -0.1510 0.9718 0.1811
vn -0.0001 0.0070 -1.0000
vn 0.9869 0.1550 0.0452
vn -0.0000 -0.0059 1.0000
vn -0.1556 0.9490 0.2744
vn -0.0232 -0.0072 0.9997
vn 0.9718 0.1471 0.1840
vn 0.1514 -0.9743 -0.1669
vn -0.9934 -0.0413 0.1072
vn -0.9979 -0.0455 0.0452
vn -0.9934 -0.0413 -0.1072
vn -0.9979 -0.0455 -0.0452
vn -0.0239 -0.0046 -0.9997
vn 0.0004 0.0120 0.9999
vn 0.0006 0.0070 1.0000
vn -0.0432 0.9825 -0.1811
vn -0.0007 -0.0059 -1.0000
vn -0.0502 0.9603 -0.2744
vn 0.0552 -0.9500 0.3073
vn 0.9979 0.0455 -0.0452
vn 0.9821 0.0393 -0.1840
vn 0.0433 -0.9850 0.1669
vn 0.0004 0.0120 -0.9999
vn 0.0552 -0.9500 -0.3073
vn -0.0432 0.9825 0.1811
vn 0.0006 0.0070 -1.0000
vn 0.9979 0.0455 0.0452
vn -0.0007 -0.0059 1.0000
vn -0.0502 0.9603 0.2744
vn -0.0239 -0.0046 0.9997
vn 0.9821 0.0393 0.1840
vn 0.0433 -0.9850 -0.1669
vn -0.9919 0.0682 0.1072
vn -0.9969 0.0646 0.0452
vn -0.9919 0.0682 -0.1072
vn -0.9969 0.0646 -0.0452
vn -0.0242 -0.0019 -0.9997
vn 0.0017 0.0119 0.9999
vn 0.0014 0.0069 1.0000
vn 0.0651 0.9813 -0.1811
vn -0.0013 -0.0058 -1.0000
vn 0.0557 0.9600 -0.2744
vn -0.0496 -0.9503 0.3073
vn 0.9969 -0.0646 -0.0452
vn 0.9805 -0.0689 -0.1840
vn -0.0653 -0.9838 0.1669
vn 0.0017 0.0119 -0.9999
vn -0.0496 -0.9503 -0.3073
vn 0.0651 0.9813 0.1811
vn 0.0014 0.0069 -1.0000
vn 0.9969 -0.0646 0.0452
vn -0.0013 -0.0058 1.0000
vn 0.0557 0.9600 0.2744
vn -0.0242 -0.0019 0.9997
vn 0.9805 -0.0689 0.1840
vn -0.0653 -0.9838 -0.1669
vn -0.9784 0.1769 0.1072
vn -0.9837 0.1739 0.0452
vn -0.9784 0.1769 -0.1072
vn -0.9837 0.1739 -0.0452
vn -0.0243 0.0007 -0.9997
vn 0.0030 0.0116 0.9999
vn 0.0021 0.0067 1.0000
vn 0.1727 0.9682 -0.1811
vn -0.0019 -0.0056 -1.0000
vn 0.1610 0.9480 -0.2744
vn -0.1539 -0.9391 0.3073
vn 0.9837 -0.1738 -0.0452
vn 0.9670 -0.1764 -0.1840
vn -0.1731 -0.9707 0.1669
vn 0.0030 0.0116 -0.9999
vn -0.1539 -0.9391 -0.3073
vn 0.1727 0.9682 0.1811
vn 0.0021 0.0067 -1.0000
vn 0.9837 -0.1738 0.0452
vn -0.0019 -0.0056 1.0000
vn 0.1610 0.9480 0.2744
vn -0.0243 0.0007 0.9997
vn 0.9670 -0.1764 0.1840
vn -0.1731 -0.9707 -0.1669
vn -0.9530 0.2835 0.1072
vn -0.9586 0.2810 0.0452
vn -0.9530 0.2835 -0.1072
vn -0.9586 0.2810 -0.0452
vn -0.0241 0.0034 -0.9997
vn 0.0043 0.0112 0.9999
vn 0.0029 0.0064 1.0000
vn 0.2781 0.9433 -0.1811
vn -0.0026 -0.0053 -1.0000
vn 0.2643 0.9246 -0.2744
vn -0.2562 -0.9165 0.3073
vn 0.9586 -0.2810 -0.0452
vn 0.9417 -0.2817 -0.1840
vn -0.2789 -0.9457 0.1669
vn 0.0043 0.0112 -0.9999
vn -0.2562 -0.9165 -0.3073
vn 0.2781 0.9433 0.1811
vn 0.0029 0.0064 -1.0000
vn 0.9586 -0.2810 0.0452
vn -0.0026 -0.0053 1.0000
vn 0.2643 0.9246 0.2744
vn -0.0241 0.0034 0.9997
vn 0.9417 -0.2817 0.1840
vn -0.2789 -0.9457 -0.1669
vn -0.9160 0.3866 0.1072
vn -0.9219 0.3848 0.0452
vn -0.9160 0.3866 -0.1072
vn -0.9219 0.3848 -0.0452
vn -0.0235 0.0060 -0.9997
vn 0.0055 0.0107 0.9999
vn 0.0036 0.0061 1.0000
vn 0.3802 0.9070 -0.1811
vn -0.0031 -0.0050 -1.0000
vn 0.3644 0.8899 -0.2744
vn -0.3555 -0.8827 0.3073
vn 0.9219 -0.3848 -0.0452
vn 0.9050 -0.3836 -0.1840
vn -0.3812 -0.9093 0.1669
vn 0.0055 0.0107 -0.9999
vn -0.3555 -0.8827 -0.3073
vn 0.3802 0.9070 0.1811
vn 0.0036 0.0061 -1.0000
vn 0.9219 -0.3848 0.0452
vn -0.0031 -0.0050 1.0000
vn 0.3644 0.8899 0.2744
vn -0.0235 0.0060 0.9997
vn 0.9050 -0.3836 0.1840
vn -0.3812 -0.9093 -0.1669
vn -0.8679 0.4850 0.1072
vn -0.8740 0.4838 0.0452
vn -0.8679 0.4850 -0.1072
vn -0.8740 0.4838 -0.0452
vn -0.0227 0.0086 -0.9997
vn 0.0066 0.0100 0.9999
vn 0.0042 0.0056 1.0000
vn 0.4777 0.8597 -0.1811
vn -0.0037 -0.0047 -1.0000
vn 0.4601 0.8444 -0.2744
vn -0.4504 -0.8383 0.3073
vn 0.8740 -0.4838 -0.0452
vn 0.8573 -0.4808 -0.1840
vn -0.4789 -0.8618 0.1669
vn 0.0066 0.0100 -0.9999
vn -0.4504 -0.8383 -0.3073
vn 0.4777 0.8597 0.1811
vn 0.0042 0.0056 -1.0000
vn 0.8740 -0.4838 0.0452
vn -0.0037 -0.0047 1.0000
vn 0.4601 0.8444 0.2744
vn -0.0227 0.0086 0.9997
vn 0.8573 -0.4808 0.1840
vn -0.4789 -0.8618 -0.1669
vn -0.8093 0.5775 0.1072
vn -0.8155 0.5771 0.0452
vn -0.8093 0.5775 -0.1072
vn -0.8155 0.5771 -0.0452
vn -0.0217 0.0110 -0.9997
vn 0.0077 0.0092 0.9999
vn 0.0048 0.0051 1.0000
vn 0.5694 0.8019 -0.1811
vn -0.0041 -0.0042 -1.0000
vn 0.5502 0.7887 -0.2744
vn -0.5399 -0.7836 0.3073
vn 0.8155 -0.5771 -0.0452
vn 0.7992 -0.5722 -0.1840
vn -0.5708 -0.8039 0.1669
vn 0.0077 0.0092 -0.9999
vn -0.5399 -0.7836 -0.3073
vn 0.5694 0.8019 0.1811
vn 0.0048 0.0051 -1.0000
vn 0.8155 -0.5771 0.0452
vn -0.0042 -0.0042 1.0000
vn 0.5502 0.7887 0.2744
vn -0.0217 0.0110 0.9997
vn 0.7992 -0.5722 0.1840
vn -0.5708 -0.8039 -0.1669
vn -0.7409 0.6631 0.1072
vn -0.7470 0.6633 0.0452
vn -0.7409 0.6631 -0.1072
vn -0.7470 0.6633 -0.0452
vn -0.0203 0.0133 -0.9997
vn 0.0086 0.0083 0.9999
vn 0.0053 0.0046 1.0000
vn 0.6541 0.7344 -0.1811
vn -0.0046 -0.0037 -1.0000
vn 0.6336 0.7234 -0.2744
vn -0.6229 -0.7195 0.3073
vn 0.7470 -0.6633 -0.0452
vn 0.7314 -0.6566 -0.1840
vn -0.6558 -0.7362 0.1669
vn 0.0086 0.0083 -0.9999
vn -0.6229 -0.7195 -0.3073
vn 0.6541 0.7344 0.1811
vn 0.0053 0.0046 -1.0000
vn 0.7470 -0.6633 0.0452
vn -0.0046 -0.0037 1.0000
vn 0.6336 0.7234 0.2744
vn -0.0203 0.0133 0.9997
vn 0.7314 -0.6566 0.1840
vn -0.6558 -0.7362 -0.1669
vn -0.6634 0.7405 0.1072
vn -0.6695 0.7414 0.0452
vn -0.6634 0.7405 -0.1072
vn -0.6695 0.7414 -0.0452
vn -0.0187 0.0155 -0.9997
vn 0.0095 0.0073 0.9999
vn 0.0058 0.0040 1.0000
vn 0.7309 0.6580 -0.1811
vn -0.0050 -0.0032 -1.0000
vn 0.7093 0.6493 -0.2744
vn -0.6982 -0.6466 0.3073
vn 0.6695 -0.7414 -0.0452
vn 0.6547 -0.7331 -0.1840
vn -0.7328 -0.6596 0.1669
vn 0.0095 0.0073 -0.9999
vn -0.6982 -0.6466 -0.3073
vn 0.7309 0.6580 0.1811
vn 0.0058 0.0040 -1.0000
vn 0.6695 -0.7414 0.0452
vn -0.0050 -0.0032 1.0000
vn 0.7093 0.6493 0.2744
vn -0.0187 0.0155 0.9997
vn 0.6547 -0.7331 0.1840
vn -0.7328 -0.6596 -0.1669
vn -0.5779 0.8090 0.1072
vn -0.5839 0.8106 0.0452
vn -0.5779 0.8090 -0.1072
vn -0.5839 0.8106 -0.0452
vn -0.0169 0.0175 -0.9997
vn 0.0103 0.0062 0.9999
vn 0.0062 0.0033 1.0000
vn 0.7989 0.5736 -0.1811
vn -0.0053 -0.0027 -1.0000
vn 0.7765 0.5673 -0.2744
vn -0.7651 -0.5658 0.3073
vn 0.5839 -0.8106 -0.0452
vn 0.5701 -0.8007 -0.1840
vn -0.8009 -0.5750 0.1669
vn 0.0103 0.0062 -0.9999
vn -0.7651 -0.5658 -0.3073
vn 0.7989 0.5736 0.1811
vn 0.0062 0.0033 -1.0000
vn 0.5839 -0.8106 0.0452
vn -0.0053 -0.0027 1.0000
vn 0.7765 0.5673 0.2744
vn -0.0169 0.0175 0.9997
vn 0.5701 -0.8007 0.1840
vn -0.8009 -0.5750 -0.1669
vn -0.4854 0.8677 0.1072
vn -0.4912 0.8699 0.0452
vn -0.4854 0.8677 -0.1072
vn -0.4912 0.8699 -0.0452
vn -0.0149 0.0192 -0.9997
vn 0.0109 0.0050 0.9999
vn 0.0065 0.0026 1.0000
vn 0.8571 0.4822 -0.1811
vn -0.0056 -0.0021 -1.0000
vn 0.8342 0.4784 -0.2744
vn -0.8227 -0.4782 0.3073
vn 0.4912 -0.8699 -0.0452
vn 0.4786 -0.8585 -0.1840
vn -0.8593 -0.4834 0.1669
vn 0.0109 0.0050 -0.9999
vn -0.8227 -0.4782 -0.3073
vn 0.8571 0.4822 0.1811
vn 0.0065 0.0026 -1.0000
vn 0.4912 -0.8699 0.0452
vn -0.0056 -0.0021 1.0000
vn 0.8342 0.4784 0.2744
vn -0.0149 0.0192 0.9997
vn 0.4786 -0.8585 0.1840
vn -0.8593 -0.4834 -0.1669
vn -0.3870 0.9158 0.1072
vn -0.3925 0.9186 0.0452
vn -0.3870 0.9158 -0.1072
vn -0.3925 0.9186 -0.0452
vn -0.0127 0.0207 -0.9997
vn 0.0114 0.0038 0.9999
vn 0.0068 0.0019 1.0000
vn 0.9050 0.3850 -0.1811
vn -0.0058 -0.0014 -1.0000
vn 0.8817 0.3838 -0.2744
vn -0.8703 -0.3848 0.3073
vn 0.3925 -0.9186 -0.0452
vn 0.3812 -0.9060 -0.1840
vn -0.9073 -0.3860 0.1669
vn 0.0114 0.0038 -0.9999
vn -0.8703 -0.3848 -0.3073
vn 0.9050 0.3850 0.1811
vn 0.0068 0.0019 -1.0000
vn 0.3925 -0.9186 0.0452
vn -0.0058 -0.0014 1.0000
vn 0.8817 0.3838 0.2744
vn -0.0127 0.0207 0.9997
vn 0.3812 -0.9060 0.1840
vn -0.9073 -0.3860 -0.1669
vn -0.2839 0.9528 0.1072
vn -0.2891 0.9562 0.0452
vn -0.2839 0.9528 -0.1072
vn -0.2891 0.9562 -0.0452
vn -0.0103 0.0220 -0.9997
vn 0.0117 0.0025 0.9999
vn 0.0069 0.0011 1.0000
vn 0.9418 0.2831 -0.1811
vn -0.0059 -0.0008 -1.0000
vn 0.9186 0.2844 -0.2744
vn -0.9074 -0.2867 0.3073
vn 0.2891 -0.9562 -0.0452
vn 0.2792 -0.9424 -0.1840
vn -0.9442 -0.2838 0.1669
vn 0.0117 0.0025 -0.9999
vn -0.9074 -0.2867 -0.3073
vn 0.9418 0.2831 0.1811
vn 0.0069 0.0011 -1.0000
vn 0.2891 -0.9562 0.0452
vn -0.0059 -0.0008 1.0000
vn 0.9186 0.2844 0.2744
vn -0.0103 0.0220 0.9997
vn 0.2792 -0.9424 0.1840
vn -0.9442 -0.2838 -0.1669
vn -0.1774 0.9783 0.1072
vn -0.1821 0.9822 0.0452
vn -0.1774 0.9783 -0.1072
vn -0.1821 0.9822 -0.0452
vn -0.0078 0.0230 -0.9997
vn 0.0119 0.0012 0.9999
vn 0.0070 0.0003 1.0000
vn 0.9673 0.1778 -0.1811
vn -0.0059 -0.0001 -1.0000
vn 0.9443 0.1817 -0.2744
vn -0.9334 -0.1852 0.3073
vn 0.1821 -0.9822 -0.0452
vn 0.1739 -0.9674 -0.1840
vn -0.9697 -0.1782 0.1669
vn 0.0119 0.0012 -0.9999
vn -0.9334 -0.1852 -0.3073
vn 0.9673 0.1778 0.1811
vn 0.0070 0.0003 -1.0000
vn 0.1821 -0.9822 0.0452
vn -0.0059 -0.0001 1.0000
vn 0.9443 0.1817 0.2744
vn -0.0078 0.0230 0.9997
vn 0.1739 -0.9674 0.1840
vn -0.9697 -0.1782 -0.1669
vn -0.0687 0.9919 0.1072
vn -0.0730 0.9963 0.0452
vn -0.0687 0.9919 -0.1072
vn -0.0730 0.9963 -0.0452
vn -0.0053 0.0237 -0.9997
vn 0.0120 -0.0001 0.9999
vn 0.0070 -0.0004 1.0000
vn 0.9810 0.0703 -0.1811
vn -0.0059 0.0005 -1.0000
vn 0.9586 0.0767 -0.2744
vn -0.9481 -0.0814 0.3073
vn 0.0730 -0.9963 -0.0452
vn 0.0664 -0.9807 -0.1840
vn -0.9835 -0.0704 0.1669
vn 0.0120 -0.0001 -0.9999
vn -0.9481 -0.0814 -0.3073
vn 0.9810 0.0703 0.1811
vn 0.0070 -0.0004 -1.0000
vn 0.0730 -0.9963 0.0452
vn -0.0059 0.0005 1.0000
vn 0.9586 0.0767 0.2744
vn -0.0053 0.0237 0.9997
vn 0.0664 -0.9807 0.1840
vn -0.9835 -0.0704 -0.1669
vn 0.0408 0.9934 0.1072
vn 0.0371 0.9983 0.0452
vn 0.0408 0.9934 -0.1072
vn 0.0371 0.9983 -0.0452
vn -0.0026 0.0242 -0.9997
vn 0.0119 -0.0014 0.9999
vn 0.0069 -0.0012 1.0000
vn 0.9827 -0.0381 -0.1811
vn -0.0058 0.0012 -1.0000
vn 0.9612 -0.0292 -0.2744
vn -0.9513 0.0234 0.3073
vn -0.0371 -0.9983 -0.0452
vn -0.0419 -0.9820 -0.1840
vn -0.9852 0.0382 0.1669
vn 0.0119 -0.0014 -0.9999
vn -0.9513 0.0234 -0.3073
vn 0.9827 -0.0381 0.1811
vn 0.0069 -0.0012 -1.0000
vn -0.0371 -0.9983 0.0452
vn -0.0058 0.0012 1.0000
vn 0.9612 -0.0292 0.2744
vn -0.0026 0.0242 0.9997
vn -0.0419 -0.9820 0.1840
vn -0.9852 0.0382 -0.1669
vn 0.1499 0.9829 0.1072
vn 0.1467 0.9882 0.0452
vn 0.1499 0.9829 -0.1072
vn 0.1467 0.9882 -0.0452
vn 0.0001 0.0243 -0.9997
vn 0.0117 -0.0027 0.9999
vn 0.0067 -0.0020 1.0000
vn 0.9726 -0.1459 -0.1811
vn -0.0056 0.0018 -1.0000
vn 0.9521 -0.1348 -0.2744
vn -0.9430 0.1279 0.3073
vn -0.1467 -0.9882 -0.0452
vn -0.1497 -0.9715 -0.1840
vn -0.9751 0.1463 0.1669
vn 0.0117 -0.0027 -0.9999
vn -0.9430 0.1279 -0.3073
vn 0.9726 -0.1459 0.1811
vn 0.0067 -0.0020 -1.0000
vn -0.1467 -0.9882 0.0452
vn -0.0056 0.0018 1.0000
vn 0.9521 -0.1348 0.2744
vn 0.0001 0.0243 0.9997
vn -0.1497 -0.9715 0.1840
vn -0.9751 0.1463 -0.1669
vt 0.000000 0.000000
vt 0.312500 0.500000
vt 0.343750 0.500000
vt 0.468750 0.500000
vt 0.437500 0.500000
vt 0.375000 0.500000
vt 0.406250 0.500000
vt 0.283328 0.500000
vt 0.500000 0.500000
vt 0.531250 0.500000
s 0
f 323/1/1 317/1/1 112/1/1 114/1/1
f 75/1/2 15/2/2 13/3/2 73/1/2
f 315/1/3 307/1/3 81/1/3 83/1/3
f 163/1/4 162/1/4 164/1/4
f 68/1/5 66/1/5 6/4/5 8/5/5
f 88/1/6 28/6/6 26/7/6 86/1/6
f 149/1/7 148/1/7 150/1/7
f 196/1/8 277/1/9 293/1/10
f 157/1/11 140/1/11 155/1/11
f 328/1/12 369/1/12 106/1/12 316/1/12
f 336/8/13 333/1/13 183/1/13 59/2/13
f 284/1/14 319/1/15 61/1/16 91/1/17
f 367/1/18 120/1/18 60/2/18 368/8/18
f 313/1/19 305/1/19 66/1/19 68/1/19
f 189/1/20 187/1/20 188/1/20
f 366/1/21 168/1/21 136/1/22
f 267/1/23 136/1/23 168/1/23 268/1/23
f 213/1/24 212/1/24 211/1/24
f 189/1/25 188/1/25 190/1/25
f 42/3/26 143/1/26 145/1/26 40/6/26
f 45/2/27 29/3/27 218/1/27 200/1/27
f 177/1/28 176/1/28 175/1/28
f 320/1/29 311/1/29 95/1/29 97/1/29
f 97/1/30 95/1/30 35/5/30 37/7/30
f 94/1/31 34/4/31 32/9/31 92/1/31
f 149/1/32 147/1/32 148/1/32
f 136/1/33 267/1/33 251/1/33
f 187/1/34 185/1/34 186/1/34
f 185/1/35 184/1/35 186/1/35
f 323/1/36 113/1/36 111/1/36 317/1/36
f 278/1/37 202/1/37 204/1/37 279/1/37
f 217/1/38 122/1/38 124/1/38 243/1/38
f 109/1/39 49/4/39 47/9/39 107/1/39
f 327/1/40 335/1/40 119/1/40 318/1/40
f 331/1/41 332/1/41 241/1/41 239/1/41
f 3/9/42 242/1/43 214/1/44 1/10/45
f 169/1/46 168/1/46 366/1/46
f 252/1/47 253/1/47 144/1/47 142/1/47
f 311/1/48 303/1/48 93/1/48 95/1/48
f 80/1/49 20/9/49 18/10/49 78/1/50
f 111/1/51 51/5/51 49/4/51 109/1/51
f 274/1/52 341/1/52 344/1/52 194/1/52
f 151/1/53 149/1/53 150/1/53
f 242/1/54 241/1/54 342/1/54 340/1/54
f 317/1/55 111/1/55 109/1/55 309/1/55
f 258/1/56 259/1/56 182/1/56 156/1/56
f 197/1/57 195/1/58 339/1/59
f 272/1/60 273/1/60 192/1/60 190/1/60
f 218/1/61 219/1/61 216/1/61
f 133/1/62 134/1/62 132/1/62
f 10/7/63 8/5/63 177/1/63 175/1/63
f 251/1/64 260/1/64 138/1/64 136/1/64
f 279/1/65 204/1/65 206/1/65 280/1/65
f 313/1/66 67/1/66 65/1/66 305/1/66
f 209/1/67 208/1/67 207/1/67
f 228/1/68 339/1/68 344/1/68 227/1/68
f 234/1/69 232/1/69 233/1/69
f 161/1/70 159/1/70 160/1/70
f 232/1/71 231/1/71 233/1/71
f 103/1/72 101/1/72 41/3/72 43/2/72
f 238/1/73 236/1/73 237/1/73
f 301/1/74 107/1/75 77/1/76 322/1/77
f 171/1/78 170/1/78 169/1/78
f 159/1/79 157/1/79 158/1/79
f 328/1/80 314/1/80 76/1/80 369/1/80
f 247/1/81 132/1/81 134/1/81 248/1/81
f 140/1/82 138/1/82 155/1/82
f 89/1/83 87/1/83 27/6/83 29/3/83
f 133/1/84 132/1/84 131/1/84
f 29/3/85 27/6/85 220/1/85 218/1/85
f 327/1/86 318/1/86 120/1/86 367/1/86
f 314/1/87 75/1/87 73/1/87 306/1/87
f 181/1/88 180/1/88 179/1/88
f 165/1/89 164/1/89 166/1/89
f 361/1/90 174/1/90 176/1/90 362/1/90
f 317/1/91 309/1/91 110/1/91 112/1/91
f 334/1/92 198/1/93 196/1/94
f 8/5/95 6/4/95 179/1/95 177/1/95
f 337/1/96 338/8/96 15/2/96 75/1/96
f 326/1/97 172/1/97 174/1/97 361/1/97
f 307/1/98 82/1/98 80/1/98 299/1/98
f 165/1/99 163/1/99 164/1/99
f 256/1/100 257/1/100 152/1/100 150/1/100
f 265/1/101 266/1/101 166/1/101 164/1/101
f 263/1/102 264/1/102 162/1/102 160/1/102
f 307/1/103 299/1/103 79/1/103 81/1/103
f 367/1/104 368/8/104 44/2/104 104/1/104
f 58/3/105 56/6/105 127/1/105 125/1/105
f 48/9/106 18/10/107 137/1/106 135/1/108
f 363/1/109 178/1/109 180/1/109 364/1/109
f 66/1/110 64/1/110 4/9/110 6/4/110
f 44/2/111 141/1/111 143/1/111 42/3/111
f 70/1/112 68/1/112 8/5/112 10/7/112
f 72/1/113 70/1/113 10/7/113 12/6/113
f 173/1/114 174/1/114 172/1/114
f 54/7/115 52/5/115 131/1/115 129/1/115
f 51/5/116 191/1/116 193/1/116 49/4/116
f 220/1/117 219/1/117 218/1/117
f 333/1/118 156/1/118 182/1/118
f 65/1/119 5/4/119 3/9/119 63/1/119
f 102/1/120 42/3/120 40/6/120 100/1/120
f 311/1/121 96/1/121 94/1/121 303/1/121
f 38/7/122 147/1/122 149/1/122 36/5/122
f 304/1/123 285/1/123 99/1/123 101/1/123
f 365/1/124 121/1/125 139/1/126
f 127/1/127 128/1/127 126/1/127
f 321/1/128 313/1/128 68/1/128 70/1/128
f 173/1/129 172/1/129 171/1/129
f 161/1/130 160/1/130 162/1/130
f 46/2/131 140/1/131 157/1/131 30/3/131
f 302/1/132 323/1/132 114/1/132 116/1/132
f 96/1/133 36/5/133 34/4/133 94/1/133
f 33/4/134 31/9/134 213/1/134 211/1/134
f 12/6/135 10/7/135 175/1/135 173/1/135
f 197/1/136 339/1/137 228/1/138
f 364/1/139 180/1/139 374/1/139 375/1/139
f 321/1/140 69/1/140 67/1/140 313/1/140
f 110/1/141 108/1/141 48/9/141 50/4/141
f 191/1/142 189/1/142 190/1/142
f 292/1/143 227/1/143 344/1/143 341/1/143
f 332/1/144 343/1/144 342/1/144 241/1/144
f 240/1/145 238/1/145 239/1/145
f 298/1/146 71/1/146 69/1/146 321/1/146
f 107/1/147 47/9/148 17/10/149 77/1/150
f 260/1/151 261/1/151 155/1/151 138/1/151
f 291/1/152 225/1/152 227/1/152 292/1/152
f 175/1/153 174/1/153 173/1/153
f 125/1/154 124/1/154 123/1/154
f 230/1/155 229/1/155 231/1/155
f 183/1/156 182/1/156 184/1/156
f 69/1/157 9/7/157 7/5/157 67/1/157
f 7/5/158 238/1/158 240/1/158 5/4/158
f 226/1/159 227/1/159 225/1/159
f 121/1/160 215/1/161 249/1/162
f 303/1/163 94/1/163 92/1/163 284/1/163
f 9/7/164 236/1/164 238/1/164 7/5/164
f 236/1/165 235/1/165 237/1/165
f 151/1/166 150/1/166 152/1/166
f 163/1/167 161/1/167 162/1/167
f 255/1/168 256/1/168 150/1/168 148/1/168
f 293/1/169 294/1/170 229/1/171 196/1/172
f 177/1/173 178/1/173 176/1/173
f 14/3/174 12/6/174 173/1/174 171/1/174
f 296/1/175 329/1/175 235/1/175 233/1/175
f 183/1/176 333/1/176 182/1/176
f 200/1/177 216/1/177 198/1/177
f 114/1/178 112/1/178 52/5/178 54/7/178
f 201/1/179 202/1/179 199/1/179
f 209/1/180 210/1/180 208/1/180
f 365/1/181 122/1/182 121/1/183
f 316/1/184 106/1/184 90/1/184 308/1/184
f 232/1/185 230/1/185 231/1/185
f 93/1/186 91/1/186 31/9/186 33/4/186
f 100/1/187 40/6/187 38/7/187 98/1/187
f 90/1/188 30/3/188 28/6/188 88/1/188
f 195/1/189 194/1/189 344/1/189 339/1/189
f 131/1/190 130/1/190 129/1/190
f 201/1/191 199/1/191 333/1/191
f 167/1/192 166/1/192 376/1/192 371/1/192
f 234/1/193 233/1/193 235/1/193
f 207/1/194 208/1/194 206/1/194
f 40/6/195 145/1/195 147/1/195 38/7/195
f 294/1/196 295/1/196 231/1/196 229/1/196
f 328/1/197 316/1/197 105/1/197 337/1/197
f 248/1/198 134/1/198 376/1/198 373/1/198
f 259/1/199 269/1/199 184/1/199 182/1/199
f 200/1/200 198/1/200 334/1/200
f 257/1/201 375/1/201 374/1/201 152/1/201
f 205/1/202 204/1/202 203/1/202
f 87/1/203 85/1/203 25/7/203 27/6/203
f 222/1/204 223/1/204 221/1/204
f 147/1/205 145/1/205 146/1/205
f 283/1/206 212/1/206 342/1/206 343/1/206
f 306/1/207 298/1/207 72/1/207 74/1/207
f 370/8/208 16/2/208 169/1/208 366/1/208
f 30/3/209 157/1/209 159/1/209 28/6/209
f 137/1/210 371/1/210 135/1/210
f 226/1/211 225/1/211 224/1/211
f 108/1/212 78/1/212 18/10/212 48/9/212
f 308/1/213 300/1/213 87/1/213 89/1/213
f 116/1/214 114/1/214 54/7/214 56/6/214
f 156/1/215 275/1/215 258/1/215
f 15/2/216 230/1/216 232/1/216 13/3/216
f 76/1/217 74/1/217 14/3/217 16/2/217
f 64/1/218 62/1/218 2/10/218 4/9/218
f 25/7/219 23/5/219 224/1/219 222/1/219
f 211/1/220 212/1/220 210/1/220
f 193/1/221 191/1/221 192/1/221
f 249/1/222 250/1/223 139/1/224 121/1/225
f 82/1/226 22/4/226 20/9/226 80/1/226
f 153/1/227 152/1/227 374/1/227 372/1/227
f 73/1/228 13/3/228 11/6/228 71/1/228
f 181/1/229 372/1/229 374/1/229 180/1/229
f 41/3/230 39/6/230 205/1/230 203/1/230
f 67/1/231 7/5/231 5/4/231 65/1/231
f 175/1/232 176/1/232 174/1/232
f 125/1/233 126/1/233 124/1/233
f 238/1/234 237/1/234 239/1/234
f 268/1/235 168/1/235 170/1/235 325/1/235
f 16/2/236 14/3/236 171/1/236 169/1/236
f 26/7/237 161/1/237 163/1/237 24/5/237
f 280/1/238 206/1/238 208/1/238 281/1/238
f 154/1/239 372/1/239 181/1/239
f 34/4/240 151/1/240 153/1/240 32/9/240
f 187/1/241 186/1/241 188/1/241
f 213/1/242 340/1/242 342/1/242 212/1/242
f 203/1/243 202/1/243 201/1/243
f 270/1/244 271/1/244 188/1/244 186/1/244
f 309/1/245 109/1/245 107/1/245 301/1/245
f 53/7/246 189/1/246 191/1/246 51/5/246
f 306/1/247 73/1/247 71/1/247 298/1/247
f 327/1/248 367/1/248 104/1/248 312/1/248
f 74/1/249 72/1/249 12/6/249 14/3/249
f 191/1/250 190/1/250 192/1/250
f 276/1/251 199/1/251 202/1/251 278/1/251
f 318/1/252 310/1/252 118/1/252 120/1/252
f 56/6/253 54/7/253 129/1/253 127/1/253
f 264/1/254 265/1/254 164/1/254 162/1/254
f 318/1/255 119/1/255 117/1/255 310/1/255
f 224/1/256 225/1/256 223/1/256
f 301/1/257 322/1/257 78/1/257 108/1/257
f 334/1/258 196/1/259 229/1/260
f 369/1/261 370/8/261 46/2/261 106/1/261
f 230/1/262 334/1/262 229/1/262
f 79/1/263 77/1/264 17/10/265 19/9/266
f 59/2/267 183/1/267 185/1/267 57/3/267
f 211/1/268 210/1/268 209/1/268
f 320/1/269 98/1/269 96/1/269 311/1/269
f 228/1/270 227/1/270 226/1/270
f 24/5/271 163/1/271 165/1/271 22/4/271
f 269/1/272 270/1/272 186/1/272 184/1/272
f 338/8/273 334/1/273 230/1/273 15/2/273
f 60/2/274 58/3/274 125/1/274 123/1/274
f 143/1/275 142/1/275 144/1/275
f 185/1/276 183/1/276 184/1/276
f 297/1/277 319/1/277 62/1/277 64/1/277
f 308/1/278 90/1/278 88/1/278 300/1/278
f 47/9/279 195/1/280 197/1/281 17/10/282
f 119/1/283 59/2/283 57/3/283 117/1/283
f 179/1/284 180/1/284 178/1/284
f 32/9/285 153/1/286 154/1/285 2/10/285
f 98/1/287 38/7/287 36/5/287 96/1/287
f 304/1/288 102/1/288 100/1/288 285/1/288
f 120/1/289 118/1/289 58/3/289 60/2/289
f 141/1/290 365/1/290 139/1/290
f 145/1/291 143/1/291 144/1/291
f 49/4/292 193/1/292 195/1/292 47/9/292
f 113/1/293 53/7/293 51/5/293 111/1/293
f 305/1/294 297/1/294 64/1/294 66/1/294
f 13/3/295 232/1/295 234/1/295 11/6/295
f 275/1/296 156/1/296 199/1/296 276/1/296
f 117/1/297 57/3/297 55/6/297 115/1/297
f 147/1/298 146/1/298 148/1/298
f 266/1/299 373/1/299 376/1/299 166/1/299
f 37/7/300 35/5/300 209/1/300 207/1/300
f 71/1/301 11/6/301 9/7/301 69/1/301
f 277/1/302 196/1/303 198/1/304 286/1/305
f 129/1/306 130/1/306 128/1/306
f 145/1/307 144/1/307 146/1/307
f 104/1/308 44/2/308 42/3/308 102/1/308
f 254/1/309 255/1/309 148/1/309 146/1/309
f 137/1/310 167/1/311 371/1/310
f 297/1/312 63/1/313 61/1/314 319/1/315
f 81/1/316 79/1/316 19/9/316 21/4/316
f 169/1/317 170/1/317 168/1/317
f 285/1/318 100/1/318 98/1/318 320/1/318
f 203/1/319 204/1/319 202/1/319
f 302/1/320 115/1/320 113/1/320 323/1/320
f 157/1/321 155/1/321 158/1/321
f 310/1/322 302/1/322 116/1/322 118/1/322
f 123/1/323 124/1/323 122/1/323
f 214/1/324 242/1/325 340/1/326
f 195/1/327 193/1/327 194/1/327
f 333/1/328 199/1/328 156/1/329
f 330/1/330 331/1/330 239/1/330 237/1/330
f 324/1/331 86/1/331 84/1/331 315/1/331
f 159/1/332 158/1/332 160/1/332
f 366/1/333 136/1/333 138/1/333
f 52/5/334 50/4/334 133/1/334 131/1/334
f 153/1/335 151/1/335 152/1/335
f 316/1/336 308/1/336 89/1/336 105/1/336
f 21/4/337 19/9/337 228/1/337 226/1/337
f 101/1/338 99/1/338 39/6/338 41/3/338
f 207/1/339 206/1/339 205/1/339
f 336/8/340 43/2/340 201/1/340 333/1/340
f 214/1/341 340/1/342 213/1/343
f 84/1/344 24/5/344 22/4/344 82/1/344
f 224/1/345 223/1/345 222/1/345
f 243/1/346 124/1/346 126/1/346 244/1/346
f 23/5/347 21/4/347 226/1/347 224/1/347
f 253/1/348 254/1/348 146/1/348 144/1/348
f 282/1/349 210/1/349 212/1/349 283/1/349
f 4/9/350 2/10/351 154/1/350 181/1/351
f 154/1/352 153/1/352 372/1/352
f 314/1/353 306/1/353 74/1/353 76/1/353
f 295/1/354 296/1/354 233/1/354 231/1/354
f 131/1/355 132/1/355 130/1/355
f 22/4/356 165/1/356 167/1/356 20/9/356
f 329/1/357 330/1/357 237/1/357 235/1/357
f 28/6/358 159/1/358 161/1/358 26/7/358
f 284/1/359 92/1/359 62/1/359 319/1/359
f 368/8/360 60/2/360 123/1/360 365/1/360
f 289/1/361 221/1/361 223/1/361 290/1/361
f 309/1/362 301/1/362 108/1/362 110/1/362
f 324/1/363 315/1/363 83/1/363 85/1/363
f 5/4/364 240/1/364 242/1/364 3/9/364
f 271/1/365 272/1/365 190/1/365 188/1/365
f 57/3/366 185/1/366 187/1/366 55/6/366
f 112/1/367 110/1/367 50/4/367 52/5/367
f 129/1/368 128/1/368 127/1/368
f 244/1/369 126/1/369 128/1/369 245/1/369
f 50/4/370 48/9/370 135/1/370 133/1/370
f 83/1/371 81/1/371 21/4/371 23/5/371
f 20/9/372 167/1/373 137/1/372 18/10/374
f 300/1/375 324/1/375 85/1/375 87/1/375
f 335/1/376 103/1/376 43/2/376 336/8/376
f 91/1/377 61/1/378 1/10/379 31/9/380
f 115/1/381 55/6/381 53/7/381 113/1/381
f 236/1/382 234/1/382 235/1/382
f 246/1/383 130/1/383 132/1/383 247/1/383
f 179/1/384 178/1/384 177/1/384
f 95/1/385 93/1/385 33/4/385 35/5/385
f 220/1/386 221/1/386 219/1/386
f 327/1/387 312/1/387 103/1/387 335/1/387
f 118/1/388 116/1/388 56/6/388 58/3/388
f 288/1/389 219/1/389 221/1/389 289/1/389
f 286/1/390 198/1/390 216/1/390 287/1/390
f 369/1/391 76/1/391 16/2/391 370/8/391
f 303/1/392 284/1/392 91/1/392 93/1/392
f 299/1/393 80/1/393 78/1/393 322/1/393
f 325/1/394 170/1/394 172/1/394 326/1/394
f 299/1/395 322/1/396 77/1/397 79/1/398
f 312/1/399 104/1/399 102/1/399 304/1/399
f 218/1/400 216/1/400 200/1/400
f 140/1/401 366/1/401 138/1/401
f 55/6/402 187/1/402 189/1/402 53/7/402
f 362/1/403 176/1/403 178/1/403 363/1/403
f 262/1/404 263/1/404 160/1/404 158/1/404
f 27/6/405 25/7/405 222/1/405 220/1/405
f 368/8/406 365/1/406 141/1/406 44/2/406
f 6/4/407 4/9/407 181/1/407 179/1/407
f 106/1/408 46/2/408 30/3/408 90/1/408
f 193/1/409 192/1/409 194/1/409
f 215/1/410 121/1/411 122/1/412 217/1/413
f 86/1/414 26/7/414 24/5/414 84/1/414
f 240/1/415 239/1/415 241/1/415
f 338/8/416 45/2/416 200/1/416 334/1/416
f 328/1/417 337/1/417 75/1/417 314/1/417
f 135/1/418 371/1/418 376/1/418 134/1/418
f 99/1/419 97/1/419 37/7/419 39/6/419
f 35/5/420 33/4/420 211/1/420 209/1/420
f 19/9/421 17/10/422 197/1/423 228/1/424
f 300/1/425 88/1/425 86/1/425 324/1/425
f 222/1/426 221/1/426 220/1/426
f 11/6/427 234/1/427 236/1/427 9/7/427
f 31/9/428 1/10/429 214/1/430 213/1/431
f 143/1/432 141/1/432 142/1/432
f 287/1/433 216/1/433 219/1/433 288/1/433
f 85/1/434 83/1/434 23/5/434 25/7/434
f 370/8/435 366/1/435 140/1/435 46/2/435
f 250/1/436 252/1/436 142/1/436 139/1/436
f 39/6/437 37/7/437 207/1/437 205/1/437
f 273/1/438 274/1/438 194/1/438 192/1/438
f 285/1/439 320/1/439 97/1/439 99/1/439
f 135/1/440 134/1/440 133/1/440
f 242/1/441 240/1/441 241/1/441
f 298/1/442 321/1/442 70/1/442 72/1/442
f 105/1/443 89/1/443 29/3/443 45/2/443
f 43/2/444 41/3/444 203/1/444 201/1/444
f 167/1/445 165/1/445 166/1/445
f 281/1/446 208/1/446 210/1/446 282/1/446
f 312/1/447 304/1/447 101/1/447 103/1/447
f 123/1/448 122/1/448 365/1/448
f 310/1/449 117/1/449 115/1/449 302/1/449
f 261/1/450 262/1/450 158/1/450 155/1/450
f 305/1/451 65/1/451 63/1/451 297/1/451
f 315/1/452 84/1/452 82/1/452 307/1/452
f 290/1/453 223/1/453 225/1/453 291/1/453
f 141/1/454 139/1/454 142/1/454
f 337/1/455 105/1/455 45/2/455 338/8/455
f 245/1/456 128/1/456 130/1/456 246/1/456
f 171/1/457 172/1/457 170/1/457
f 36/5/458 149/1/458 151/1/458 34/4/458
f 92/1/459 32/9/459 2/10/459 62/1/459
f 335/1/460 336/8/460 59/2/460 119/1/460
f 63/1/461 3/9/462 1/10/463 61/1/464
f 205/1/465 206/1/465 204/1/465
f 127/1/466 126/1/466 125/1/466
f 377/1/467 378/1/467 380/1/467 379/1/467
f 381/1/468 382/1/468 384/1/468 383/1/468
f 345/1/469 347/1/469 348/1/469 346/1/469
f 349/1/470 351/1/470 352/1/470 350/1/470
f 380/1/471 387/1/471 385/1/471 379/1/471
f 388/1/472 378/1/472 377/1/472 386/1/472
f 389/1/473 392/1/473 382/1/473 381/1/473
f 391/1/474 384/1/474 382/1/474 392/1/474
f 391/1/475 390/1/475 383/1/475 384/1/475
f 378/1/476 388/1/476 387/1/476 380/1/476
f 385/1/477 386/1/477 377/1/477 379/1/477
f 391/1/478 392/1/478 389/1/478 390/1/478
f 386/1/479 385/1/479 387/1/479 388/1/479
f 383/1/480 390/1/480 389/1/480 381/1/480
f 356/1/481 354/1/481 345/1/481 346/1/481
f 353/1/482 347/1/482 345/1/482 354/1/482
f 359/1/483 360/1/483 350/1/483 352/1/483
f 357/1/484 349/1/484 350/1/484 360/1/484
f 359/1/485 358/1/485 357/1/485 360/1/485
f 359/1/486 352/1/486 351/1/486 358/1/486
f 346/1/487 348/1/487 355/1/487 356/1/487
f 348/1/488 347/1/488 353/1/488 355/1/488
f 354/1/489 356/1/489 355/1/489 353/1/489
f 351/1/490 349/1/490 357/1/490 358/1/490
f 409/1/491 410/1/491 412/1/491 411/1/491
f 413/1/492 414/1/492 416/1/492 415/1/492
f 393/1/493 395/1/493 396/1/493 394/1/493
f 397/1/494 399/1/494 400/1/494 398/1/494
f 412/1/495 419/1/495 417/1/495 411/1/495
f 420/1/496 410/1/496 409/1/496 418/1/496
f 421/1/497 424/1/497 414/1/497 413/1/497
f 423/1/498 416/1/498 414/1/498 424/1/498
f 423/1/499 422/1/499 415/1/499 416/1/499
f 410/1/500 420/1/500 419/1/500 412/1/500
f 417/1/501 418/1/501 409/1/501 411/1/501
f 423/1/502 424/1/502 421/1/502 422/1/502
f 418/1/503 417/1/503 419/1/503 420/1/503
f 415/1/504 422/1/504 421/1/504 413/1/504
f 404/1/505 402/1/505 393/1/505 394/1/505
f 401/1/506 395/1/506 393/1/506 402/1/506
f 407/1/507 408/1/507 398/1/507 400/1/507
f 405/1/508 397/1/508 398/1/508 408/1/508
f 407/1/509 406/1/509 405/1/509 408/1/509
f 407/1/510 400/1/510 399/1/510 406/1/510
f 394/1/511 396/1/511 403/1/511 404/1/511
f 396/1/512 395/1/512 401/1/512 403/1/512
f 402/1/513 404/1/513 403/1/513 401/1/513
f 399/1/514 397/1/514 405/1/514 406/1/514
f 441/1/515 442/1/515 444/1/515 443/1/515
f 445/1/516 446/1/516 448/1/516 447/1/516
f 425/1/517 427/1/517 428/1/517 426/1/517
f 429/1/518 431/1/518 432/1/518 430/1/518
f 444/1/519 451/1/519 449/1/519 443/1/519
f 452/1/520 442/1/520 441/1/520 450/1/520
f 453/1/521 456/1/521 446/1/521 445/1/521
f 455/1/522 448/1/522 446/1/522 456/1/522
f 455/1/523 454/1/523 447/1/523 448/1/523
f 442/1/524 452/1/524 451/1/524 444/1/524
f 449/1/525 450/1/525 441/1/525 443/1/525
f 455/1/526 456/1/526 453/1/526 454/1/526
f 450/1/527 449/1/527 451/1/527 452/1/527
f 447/1/528 454/1/528 453/1/528 445/1/528
f 436/1/529 434/1/529 425/1/529 426/1/529
f 433/1/530 427/1/530 425/1/530 434/1/530
f 439/1/531 440/1/531 430/1/531 432/1/531
f 437/1/532 429/1/532 430/1/532 440/1/532
f 439/1/533 438/1/533 437/1/533 440/1/533
f 439/1/534 432/1/534 431/1/534 438/1/534
f 426/1/535 428/1/535 435/1/535 436/1/535
f 428/1/536 427/1/536 433/1/536 435/1/536
f 434/1/537 436/1/537 435/1/537 433/1/537
f 431/1/538 429/1/538 437/1/538 438/1/538
f 473/1/539 474/1/539 476/1/539 475/1/539
f 477/1/540 478/1/540 480/1/540 479/1/540
f 457/1/541 459/1/541 460/1/541 458/1/541
f 461/1/542 463/1/542 464/1/542 462/1/542
f 476/1/543 483/1/543 481/1/543 475/1/543
f 484/1/544 474/1/544 473/1/544 482/1/544
f 485/1/545 488/1/545 478/1/545 477/1/545
f 487/1/546 480/1/546 478/1/546 488/1/546
f 487/1/547 486/1/547 479/1/547 480/1/547
f 474/1/548 484/1/548 483/1/548 476/1/548
f 481/1/549 482/1/549 473/1/549 475/1/549
f 487/1/550 488/1/550 485/1/550 486/1/550
f 482/1/551 481/1/551 483/1/551 484/1/551
f 479/1/552 486/1/552 485/1/552 477/1/552
f 468/1/553 466/1/553 457/1/553 458/1/553
f 465/1/554 459/1/554 457/1/554 466/1/554
f 471/1/555 472/1/555 462/1/555 464/1/555
f 469/1/556 461/1/556 462/1/556 472/1/556
f 471/1/557 470/1/557 469/1/557 472/1/557
f 471/1/558 464/1/558 463/1/558 470/1/558
f 458/1/559 460/1/559 467/1/559 468/1/559
f 460/1/560 459/1/560 465/1/560 467/1/560
f 466/1/561 468/1/561 467/1/561 465/1/561
f 463/1/562 461/1/562 469/1/562 470/1/562
f 505/1/563 506/1/563 508/1/563 507/1/563
f 509/1/564 510/1/564 512/1/564 511/1/564
f 489/1/565 491/1/565 492/1/565 490/1/565
f 493/1/566 495/1/566 496/1/566 494/1/566
f 508/1/567 515/1/567 513/1/567 507/1/567
f 516/1/568 506/1/568 505/1/568 514/1/568
f 517/1/569 520/1/569 510/1/569 509/1/569
f 519/1/570 512/1/570 510/1/570 520/1/570
f 519/1/571 518/1/571 511/1/571 512/1/571
f 506/1/572 516/1/572 515/1/572 508/1/572
f 513/1/573 514/1/573 505/1/573 507/1/573
f 519/1/574 520/1/574 517/1/574 518/1/574
f 514/1/575 513/1/575 515/1/575 516/1/575
f 511/1/576 518/1/576 517/1/576 509/1/576
f 500/1/577 498/1/577 489/1/577 490/1/577
f 497/1/578 491/1/578 489/1/578 498/1/578
f 503/1/579 504/1/579 494/1/579 496/1/579
f 501/1/580 493/1/580 494/1/580 504/1/580
f 503/1/581 502/1/581 501/1/581 504/1/581
f 503/1/582 496/1/582 495/1/582 502/1/582
f 490/1/583 492/1/583 499/1/583 500/1/583
f 492/1/584 491/1/584 497/1/584 499/1/584
f 498/1/585 500/1/585 499/1/585 497/1/585
f 495/1/586 493/1/586 501/1/586 502/1/586
f 537/1/587 538/1/587 540/1/587 539/1/587
f 541/1/588 542/1/588 544/1/588 543/1/588
f 521/1/589 523/1/589 524/1/589 522/1/589
f 525/1/590 527/1/590 528/1/590 526/1/590
f 540/1/591 547/1/591 545/1/591 539/1/591
f 548/1/592 538/1/592 537/1/592 546/1/592
f 549/1/593 552/1/593 542/1/593 541/1/593
f 551/1/594 544/1/594 542/1/594 552/1/594
f 551/1/595 550/1/595 543/1/595 544/1/595
f 538/1/596 548/1/596 547/1/596 540/1/596
f 545/1/597 546/1/597 537/1/597 539/1/597
f 551/1/598 552/1/598 549/1/598 550/1/598
f 546/1/599 545/1/599 547/1/599 548/1/599
f 543/1/600 550/1/600 549/1/600 541/1/600
f 532/1/601 530/1/601 521/1/601 522/1/601
f 529/1/602 523/1/602 521/1/602 530/1/602
f 535/1/603 536/1/603 526/1/603 528/1/603
f 533/1/604 525/1/604 526/1/604 536/1/604
f 535/1/605 534/1/605 533/1/605 536/1/605
f 535/1/606 528/1/606 527/1/606 534/1/606
f 522/1/607 524/1/607 531/1/607 532/1/607
f 524/1/608 523/1/608 529/1/608 531/1/608
f 530/1/609 532/1/609 531/1/609 529/1/609
f 527/1/610 525/1/610 533/1/610 534/1/610
f 569/1/611 570/1/611 572/1/611 571/1/611
f 573/1/612 574/1/612 576/1/612 575/1/612
f 553/1/613 555/1/613 556/1/613 554/1/613
f 557/1/614 559/1/614 560/1/614 558/1/614
f 572/1/615 579/1/615 577/1/615 571/1/615
f 580/1/616 570/1/616 569/1/616 578/1/616
f 581/1/617 584/1/617 574/1/617 573/1/617
f 583/1/618 576/1/618 574/1/618 584/1/618
f 583/1/619 582/1/619 575/1/619 576/1/619
f 570/1/620 580/1/620 579/1/620 572/1/620
f 577/1/621 578/1/621 569/1/621 571/1/621
f 583/1/622 584/1/622 581/1/622 582/1/622
f 578/1/623 577/1/623 579/1/623 580/1/623
f 575/1/624 582/1/624 581/1/624 573/1/624
f 564/1/625 562/1/625 553/1/625 554/1/625
f 561/1/626 555/1/626 553/1/626 562/1/626
f 567/1/627 568/1/627 558/1/627 560/1/627
f 565/1/628 557/1/628 558/1/628 568/1/628
f 567/1/629 566/1/629 565/1/629 568/1/629
f 567/1/630 560/1/630 559/1/630 566/1/630
f 554/1/631 556/1/631 563/1/631 564/1/631
f 556/1/632 555/1/632 561/1/632 563/1/632
f 562/1/633 564/1/633 563/1/633 561/1/633
f 559/1/634 557/1/634 565/1/634 566/1/634
f 601/1/635 602/1/635 604/1/635 603/1/635
f 605/1/636 606/1/636 608/1/636 607/1/636
f 585/1/637 587/1/637 588/1/637 586/1/637
f 589/1/638 591/1/638 592/1/638 590/1/638
f 604/1/639 611/1/639 609/1/639 603/1/639
f 612/1/640 602/1/640 601/1/640 610/1/640
f 613/1/641 616/1/641 606/1/641 605/1/641
f 615/1/642 608/1/642 606/1/642 616/1/642
f 615/1/643 614/1/643 607/1/643 608/1/643
f 602/1/644 612/1/644 611/1/644 604/1/644
f 609/1/645 610/1/645 601/1/645 603/1/645
f 615/1/646 616/1/646 613/1/646 614/1/646
f 610/1/647 609/1/647 611/1/647 612/1/647
f 607/1/648 614/1/648 613/1/648 605/1/648
f 596/1/649 594/1/649 585/1/649 586/1/649
f 593/1/650 587/1/650 585/1/650 594/1/650
f 599/1/651 600/1/651 590/1/651 592/1/651
f 597/1/652 589/1/652 590/1/652 600/1/652
f 599/1/653 598/1/653 597/1/653 600/1/653
f 599/1/654 592/1/654 591/1/654 598/1/654
f 586/1/655 588/1/655 595/1/655 596/1/655
f 588/1/656 587/1/656 593/1/656 595/1/656
f 594/1/657 596/1/657 595/1/657 593/1/657
f 591/1/658 589/1/658 597/1/658 598/1/658
f 633/1/659 634/1/659 636/1/659 635/1/659
f 637/1/660 638/1/660 640/1/660 639/1/660
f 617/1/661 619/1/661 620/1/661 618/1/661
f 621/1/662 623/1/662 624/1/662 622/1/662
f 636/1/663 643/1/663 641/1/663 635/1/663
f 644/1/664 634/1/664 633/1/664 642/1/664
f 645/1/665 648/1/665 638/1/665 637/1/665
f 647/1/666 640/1/666 638/1/666 648/1/666
f 647/1/667 646/1/667 639/1/667 640/1/667
f 634/1/668 644/1/668 643/1/668 636/1/668
f 641/1/669 642/1/669 633/1/669 635/1/669
f 647/1/670 648/1/670 645/1/670 646/1/670
f 642/1/671 641/1/671 643/1/671 644/1/671
f 639/1/672 646/1/672 645/1/672 637/1/672
f 628/1/673 626/1/673 617/1/673 618/1/673
f 625/1/674 619/1/674 617/1/674 626/1/674
f 631/1/675 632/1/675 622/1/675 624/1/675
f 629/1/676 621/1/676 622/1/676 632/1/676
f 631/1/677 630/1/677 629/1/677 632/1/677
f 631/1/678 624/1/678 623/1/678 630/1/678
f 618/1/679 620/1/679 627/1/679 628/1/679
f 620/1/680 619/1/680 625/1/680 627/1/680
f 626/1/681 628/1/681 627/1/681 625/1/681
f 623/1/682 621/1/682 629/1/682 630/1/682
f 665/1/683 666/1/683 668/1/683 667/1/683
f 669/1/684 670/1/684 672/1/684 671/1/684
f 649/1/685 651/1/685 652/1/685 650/1/685
f 653/1/686 655/1/686 656/1/686 654/1/686
f 668/1/687 675/1/687 673/1/687 667/1/687
f 676/1/688 666/1/688 665/1/688 674/1/688
f 677/1/689 680/1/689 670/1/689 669/1/689
f 679/1/690 672/1/690 670/1/690 680/1/690
f 679/1/691 678/1/691 671/1/691 672/1/691
f 666/1/692 676/1/692 675/1/692 668/1/692
f 673/1/693 674/1/693 665/1/693 667/1/693
f 679/1/694 680/1/694 677/1/694 678/1/694
f 674/1/695 673/1/695 675/1/695 676/1/695
f 671/1/696 678/1/696 677/1/696 669/1/696
f 660/1/697 658/1/697 649/1/697 650/1/697
f 657/1/698 651/1/698 649/1/698 658/1/698
f 663/1/699 664/1/699 654/1/699 656/1/699
f 661/1/700 653/1/700 654/1/700 664/1/700
f 663/1/701 662/1/701 661/1/701 664/1/701
f 663/1/702 656/1/702 655/1/702 662/1/702
f 650/1/703 652/1/703 659/1/703 660/1/703
f 652/1/704 651/1/704 657/1/704 659/1/704
f 658/1/705 660/1/705 659/1/705 657/1/705
f 655/1/706 653/1/706 661/1/706 662/1/706
f 697/1/707 698/1/707 700/1/707 699/1/707
f 701/1/708 702/1/708 704/1/708 703/1/708
f 681/1/709 683/1/709 684/1/709 682/1/709
f 685/1/710 687/1/710 688/1/710 686/1/710
f 700/1/711 707/1/711 705/1/711 699/1/711
f 708/1/712 698/1/712 697/1/712 706/1/712
f 709/1/713 712/1/713 702/1/713 701/1/713
f 711/1/714 704/1/714 702/1/714 712/1/714
f 711/1/715 710/1/715 703/1/715 704/1/715
f 698/1/716 708/1/716 707/1/716 700/1/716
f 705/1/717 706/1/717 697/1/717 699/1/717
f 711/1/718 712/1/718 709/1/718 710/1/718
f 706/1/719 705/1/719 707/1/719 708/1/719
f 703/1/720 710/1/720 709/1/720 701/1/720
f 692/1/721 690/1/721 681/1/721 682/1/721
f 689/1/722 683/1/722 681/1/722 690/1/722
f 695/1/723 696/1/723 686/1/723 688/1/723
f 693/1/724 685/1/724 686/1/724 696/1/724
f 695/1/725 694/1/725 693/1/725 696/1/725
f 695/1/726 688/1/726 687/1/726 694/1/726
f 682/1/727 684/1/727 691/1/727 692/1/727
f 684/1/728 683/1/728 689/1/728 691/1/728
f 690/1/729 692/1/729 691/1/729 689/1/729
f 687/1/730 685/1/730 693/1/730 694/1/730
f 729/1/731 730/1/731 732/1/731 731/1/731
f 733/1/732 734/1/732 736/1/732 735/1/732
f 713/1/733 715/1/733 716/1/733 714/1/733
f 717/1/734 719/1/734 720/1/734 718/1/734
f 732/1/735 739/1/735 737/1/735 731/1/735
f 740/1/736 730/1/736 729/1/736 738/1/736
f 741/1/737 744/1/737 734/1/737 733/1/737
f 743/1/738 736/1/738 734/1/738 744/1/738
f 743/1/739 742/1/739 735/1/739 736/1/739
f 730/1/740 740/1/740 739/1/740 732/1/740
f 737/1/741 738/1/741 729/1/741 731/1/741
f 743/1/742 744/1/742 741/1/742 742/1/742
f 738/1/743 737/1/743 739/1/743 740/1/743
f 735/1/744 742/1/744 741/1/744 733/1/744
f 724/1/745 722/1/745 713/1/745 714/1/745
f 721/1/746 715/1/746 713/1/746 722/1/746
f 727/1/747 728/1/747 718/1/747 720/1/747
f 725/1/748 717/1/748 718/1/748 728/1/748
f 727/1/749 726/1/749 725/1/749 728/1/749
f 727/1/750 720/1/750 719/1/750 726/1/750
f 714/1/751 716/1/751 723/1/751 724/1/751
f 716/1/752 715/1/752 721/1/752 723/1/752
f 722/1/753 724/1/753 723/1/753 721/1/753
f 719/1/754 717/1/754 725/1/754 726/1/754
f 761/1/755 762/1/755 764/1/755 763/1/755
f 765/1/756 766/1/756 768/1/756 767/1/756
f 745/1/757 747/1/757 748/1/757 746/1/757
f 749/1/758 751/1/758 752/1/758 750/1/758
f 764/1/759 771/1/759 769/1/759 763/1/759
f 772/1/760 762/1/760 761/1/760 770/1/760
f 773/1/761 776/1/761 766/1/761 765/1/761
f 775/1/762 768/1/762 766/1/762 776/1/762
f 775/1/763 774/1/763 767/1/763 768/1/763
f 762/1/764 772/1/764 771/1/764 764/1/764
f 769/1/765 770/1/765 761/1/765 763/1/765
f 775/1/766 776/1/766 773/1/766 774/1/766
f 770/1/767 769/1/767 771/1/767 772/1/767
f 767/1/768 774/1/768 773/1/768 765/1/768
f 756/1/769 754/1/769 745/1/769 746/1/769
f 753/1/770 747/1/770 745/1/770 754/1/770
f 759/1/771 760/1/771 750/1/771 752/1/771
f 757/1/772 749/1/772 750/1/772 760/1/772
f 759/1/773 758/1/773 757/1/773 760/1/773
f 759/1/774 752/1/774 751/1/774 758/1/774
f 746/1/775 748/1/775 755/1/775 756/1/775
f 748/1/776 747/1/776 753/1/776 755/1/776
f 754/1/777 756/1/777 755/1/777 753/1/777
f 751/1/778 749/1/778 757/1/778 758/1/778
f 793/1/779 794/1/779 796/1/779 795/1/779
f 797/1/780 798/1/780 800/1/780 799/1/780
f 777/1/781 779/1/781 780/1/781 778/1/781
f 781/1/782 783/1/782 784/1/782 782/1/782
f 796/1/783 803/1/783 801/1/783 795/1/783
f 804/1/784 794/1/784 793/1/784 802/1/784
f 805/1/785 808/1/785 798/1/785 797/1/785
f 807/1/786 800/1/786 798/1/786 808/1/786
f 807/1/787 806/1/787 799/1/787 800/1/787
f 794/1/788 804/1/788 803/1/788 796/1/788
f 801/1/789 802/1/789 793/1/789 795/1/789
f 807/1/790 808/1/790 805/1/790 806/1/790
f 802/1/791 801/1/791 803/1/791 804/1/791
f 799/1/792 806/1/792 805/1/792 797/1/792
f 788/1/793 786/1/793 777/1/793 778/1/793
f 785/1/794 779/1/794 777/1/794 786/1/794
f 791/1/795 792/1/795 782/1/795 784/1/795
f 789/1/796 781/1/796 782/1/796 792/1/796
f 791/1/797 790/1/797 789/1/797 792/1/797
f 791/1/798 784/1/798 783/1/798 790/1/798
f 778/1/799 780/1/799 787/1/799 788/1/799
f 780/1/800 779/1/800 785/1/800 787/1/800
f 786/1/801 788/1/801 787/1/801 785/1/801
f 783/1/802 781/1/802 789/1/802 790/1/802
f 825/1/803 826/1/803 828/1/803 827/1/803
f 829/1/804 830/1/804 832/1/804 831/1/804
f 809/1/805 811/1/805 812/1/805 810/1/805
f 813/1/806 815/1/806 816/1/806 814/1/806
f 828/1/807 835/1/807 833/1/807 827/1/807
f 836/1/808 826/1/808 825/1/808 834/1/808
f 837/1/809 840/1/809 830/1/809 829/1/809
f 839/1/810 832/1/810 830/1/810 840/1/810
f 839/1/811 838/1/811 831/1/811 832/1/811
f 826/1/812 836/1/812 835/1/812 828/1/812
f 833/1/813 834/1/813 825/1/813 827/1/813
f 839/1/814 840/1/814 837/1/814 838/1/814
f 834/1/815 833/1/815 835/1/815 836/1/815
f 831/1/816 838/1/816 837/1/816 829/1/816
f 820/1/817 818/1/817 809/1/817 810/1/817
f 817/1/818 811/1/818 809/1/818 818/1/818
f 823/1/819 824/1/819 814/1/819 816/1/819
f 821/1/820 813/1/820 814/1/820 824/1/820
f 823/1/821 822/1/821 821/1/821 824/1/821
f 823/1/822 816/1/822 815/1/822 822/1/822
f 810/1/823 812/1/823 819/1/823 820/1/823
f 812/1/824 811/1/824 817/1/824 819/1/824
f 818/1/825 820/1/825 819/1/825 817/1/825
f 815/1/826 813/1/826 821/1/826 822/1/826
f 857/1/827 858/1/827 860/1/827 859/1/827
f 861/1/828 862/1/828 864/1/828 863/1/828
f 841/1/829 843/1/829 844/1/829 842/1/829
f 845/1/830 847/1/830 848/1/830 846/1/830
f 860/1/831 867/1/831 865/1/831 859/1/831
f 868/1/832 858/1/832 857/1/832 866/1/832
f 869/1/833 872/1/833 862/1/833 861/1/833
f 871/1/834 864/1/834 862/1/834 872/1/834
f 871/1/835 870/1/835 863/1/835 864/1/835
f 858/1/836 868/1/836 867/1/836 860/1/836
f 865/1/837 866/1/837 857/1/837 859/1/837
f 871/1/838 872/1/838 869/1/838 870/1/838
f 866/1/839 865/1/839 867/1/839 868/1/839
f 863/1/840 870/1/840 869/1/840 861/1/840
f 852/1/841 850/1/841 841/1/841 842/1/841
f 849/1/842 843/1/842 841/1/842 850/1/842
f 855/1/843 856/1/843 846/1/843 848/1/843
f 853/1/844 845/1/844 846/1/844 856/1/844
f 855/1/845 854/1/845 853/1/845 856/1/845
f 855/1/846 848/1/846 847/1/846 854/1/846
f 842/1/847 844/1/847 851/1/847 852/1/847
f 844/1/848 843/1/848 849/1/848 851/1/848
f 850/1/849 852/1/849 851/1/849 849/1/849
f 847/1/850 845/1/850 853/1/850 854/1/850
f 889/1/851 890/1/851 892/1/851 891/1/851
f 893/1/852 894/1/852 896/1/852 895/1/852
f 873/1/853 875/1/853 876/1/853 874/1/853
f 877/1/854 879/1/854 880/1/854 878/1/854
f 892/1/855 899/1/855 897/1/855 891/1/855
f 900/1/856 890/1/856 889/1/856 898/1/856
f 901/1/857 904/1/857 894/1/857 893/1/857
f 903/1/858 896/1/858 894/1/858 904/1/858
f 903/1/859 902/1/859 895/1/859 896/1/859
f 890/1/860 900/1/860 899/1/860 892/1/860
f 897/1/861 898/1/861 889/1/861 891/1/861
f 903/1/862 904/1/862 901/1/862 902/1/862
f 898/1/863 897/1/863 899/1/863 900/1/863
f 895/1/864 902/1/864 901/1/864 893/1/864
f 884/1/865 882/1/865 873/1/865 874/1/865
f 881/1/866 875/1/866 873/1/866 882/1/866
f 887/1/867 888/1/867 878/1/867 880/1/867
f 885/1/868 877/1/868 878/1/868 888/1/868
f 887/1/869 886/1/869 885/1/869 888/1/869
f 887/1/870 880/1/870 879/1/870 886/1/870
f 874/1/871 876/1/871 883/1/871 884/1/871
f 876/1/872 875/1/872 881/1/872 883/1/872
f 882/1/873 884/1/873 883/1/873 881/1/873
f 879/1/874 877/1/874 885/1/874 886/1/874
f 921/1/875 922/1/875 924/1/875 923/1/875
f 925/1/876 926/1/876 928/1/876 927/1/876
f 905/1/877 907/1/877 908/1/877 906/1/877
f 909/1/878 911/1/878 912/1/878 910/1/878
f 924/1/879 931/1/879 929/1/879 923/1/879
f 932/1/880 922/1/880 921/1/880 930/1/880
f 933/1/881 936/1/881 926/1/881 925/1/881
f 935/1/882 928/1/882 926/1/882 936/1/882
f 935/1/883 934/1/883 927/1/883 928/1/883
f 922/1/884 932/1/884 931/1/884 924/1/884
f 929/1/885 930/1/885 921/1/885 923/1/885
f 935/1/886 936/1/886 933/1/886 934/1/886
f 930/1/887 929/1/887 931/1/887 932/1/887
f 927/1/888 934/1/888 933/1/888 925/1/888
f 916/1/889 914/1/889 905/1/889 906/1/889
f 913/1/890 907/1/890 905/1/890 914/1/890
f 919/1/891 920/1/891 910/1/891 912/1/891
f 917/1/892 909/1/892 910/1/892 920/1/892
f 919/1/893 918/1/893 917/1/893 920/1/893
f 919/1/894 912/1/894 911/1/894 918/1/894
f 906/1/895 908/1/895 915/1/895 916/1/895
f 908/1/896 907/1/896 913/1/896 915/1/896
f 914/1/897 916/1/897 915/1/897 913/1/897
f 911/1/898 909/1/898 917/1/898 918/1/898
f 953/1/899 954/1/899 956/1/899 955/1/899
f 957/1/900 958/1/900 960/1/900 959/1/900
f 937/1/901 939/1/901 940/1/901 938/1/901
f 941/1/902 943/1/902 944/1/902 942/1/902
f 956/1/903 963/1/903 961/1/903 955/1/903
f 964/1/904 954/1/904 953/1/904 962/1/904
f 965/1/905 968/1/905 958/1/905 957/1/905
f 967/1/906 960/1/906 958/1/906 968/1/906
f 967/1/907 966/1/907 959/1/907 960/1/907
f 954/1/908 964/1/908 963/1/908 956/1/908
f 961/1/909 962/1/909 953/1/909 955/1/909
f 967/1/910 968/1/910 965/1/910 966/1/910
f 962/1/911 961/1/911 963/1/911 964/1/911
f 959/1/912 966/1/912 965/1/912 957/1/912
f 948/1/913 946/1/913 937/1/913 938/1/913
f 945/1/914 939/1/914 937/1/914 946/1/914
f 951/1/915 952/1/915 942/1/915 944/1/915
f 949/1/916 941/1/916 942/1/916 952/1/916
f 951/1/917 950/1/917 949/1/917 952/1/917
f 951/1/918 944/1/918 943/1/918 950/1/918
f 938/1/919 940/1/919 947/1/919 948/1/919
f 940/1/920 939/1/920 945/1/920 947/1/920
f 946/1/921 948/1/921 947/1/921 945/1/921
f 943/1/922 941/1/922 949/1/922 950/1/922
f 985/1/923 986/1/923 988/1/923 987/1/923
f 989/1/924 990/1/924 992/1/924 991/1/924
f 969/1/925 971/1/925 972/1/925 970/1/925
f 973/1/926 975/1/926 976/1/926 974/1/926
f 988/1/927 995/1/927 993/1/927 987/1/927
f 996/1/928 986/1/928 985/1/928 994/1/928
f 997/1/929 1000/1/929 990/1/929 989/1/929
f 999/1/930 992/1/930 990/1/930 1000/1/930
f 999/1/931 998/1/931 991/1/931 992/1/931
f 986/1/932 996/1/932 995/1/932 988/1/932
f 993/1/933 994/1/933 985/1/933 987/1/933
f 999/1/934 1000/1/934 997/1/934 998/1/934
f 994/1/935 993/1/935 995/1/935 996/1/935
f 991/1/936 998/1/936 997/1/936 989/1/936
f 980/1/937 978/1/937 969/1/937 970/1/937
f 977/1/938 971/1/938 969/1/938 978/1/938
f 983/1/939 984/1/939 974/1/939 976/1/939
f 981/1/940 973/1/940 974/1/940 984/1/940
f 983/1/941 982/1/941 981/1/941 984/1/941
f 983/1/942 976/1/942 975/1/942 982/1/942
f 970/1/943 972/1/943 979/1/943 980/1/943
f 972/1/944 971/1/944 977/1/944 979/1/944
f 978/1/945 980/1/945 979/1/945 977/1/945
f 975/1/946 973/1/946 981/1/946 982/1/946
f 1017/1/947 1018/1/947 1020/1/947 1019/1/947
f 1021/1/948 1022/1/948 1024/1/948 1023/1/948
f 1001/1/949 1003/1/949 1004/1/949 1002/1/949
f 1005/1/950 1007/1/950 1008/1/950 1006/1/950
f 1020/1/951 1027/1/951 1025/1/951 1019/1/951
f 1028/1/952 1018/1/952 1017/1/952 1026/1/952
f 1029/1/953 1032/1/953 1022/1/953 1021/1/953
f 1031/1/954 1024/1/954 1022/1/954 1032/1/954
f 1031/1/955 1030/1/955 1023/1/955 1024/1/955
f 1018/1/956 1028/1/956 1027/1/956 1020/1/956
f 1025/1/957 1026/1/957 1017/1/957 1019/1/957
f 1031/1/958 1032/1/958 1029/1/958 1030/1/958
f 1026/1/959 1025/1/959 1027/1/959 1028/1/959
f 1023/1/960 1030/1/960 1029/1/960 1021/1/960
f 1012/1/961 1010/1/961 1001/1/961 1002/1/961
f 1009/1/962 1003/1/962 1001/1/962 1010/1/962
f 1015/1/963 1016/1/963 1006/1/963 1008/1/963
f 1013/1/964 1005/1/964 1006/1/964 1016/1/964
f 1015/1/965 1014/1/965 1013/1/965 1016/1/965
f 1015/1/966 1008/1/966 1007/1/966 1014/1/966
f 1002/1/967 1004/1/967 1011/1/967 1012/1/967
f 1004/1/968 1003/1/968 1009/1/968 1011/1/968
f 1010/1/969 1012/1/969 1011/1/969 1009/1/969
f 1007/1/970 1005/1/970 1013/1/970 1014/1/970
f 1049/1/971 1050/1/971 1052/1/971 1051/1/971
f 1053/1/972 1054/1/972 1056/1/972 1055/1/972
f 1033/1/973 1035/1/973 1036/1/973 1034/1/973
f 1037/1/974 1039/1/974 1040/1/974 1038/1/974
f 1052/1/975 1059/1/975 1057/1/975 1051/1/975
f 1060/1/976 1050/1/976 1049/1/976 1058/1/976
f 1061/1/977 1064/1/977 1054/1/977 1053/1/977
f 1063/1/978 1056/1/978 1054/1/978 1064/1/978
f 1063/1/979 1062/1/979 1055/1/979 1056/1/979
f 1050/1/980 1060/1/980 1059/1/980 1052/1/980
f 1057/1/981 1058/1/981 1049/1/981 1051/1/981
f 1063/1/982 1064/1/982 1061/1/982 1062/1/982
f 1058/1/983 1057/1/983 1059/1/983 1060/1/983
f 1055/1/984 1062/1/984 1061/1/984 1053/1/984
f 1044/1/985 1042/1/985 1033/1/985 1034/1/985
f 1041/1/986 1035/1/986 1033/1/986 1042/1/986
f 1047/1/987 1048/1/987 1038/1/987 1040/1/987
f 1045/1/988 1037/1/988 1038/1/988 1048/1/988
f 1047/1/989 1046/1/989 1045/1/989 1048/1/989
f 1047/1/990 1040/1/990 1039/1/990 1046/1/990
f 1034/1/991 1036/1/991 1043/1/991 1044/1/991
f 1036/1/992 1035/1/992 1041/1/992 1043/1/992
f 1042/1/993 1044/1/993 1043/1/993 1041/1/993
f 1039/1/994 1037/1/994 1045/1/994 1046/1/994
f 1081/1/995 1082/1/995 1084/1/995 1083/1/995
f 1085/1/996 1086/1/996 1088/1/996 1087/1/996
f 1065/1/997 1067/1/997 1068/1/997 1066/1/997
f 1069/1/998 1071/1/998 1072/1/998 1070/1/998
f 1084/1/999 1091/1/999 1089/1/999 1083/1/999
f 1092/1/1000 1082/1/1000 1081/1/1000 1090/1/1000
f 1093/1/1001 1096/1/1001 1086/1/1001 1085/1/1001
f 1095/1/1002 1088/1/1002 1086/1/1002 1096/1/1002
f 1095/1/1003 1094/1/1003 1087/1/1003 1088/1/1003
f 1082/1/1004 1092/1/1004 1091/1/1004 1084/1/1004
f 1089/1/1005 1090/1/1005 1081/1/1005 1083/1/1005
f 1095/1/1006 1096/1/1006 1093/1/1006 1094/1/1006
f 1090/1/1007 1089/1/1007 1091/1/1007 1092/1/1007
f 1087/1/1008 1094/1/1008 1093/1/1008 1085/1/1008
f 1076/1/1009 1074/1/1009 1065/1/1009 1066/1/1009
f 1073/1/1010 1067/1/1010 1065/1/1010 1074/1/1010
f 1079/1/1011 1080/1/1011 1070/1/1011 1072/1/1011
f 1077/1/1012 1069/1/1012 1070/1/1012 1080/1/1012
f 1079/1/1013 1078/1/1013 1077/1/1013 1080/1/1013
f 1079/1/1014 1072/1/1014 1071/1/1014 1078/1/1014
f 1066/1/1015 1068/1/1015 1075/1/1015 1076/1/1015
f 1068/1/1016 1067/1/1016 1073/1/1016 1075/1/1016
f 1074/1/1017 1076/1/1017 1075/1/1017 1073/1/1017
f 1071/1/1018 1069/1/1018 1077/1/1018 1078/1/1018
f 1113/1/1019 1114/1/1019 1116/1/1019 1115/1/1019
f 1117/1/1020 1118/1/1020 1120/1/1020 1119/1/1020
f 1097/1/1021 1099/1/1021 1100/1/1021 1098/1/1021
f 1101/1/1022 1103/1/1022 1104/1/1022 1102/1/1022
f 1116/1/1023 1123/1/1023 1121/1/1023 1115/1/1023
f 1124/1/1024 1114/1/1024 1113/1/1024 1122/1/1024
f 1125/1/1025 1128/1/1025 1118/1/1025 1117/1/1025
f 1127/1/1026 1120/1/1026 1118/1/1026 1128/1/1026
f 1127/1/1027 1126/1/1027 1119/1/1027 1120/1/1027
f 1114/1/1028 1124/1/1028 1123/1/1028 1116/1/1028
f 1121/1/1029 1122/1/1029 1113/1/1029 1115/1/1029
f 1127/1/1030 1128/1/1030 1125/1/1030 1126/1/1030
f 1122/1/1031 1121/1/1031 1123/1/1031 1124/1/1031
f 1119/1/1032 1126/1/1032 1125/1/1032 1117/1/1032
f 1108/1/1033 1106/1/1033 1097/1/1033 1098/1/1033
f 1105/1/1034 1099/1/1034 1097/1/1034 1106/1/1034
f 1111/1/1035 1112/1/1035 1102/1/1035 1104/1/1035
f 1109/1/1036 1101/1/1036 1102/1/1036 1112/1/1036
f 1111/1/1037 1110/1/1037 1109/1/1037 1112/1/1037
f 1111/1/1038 1104/1/1038 1103/1/1038 1110/1/1038
f 1098/1/1039 1100/1/1039 1107/1/1039 1108/1/1039
f 1100/1/1040 1099/1/1040 1105/1/1040 1107/1/1040
f 1106/1/1041 1108/1/1041 1107/1/1041 1105/1/1041
f 1103/1/1042 1101/1/1042 1109/1/1042 1110/1/1042
f 1145/1/1043 1146/1/1043 1148/1/1043 1147/1/1043
f 1149/1/1044 1150/1/1044 1152/1/1044 1151/1/1044
f 1129/1/1045 1131/1/1045 1132/1/1045 1130/1/1045
f 1133/1/1046 1135/1/1046 1136/1/1046 1134/1/1046
f 1148/1/1047 1155/1/1047 1153/1/1047 1147/1/1047
f 1156/1/1048 1146/1/1048 1145/1/1048 1154/1/1048
f 1157/1/1049 1160/1/1049 1150/1/1049 1149/1/1049
f 1159/1/1050 1152/1/1050 1150/1/1050 1160/1/1050
f 1159/1/1051 1158/1/1051 1151/1/1051 1152/1/1051
f 1146/1/1052 1156/1/1052 1155/1/1052 1148/1/1052
f 1153/1/1053 1154/1/1053 1145/1/1053 1147/1/1053
f 1159/1/1054 1160/1/1054 1157/1/1054 1158/1/1054
f 1154/1/1055 1153/1/1055 1155/1/1055 1156/1/1055
f 1151/1/1056 1158/1/1056 1157/1/1056 1149/1/1056
f 1140/1/1057 1138/1/1057 1129/1/1057 1130/1/1057
f 1137/1/1058 1131/1/1058 1129/1/1058 1138/1/1058
f 1143/1/1059 1144/1/1059 1134/1/1059 1136/1/1059
f 1141/1/1060 1133/1/1060 1134/1/1060 1144/1/1060
f 1143/1/1061 1142/1/1061 1141/1/1061 1144/1/1061
f 1143/1/1062 1136/1/1062 1135/1/1062 1142/1/1062
f 1130/1/1063 1132/1/1063 1139/1/1063 1140/1/1063
f 1132/1/1064 1131/1/1064 1137/1/1064 1139/1/1064
f 1138/1/1065 1140/1/1065 1139/1/1065 1137/1/1065
f 1135/1/1066 1133/1/1066 1141/1/1066 1142/1/1066
f 1177/1/1067 1178/1/1067 1180/1/1067 1179/1/1067
f 1181/1/1068 1182/1/1068 1184/1/1068 1183/1/1068
f 1161/1/1069 1163/1/1069 1164/1/1069 1162/1/1069
f 1165/1/1070 1167/1/1070 1168/1/1070 1166/1/1070
f 1180/1/1071 1187/1/1071 1185/1/1071 1179/1/1071
f 1188/1/1072 1178/1/1072 1177/1/1072 1186/1/1072
f 1189/1/1073 1192/1/1073 1182/1/1073 1181/1/1073
f 1191/1/1074 1184/1/1074 1182/1/1074 1192/1/1074
f 1191/1/1075 1190/1/1075 1183/1/1075 1184/1/1075
f 1178/1/1076 1188/1/1076 1187/1/1076 1180/1/1076
f 1185/1/1077 1186/1/1077 1177/1/1077 1179/1/1077
f 1191/1/1078 1192/1/1078 1189/1/1078 1190/1/1078
f 1186/1/1079 1185/1/1079 1187/1/1079 1188/1/1079
f 1183/1/1080 1190/1/1080 1189/1/1080 1181/1/1080
f 1172/1/1081 1170/1/1081 1161/1/1081 1162/1/1081
f 1169/1/1082 1163/1/1082 1161/1/1082 1170/1/1082
f 1175/1/1083 1176/1/1083 1166/1/1083 1168/1/1083
f 1173/1/1084 1165/1/1084 1166/1/1084 1176/1/1084
f 1175/1/1085 1174/1/1085 1173/1/1085 1176/1/1085
f 1175/1/1086 1168/1/1086 1167/1/1086 1174/1/1086
f 1162/1/1087 1164/1/1087 1171/1/1087 1172/1/1087
f 1164/1/1088 1163/1/1088 1169/1/1088 1171/1/1088
f 1170/1/1089 1172/1/1089 1171/1/1089 1169/1/1089
f 1167/1/1090 1165/1/1090 1173/1/1090 1174/1/1090
f 1209/1/1091 1210/1/1091 1212/1/1091 1211/1/1091
f 1213/1/1092 1214/1/1092 1216/1/1092 1215/1/1092
f 1193/1/1093 1195/1/1093 1196/1/1093 1194/1/1093
f 1197/1/1094 1199/1/1094 1200/1/1094 1198/1/1094
f 1212/1/1095 1219/1/1095 1217/1/1095 1211/1/1095
f 1220/1/1096 1210/1/1096 1209/1/1096 1218/1/1096
f 1221/1/1097 1224/1/1097 1214/1/1097 1213/1/1097
f 1223/1/1098 1216/1/1098 1214/1/1098 1224/1/1098
f 1223/1/1099 1222/1/1099 1215/1/1099 1216/1/1099
f 1210/1/1100 1220/1/1100 1219/1/1100 1212/1/1100
f 1217/1/1101 1218/1/1101 1209/1/1101 1211/1/1101
f 1223/1/1102 1224/1/1102 1221/1/1102 1222/1/1102
f 1218/1/1103 1217/1/1103 1219/1/1103 1220/1/1103
f 1215/1/1104 1222/1/1104 1221/1/1104 1213/1/1104
f 1204/1/1105 1202/1/1105 1193/1/1105 1194/1/1105
f 1201/1/1106 1195/1/1106 1193/1/1106 1202/1/1106
f 1207/1/1107 1208/1/1107 1198/1/1107 1200/1/1107
f 1205/1/1108 1197/1/1108 1198/1/1108 1208/1/1108
f 1207/1/1109 1206/1/1109 1205/1/1109 1208/1/1109
f 1207/1/1110 1200/1/1110 1199/1/1110 1206/1/1110
f 1194/1/1111 1196/1/1111 1203/1/1111 1204/1/1111
f 1196/1/1112 1195/1/1112 1201/1/1112 1203/1/1112
f 1202/1/1113 1204/1/1113 1203/1/1113 1201/1/1113
f 1199/1/1114 1197/1/1114 1205/1/1114 1206/1/1114
f 1241/1/1115 1242/1/1115 1244/1/1115 1243/1/1115
f 1245/1/1116 1246/1/1116 1248/1/1116 1247/1/1116
f 1225/1/1117 1227/1/1117 1228/1/1117 1226/1/1117
f 1229/1/1118 1231/1/1118 1232/1/1118 1230/1/1118
f 1244/1/1119 1251/1/1119 1249/1/1119 1243/1/1119
f 1252/1/1120 1242/1/1120 1241/1/1120 1250/1/1120
f 1253/1/1121 1256/1/1121 1246/1/1121 1245/1/1121
f 1255/1/1122 1248/1/1122 1246/1/1122 1256/1/1122
f 1255/1/1123 1254/1/1123 1247/1/1123 1248/1/1123
f 1242/1/1124 1252/1/1124 1251/1/1124 1244/1/1124
f 1249/1/1125 1250/1/1125 1241/1/1125 1243/1/1125
f 1255/1/1126 1256/1/1126 1253/1/1126 1254/1/1126
f 1250/1/1127 1249/1/1127 1251/1/1127 1252/1/1127
f 1247/1/1128 1254/1/1128 1253/1/1128 1245/1/1128
f 1236/1/1129 1234/1/1129 1225/1/1129 1226/1/1129
f 1233/1/1130 1227/1/1130 1225/1/1130 1234/1/1130
f 1239/1/1131 1240/1/1131 1230/1/1131 1232/1/1131
f 1237/1/1132 1229/1/1132 1230/1/1132 1240/1/1132
f 1239/1/1133 1238/1/1133 1237/1/1133 1240/1/1133
f 1239/1/1134 1232/1/1134 1231/1/1134 1238/1/1134
f 1226/1/1135 1228/1/1135 1235/1/1135 1236/1/1135
f 1228/1/1136 1227/1/1136 1233/1/1136 1235/1/1136
f 1234/1/1137 1236/1/1137 1235/1/1137 1233/1/1137
f 1231/1/1138 1229/1/1138 1237/1/1138 1238/1/1138
f 1273/1/1139 1274/1/1139 1276/1/1139 1275/1/1139
f 1277/1/1140 1278/1/1140 1280/1/1140 1279/1/1140
f 1257/1/1141 1259/1/1141 1260/1/1141 1258/1/1141
f 1261/1/1142 1263/1/1142 1264/1/1142 1262/1/1142
f 1276/1/1143 1283/1/1143 1281/1/1143 1275/1/1143
f 1284/1/1144 1274/1/1144 1273/1/1144 1282/1/1144
f 1285/1/1145 1288/1/1145 1278/1/1145 1277/1/1145
f 1287/1/1146 1280/1/1146 1278/1/1146 1288/1/1146
f 1287/1/1147 1286/1/1147 1279/1/1147 1280/1/1147
f 1274/1/1148 1284/1/1148 1283/1/1148 1276/1/1148
f 1281/1/1149 1282/1/1149 1273/1/1149 1275/1/1149
f 1287/1/1150 1288/1/1150 1285/1/1150 1286/1/1150
f 1282/1/1151 1281/1/1151 1283/1/1151 1284/1/1151
f 1279/1/1152 1286/1/1152 1285/1/1152 1277/1/1152
f 1268/1/1153 1266/1/1153 1257/1/1153 1258/1/1153
f 1265/1/1154 1259/1/1154 1257/1/1154 1266/1/1154
f 1271/1/1155 1272/1/1155 1262/1/1155 1264/1/1155
f 1269/1/1156 1261/1/1156 1262/1/1156 1272/1/1156
f 1271/1/1157 1270/1/1157 1269/1/1157 1272/1/1157
f 1271/1/1158 1264/1/1158 1263/1/1158 1270/1/1158
f 1258/1/1159 1260/1/1159 1267/1/1159 1268/1/1159
f 1260/1/1160 1259/1/1160 1265/1/1160 1267/1/1160
f 1266/1/1161 1268/1/1161 1267/1/1161 1265/1/1161
f 1263/1/1162 1261/1/1162 1269/1/1162 1270/1/1162
f 1305/1/1163 1306/1/1163 1308/1/1163 1307/1/1163
f 1309/1/1164 1310/1/1164 1312/1/1164 1311/1/1164
f 1289/1/1165 1291/1/1165 1292/1/1165 1290/1/1165
f 1293/1/1166 1295/1/1166 1296/1/1166 1294/1/1166
f 1308/1/1167 1315/1/1167 1313/1/1167 1307/1/1167
f 1316/1/1168 1306/1/1168 1305/1/1168 1314/1/1168
f 1317/1/1169 1320/1/1169 1310/1/1169 1309/1/1169
f 1319/1/1170 1312/1/1170 1310/1/1170 1320/1/1170
f 1319/1/1171 1318/1/1171 1311/1/1171 1312/1/1171
f 1306/1/1172 1316/1/1172 1315/1/1172 1308/1/1172
f 1313/1/1173 1314/1/1173 1305/1/1173 1307/1/1173
f 1319/1/1174 1320/1/1174 1317/1/1174 1318/1/1174
f 1314/1/1175 1313/1/1175 1315/1/1175 1316/1/1175
f 1311/1/1176 1318/1/1176 1317/1/1176 1309/1/1176
f 1300/1/1177 1298/1/1177 1289/1/1177 1290/1/1177
f 1297/1/1178 1291/1/1178 1289/1/1178 1298/1/1178
f 1303/1/1179 1304/1/1179 1294/1/1179 1296/1/1179
f 1301/1/1180 1293/1/1180 1294/1/1180 1304/1/1180
f 1303/1/1181 1302/1/1181 1301/1/1181 1304/1/1181
f 1303/1/1182 1296/1/1182 1295/1/1182 1302/1/1182
f 1290/1/1183 1292/1/1183 1299/1/1183 1300/1/1183
f 1292/1/1184 1291/1/1184 1297/1/1184 1299/1/1184
f 1298/1/1185 1300/1/1185 1299/1/1185 1297/1/1185
f 1295/1/1186 1293/1/1186 1301/1/1186 1302/1/1186
f 1337/1/1187 1338/1/1187 1340/1/1187 1339/1/1187
f 1341/1/1188 1342/1/1188 1344/1/1188 1343/1/1188
f 1321/1/1189 1323/1/1189 1324/1/1189 1322/1/1189
f 1325/1/1190 1327/1/1190 1328/1/1190 1326/1/1190
f 1340/1/1191 1347/1/1191 1345/1/1191 1339/1/1191
f 1348/1/1192 1338/1/1192 1337/1/1192 1346/1/1192
f 1349/1/1193 1352/1/1193 1342/1/1193 1341/1/1193
f 1351/1/1194 1344/1/1194 1342/1/1194 1352/1/1194
f 1351/1/1195 1350/1/1195 1343/1/1195 1344/1/1195
f 1338/1/1196 1348/1/1196 1347/1/1196 1340/1/1196
f 1345/1/1197 1346/1/1197 1337/1/1197 1339/1/1197
f 1351/1/1198 1352/1/1198 1349/1/1198 1350/1/1198
f 1346/1/1199 1345/1/1199 1347/1/1199 1348/1/1199
f 1343/1/1200 1350/1/1200 1349/1/1200 1341/1/1200
f 1332/1/1201 1330/1/1201 1321/1/1201 1322/1/1201
f 1329/1/1202 1323/1/1202 1321/1/1202 1330/1/1202
f 1335/1/1203 1336/1/1203 1326/1/1203 1328/1/1203
f 1333/1/1204 1325/1/1204 1326/1/1204 1336/1/1204
f 1335/1/1205 1334/1/1205 1333/1/1205 1336/1/1205
f 1335/1/1206 1328/1/1206 1327/1/1206 1334/1/1206
f 1322/1/1207 1324/1/1207 1331/1/1207 1332/1/1207
f 1324/1/1208 1323/1/1208 1329/1/1208 1331/1/1208
f 1330/1/1209 1332/1/1209 1331/1/1209 1329/1/1209
f 1327/1/1210 1325/1/1210 1333/1/1210 1334/1/1210
f 1369/1/1211 1370/1/1211 1372/1/1211 1371/1/1211
f 1373/1/1212 1374/1/1212 1376/1/1212 1375/1/1212
f 1353/1/1213 1355/1/1213 1356/1/1213 1354/1/1213
f 1357/1/1214 1359/1/1214 1360/1/1214 1358/1/1214
f 1372/1/1215 1379/1/1215 1377/1/1215 1371/1/1215
f 1380/1/1216 1370/1/1216 1369/1/1216 1378/1/1216
f 1381/1/1217 1384/1/1217 1374/1/1217 1373/1/1217
f 1383/1/1218 1376/1/1218 1374/1/1218 1384/1/1218
f 1383/1/1219 1382/1/1219 1375/1/1219 1376/1/1219
f 1370/1/1220 1380/1/1220 1379/1/1220 1372/1/1220
f 1377/1/1221 1378/1/1221 1369/1/1221 1371/1/1221
f 1383/1/1222 1384/1/1222 1381/1/1222 1382/1/1222
f 1378/1/1223 1377/1/1223 1379/1/1223 1380/1/1223
f 1375/1/1224 1382/1/1224 1381/1/1224 1373/1/1224
f 1364/1/1225 1362/1/1225 1353/1/1225 1354/1/1225
f 1361/1/1226 1355/1/1226 1353/1/1226 1362/1/1226
f 1367/1/1227 1368/1/1227 1358/1/1227 1360/1/1227
f 1365/1/1228 1357/1/1228 1358/1/1228 1368/1/1228
f 1367/1/1229 1366/1/1229 1365/1/1229 1368/1/1229
f 1367/1/1230 1360/1/1230 1359/1/1230 1366/1/1230
f 1354/1/1231 1356/1/1231 1363/1/1231 1364/1/1231
f 1356/1/1232 1355/1/1232 1361/1/1232 1363/1/1232
f 1362/1/1233 1364/1/1233 1363/1/1233 1361/1/1233
f 1359/1/1234 1357/1/1234 1365/1/1234 1366/1/1234
f 1401/1/1235 1402/1/1235 1404/1/1235 1403/1/1235
f 1405/1/1236 1406/1/1236 1408/1/1236 1407/1/1236
f 1385/1/1237 1387/1/1237 1388/1/1237 1386/1/1237
f 1389/1/1238 1391/1/1238 1392/1/1238 1390/1/1238
f 1404/1/1239 1411/1/1239 1409/1/1239 1403/1/1239
f 1412/1/1240 1402/1/1240 1401/1/1240 1410/1/1240
f 1413/1/1241 1416/1/1241 1406/1/1241 1405/1/1241
f 1415/1/1242 1408/1/1242 1406/1/1242 1416/1/1242
f 1415/1/1243 1414/1/1243 1407/1/1243 1408/1/1243
f 1402/1/1244 1412/1/1244 1411/1/1244 1404/1/1244
f 1409/1/1245 1410/1/1245 1401/1/1245 1403/1/1245
f 1415/1/1246 1416/1/1246 1413/1/1246 1414/1/1246
f 1410/1/1247 1409/1/1247 1411/1/1247 1412/1/1247
f 1407/1/1248 1414/1/1248 1413/1/1248 1405/1/1248
f 1396/1/1249 1394/1/1249 1385/1/1249 1386/1/1249
f 1393/1/1250 1387/1/1250 1385/1/1250 1394/1/1250
f 1399/1/1251 1400/1/1251 1390/1/1251 1392/1/1251
f 1397/1/1252 1389/1/1252 1390/1/1252 1400/1/1252
f 1399/1/1253 1398/1/1253 1397/1/1253 1400/1/1253
f 1399/1/1254 1392/1/1254 1391/1/1254 1398/1/1254
f 1386/1/1255 1388/1/1255 1395/1/1255 1396/1/1255
f 1388/1/1256 1387/1/1256 1393/1/1256 1395/1/1256
f 1394/1/1257 1396/1/1257 1395/1/1257 1393/1/1257
f 1391/1/1258 1389/1/1258 1397/1/1258 1398/1/1258
f 1433/1/1259 1434/1/1259 1436/1/1259 1435/1/1259
f 1437/1/1260 1438/1/1260 1440/1/1260 1439/1/1260
f 1417/1/1261 1419/1/1261 1420/1/1261 1418/1/1261
f 1421/1/1262 1423/1/1262 1424/1/1262 1422/1/1262
f 1436/1/1263 1443/1/1263 1441/1/1263 1435/1/1263
f 1444/1/1264 1434/1/1264 1433/1/1264 1442/1/1264
f 1445/1/1265 1448/1/1265 1438/1/1265 1437/1/1265
f 1447/1/1266 1440/1/1266 1438/1/1266 1448/1/1266
f 1447/1/1267 1446/1/1267 1439/1/1267 1440/1/1267
f 1434/1/1268 1444/1/1268 1443/1/1268 1436/1/1268
f 1441/1/1269 1442/1/1269 1433/1/1269 1435/1/1269
f 1447/1/1270 1448/1/1270 1445/1/1270 1446/1/1270
f 1442/1/1271 1441/1/1271 1443/1/1271 1444/1/1271
f 1439/1/1272 1446/1/1272 1445/1/1272 1437/1/1272
f 1428/1/1273 1426/1/1273 1417/1/1273 1418/1/1273
f 1425/1/1274 1419/1/1274 1417/1/1274 1426/1/1274
f 1431/1/1275 1432/1/1275 1422/1/1275 1424/1/1275
f 1429/1/1276 1421/1/1276 1422/1/1276 1432/1/1276
f 1431/1/1277 1430/1/1277 1429/1/1277 1432/1/1277
f 1431/1/1278 1424/1/1278 1423/1/1278 1430/1/1278
f 1418/1/1279 1420/1/1279 1427/1/1279 1428/1/1279
f 1420/1/1280 1419/1/1280 1425/1/1280 1427/1/1280
f 1426/1/1281 1428/1/1281 1427/1/1281 1425/1/1281
f 1423/1/1282 1421/1/1282 1429/1/1282 1430/1/1282
f 1465/1/1283 1466/1/1283 1468/1/1283 1467/1/1283
f 1469/1/1284 1470/1/1284 1472/1/1284 1471/1/1284
f 1449/1/1285 1451/1/1285 1452/1/1285 1450/1/1285
f 1453/1/1286 1455/1/1286 1456/1/1286 1454/1/1286
f 1468/1/1287 1475/1/1287 1473/1/1287 1467/1/1287
f 1476/1/1288 1466/1/1288 1465/1/1288 1474/1/1288
f 1477/1/1289 1480/1/1289 1470/1/1289 1469/1/1289
f 1479/1/1290 1472/1/1290 1470/1/1290 1480/1/1290
f 1479/1/1291 1478/1/1291 1471/1/1291 1472/1/1291
f 1466/1/1292 1476/1/1292 1475/1/1292 1468/1/1292
f 1473/1/1293 1474/1/1293 1465/1/1293 1467/1/1293
f 1479/1/1294 1480/1/1294 1477/1/1294 1478/1/1294
f 1474/1/1295 1473/1/1295 1475/1/1295 1476/1/1295
f 1471/1/1296 1478/1/1296 1477/1/1296 1469/1/1296
f 1460/1/1297 1458/1/1297 1449/1/1297 1450/1/1297
f 1457/1/1298 1451/1/1298 1449/1/1298 1458/1/1298
f 1463/1/1299 1464/1/1299 1454/1/1299 1456/1/1299
f 1461/1/1300 1453/1/1300 1454/1/1300 1464/1/1300
f 1463/1/1301 1462/1/1301 1461/1/1301 1464/1/1301
f 1463/1/1302 1456/1/1302 1455/1/1302 1462/1/1302
f 1450/1/1303 1452/1/1303 1459/1/1303 1460/1/1303
f 1452/1/1304 1451/1/1304 1457/1/1304 1459/1/1304
f 1458/1/1305 1460/1/1305 1459/1/1305 1457/1/1305
f 1455/1/1306 1453/1/1306 1461/1/1306 1462/1/1306
f 1497/1/1307 1498/1/1307 1500/1/1307 1499/1/1307
f 1501/1/1308 1502/1/1308 1504/1/1308 1503/1/1308
f 1481/1/1309 1483/1/1309 1484/1/1309 1482/1/1309
f 1485/1/1310 1487/1/1310 1488/1/1310 1486/1/1310
f 1500/1/1311 1507/1/1311 1505/1/1311 1499/1/1311
f 1508/1/1312 1498/1/1312 1497/1/1312 1506/1/1312
f 1509/1/1313 1512/1/1313 1502/1/1313 1501/1/1313
f 1511/1/1314 1504/1/1314 1502/1/1314 1512/1/1314
f 1511/1/1315 1510/1/1315 1503/1/1315 1504/1/1315
f 1498/1/1316 1508/1/1316 1507/1/1316 1500/1/1316
f 1505/1/1317 1506/1/1317 1497/1/1317 1499/1/1317
f 1511/1/1318 1512/1/1318 1509/1/1318 1510/1/1318
f 1506/1/1319 1505/1/1319 1507/1/1319 1508/1/1319
f 1503/1/1320 1510/1/1320 1509/1/1320 1501/1/1320
f 1492/1/1321 1490/1/1321 1481/1/1321 1482/1/1321
f 1489/1/1322 1483/1/1322 1481/1/1322 1490/1/1322
f 1495/1/1323 1496/1/1323 1486/1/1323 1488/1/1323
f 1493/1/1324 1485/1/1324 1486/1/1324 1496/1/1324
f 1495/1/1325 1494/1/1325 1493/1/1325 1496/1/1325
f 1495/1/1326 1488/1/1326 1487/1/1326 1494/1/1326
f 1482/1/1327 1484/1/1327 1491/1/1327 1492/1/1327
f 1484/1/1328 1483/1/1328 1489/1/1328 1491/1/1328
f 1490/1/1329 1492/1/1329 1491/1/1329 1489/1/1329
f 1487/1/1330 1485/1/1330 1493/1/1330 1494/1/1330
f 1529/1/1331 1530/1/1331 1532/1/1331 1531/1/1331
f 1533/1/1332 1534/1/1332 1536/1/1332 1535/1/1332
f 1513/1/1333 1515/1/1333 1516/1/1333 1514/1/1333
f 1517/1/1334 1519/1/1334 1520/1/1334 1518/1/1334
f 1532/1/1335 1539/1/1335 1537/1/1335 1531/1/1335
f 1540/1/1336 1530/1/1336 1529/1/1336 1538/1/1336
f 1541/1/1337 1544/1/1337 1534/1/1337 1533/1/1337
f 1543/1/1338 1536/1/1338 1534/1/1338 1544/1/1338
f 1543/1/1339 1542/1/1339 1535/1/1339 1536/1/1339
f 1530/1/1340 1540/1/1340 1539/1/1340 1532/1/1340
f 1537/1/1341 1538/1/1341 1529/1/1341 1531/1/1341
f 1543/1/1342 1544/1/1342 1541/1/1342 1542/1/1342
f 1538/1/1343 1537/1/1343 1539/1/1343 1540/1/1343
f 1535/1/1344 1542/1/1344 1541/1/1344 1533/1/1344
f 1524/1/1345 1522/1/1345 1513/1/1345 1514/1/1345
f 1521/1/1346 1515/1/1346 1513/1/1346 1522/1/1346
f 1527/1/1347 1528/1/1347 1518/1/1347 1520/1/1347
f 1525/1/1348 1517/1/1348 1518/1/1348 1528/1/1348
f 1527/1/1349 1526/1/1349 1525/1/1349 1528/1/1349
f 1527/1/1350 1520/1/1350 1519/1/1350 1526/1/1350
f 1514/1/1351 1516/1/1351 1523/1/1351 1524/1/1351
f 1516/1/1352 1515/1/1352 1521/1/1352 1523/1/1352
f 1522/1/1353 1524/1/1353 1523/1/1353 1521/1/1353
f 1519/1/1354 1517/1/1354 1525/1/1354 1526/1/1354
f 1561/1/1355 1562/1/1355 1564/1/1355 1563/1/1355
f 1565/1/1356 1566/1/1356 1568/1/1356 1567/1/1356
f 1545/1/1357 1547/1/1357 1548/1/1357 1546/1/1357
f 1549/1/1358 1551/1/1358 1552/1/1358 1550/1/1358
f 1564/1/1359 1571/1/1359 1569/1/1359 1563/1/1359
f 1572/1/1360 1562/1/1360 1561/1/1360 1570/1/1360
f 1573/1/1361 1576/1/1361 1566/1/1361 1565/1/1361
f 1575/1/1362 1568/1/1362 1566/1/1362 1576/1/1362
f 1575/1/1363 1574/1/1363 1567/1/1363 1568/1/1363
f 1562/1/1364 1572/1/1364 1571/1/1364 1564/1/1364
f 1569/1/1365 1570/1/1365 1561/1/1365 1563/1/1365
f 1575/1/1366 1576/1/1366 1573/1/1366 1574/1/1366
f 1570/1/1367 1569/1/1367 1571/1/1367 1572/1/1367
f 1567/1/1368 1574/1/1368 1573/1/1368 1565/1/1368
f 1556/1/1369 1554/1/1369 1545/1/1369 1546/1/1369
f 1553/1/1370 1547/1/1370 1545/1/1370 1554/1/1370
f 1559/1/1371 1560/1/1371 1550/1/1371 1552/1/1371
f 1557/1/1372 1549/1/1372 1550/1/1372 1560/1/1372
f 1559/1/1373 1558/1/1373 1557/1/1373 1560/1/1373
f 1559/1/1374 1552/1/1374 1551/1/1374 1558/1/1374
f 1546/1/1375 1548/1/1375 1555/1/1375 1556/1/1375
f 1548/1/1376 1547/1/1376 1553/1/1376 1555/1/1376
f 1554/1/1377 1556/1/1377 1555/1/1377 1553/1/1377
f 1551/1/1378 1549/1/1378 1557/1/1378 1558/1/1378
f 1593/1/1379 1594/1/1379 1596/1/1379 1595/1/1379
f 1597/1/1380 1598/1/1380 1600/1/1380 1599/1/1380
f 1577/1/1381 1579/1/1381 1580/1/1381 1578/1/1381
f 1581/1/1382 1583/1/1382 1584/1/1382 1582/1/1382
f 1596/1/1383 1603/1/1383 1601/1/1383 1595/1/1383
f 1604/1/1384 1594/1/1384 1593/1/1384 1602/1/1384
f 1605/1/1385 1608/1/1385 1598/1/1385 1597/1/1385
f 1607/1/1386 1600/1/1386 1598/1/1386 1608/1/1386
f 1607/1/1387 1606/1/1387 1599/1/1387 1600/1/1387
f 1594/1/1388 1604/1/1388 1603/1/1388 1596/1/1388
f 1601/1/1389 1602/1/1389 1593/1/1389 1595/1/1389
f 1607/1/1390 1608/1/1390 1605/1/1390 1606/1/1390
f 1602/1/1391 1601/1/1391 1603/1/1391 1604/1/1391
f 1599/1/1392 1606/1/1392 1605/1/1392 1597/1/1392
f 1588/1/1393 1586/1/1393 1577/1/1393 1578/1/1393
f 1585/1/1394 1579/1/1394 1577/1/1394 1586/1/1394
f 1591/1/1395 1592/1/1395 1582/1/1395 1584/1/1395
f 1589/1/1396 1581/1/1396 1582/1/1396 1592/1/1396
f 1591/1/1397 1590/1/1397 1589/1/1397 1592/1/1397
f 1591/1/1398 1584/1/1398 1583/1/1398 1590/1/1398
f 1578/1/1399 1580/1/1399 1587/1/1399 1588/1/1399
f 1580/1/1400 1579/1/1400 1585/1/1400 1587/1/1400
f 1586/1/1401 1588/1/1401 1587/1/1401 1585/1/1401
f 1583/1/1402 1581/1/1402 1589/1/1402 1590/1/1402
f 1625/1/1403 1626/1/1403 1628/1/1403 1627/1/1403
f 1629/1/1404 1630/1/1404 1632/1/1404 1631/1/1404
f 1609/1/1405 1611/1/1405 1612/1/1405 1610/1/1405
f 1613/1/1406 1615/1/1406 1616/1/1406 1614/1/1406
f 1628/1/1407 1635/1/1407 1633/1/1407 1627/1/1407
f 1636/1/1408 1626/1/1408 1625/1/1408 1634/1/1408
f 1637/1/1409 1640/1/1409 1630/1/1409 1629/1/1409
f 1639/1/1410 1632/1/1410 1630/1/1410 1640/1/1410
f 1639/1/1411 1638/1/1411 1631/1/1411 1632/1/1411
f 1626/1/1412 1636/1/1412 1635/1/1412 1628/1/1412
f 1633/1/1413 1634/1/1413 1625/1/1413 1627/1/1413
f 1639/1/1414 1640/1/1414 1637/1/1414 1638/1/1414
f 1634/1/1415 1633/1/1415 1635/1/1415 1636/1/1415
f 1631/1/1416 1638/1/1416 1637/1/1416 1629/1/1416
f 1620/1/1417 1618/1/1417 1609/1/1417 1610/1/1417
f 1617/1/1418 1611/1/1418 1609/1/1418 1618/1/1418
f 1623/1/1419 1624/1/1419 1614/1/1419 1616/1/1419
f 1621/1/1420 1613/1/1420 1614/1/1420 1624/1/1420
f 1623/1/1421 1622/1/1421 1621/1/1421 1624/1/1421
f 1623/1/1422 1616/1/1422 1615/1/1422 1622/1/1422
f 1610/1/1423 1612/1/1423 1619/1/1423 1620/1/1423
f 1612/1/1424 1611/1/1424 1617/1/1424 1619/1/1424
f 1618/1/1425 1620/1/1425 1619/1/1425 1617/1/1425
f 1615/1/1426 1613/1/1426 1621/1/1426 1622/1/1426
f 1657/1/1427 1658/1/1427 1660/1/1427 1659/1/1427
f 1661/1/1428 1662/1/1428 1664/1/1428 1663/1/1428
f 1641/1/1429 1643/1/1429 1644/1/1429 1642/1/1429
f 1645/1/1430 1647/1/1430 1648/1/1430 1646/1/1430
f 1660/1/1431 1667/1/1431 1665/1/1431 1659/1/1431
f 1668/1/1432 1658/1/1432 1657/1/1432 1666/1/1432
f 1669/1/1433 1672/1/1433 1662/1/1433 1661/1/1433
f 1671/1/1434 1664/1/1434 1662/1/1434 1672/1/1434
f 1671/1/1435 1670/1/1435 1663/1/1435 1664/1/1435
f 1658/1/1436 1668/1/1436 1667/1/1436 1660/1/1436
f 1665/1/1437 1666/1/1437 1657/1/1437 1659/1/1437
f 1671/1/1438 1672/1/1438 1669/1/1438 1670/1/1438
f 1666/1/1439 1665/1/1439 1667/1/1439 1668/1/1439
f 1663/1/1440 1670/1/1440 1669/1/1440 1661/1/1440
f 1652/1/1441 1650/1/1441 1641/1/1441 1642/1/1441
f 1649/1/1442 1643/1/1442 1641/1/1442 1650/1/1442
f 1655/1/1443 1656/1/1443 1646/1/1443 1648/1/1443
f 1653/1/1444 1645/1/1444 1646/1/1444 1656/1/1444
f 1655/1/1445 1654/1/1445 1653/1/1445 1656/1/1445
f 1655/1/1446 1648/1/1446 1647/1/1446 1654/1/1446
f 1642/1/1447 1644/1/1447 1651/1/1447 1652/1/1447
f 1644/1/1448 1643/1/1448 1649/1/1448 1651/1/1448
f 1650/1/1449 1652/1/1449 1651/1/1449 1649/1/1449
f 1647/1/1450 1645/1/1450 1653/1/1450 1654/1/1450
f 1689/1/1451 1690/1/1451 1692/1/1451 1691/1/1451
f 1693/1/1452 1694/1/1452 1696/1/1452 1695/1/1452
f 1673/1/1453 1675/1/1453 1676/1/1453 1674/1/1453
f 1677/1/1454 1679/1/1454 1680/1/1454 1678/1/1454
f 1692/1/1455 1699/1/1455 1697/1/1455 1691/1/1455
f 1700/1/1456 1690/1/1456 1689/1/1456 1698/1/1456
f 1701/1/1457 1704/1/1457 1694/1/1457 1693/1/1457
f 1703/1/1458 1696/1/1458 1694/1/1458 1704/1/1458
f 1703/1/1459 1702/1/1459 1695/1/1459 1696/1/1459
f 1690/1/1460 1700/1/1460 1699/1/1460 1692/1/1460
f 1697/1/1461 1698/1/1461 1689/1/1461 1691/1/1461
f 1703/1/1462 1704/1/1462 1701/1/1462 1702/1/1462
f 1698/1/1463 1697/1/1463 1699/1/1463 1700/1/1463
f 1695/1/1464 1702/1/1464 1701/1/1464 1693/1/1464
f 1684/1/1465 1682/1/1465 1673/1/1465 1674/1/1465
f 1681/1/1466 1675/1/1466 1673/1/1466 1682/1/1466
f 1687/1/1467 1688/1/1467 1678/1/1467 1680/1/1467
f 1685/1/1468 1677/1/1468 1678/1/1468 1688/1/1468
f 1687/1/1469 1686/1/1469 1685/1/1469 1688/1/1469
f 1687/1/1470 1680/1/1470 1679/1/1470 1686/1/1470
f 1674/1/1471 1676/1/1471 1683/1/1471 1684/1/1471
f 1676/1/1472 1675/1/1472 1681/1/1472 1683/1/1472
f 1682/1/1473 1684/1/1473 1683/1/1473 1681/1/1473
f 1679/1/1474 1677/1/1474 1685/1/1474 1686/1/1474
f 1721/1/1475 1722/1/1475 1724/1/1475 1723/1/1475
f 1725/1/1476 1726/1/1476 1728/1/1476 1727/1/1476
f 1705/1/1477 1707/1/1477 1708/1/1477 1706/1/1477
f 1709/1/1478 1711/1/1478 1712/1/1478 1710/1/1478
f 1724/1/1479 1731/1/1479 1729/1/1479 1723/1/1479
f 1732/1/1480 1722/1/1480 1721/1/1480 1730/1/1480
f 1733/1/1481 1736/1/1481 1726/1/1481 1725/1/1481
f 1735/1/1482 1728/1/1482 1726/1/1482 1736/1/1482
f 1735/1/1483 1734/1/1483 1727/1/1483 1728/1/1483
f 1722/1/1484 1732/1/1484 1731/1/1484 1724/1/1484
f 1729/1/1485 1730/1/1485 1721/1/1485 1723/1/1485
f 1735/1/1486 1736/1/1486 1733/1/1486 1734/1/1486
f 1730/1/1487 1729/1/1487 1731/1/1487 1732/1/1487
f 1727/1/1488 1734/1/1488 1733/1/1488 1725/1/1488
f 1716/1/1489 1714/1/1489 1705/1/1489 1706/1/1489
f 1713/1/1490 1707/1/1490 1705/1/1490 1714/1/1490
f 1719/1/1491 1720/1/1491 1710/1/1491 1712/1/1491
f 1717/1/1492 1709/1/1492 1710/1/1492 1720/1/1492
f 1719/1/1493 1718/1/1493 1717/1/1493 1720/1/1493
f 1719/1/1494 1712/1/1494 1711/1/1494 1718/1/1494
f 1706/1/1495 1708/1/1495 1715/1/1495 1716/1/1495
f 1708/1/1496 1707/1/1496 1713/1/1496 1715/1/1496
f 1714/1/1497 1716/1/1497 1715/1/1497 1713/1/1497
f 1711/1/1498 1709/1/1498 1717/1/1498 1718/1/1498
f 1753/1/1499 1754/1/1499 1756/1/1499 1755/1/1499
f 1757/1/1500 1758/1/1500 1760/1/1500 1759/1/1500
f 1737/1/1501 1739/1/1501 1740/1/1501 1738/1/1501
f 1741/1/1502 1743/1/1502 1744/1/1502 1742/1/1502
f 1756/1/1503 1763/1/1503 1761/1/1503 1755/1/1503
f 1764/1/1504 1754/1/1504 1753/1/1504 1762/1/1504
f 1765/1/1505 1768/1/1505 1758/1/1505 1757/1/1505
f 1767/1/1506 1760/1/1506 1758/1/1506 1768/1/1506
f 1767/1/1507 1766/1/1507 1759/1/1507 1760/1/1507
f 1754/1/1508 1764/1/1508 1763/1/1508 1756/1/1508
f 1761/1/1509 1762/1/1509 1753/1/1509 1755/1/1509
f 1767/1/1510 1768/1/1510 1765/1/1510 1766/1/1510
f 1762/1/1511 1761/1/1511 1763/1/1511 1764/1/1511
f 1759/1/1512 1766/1/1512 1765/1/1512 1757/1/1512
f 1748/1/1513 1746/1/1513 1737/1/1513 1738/1/1513
f 1745/1/1514 1739/1/1514 1737/1/1514 1746/1/1514
f 1751/1/1515 1752/1/1515 1742/1/1515 1744/1/1515
f 1749/1/1516 1741/1/1516 1742/1/1516 1752/1/1516
f 1751/1/1517 1750/1/1517 1749/1/1517 1752/1/1517
f 1751/1/1518 1744/1/1518 1743/1/1518 1750/1/1518
f 1738/1/1519 1740/1/1519 1747/1/1519 1748/1/1519
f 1740/1/1520 1739/1/1520 1745/1/1520 1747/1/1520
f 1746/1/1521 1748/1/1521 1747/1/1521 1745/1/1521
f 1743/1/1522 1741/1/1522 1749/1/1522 1750/1/1522
f 1785/1/1523 1786/1/1523 1788/1/1523 1787/1/1523
f 1789/1/1524 1790/1/1524 1792/1/1524 1791/1/1524
f 1769/1/1525 1771/1/1525 1772/1/1525 1770/1/1525
f 1773/1/1526 1775/1/1526 1776/1/1526 1774/1/1526
f 1788/1/1527 1795/1/1527 1793/1/1527 1787/1/1527
f 1796/1/1528 1786/1/1528 1785/1/1528 1794/1/1528
f 1797/1/1529 1800/1/1529 1790/1/1529 1789/1/1529
f 1799/1/1530 1792/1/1530 1790/1/1530 1800/1/1530
f 1799/1/1531 1798/1/1531 1791/1/1531 1792/1/1531
f 1786/1/1532 1796/1/1532 1795/1/1532 1788/1/1532
f 1793/1/1533 1794/1/1533 1785/1/1533 1787/1/1533
f 1799/1/1534 1800/1/1534 1797/1/1534 1798/1/1534
f 1794/1/1535 1793/1/1535 1795/1/1535 1796/1/1535
f 1791/1/1536 1798/1/1536 1797/1/1536 1789/1/1536
f 1780/1/1537 1778/1/1537 1769/1/1537 1770/1/1537
f 1777/1/1538 1771/1/1538 1769/1/1538 1778/1/1538
f 1783/1/1539 1784/1/1539 1774/1/1539 1776/1/1539
f 1781/1/1540 1773/1/1540 1774/1/1540 1784/1/1540
f 1783/1/1541 1782/1/1541 1781/1/1541 1784/1/1541
f 1783/1/1542 1776/1/1542 1775/1/1542 1782/1/1542
f 1770/1/1543 1772/1/1543 1779/1/1543 1780/1/1543
f 1772/1/1544 1771/1/1544 1777/1/1544 1779/1/1544
f 1778/1/1545 1780/1/1545 1779/1/1545 1777/1/1545
f 1775/1/1546 1773/1/1546 1781/1/1546 1782/1/1546
f 1817/1/1547 1818/1/1547 1820/1/1547 1819/1/1547
f 1821/1/1548 1822/1/1548 1824/1/1548 1823/1/1548
f 1801/1/1549 1803/1/1549 1804/1/1549 1802/1/1549
f 1805/1/1550 1807/1/1550 1808/1/1550 1806/1/1550
f 1820/1/1551 1827/1/1551 1825/1/1551 1819/1/1551
f 1828/1/1552 1818/1/1552 1817/1/1552 1826/1/1552
f 1829/1/1553 1832/1/1553 1822/1/1553 1821/1/1553
f 1831/1/1554 1824/1/1554 1822/1/1554 1832/1/1554
f 1831/1/1555 1830/1/1555 1823/1/1555 1824/1/1555
f 1818/1/1556 1828/1/1556 1827/1/1556 1820/1/1556
f 1825/1/1557 1826/1/1557 1817/1/1557 1819/1/1557
f 1831/1/1558 1832/1/1558 1829/1/1558 1830/1/1558
f 1826/1/1559 1825/1/1559 1827/1/1559 1828/1/1559
f 1823/1/1560 1830/1/1560 1829/1/1560 1821/1/1560
f 1812/1/1561 1810/1/1561 1801/1/1561 1802/1/1561
f 1809/1/1562 1803/1/1562 1801/1/1562 1810/1/1562
f 1815/1/1563 1816/1/1563 1806/1/1563 1808/1/1563
f 1813/1/1564 1805/1/1564 1806/1/1564 1816/1/1564
f 1815/1/1565 1814/1/1565 1813/1/1565 1816/1/1565
f 1815/1/1566 1808/1/1566 1807/1/1566 1814/1/1566
f 1802/1/1567 1804/1/1567 1811/1/1567 1812/1/1567
f 1804/1/1568 1803/1/1568 1809/1/1568 1811/1/1568
f 1810/1/1569 1812/1/1569 1811/1/1569 1809/1/1569
f 1807/1/1570 1805/1/1570 1813/1/1570 1814/1/1570
f 1849/1/1571 1850/1/1571 1852/1/1571 1851/1/1571
f 1853/1/1572 1854/1/1572 1856/1/1572 1855/1/1572
f 1833/1/1573 1835/1/1573 1836/1/1573 1834/1/1573
f 1837/1/1574 1839/1/1574 1840/1/1574 1838/1/1574
f 1852/1/1575 1859/1/1575 1857/1/1575 1851/1/1575
f 1860/1/1576 1850/1/1576 1849/1/1576 1858/1/1576
f 1861/1/1577 1864/1/1577 1854/1/1577 1853/1/1577
f 1863/1/1578 1856/1/1578 1854/1/1578 1864/1/1578
f 1863/1/1579 1862/1/1579 1855/1/1579 1856/1/1579
f 1850/1/1580 1860/1/1580 1859/1/1580 1852/1/1580
f 1857/1/1581 1858/1/1581 1849/1/1581 1851/1/1581
f 1863/1/1582 1864/1/1582 1861/1/1582 1862/1/1582
f 1858/1/1583 1857/1/1583 1859/1/1583 1860/1/1583
f 1855/1/1584 1862/1/1584 1861/1/1584 1853/1/1584
f 1844/1/1585 1842/1/1585 1833/1/1585 1834/1/1585
f 1841/1/1586 1835/1/1586 1833/1/1586 1842/1/1586
f 1847/1/1587 1848/1/1587 1838/1/1587 1840/1/1587
f 1845/1/1588 1837/1/1588 1838/1/1588 1848/1/1588
f 1847/1/1589 1846/1/1589 1845/1/1589 1848/1/1589
f 1847/1/1590 1840/1/1590 1839/1/1590 1846/1/1590
f 1834/1/1591 1836/1/1591 1843/1/1591 1844/1/1591
f 1836/1/1592 1835/1/1592 1841/1/1592 1843/1/1592
f 1842/1/1593 1844/1/1593 1843/1/1593 1841/1/1593
f 1839/1/1594 1837/1/1594 1845/1/1594 1846/1/1594
f 1881/1/1595 1882/1/1595 1884/1/1595 1883/1/1595
f 1885/1/1596 1886/1/1596 1888/1/1596 1887/1/1596
f 1865/1/1597 1867/1/1597 1868/1/1597 1866/1/1597
f 1869/1/1598 1871/1/1598 1872/1/1598 1870/1/1598
f 1884/1/1599 1891/1/1599 1889/1/1599 1883/1/1599
f 1892/1/1600 1882/1/1600 1881/1/1600 1890/1/1600
f 1893/1/1601 1896/1/1601 1886/1/1601 1885/1/1601
f 1895/1/1602 1888/1/1602 1886/1/1602 1896/1/1602
f 1895/1/1603 1894/1/1603 1887/1/1603 1888/1/1603
f 1882/1/1604 1892/1/1604 1891/1/1604 1884/1/1604
f 1889/1/1605 1890/1/1605 1881/1/1605 1883/1/1605
f 1895/1/1606 1896/1/1606 1893/1/1606 1894/1/1606
f 1890/1/1607 1889/1/1607 1891/1/1607 1892/1/1607
f 1887/1/1608 1894/1/1608 1893/1/1608 1885/1/1608
f 1876/1/1609 1874/1/1609 1865/1/1609 1866/1/1609
f 1873/1/1610 1867/1/1610 1865/1/1610 1874/1/1610
f 1879/1/1611 1880/1/1611 1870/1/1611 1872/1/1611
f 1877/1/1612 1869/1/1612 1870/1/1612 1880/1/1612
f 1879/1/1613 1878/1/1613 1877/1/1613 1880/1/1613
f 1879/1/1614 1872/1/1614 1871/1/1614 1878/1/1614
f 1866/1/1615 1868/1/1615 1875/1/1615 1876/1/1615
f 1868/1/1616 1867/1/1616 1873/1/1616 1875/1/1616
f 1874/1/1617 1876/1/1617 1875/1/1617 1873/1/1617
f 1871/1/1618 1869/1/1618 1877/1/1618 1878/1/1618
f 1913/1/1619 1914/1/1619 1916/1/1619 1915/1/1619
f 1917/1/1620 1918/1/1620 1920/1/1620 1919/1/1620
f 1897/1/1621 1899/1/1621 1900/1/1621 1898/1/1621
f 1901/1/1622 1903/1/1622 1904/1/1622 1902/1/1622
f 1916/1/1623 1923/1/1623 1921/1/1623 1915/1/1623
f 1924/1/1624 1914/1/1624 1913/1/1624 1922/1/1624
f 1925/1/1625 1928/1/1625 1918/1/1625 1917/1/1625
f 1927/1/1626 1920/1/1626 1918/1/1626 1928/1/1626
f 1927/1/1627 1926/1/1627 1919/1/1627 1920/1/1627
f 1914/1/1628 1924/1/1628 1923/1/1628 1916/1/1628
f 1921/1/1629 1922/1/1629 1913/1/1629 1915/1/1629
f 1927/1/1630 1928/1/1630 1925/1/1630 1926/1/1630
f 1922/1/1631 1921/1/1631 1923/1/1631 1924/1/1631
f 1919/1/1632 1926/1/1632 1925/1/1632 1917/1/1632
f 1908/1/1633 1906/1/1633 1897/1/1633 1898/1/1633
f 1905/1/1634 1899/1/1634 1897/1/1634 1906/1/1634
f 1911/1/1635 1912/1/1635 1902/1/1635 1904/1/1635
f 1909/1/1636 1901/1/1636 1902/1/1636 1912/1/1636
f 1911/1/1637 1910/1/1637 1909/1/1637 1912/1/1637
f 1911/1/1638 1904/1/1638 1903/1/1638 1910/1/1638
f 1898/1/1639 1900/1/1639 1907/1/1639 1908/1/1639
f 1900/1/1640 1899/1/1640 1905/1/1640 1907/1/1640
f 1906/1/1641 1908/1/1641 1907/1/1641 1905/1/1641
f 1903/1/1642 1901/1/1642 1909/1/1642 1910/1/1642
f 1945/1/1643 1946/1/1643 1948/1/1643 1947/1/1643
f 1949/1/1644 1950/1/1644 1952/1/1644 1951/1/1644
f 1929/1/1645 1931/1/1645 1932/1/1645 1930/1/1645
f 1933/1/1646 1935/1/1646 1936/1/1646 1934/1/1646
f 1948/1/1647 1955/1/1647 1953/1/1647 1947/1/1647
f 1956/1/1648 1946/1/1648 1945/1/1648 1954/1/1648
f 1957/1/1649 1960/1/1649 1950/1/1649 1949/1/1649
f 1959/1/1650 1952/1/1650 1950/1/1650 1960/1/1650
f 1959/1/1651 1958/1/1651 1951/1/1651 1952/1/1651
f 1946/1/1652 1956/1/1652 1955/1/1652 1948/1/1652
f 1953/1/1653 1954/1/1653 1945/1/1653 1947/1/1653
f 1959/1/1654 1960/1/1654 1957/1/1654 1958/1/1654
f 1954/1/1655 1953/1/1655 1955/1/1655 1956/1/1655
f 1951/1/1656 1958/1/1656 1957/1/1656 1949/1/1656
f 1940/1/1657 1938/1/1657 1929/1/1657 1930/1/1657
f 1937/1/1658 1931/1/1658 1929/1/1658 1938/1/1658
f 1943/1/1659 1944/1/1659 1934/1/1659 1936/1/1659
f 1941/1/1660 1933/1/1660 1934/1/1660 1944/1/1660
f 1943/1/1661 1942/1/1661 1941/1/1661 1944/1/1661
f 1943/1/1662 1936/1/1662 1935/1/1662 1942/1/1662
f 1930/1/1663 1932/1/1663 1939/1/1663 1940/1/1663
f 1932/1/1664 1931/1/1664 1937/1/1664 1939/1/1664
f 1938/1/1665 1940/1/1665 1939/1/1665 1937/1/1665
f 1935/1/1666 1933/1/1666 1941/1/1666 1942/1/1666
f 1977/1/1667 1978/1/1667 1980/1/1667 1979/1/1667
f 1981/1/1668 1982/1/1668 1984/1/1668 1983/1/1668
f 1961/1/1669 1963/1/1669 1964/1/1669 1962/1/1669
f 1965/1/1670 1967/1/1670 1968/1/1670 1966/1/1670
f 1980/1/1671 1987/1/1671 1985/1/1671 1979/1/1671
f 1988/1/1672 1978/1/1672 1977/1/1672 1986/1/1672
f 1989/1/1673 1992/1/1673 1982/1/1673 1981/1/1673
f 1991/1/1674 1984/1/1674 1982/1/1674 1992/1/1674
f 1991/1/1675 1990/1/1675 1983/1/1675 1984/1/1675
f 1978/1/1676 1988/1/1676 1987/1/1676 1980/1/1676
f 1985/1/1677 1986/1/1677 1977/1/1677 1979/1/1677
f 1991/1/1678 1992/1/1678 1989/1/1678 1990/1/1678
f 1986/1/1679 1985/1/1679 1987/1/1679 1988/1/1679
f 1983/1/1680 1990/1/1680 1989/1/1680 1981/1/1680
f 1972/1/1681 1970/1/1681 1961/1/1681 1962/1/1681
f 1969/1/1682 1963/1/1682 1961/1/1682 1970/1/1682
f 1975/1/1683 1976/1/1683 1966/1/1683 1968/1/1683
f 1973/1/1684 1965/1/1684 1966/1/1684 1976/1/1684
f 1975/1/1685 1974/1/1685 1973/1/1685 1976/1/1685
f 1975/1/1686 1968/1/1686 1967/1/1686 1974/1/1686
f 1962/1/1687 1964/1/1687 1971/1/1687 1972/1/1687
f 1964/1/1688 1963/1/1688 1969/1/1688 1971/1/1688
f 1970/1/1689 1972/1/1689 1971/1/1689 1969/1/1689
f 1967/1/1690 1965/1/1690 1973/1/1690 1974/1/1690
f 2009/1/1691 2010/1/1691 2012/1/1691 2011/1/1691
f 2013/1/1692 2014/1/1692 2016/1/1692 2015/1/1692
f 1993/1/1693 1995/1/1693 1996/1/1693 1994/1/1693
f 1997/1/1694 1999/1/1694 2000/1/1694 1998/1/1694
f 2012/1/1695 2019/1/1695 2017/1/1695 2011/1/1695
f 2020/1/1696 2010/1/1696 2009/1/1696 2018/1/1696
f 2021/1/1697 2024/1/1697 2014/1/1697 2013/1/1697
f 2023/1/1698 2016/1/1698 2014/1/1698 2024/1/1698
f 2023/1/1699 2022/1/1699 2015/1/1699 2016/1/1699
f 2010/1/1700 2020/1/1700 2019/1/1700 2012/1/1700
f 2017/1/1701 2018/1/1701 2009/1/1701 2011/1/1701
f 2023/1/1702 2024/1/1702 2021/1/1702 2022/1/1702
f 2018/1/1703 2017/1/1703 2019/1/1703 2020/1/1703
f 2015/1/1704 2022/1/1704 2021/1/1704 2013/1/1704
f 2004/1/1705 2002/1/1705 1993/1/1705 1994/1/1705
f 2001/1/1706 1995/1/1706 1993/1/1706 2002/1/1706
f 2007/1/1707 2008/1/1707 1998/1/1707 2000/1/1707
f 2005/1/1708 1997/1/1708 1998/1/1708 2008/1/1708
f 2007/1/1709 2006/1/1709 2005/1/1709 2008/1/1709
f 2007/1/1710 2000/1/1710 1999/1/1710 2006/1/1710
f 1994/1/1711 1996/1/1711 2003/1/1711 2004/1/1711
f 1996/1/1712 1995/1/1712 2001/1/1712 2003/1/1712
f 2002/1/1713 2004/1/1713 2003/1/1713 2001/1/1713
f 1999/1/1714 1997/1/1714 2005/1/1714 2006/1/1714
f 2041/1/1715 2042/1/1715 2044/1/1715 2043/1/1715
f 2045/1/1716 2046/1/1716 2048/1/1716 2047/1/1716
f 2025/1/1717 2027/1/1717 2028/1/1717 2026/1/1717
f 2029/1/1718 2031/1/1718 2032/1/1718 2030/1/1718
f 2044/1/1719 2051/1/1719 2049/1/1719 2043/1/1719
f 2052/1/1720 2042/1/1720 2041/1/1720 2050/1/1720
f 2053/1/1721 2056/1/1721 2046/1/1721 2045/1/1721
f 2055/1/1722 2048/1/1722 2046/1/1722 2056/1/1722
f 2055/1/1723 2054/1/1723 2047/1/1723 2048/1/1723
f 2042/1/1724 2052/1/1724 2051/1/1724 2044/1/1724
f 2049/1/1725 2050/1/1725 2041/1/1725 2043/1/1725
f 2055/1/1726 2056/1/1726 2053/1/1726 2054/1/1726
f 2050/1/1727 2049/1/1727 2051/1/1727 2052/1/1727
f 2047/1/1728 2054/1/1728 2053/1/1728 2045/1/1728
f 2036/1/1729 2034/1/1729 2025/1/1729 2026/1/1729
f 2033/1/1730 2027/1/1730 2025/1/1730 2034/1/1730
f 2039/1/1731 2040/1/1731 2030/1/1731 2032/1/1731
f 2037/1/1732 2029/1/1732 2030/1/1732 2040/1/1732
f 2039/1/1733 2038/1/1733 2037/1/1733 2040/1/1733
f 2039/1/1734 2032/1/1734 2031/1/1734 2038/1/1734
f 2026/1/1735 2028/1/1735 2035/1/1735 2036/1/1735
f 2028/1/1736 2027/1/1736 2033/1/1736 2035/1/1736
f 2034/1/1737 2036/1/1737 2035/1/1737 2033/1/1737
f 2031/1/1738 2029/1/1738 2037/1/1738 2038/1/1738
f 2073/1/1739 2074/1/1739 2076/1/1739 2075/1/1739
f 2077/1/1740 2078/1/1740 2080/1/1740 2079/1/1740
f 2057/1/1741 2059/1/1741 2060/1/1741 2058/1/1741
f 2061/1/1742 2063/1/1742 2064/1/1742 2062/1/1742
f 2076/1/1743 2083/1/1743 2081/1/1743 2075/1/1743
f 2084/1/1744 2074/1/1744 2073/1/1744 2082/1/1744
f 2085/1/1745 2088/1/1745 2078/1/1745 2077/1/1745
f 2087/1/1746 2080/1/1746 2078/1/1746 2088/1/1746
f 2087/1/1747 2086/1/1747 2079/1/1747 2080/1/1747
f 2074/1/1748 2084/1/1748 2083/1/1748 2076/1/1748
f 2081/1/1749 2082/1/1749 2073/1/1749 2075/1/1749
f 2087/1/1750 2088/1/1750 2085/1/1750 2086/1/1750
f 2082/1/1751 2081/1/1751 2083/1/1751 2084/1/1751
f 2079/1/1752 2086/1/1752 2085/1/1752 2077/1/1752
f 2068/1/1753 2066/1/1753 2057/1/1753 2058/1/1753
f 2065/1/1754 2059/1/1754 2057/1/1754 2066/1/1754
f 2071/1/1755 2072/1/1755 2062/1/1755 2064/1/1755
f 2069/1/1756 2061/1/1756 2062/1/1756 2072/1/1756
f 2071/1/1757 2070/1/1757 2069/1/1757 2072/1/1757
f 2071/1/1758 2064/1/1758 2063/1/1758 2070/1/1758
f 2058/1/1759 2060/1/1759 2067/1/1759 2068/1/1759
f 2060/1/1760 2059/1/1760 2065/1/1760 2067/1/1760
f 2066/1/1761 2068/1/1761 2067/1/1761 2065/1/1761
f 2063/1/1762 2061/1/1762 2069/1/1762 2070/1/1762
f 2105/1/1763 2106/1/1763 2108/1/1763 2107/1/1763
f 2109/1/1764 2110/1/1764 2112/1/1764 2111/1/1764
f 2089/1/1765 2091/1/1765 2092/1/1765 2090/1/1765
f 2093/1/1766 2095/1/1766 2096/1/1766 2094/1/1766
f 2108/1/1767 2115/1/1767 2113/1/1767 2107/1/1767
f 2116/1/1768 2106/1/1768 2105/1/1768 2114/1/1768
f 2117/1/1769 2120/1/1769 2110/1/1769 2109/1/1769
f 2119/1/1770 2112/1/1770 2110/1/1770 2120/1/1770
f 2119/1/1771 2118/1/1771 2111/1/1771 2112/1/1771
f 2106/1/1772 2116/1/1772 2115/1/1772 2108/1/1772
f 2113/1/1773 2114/1/1773 2105/1/1773 2107/1/1773
f 2119/1/1774 2120/1/1774 2117/1/1774 2118/1/1774
f 2114/1/1775 2113/1/1775 2115/1/1775 2116/1/1775
f 2111/1/1776 2118/1/1776 2117/1/1776 2109/1/1776
f 2100/1/1777 2098/1/1777 2089/1/1777 2090/1/1777
f 2097/1/1778 2091/1/1778 2089/1/1778 2098/1/1778
f 2103/1/1779 2104/1/1779 2094/1/1779 2096/1/1779
f 2101/1/1780 2093/1/1780 2094/1/1780 2104/1/1780
f 2103/1/1781 2102/1/1781 2101/1/1781 2104/1/1781
f 2103/1/1782 2096/1/1782 2095/1/1782 2102/1/1782
f 2090/1/1783 2092/1/1783 2099/1/1783 2100/1/1783
f 2092/1/1784 2091/1/1784 2097/1/1784 2099/1/1784
f 2098/1/1785 2100/1/1785 2099/1/1785 2097/1/1785
f 2095/1/1786 2093/1/1786 2101/1/1786 2102/1/1786
f 2137/1/1787 2138/1/1787 2140/1/1787 2139/1/1787
f 2141/1/1788 2142/1/1788 2144/1/1788 2143/1/1788
f 2121/1/1789 2123/1/1789 2124/1/1789 2122/1/1789
f 2125/1/1790 2127/1/1790 2128/1/1790 2126/1/1790
f 2140/1/1791 2147/1/1791 2145/1/1791 2139/1/1791
f 2148/1/1792 2138/1/1792 2137/1/1792 2146/1/1792
f 2149/1/1793 2152/1/1793 2142/1/1793 2141/1/1793
f 2151/1/1794 2144/1/1794 2142/1/1794 2152/1/1794
f 2151/1/1795 2150/1/1795 2143/1/1795 2144/1/1795
f 2138/1/1796 2148/1/1796 2147/1/1796 2140/1/1796
f 2145/1/1797 2146/1/1797 2137/1/1797 2139/1/1797
f 2151/1/1798 2152/1/1798 2149/1/1798 2150/1/1798
f 2146/1/1799 2145/1/1799 2147/1/1799 2148/1/1799
f 2143/1/1800 2150/1/1800 2149/1/1800 2141/1/1800
f 2132/1/1801 2130/1/1801 2121/1/1801 2122/1/1801
f 2129/1/1802 2123/1/1802 2121/1/1802 2130/1/1802
f 2135/1/1803 2136/1/1803 2126/1/1803 2128/1/1803
f 2133/1/1804 2125/1/1804 2126/1/1804 2136/1/1804
f 2135/1/1805 2134/1/1805 2133/1/1805 2136/1/1805
f 2135/1/1806 2128/1/1806 2127/1/1806 2134/1/1806
f 2122/1/1807 2124/1/1807 2131/1/1807 2132/1/1807
f 2124/1/1808 2123/1/1808 2129/1/1808 2131/1/1808
f 2130/1/1809 2132/1/1809 2131/1/1809 2129/1/1809
f 2127/1/1810 2125/1/1810 2133/1/1810 2134/1/1810
f 2169/1/1811 2170/1/1811 2172/1/1811 2171/1/1811
f 2173/1/1812 2174/1/1812 2176/1/1812 2175/1/1812
f 2153/1/1813 2155/1/1813 2156/1/1813 2154/1/1813
f 2157/1/1814 2159/1/1814 2160/1/1814 2158/1/1814
f 2172/1/1815 2179/1/1815 2177/1/1815 2171/1/1815
f 2180/1/1816 2170/1/1816 2169/1/1816 2178/1/1816
f 2181/1/1817 2184/1/1817 2174/1/1817 2173/1/1817
f 2183/1/1818 2176/1/1818 2174/1/1818 2184/1/1818
f 2183/1/1819 2182/1/1819 2175/1/1819 2176/1/1819
f 2170/1/1820 2180/1/1820 2179/1/1820 2172/1/1820
f 2177/1/1821 2178/1/1821 2169/1/1821 2171/1/1821
f 2183/1/1822 2184/1/1822 2181/1/1822 2182/1/1822
f 2178/1/1823 2177/1/1823 2179/1/1823 2180/1/1823
f 2175/1/1824 2182/1/1824 2181/1/1824 2173/1/1824
f 2164/1/1825 2162/1/1825 2153/1/1825 2154/1/1825
f 2161/1/1826 2155/1/1826 2153/1/1826 2162/1/1826
f 2167/1/1827 2168/1/1827 2158/1/1827 2160/1/1827
f 2165/1/1828 2157/1/1828 2158/1/1828 2168/1/1828
f 2167/1/1829 2166/1/1829 2165/1/1829 2168/1/1829
f 2167/1/1830 2160/1/1830 2159/1/1830 2166/1/1830
f 2154/1/1831 2156/1/1831 2163/1/1831 2164/1/1831
f 2156/1/1832 2155/1/1832 2161/1/1832 2163/1/1832
f 2162/1/1833 2164/1/1833 2163/1/1833 2161/1/1833
f 2159/1/1834 2157/1/1834 2165/1/1834 2166/1/1834
