# Blender 4.1.1
# www.blender.org
mtllib tire2.mtl
o tire_base_Sphere.005
v 0.131913 -0.053322 -0.995413
v 0.226221 0.032795 -0.980474
v 0.013181 -0.057898 -1.000060
v -0.100087 0.008144 -0.991503
v -0.008860 0.015052 -0.999111
v -0.144318 -0.098442 -0.982931
v -0.222811 0.030024 -0.967697
v -0.228611 -0.184379 -0.954750
v -0.275374 -0.131739 -0.939990
v 0.123001 -0.202945 -0.981136
v 0.013182 -0.189170 -0.986836
v 0.223566 -0.304094 -0.942901
v -0.008694 -0.249382 -0.974363
v 0.145890 -0.348043 -0.940305
v 0.013172 -0.345464 -0.948258
v -0.135915 -0.251214 -0.960364
v -0.275892 -0.276651 -0.912115
v -0.228833 -0.367641 -0.902816
v -0.274133 -0.400491 -0.870061
v 0.096414 -0.440850 -0.906953
v 0.216096 -0.508181 -0.857548
v 0.013193 -0.524392 -0.867456
v -0.008696 -0.493829 -0.882768
v -0.219384 -0.503007 -0.843361
v -0.275215 -0.588033 -0.761924
v 0.122468 -0.556665 -0.841953
v -0.100110 -0.653026 -0.766912
v -0.218293 -0.637670 -0.750647
v 0.214100 -0.667771 -0.745169
v 0.096414 -0.657039 -0.771882
v 0.013182 -0.686245 -0.750941
v -0.008719 -0.705210 -0.731703
v 0.135827 -0.772732 -0.656998
v -0.124075 -0.739758 -0.681978
v 0.013182 -0.798742 -0.632754
v -0.221430 -0.760944 -0.629880
v -0.100000 -0.829460 -0.578748
v 0.099139 -0.870031 -0.529205
v 0.013171 -0.890811 -0.500702
v -0.008731 -0.872512 -0.528659
v -0.227680 -0.846988 -0.505973
v -0.274888 -0.863643 -0.441853
v 0.217357 -0.868579 -0.504729
v -0.137808 -0.860870 -0.522189
v 0.119289 -0.942012 -0.389918
v -0.131533 -0.923294 -0.408119
v 0.226083 -0.942116 -0.345713
v 0.013190 -0.960150 -0.352511
v -0.008662 -0.952195 -0.372965
v 0.135921 -0.978369 -0.282346
v -0.224602 -0.932868 -0.335831
v -0.275554 -0.949297 -0.204254
v 0.228252 -0.987035 -0.187109
v 0.013172 -1.005731 -0.195371
v -0.035235 -0.990351 -0.257548
v -0.215903 -0.975868 -0.190111
v -0.035269 -1.031750 -0.200630
v -0.116854 -0.997223 -0.180792
v 0.129057 -1.007382 -0.156817
v -0.034458 -1.012894 -0.130245
v 0.223628 -1.004901 -0.032130
v 0.126226 -1.019547 -0.029715
v 0.013374 -1.024954 -0.005671
v -0.227692 -0.990892 0.001774
v -0.275303 -0.970429 0.062846
v -0.141962 -1.009109 -0.027498
v -0.129449 -1.007120 0.093878
v 0.271590 -0.987555 0.106492
v 0.138775 -1.012368 0.117139
v 0.013206 -1.006670 0.190557
v -0.008748 -1.002622 0.209759
v -0.228353 -0.976728 0.159002
v 0.229418 -0.962203 0.289806
v 0.119513 -0.983792 0.270578
v -0.144199 -0.981785 0.230128
v -0.229057 -0.928883 0.341869
v -0.132288 -0.947988 0.347729
v 0.013234 -0.948793 0.383709
v 0.134542 -0.930495 0.410921
v -0.008928 -0.914102 0.457283
v 0.223627 -0.889486 0.462854
v 0.125844 -0.854421 0.551684
v 0.013195 -0.855049 0.558187
v -0.139201 -0.889093 0.472580
v -0.228489 -0.829604 0.534525
v -0.125398 -0.835269 0.564281
v 0.226251 -0.820917 0.571948
v -0.008825 -0.773974 0.662196
v -0.220092 -0.755229 0.636947
v -0.274738 -0.715402 0.649945
v 0.219966 -0.725716 0.689417
v 0.096417 -0.752365 0.682603
v 0.013314 -0.730038 0.709508
v -0.126832 -0.699404 0.721422
v 0.126128 -0.664086 0.763132
v 0.208672 -0.594305 0.803418
v 0.013210 -0.606666 0.813279
v -0.009218 -0.622497 0.801709
v -0.218197 -0.627579 0.758895
v -0.275139 -0.509534 0.814757
v -0.215265 -0.536446 0.824043
v 0.227274 -0.488799 0.863555
v 0.122259 -0.544310 0.850226
v 0.013220 -0.465512 0.898565
v 0.126227 -0.432150 0.908802
v -0.123865 -0.440575 0.896628
v -0.228387 -0.427695 0.877713
v 0.226084 -0.369285 0.918548
v -0.008706 -0.344262 0.948138
v -0.275620 -0.328121 0.895612
v 0.131684 -0.310152 0.953948
v 0.013215 -0.315358 0.957054
v -0.228590 -0.306870 0.923796
v -0.127189 -0.247958 0.962661
v -0.274605 -0.171843 0.936937
v 0.229423 -0.178793 0.970014
v 0.132555 -0.150865 0.988506
v 0.013270 -0.186503 0.987229
v -0.008908 -0.100057 0.998151
v -0.099891 -0.123063 0.986887
v -0.220484 -0.149107 0.961554
v 0.013549 -0.020961 1.001259
v -0.214651 -0.049714 0.970665
v -0.129704 0.003046 0.987531
v -0.275830 0.058193 0.943911
v 0.224905 0.005125 0.981047
v 0.129212 0.041566 0.994991
v -0.009147 0.087160 0.993457
v -0.131512 0.108941 0.979190
v -0.228001 0.110526 0.957871
v 0.226054 0.136082 0.968391
v 0.013656 0.142464 0.986469
v 0.126224 0.199868 0.971049
v -0.009160 0.207588 0.972699
v -0.129120 0.260576 0.946549
v -0.227038 0.260315 0.923980
v -0.275237 0.278925 0.897650
v 0.226335 0.331239 0.917038
v 0.013667 0.269795 0.956360
v 0.123596 0.314587 0.937486
v 0.132309 0.428768 0.887820
v 0.013645 0.419064 0.897927
v -0.100267 0.383471 0.904688
v -0.230339 0.428313 0.855426
v -0.275543 0.426122 0.832198
v 0.226515 0.556333 0.794048
v -0.009117 0.491867 0.856203
v -0.140384 0.449475 0.865409
v 0.131911 0.554194 0.811130
v 0.013304 0.561027 0.812055
v -0.132340 0.578070 0.784074
v -0.275343 0.556760 0.747837
v -0.009130 0.648758 0.741696
v -0.227912 0.589625 0.747177
v 0.129195 0.677599 0.708934
v 0.013471 0.661589 0.728936
v -0.134696 0.695212 0.676898
v -0.230339 0.727260 0.610088
v -0.275055 0.688522 0.624795
v 0.226081 0.696480 0.666630
v 0.013561 0.772795 0.606880
v 0.271650 0.763984 0.564768
v 0.131679 0.784522 0.582352
v -0.129568 0.781179 0.573493
v -0.275196 0.812801 0.445682
v 0.226350 0.853802 0.441212
v 0.131084 0.850870 0.476806
v 0.013537 0.876295 0.439045
v -0.134679 0.848607 0.462405
v -0.227973 0.843724 0.428308
v 0.127411 0.900676 0.374084
v -0.009130 0.929530 0.306164
v -0.152390 0.896954 0.346984
v 0.227178 0.914534 0.287265
v 0.013664 0.934624 0.287313
v -0.225803 0.918855 0.225264
v -0.275270 0.890614 0.247981
v 0.126224 0.946160 0.229089
v -0.140524 0.922836 0.276989
v 0.013657 0.969532 0.127352
v -0.121941 0.950266 0.172681
v 0.226255 0.950123 0.128499
v 0.131687 0.967432 0.100297
v -0.275411 0.924440 0.017608
v -0.009153 0.974849 0.064923
v -0.126235 0.964555 0.032165
v -0.227628 0.942560 0.032218
v 0.214103 0.959780 -0.057451
v 0.096417 0.974440 -0.032663
v 0.013351 0.975508 -0.065674
v -0.009110 0.969292 -0.113580
v -0.125538 0.960972 -0.090396
v -0.226667 0.934944 -0.131623
v 0.124054 0.960634 -0.157854
v -0.275012 0.897108 -0.228262
v 0.216096 0.930186 -0.246159
v 0.013645 0.951622 -0.222881
v -0.132527 0.930768 -0.255176
v -0.229063 0.900890 -0.280016
v 0.132258 0.918215 -0.324976
v 0.013158 0.914368 -0.348622
v 0.213964 0.855508 -0.444341
v 0.096412 0.883389 -0.417275
v -0.100307 0.879890 -0.409748
v -0.221865 0.851994 -0.415862
v 0.013304 0.859673 -0.469802
v -0.009052 0.858652 -0.470683
v -0.139281 0.791292 -0.556086
v -0.227853 0.762217 -0.562886
v -0.275137 0.718522 -0.589213
v 0.228255 0.774910 -0.569513
v 0.122469 0.818377 -0.533109
v 0.013306 0.788252 -0.584857
v 0.129069 0.750022 -0.627720
v -0.100080 0.742743 -0.629875
v -0.220398 0.708926 -0.636072
v 0.220617 0.668957 -0.698388
v 0.013631 0.704383 -0.686133
v -0.008821 0.694162 -0.697104
v -0.275243 0.577962 -0.732379
v -0.127396 0.661128 -0.712842
v -0.205861 0.596023 -0.750465
v 0.116215 0.630964 -0.753677
v 0.013172 0.585372 -0.795110
v 0.272028 0.541626 -0.788325
v -0.008929 0.530599 -0.833272
v -0.138342 0.556367 -0.798209
v 0.131918 0.504711 -0.844189
v 0.219899 0.409941 -0.882637
v 0.013220 0.444492 -0.884314
v -0.218238 0.481893 -0.827966
v 0.096414 0.393707 -0.906957
v -0.128059 0.358801 -0.912014
v -0.228282 0.376009 -0.880031
v 0.130427 0.293027 -0.944742
v 0.013350 0.327046 -0.936959
v -0.008715 0.385483 -0.912267
v -0.008838 0.266058 -0.957144
v -0.226488 0.222257 -0.935828
v 0.218158 0.225203 -0.952496
v 0.013195 0.200475 -0.975132
v -0.126691 0.213764 -0.959465
v -0.275933 0.150302 -0.930089
v 0.116029 0.098853 -0.990564
v 0.013315 0.071091 -0.995893
v -0.008712 0.134597 -0.987200
v -0.150883 0.155883 -0.967537
v -0.274265 0.022074 -0.946773
v -0.291630 -0.551533 -0.651662
v -0.279677 -0.488240 -0.556143
v 0.091557 -0.122766 -0.955389
v 0.156838 -0.177771 -0.934017
v 0.154825 0.009176 -0.945122
v 0.004799 -0.055018 -0.960143
v -0.092834 -0.081329 -0.951497
v -0.155237 -0.054195 -0.934948
v -0.224648 -0.162724 -0.873876
v -0.003710 -0.213620 -0.942382
v -0.155260 -0.213693 -0.916566
v 0.271839 -0.125423 -0.964043
v -0.291589 -0.346533 0.765728
v 0.264847 0.487870 -0.666844
v 0.254126 0.410571 -0.593525
v -0.094386 -0.234414 -0.928612
v 0.292268 0.555419 -0.618676
v 0.280592 0.421945 -0.580604
v 0.093769 -0.301921 -0.917144
v -0.223754 -0.336171 -0.826743
v -0.155257 -0.381679 -0.864566
v -0.291532 -0.127595 -0.825462
v 0.155223 -0.384320 -0.874818
v -0.003251 -0.364408 -0.897800
v -0.096181 -0.384978 -0.881730
v 0.272800 -0.506797 -0.837866
v 0.095437 -0.443751 -0.861957
v 0.002711 -0.501848 -0.833939
v -0.224040 -0.498045 -0.747459
v 0.292227 0.275912 0.786972
v 0.280340 0.263626 0.675302
v 0.154583 -0.551739 -0.785677
v -0.094488 -0.552871 -0.792642
v -0.155308 -0.562393 -0.766843
v -0.253430 -0.737307 -0.124860
v 0.093791 -0.601280 -0.765777
v -0.000503 -0.633015 -0.742607
v -0.264288 -0.843607 -0.127350
v 0.155158 -0.698131 -0.663604
v -0.224028 -0.669482 -0.604953
v 0.271990 -0.762784 -0.626909
v -0.291545 0.194473 -0.798677
v -0.279676 0.046838 -0.714868
v 0.093788 -0.739564 -0.638368
v -0.070187 -0.688574 -0.688286
v -0.155264 -0.727591 -0.617406
v -0.291509 -0.708998 0.484907
v -0.279560 -0.690565 0.276283
v 0.002041 -0.767770 -0.607496
v -0.094580 -0.794027 -0.562995
v 0.274494 -0.847347 -0.504137
v 0.264769 0.271470 -0.784667
v 0.154423 -0.831271 -0.495534
v 0.093752 -0.837614 -0.506213
v -0.003801 -0.857312 -0.478193
v -0.155297 -0.849777 -0.441610
v -0.224210 -0.772144 -0.469004
v 0.292269 0.777668 0.280985
v 0.280381 0.640800 0.301018
v 0.272800 -0.917340 -0.369735
v 0.093856 -0.922065 -0.338164
v -0.095341 -0.889882 -0.395149
v -0.223510 -0.850451 -0.317510
v -0.291573 0.712136 -0.383703
v -0.279813 0.524707 -0.471563
v 0.155269 -0.930705 -0.273402
v -0.000512 -0.922514 -0.338356
v -0.092746 -0.945488 -0.243667
v -0.155237 -0.918738 -0.271558
v 0.274648 -0.967634 -0.208237
v 0.254090 0.102930 -0.720643
v -0.002430 -0.957040 -0.225792
v -0.156173 -0.956030 -0.087801
v -0.224210 -0.894637 -0.146859
v -0.291582 0.262933 0.778150
v -0.279635 0.259275 0.665070
v 0.081801 -0.969913 -0.162502
v 0.155769 -0.967948 -0.057785
v -0.087109 -0.976063 -0.065961
v 0.092791 -0.981619 -0.033604
v -0.224068 -0.907821 -0.002403
v 0.280460 -0.742772 -0.124493
v 0.014476 -0.984603 -0.004347
v -0.154898 -0.954788 0.088047
v -0.082447 -0.973169 0.099724
v 0.155157 -0.961450 0.123489
v 0.084390 -0.975894 0.124035
v -0.223753 -0.895412 0.145327
v 0.292329 -0.644245 -0.576533
v 0.280603 -0.488816 -0.566901
v 0.264892 0.031402 -0.838522
v 0.094706 -0.956037 0.220689
v -0.084012 -0.952617 0.218946
v -0.155308 -0.922920 0.263728
v -0.274872 -0.929569 0.276446
v -0.279808 -0.071435 0.722176
v 0.155142 -0.929858 0.269231
v -0.223619 -0.859491 0.289329
v 0.086896 -0.913174 0.361698
v -0.000550 -0.942747 0.278746
v -0.083408 -0.904128 0.369688
v 0.155163 -0.872529 0.418669
v -0.093449 -0.862597 0.450954
v -0.155258 -0.838049 0.461381
v -0.224069 -0.788152 0.444210
v 0.292294 0.547366 0.618985
v 0.280525 0.515874 0.495761
v 0.092056 -0.819640 0.535899
v 0.000639 -0.853894 0.483446
v 0.273052 -0.743623 0.646174
v -0.291572 -0.789121 -0.317104
v -0.279746 -0.671882 -0.313100
v 0.155159 -0.769540 0.582182
v -0.094547 -0.760890 0.605115
v 0.001901 -0.798648 0.567261
v -0.155264 -0.727595 0.617407
v -0.224602 -0.671332 0.602345
v -0.264406 -0.728652 -0.438444
v -0.005284 -0.727755 0.652928
v 0.084220 -0.692392 0.689370
v 0.292283 0.798987 -0.211122
v 0.280604 0.709992 0.048084
v 0.155188 -0.624351 0.732057
v -0.084020 -0.630846 0.736397
v -0.155237 -0.612692 0.726404
v -0.253559 -0.592616 -0.446080
v 0.093877 -0.538281 0.810870
v -0.223968 -0.542350 0.715191
v 0.274283 -0.531645 0.821650
v 0.292300 0.116594 -0.837797
v 0.280265 0.166155 -0.708081
v 0.006238 -0.571605 0.788821
v -0.094574 -0.481182 0.837357
v -0.154669 -0.487288 0.813354
v -0.000512 -0.471632 0.849591
v -0.223991 -0.421159 0.789868
v 0.272774 -0.400779 0.890973
v 0.155196 -0.422568 0.859307
v 0.280460 0.573011 -0.420528
v 0.093752 -0.361236 0.897165
v -0.003248 -0.359276 0.899736
v -0.155284 -0.352071 0.875701
v 0.272908 -0.189238 0.954417
v 0.292242 -0.298671 -0.798018
v 0.280382 -0.184351 -0.718084
v -0.095341 -0.302264 0.910481
v -0.223600 -0.254530 0.854215
v -0.002429 -0.249365 0.933473
v -0.156529 -0.206059 0.917471
v -0.279813 0.524705 0.471568
v 0.093858 -0.179961 0.947205
v 0.155163 -0.208236 0.928394
v -0.004755 -0.147757 0.952907
v -0.092838 -0.152553 0.944487
v -0.291534 0.806224 -0.050370
v -0.279561 0.698382 0.000002
v -0.224602 -0.055682 0.883960
v 0.155997 0.011458 0.946206
v 0.007391 -0.048659 0.960086
v -0.154637 -0.020937 0.936575
v 0.274402 0.005629 0.965667
v -0.094448 0.030977 0.951518
v 0.292259 -0.405667 0.748822
v 0.280524 -0.489081 0.566420
v 0.093749 0.002255 0.958068
v -0.008071 0.062231 0.956383
v 0.274373 0.208863 0.939706
v -0.279898 -0.187581 -0.703389
v 0.087475 0.149743 0.944358
v -0.155259 0.166561 0.916570
v -0.223969 0.120392 0.871904
v 0.292282 -0.078849 0.843348
v 0.280592 -0.023569 0.731838
v 0.154826 0.192898 0.920584
v -0.094577 0.244945 0.915683
v -0.223510 0.293945 0.826884
v -0.018956 0.226549 0.926897
v 0.084612 0.314567 0.898437
v -0.155237 0.310931 0.873405
v 0.292220 -0.849859 0.185930
v 0.280603 -0.747145 0.119464
v 0.155197 0.375432 0.859305
v -0.264284 -0.521675 -0.661739
v -0.279821 -0.369701 0.633110
v 0.092148 0.460036 0.828510
v 0.002886 0.375975 0.873420
v -0.083832 0.429735 0.840244
v -0.155879 0.447406 0.808451
v -0.224129 0.494317 0.718016
v 0.292281 -0.838605 -0.218387
v 0.280310 -0.668777 -0.344868
v 0.001908 0.491805 0.810508
v -0.094451 0.562799 0.751354
v 0.154829 0.530181 0.766390
v 0.086432 0.613592 0.718647
v -0.002918 0.578117 0.748467
v -0.154637 0.595930 0.702425
v -0.253640 -0.357706 -0.639617
v 0.156332 0.645158 0.668731
v -0.224648 0.663661 0.557445
v -0.291585 0.752063 0.294841
v -0.279756 0.651142 0.247985
v -0.081131 0.674987 0.651355
v 0.083193 0.716332 0.611968
v -0.156173 0.740066 0.542271
v -0.291598 0.484899 -0.658406
v -0.279819 0.274898 -0.657481
v 0.155186 0.744323 0.551573
v -0.081102 0.755068 0.552804
v 0.082047 0.790920 0.508512
v 0.155222 0.824465 0.419871
v -0.094447 0.827740 0.428525
v -0.224039 0.786212 0.357887
v -0.154670 0.839469 0.362966
v 0.280348 -0.258336 0.691606
v 0.094707 0.850546 0.392583
v -0.006880 0.826759 0.445488
v 0.254071 -0.206015 -0.710213
v -0.000541 0.886969 0.309084
v -0.264284 -0.282535 -0.786730
v 0.092147 0.901869 0.252717
v 0.153984 0.890999 0.245063
v -0.094446 0.894982 0.254211
v -0.154894 0.887144 0.214147
v -0.224039 0.851245 0.136114
v -0.000492 0.924955 0.151212
v 0.272691 0.937933 0.100155
v -0.291573 -0.856226 0.027262
v -0.279710 -0.745314 -0.041011
v 0.264757 -0.275782 -0.802980
v 0.093789 0.933085 0.070577
v 0.155768 0.920810 0.057795
v -0.094448 0.926926 0.070120
v -0.155919 0.910594 0.057182
v 0.005806 0.937448 0.009586
v 0.274524 0.941481 -0.044945
v -0.224398 0.858064 -0.060692
v -0.083832 0.926185 -0.097253
v -0.154670 0.904001 -0.127240
v 0.272668 0.926869 -0.181230
v 0.155476 0.916822 -0.095293
v 0.082821 0.928535 -0.129068
v 0.292320 -0.661754 0.552564
v 0.280407 -0.656566 0.364658
v 0.085659 0.901082 -0.259039
v 0.153984 0.891000 -0.245059
v -0.084012 0.905478 -0.218944
v -0.223510 0.825729 -0.251478
v -0.156173 0.854392 -0.326158
v -0.081131 0.869581 -0.338413
v -0.253565 -0.158463 -0.705206
v 0.085029 0.844985 -0.410121
v 0.155222 0.824465 -0.419867
v 0.272749 0.809061 -0.492986
v -0.082445 0.815591 -0.455517
v -0.223601 0.743766 -0.440703
v -0.155323 0.738598 -0.546163
v 0.001919 0.786944 -0.515362
v -0.094549 0.713756 -0.605106
v 0.095544 0.739547 -0.581162
v 0.155186 0.744323 -0.551569
v 0.002043 0.717430 -0.611399
v -0.224807 0.640617 -0.582462
v 0.156332 0.645159 -0.668727
v 0.092790 0.630106 -0.701211
v -0.000540 0.606311 -0.726260
v -0.155260 0.587846 -0.708814
v -0.094447 0.562797 -0.751353
v -0.224022 0.538229 -0.681895
v 0.272664 0.460152 -0.838349
v -0.264215 -0.023561 -0.827899
v 0.093790 0.502811 -0.801928
v 0.154424 0.481668 -0.801667
v -0.003248 0.481215 -0.816953
v -0.155296 0.418042 -0.826209
v -0.224069 0.420642 -0.764580
v -0.095339 0.427369 -0.838627
v 0.094705 0.369009 -0.874116
v 0.002034 0.370613 -0.876075
v 0.274810 0.269523 -0.921125
v -0.253632 0.077742 -0.716130
v 0.155142 0.314541 -0.882907
v -0.089826 0.253693 -0.914031
v -0.222903 0.233800 -0.848436
v 0.002708 0.222588 -0.929309
v -0.155602 0.250537 -0.894108
v 0.092146 0.229146 -0.925437
v 0.155160 0.168623 -0.926535
v 0.272327 0.094650 -0.960431
v -0.154669 0.103661 -0.927571
v 0.254040 -0.462854 -0.583160
v 0.093749 0.070375 -0.953990
v -0.005807 0.070549 -0.955688
v -0.096331 0.069717 -0.947315
v -0.224398 0.037134 -0.881631
v -0.279755 -0.552024 0.487306
v 0.281574 -0.255578 0.896931
v -0.291543 -0.027834 0.828369
v -0.291550 0.558054 0.594007
v 0.281580 0.882856 0.201148
v 0.281650 0.491264 -0.774434
v -0.264354 0.269129 -0.777066
v -0.264249 0.543590 -0.605128
v -0.264336 0.715658 -0.373404
v -0.264268 0.785199 -0.167508
v -0.264283 0.803132 0.019837
v -0.264339 0.761057 0.266562
v -0.264249 0.617359 0.526368
v -0.264283 0.419231 0.698398
v -0.264316 0.241848 0.782350
v -0.264324 0.050018 0.823599
v -0.264283 -0.137688 0.817991
v -0.264282 -0.321615 0.771362
v -0.264248 -0.549490 0.641295
v -0.264295 -0.721709 0.443167
v -0.264247 -0.829929 0.196376
v 0.224905 -0.056077 -0.895453
v 0.223796 0.177961 -0.874742
v 0.225481 0.398622 -0.789864
v 0.224435 0.587411 -0.656460
v 0.223928 0.718474 -0.502262
v 0.224952 0.813548 -0.320567
v 0.223485 0.865425 -0.117043
v 0.225112 0.869416 0.058532
v 0.223485 0.842544 0.232076
v 0.224518 0.790242 0.372079
v 0.223928 0.718474 0.502265
v 0.224435 0.587409 0.656464
v 0.225481 0.398622 0.789867
v 0.224331 0.237908 0.855936
v 0.223485 0.093476 0.888996
v 0.225112 -0.082102 0.892986
v 0.224331 -0.225088 0.872002
v 0.223927 -0.361516 0.829874
v 0.224518 -0.493518 0.761499
v 0.223485 -0.614783 0.674151
v 0.225481 -0.751568 0.521680
v 0.224435 -0.861885 0.318537
v 0.224062 -0.907162 0.144528
v 0.224906 -0.919025 -0.032510
v 0.224331 -0.895571 -0.201510
v 0.224376 -0.852066 -0.340488
v 0.223485 -0.769113 -0.498170
v 0.224730 -0.653599 -0.636324
v 0.225142 -0.469292 -0.778620
v 0.223484 -0.255644 -0.866110
v 0.264768 0.662480 -0.482383
v 0.264822 0.752766 -0.314298
v 0.264791 0.805025 -0.129360
v 0.264723 0.808854 0.109591
v 0.264916 0.719036 0.396934
v 0.264791 0.544331 0.617085
v 0.264739 0.371622 0.739359
v 0.264850 0.193267 0.809246
v 0.264723 -0.023569 0.839607
v 0.264791 -0.259979 0.804622
v 0.264791 -0.436740 0.728595
v 0.264791 -0.591467 0.617088
v 0.264916 -0.766176 0.396930
v 0.264723 -0.855991 0.109593
v 0.264791 -0.852164 -0.129354
v 0.264847 -0.777204 -0.371864
v 0.264804 -0.635377 -0.573023
v 0.264803 -0.494589 -0.692577
v 0.254222 -0.645663 -0.386841
v 0.254021 -0.755691 -0.065574
v 0.280348 0.668033 -0.234774
v -0.253430 0.404097 -0.584905
v -0.279756 0.651142 -0.247981
v 0.253992 -0.714408 0.234518
v -0.253578 0.616121 -0.333619
v 0.254148 -0.620000 0.419620
v 0.254144 0.428539 0.577586
v 0.228894 0.373177 0.528100
v -0.253701 -0.023570 0.720839
v -0.228298 -0.110434 0.642992
v -0.227681 0.146584 0.626953
v -0.251893 -0.107447 0.641449
v -0.251760 0.513046 -0.360776
v -0.251736 -0.481365 -0.456636
v 0.249428 -0.091300 0.620312
v 0.252880 -0.488027 -0.467153
v 0.249400 -0.418481 -0.481595
v -0.253509 -0.328528 0.657530
v 0.249177 -0.201434 0.596697
v -0.251821 0.573658 -0.248300
v -0.228758 -0.340694 0.568218
v 0.253992 0.608249 0.364780
v 0.228918 0.531016 0.351833
v -0.252006 -0.309775 -0.580371
v 0.249319 -0.312506 0.553050
v 0.228945 0.631078 0.105306
v -0.251695 -0.310506 0.579356
v 0.254222 0.699209 0.119334
v 0.252721 -0.296473 -0.600205
v -0.253480 -0.564435 0.474324
v -0.228177 -0.499767 0.438276
v -0.251796 0.610996 -0.124662
v -0.227931 -0.602745 0.289375
v -0.228959 0.580982 -0.103158
v -0.253711 -0.709227 0.232751
v 0.254085 0.691429 -0.148376
v -0.251624 -0.169553 -0.630528
v 0.228830 0.601247 -0.212104
v -0.228447 -0.657375 0.129862
v -0.251758 0.623432 0.022238
v 0.249444 -0.420019 0.480435
v 0.253992 0.608249 -0.364776
v -0.251848 -0.400797 0.524683
v -0.228138 -0.670046 -0.025267
v -0.251568 -0.495553 0.442595
v 0.228965 0.457929 -0.450963
v -0.228336 -0.647638 -0.169666
v 0.249326 -0.493974 0.409070
v -0.251767 -0.023693 -0.646598
v -0.228125 -0.595001 -0.303221
v 0.228943 0.280922 -0.582007
v 0.249334 0.587471 0.123458
v -0.228251 -0.499996 -0.438046
v 0.228864 0.062750 -0.654266
v 0.249242 -0.573826 0.294250
v -0.251755 -0.571469 0.342305
v -0.228337 -0.379221 -0.540195
v 0.249344 0.559315 0.219379
v -0.251535 0.600658 0.166870
v -0.228100 -0.229632 -0.614647
v -0.251871 0.565007 0.266953
v -0.251871 -0.620338 0.249502
v 0.252817 0.612033 0.172292
v 0.249307 0.517225 0.310044
v -0.227822 -0.001555 -0.647985
v 0.249131 -0.625995 0.160745
v -0.229094 0.497923 0.322947
v 0.228927 -0.172668 -0.639964
v -0.251818 -0.657580 0.127704
v 0.228893 -0.376979 -0.556251
v -0.253510 0.184977 0.687485
v -0.253628 0.417495 0.573951
v 0.254140 0.120160 0.719876
v -0.253578 0.616121 0.333622
v 0.254072 -0.195787 0.711052
v -0.253533 0.689902 0.093258
v 0.254016 -0.455093 0.590594
v -0.253636 0.686900 -0.110977
v -0.207395 -0.353672 -0.517933
v -0.207841 0.361499 0.478720
v -0.229262 -0.622416 -0.139381
v -0.228803 -0.637156 -0.005381
v 0.227526 0.215512 0.577195
v -0.207877 0.211861 0.568209
v -0.207398 -0.071285 -0.612782
v 0.249213 0.287424 0.540122
v -0.228962 0.226766 -0.559897
v 0.227252 -0.114455 -0.618684
v 0.227210 -0.282294 -0.567768
v -0.228884 -0.573659 -0.272441
v -0.207552 0.352396 -0.485086
v 0.227236 -0.402508 -0.495415
v -0.229340 0.138486 0.593384
v 0.228830 -0.572204 -0.366579
v 0.227205 -0.532032 -0.365215
v -0.207890 0.017216 0.614427
v -0.228406 0.194988 -0.608839
v -0.228483 -0.498954 -0.389147
v -0.228359 0.327703 -0.543970
v 0.227249 -0.610990 -0.209224
v 0.228893 -0.672722 -0.113647
v 0.227176 -0.647068 -0.047422
v -0.228373 0.448884 -0.442501
v 0.228957 -0.662297 0.171177
v -0.228283 0.554477 -0.293773
v -0.207630 -0.169284 0.596917
v -0.228766 -0.400665 -0.484283
v 0.227181 -0.591312 0.258990
v -0.228206 0.616280 -0.097631
v 0.228833 -0.553343 0.387763
v -0.207494 0.549152 -0.222604
v -0.227922 0.617900 0.090130
v -0.229062 -0.217904 0.582444
v 0.228703 -0.355691 0.573809
v -0.228839 -0.299304 -0.548359
v -0.228131 0.539666 0.325184
v -0.207943 -0.219688 -0.583732
v -0.207870 -0.276290 0.558470
v -0.228944 -0.308315 0.543092
v -0.208018 0.580199 -0.108948
v 0.249639 -0.502672 -0.400015
v 0.228976 0.158403 0.631244
v 0.249456 0.431588 -0.425324
v 0.249431 0.076713 0.616057
v 0.228848 -0.051743 0.658296
v -0.251718 -0.000176 0.645542
v -0.228590 0.372957 0.514173
v -0.251579 -0.573257 -0.341358
v 0.249207 0.353465 -0.496488
v -0.251641 0.123481 0.630208
v 0.249360 0.203955 0.580121
v 0.249322 0.270092 -0.549218
v -0.252006 -0.636333 -0.208003
v -0.251871 0.242934 0.588781
v 0.249416 -0.635201 -0.121386
v -0.251842 -0.661200 -0.104959
v -0.251898 0.336735 0.537250
v 0.249111 -0.647529 0.017516
v 0.249398 0.371981 0.481187
v -0.251795 0.101100 -0.634562
v -0.251728 -0.670156 0.001090
v -0.251776 0.418618 0.471057
v -0.229120 0.419847 0.425812
v 0.249346 0.446345 0.409640
v 0.252872 -0.089414 -0.654373
v -0.228954 -0.165519 -0.598048
v -0.207648 -0.635331 0.063628
v -0.228979 -0.622944 0.138181
v -0.208002 -0.497855 0.391182
v -0.229015 -0.395484 0.488611
v -0.207222 -0.375929 0.503956
v 0.252777 -0.174449 0.639704
v 0.252814 0.018925 0.657286
v -0.208049 0.487622 0.343219
v -0.207517 0.564070 0.178401
v -0.207989 0.590440 0.023007
v 0.252805 0.612011 -0.172236
v 0.252809 0.523566 -0.366454
v -0.251797 0.432630 -0.458364
v -0.251871 0.334750 -0.538502
v -0.251716 0.222739 -0.597806
v -0.207485 0.080524 -0.605763
v -0.251842 -0.400218 -0.525093
v 0.252718 -0.590884 -0.330066
v 0.252886 -0.653211 -0.190508
v 0.252772 -0.681823 0.000056
v 0.252782 -0.658191 0.168296
v 0.252825 -0.604328 0.308302
v 0.252780 -0.504634 0.447999
v 0.252866 -0.353512 0.570267
v -0.251827 -0.211867 0.618126
v 0.252765 0.228343 0.608126
v 0.252843 0.376170 0.521211
v 0.252684 0.512265 0.383980
v 0.252836 0.633258 -0.001881
v 0.252804 0.406797 -0.495939
v 0.252824 0.248492 -0.600980
v 0.253034 0.062244 -0.651864
v 0.227291 0.068940 -0.617035
v 0.227250 0.209649 -0.578263
v 0.227242 0.450153 -0.406166
v -0.251686 0.502493 0.377058
v 0.227274 0.530196 -0.286466
v 0.227199 0.579001 -0.161453
v 0.227241 0.559585 0.219476
v 0.227213 0.370488 0.483646
v 0.249338 0.599622 0.006108
v 0.227129 0.060608 0.617235
v 0.249307 0.026206 -0.621176
v 0.249621 -0.126931 -0.615520
v 0.249490 -0.295057 -0.562724
v 0.249250 -0.595046 -0.250813
v -0.228713 -0.572778 0.274224
v -0.229092 -0.497818 0.390728
v -0.229105 -0.063197 0.614026
v -0.228954 0.302996 0.520778
v -0.229157 0.559555 0.197401
v -0.229125 0.590728 0.011196
v 0.248883 0.580755 -0.161931
v -0.229223 0.554429 -0.209671
v 0.249333 0.505295 -0.331376
v -0.229078 0.489199 -0.337333
v -0.229023 0.413608 -0.430786
v -0.229013 0.320968 -0.507922
v -0.228931 0.127109 -0.594871
v 0.249109 0.164510 -0.595401
v -0.228575 -0.009025 -0.613909
v 0.227237 0.338832 -0.507716
v 0.227570 0.598156 -0.039121
v 0.227301 0.591069 0.104827
v 0.227124 0.496439 0.345923
v 0.227267 -0.097932 0.620466
v 0.227293 -0.255839 0.578150
v 0.227201 -0.401110 0.498745
v 0.227220 -0.519703 0.376963
v 0.227283 -0.634083 0.126659
v -0.207545 -0.448195 -0.443395
v -0.207360 -0.556938 -0.307939
v -0.207319 -0.626973 -0.119819
v -0.207440 -0.590965 0.237487
v -0.207437 0.464482 -0.374492
v -0.207769 0.224847 -0.562779
v 0.274806 -0.343232 -0.912584
v 0.274764 -0.646216 -0.738438
v 0.274358 -0.990684 0.000003
v 0.274589 -0.947379 0.282490
v 0.275300 -0.664802 0.722042
v 0.274425 0.829980 0.452219
v 0.274854 0.876563 -0.350352
v 0.274460 0.699640 -0.641411
v 0.275569 -0.033726 -0.965285
v -0.275318 -0.734960 -0.624474
v -0.275410 -0.858990 0.447698
v 0.273846 -0.872711 0.465213
v 0.273744 0.441626 0.849224
v 0.274614 0.641249 0.702687
v 0.273375 0.902982 0.280293
v -0.275215 0.822259 -0.425710
v -0.274954 0.372020 -0.862697
v -0.009132 0.377911 0.916336
v -0.008796 -0.507353 0.874778
v -0.009130 0.817815 0.542410
v 0.013691 -1.040173 0.215824
v 0.013882 0.319754 0.980693
v 0.013888 0.471244 0.912690
v 0.013863 0.788847 0.650122
v 0.013903 0.895572 0.482830
v 0.013884 0.960214 0.333857
v 0.013877 1.007122 0.135609
v 0.013877 0.396316 -0.952022
v 0.013834 0.136017 -1.028339
v -0.008751 -0.060299 -1.038710
v 0.013714 1.012700 -0.081772
v -0.008761 0.996592 0.194152
v -0.008759 0.936207 0.397428
v -0.008759 0.821728 0.604714
v 0.013924 0.985570 -0.244929
v -0.008760 0.667516 0.775078
v 0.013838 0.148467 1.024163
v -0.008764 0.495516 0.899700
v -0.008764 0.303403 0.985477
v -0.008781 0.070511 1.035305
v -0.008785 -0.190446 1.025671
v -0.008775 -0.798816 0.690535
v -0.008785 -0.940947 0.489877
v -0.008760 -1.026132 0.268801
v -0.008763 -1.055426 0.106410
v -0.008692 -1.060038 -0.069382
v -0.008874 -1.023956 -0.028170
v -0.008644 -1.007010 -0.194859
v -0.008662 -0.804009 -0.624643
v -0.008659 -0.610808 -0.809155
v 0.013760 0.833503 -0.588145
v 0.013377 -1.055408 -0.125787
v 0.013417 -1.017558 -0.301628
v 0.013416 -0.936797 -0.499212
v 0.013414 -0.804787 -0.685284
v 0.013414 -0.637534 -0.840455
v 0.013414 -0.399100 -0.970757
v -0.008749 0.789380 -0.582056
v -0.008785 0.912201 -0.351830
v -0.009028 0.950245 -0.226922
v -0.008724 -0.382066 -0.933104
v -0.008683 -0.135809 -0.993286
v 0.013425 -0.135056 -1.034928
v -0.008746 0.136820 -1.025211
v -0.008750 0.301246 -0.986500
v -0.008731 0.464843 -0.915885
v -0.008735 0.634125 -0.805048
v 0.013825 0.600981 -0.830910
v -0.008698 0.774518 -0.663494
v 0.013927 0.731582 -0.712746
v -0.008759 0.871058 -0.527655
v -0.008735 0.956087 -0.345252
v 0.013840 0.934263 -0.403645
v -0.008698 0.999595 -0.174064
v -0.008751 1.014943 -0.009260
v 0.013788 0.617500 0.818099
v 0.013886 -0.023831 1.038744
v 0.013705 -0.190561 1.025143
v 0.013804 -0.357250 0.983936
v -0.008767 -0.409468 0.963974
v -0.008771 -0.619005 0.852238
v 0.013709 -0.564813 0.888774
v 0.013800 -0.749616 0.743633
v 0.013755 -0.900928 0.559514
v 0.013854 -0.992701 0.372493
v 0.013864 -1.060999 0.041957
v -0.008699 -1.018130 -0.301796
v -0.008697 -0.941412 -0.483927
v -0.008700 -0.847701 -0.632536
v -0.008704 -0.675656 -0.809995
v -0.008705 -0.443805 -0.951202
v -0.008701 -0.253228 -1.011986
v -0.232058 0.925250 -0.172656
v -0.231963 0.936266 -0.101372
v -0.170529 0.951719 -0.095427
v -0.034640 0.966899 -0.114571
v -0.100013 0.965744 -0.072894
v 0.039675 1.001001 -0.164444
v 0.126991 0.988770 -0.201783
v -0.100117 0.958698 -0.138155
v -0.123931 0.953627 -0.149938
v 0.039025 1.009782 -0.088622
v 0.122394 0.964190 -0.126429
v 0.274093 0.917761 -0.220856
v -0.275370 0.918946 -0.094908
v -0.127472 0.998465 -0.083675
v 0.103950 0.993562 -0.192653
v 0.103657 1.004370 -0.123894
v 0.227459 0.946402 -0.147511
v 0.166868 0.993651 -0.159354
v 0.218809 0.935063 -0.217419
v -0.283172 0.943886 -0.175055
v -0.243512 0.960362 -0.177987
v -0.185926 0.986282 -0.102214
v -0.170723 0.980397 -0.168638
v -0.248451 0.968695 -0.104920
v -0.127491 0.990420 -0.152786
v -0.102935 1.002777 -0.076193
v -0.035900 1.010796 -0.049167
v -0.102830 0.995064 -0.142854
v -0.035413 1.005864 -0.118648
v 0.037651 0.973283 -0.084962
v 0.038253 0.963994 -0.159107
v 0.235722 0.982701 -0.152697
v 0.225177 0.971569 -0.225283
v -0.123125 0.961644 -0.080192
v 0.281334 0.969560 -0.144390
v -0.034154 0.973550 -0.046199
v 0.123106 0.952856 -0.195607
v 0.100908 0.966435 -0.118653
v -0.283415 0.953577 -0.097479
v 0.100894 0.957679 -0.186093
v 0.282231 0.952594 -0.227717
v 0.126345 1.000783 -0.131286
v -0.275234 0.908325 -0.169435
v -0.228169 0.938624 -0.088159
v -0.124596 0.963176 -0.066069
v -0.193088 0.950752 -0.014935
v -0.123253 0.964808 0.006102
v -0.100071 0.966459 -0.052380
v 0.100916 0.970182 -0.100337
v 0.038215 0.973835 -0.072440
v 0.127298 1.003352 -0.112954
v 0.223487 0.949307 -0.133583
v -0.274890 0.919039 -0.088135
v -0.100092 0.968488 0.013230
v -0.033694 0.974705 -0.027515
v -0.034678 0.973643 0.040893
v 0.100684 0.973437 -0.031534
v 0.037559 0.976472 0.001255
v 0.226029 0.955647 -0.060760
v 0.122678 0.972429 -0.040605
v 0.273993 0.933068 -0.138633
v 0.272573 0.941345 -0.056472
v 0.103937 1.005324 -0.103325
v 0.103591 1.012243 -0.033639
v -0.275178 0.924353 -0.014206
v -0.237883 0.974669 -0.091467
v -0.128245 1.000545 -0.067129
v -0.208508 0.985572 -0.017661
v -0.283298 0.959160 -0.014089
v -0.102940 1.005505 0.013388
v -0.035375 1.011809 -0.028461
v -0.102920 1.003326 -0.054097
v 0.126330 1.008414 -0.040932
v 0.186900 1.001617 -0.057636
v 0.239932 0.991337 -0.063512
v 0.189300 0.993829 -0.129963
v 0.281156 0.978124 -0.057267
v 0.281835 0.969451 -0.143612
v 0.123069 0.966214 -0.109943
v 0.038979 1.013609 0.001156
v -0.283106 0.955676 -0.090153
v -0.127522 1.001920 0.005443
v -0.035891 1.010877 0.041348
v 0.039723 1.011549 -0.074688
v -0.232029 0.941402 -0.005308
v -0.182432 0.950866 0.071994
v -0.033895 0.972780 0.059475
v -0.099806 0.967167 0.033640
v -0.035558 1.010773 0.062454
v 0.039545 1.013855 0.016055
v 0.101239 0.972808 0.054695
v 0.127472 1.009624 -0.024303
v 0.123076 0.971425 -0.023189
v 0.223433 0.957164 -0.048945
v -0.124038 0.964931 0.021885
v -0.123090 0.960083 0.091653
v -0.100116 0.963015 0.099626
v -0.102925 1.000128 0.102741
v 0.037535 0.972673 0.088597
v 0.122988 0.972480 0.044579
v 0.237788 0.953989 0.023873
v 0.126326 1.007788 0.048540
v -0.275118 0.924396 -0.004727
v -0.274921 0.921613 0.068345
v 0.103668 1.010112 0.056612
v 0.103027 1.012045 -0.012746
v 0.227220 0.996336 0.025353
v -0.235529 0.979761 -0.003819
v -0.127477 1.001304 0.024806
v -0.169876 0.995032 0.009029
v -0.283177 0.959815 -0.004290
v 0.038159 0.976325 0.014916
v -0.102660 1.004081 0.035157
v 0.039096 1.009955 0.092278
v 0.234634 0.992730 -0.049650
v -0.283543 0.955688 0.073554
v 0.273401 0.940847 -0.053773
v -0.035858 1.003862 0.131568
v 0.281619 0.978481 -0.055397
v -0.034277 0.965831 0.128047
v 0.100481 0.973550 -0.013350
v 0.273571 0.943546 0.028673
v 0.281662 0.978537 0.030247
v -0.249061 0.972060 0.067984
v -0.128511 0.998283 0.091419
v -0.232600 0.938370 0.078800
v -0.195868 0.939252 0.153181
v -0.034521 0.963276 0.145715
v 0.281636 0.977948 0.031507
v -0.102922 0.997019 0.125289
v 0.100986 0.964273 0.141370
v 0.100305 0.970925 0.073612
v 0.222396 0.957878 0.036927
v -0.169779 0.952406 0.091552
v -0.100109 0.950561 0.185197
v -0.123863 0.957979 0.109308
v 0.039007 0.997708 0.182071
v 0.038151 0.971270 0.102161
v 0.220806 0.952323 0.110423
v 0.126648 1.001101 0.137909
v 0.273082 0.936629 0.111737
v 0.274015 0.941900 0.030453
v -0.275018 0.920643 0.077175
v -0.275250 0.910587 0.152352
v -0.127475 0.985281 0.183374
v 0.039653 1.008574 0.105901
v 0.103668 1.001246 0.146436
v 0.103516 1.009308 0.079019
v -0.282966 0.956691 0.078691
v -0.237191 0.973338 0.107166
v -0.173732 0.989590 0.096107
v -0.127538 0.995159 0.113926
v -0.102962 0.987359 0.191977
v -0.035881 0.988607 0.220753
v -0.280210 0.948760 0.155159
v 0.228377 0.989485 0.113605
v 0.237312 0.992937 0.039109
v 0.127460 1.008611 0.066077
v -0.100127 0.960370 0.120514
v -0.123102 0.948360 0.177722
v -0.034333 0.952235 0.213539
v 0.122942 0.970331 0.063960
v 0.037979 0.960981 0.175015
v 0.122840 0.963525 0.132761
v -0.035761 1.001157 0.152158
v -0.192086 0.976753 0.161192
v 0.281231 0.973754 0.116679
v -0.228688 0.928661 0.163256
v -0.197700 0.921586 0.236101
v 0.038054 0.958357 0.188408
v 0.100202 0.960733 0.159989
v 0.127819 0.998720 0.154251
v 0.124049 0.961562 0.148648
v 0.235282 0.936127 0.193271
v -0.034787 0.928553 0.297093
v -0.125566 0.946082 0.192574
v 0.101190 0.948132 0.226768
v 0.103578 0.985070 0.235184
v 0.037477 0.942023 0.260140
v 0.122772 0.949213 0.217034
v -0.127499 0.965739 0.270396
v 0.039554 0.995431 0.195895
v 0.273868 0.937376 0.112945
v -0.274932 0.910858 0.159039
v -0.236854 0.964872 0.170302
v -0.174833 0.976985 0.183649
v -0.127550 0.981474 0.202292
v -0.283153 0.945715 0.166366
v -0.102881 0.966679 0.279740
v -0.035414 0.984430 0.240424
v -0.102835 0.982528 0.213875
v -0.187664 0.959354 0.249275
v 0.240213 0.985232 0.126797
v 0.234712 0.974768 0.200424
v 0.281417 0.959353 0.203096
v 0.281774 0.972561 0.120061
v -0.100090 0.946193 0.205499
v -0.274869 0.894236 0.233087
v -0.123093 0.929403 0.261823
v -0.100064 0.931165 0.268925
v -0.033634 0.947397 0.231915
v 0.039219 0.977965 0.269954
v -0.282052 0.930875 0.239390
v -0.035916 0.965033 0.307719
v 0.103508 0.997371 0.166617
v 0.126468 0.984158 0.227208
v -0.231381 0.910382 0.244810
v -0.125564 0.925622 0.276314
v -0.199510 0.897420 0.317067
v -0.102919 0.959875 0.300226
v -0.100061 0.903797 0.351620
v -0.100087 0.924625 0.289127
v 0.039617 0.974379 0.284191
v 0.101544 0.924677 0.310401
v 0.038222 0.938279 0.272987
v 0.100839 0.943065 0.244867
v 0.127203 0.979875 0.244399
v 0.123341 0.944877 0.233604
v 0.227881 0.934949 0.206457
v -0.033523 0.923076 0.315552
v 0.037612 0.915631 0.343471
v 0.104366 0.959959 0.321671
v 0.232873 0.916240 0.275789
v 0.126320 0.959939 0.313878
v 0.273961 0.922829 0.196597
v -0.275288 0.870398 0.312080
v -0.275048 0.892568 0.239521
v -0.127617 0.938779 0.354898
v -0.034574 0.958540 0.327127
v 0.039137 0.951409 0.355639
v -0.234810 0.946696 0.255778
v -0.175116 0.957493 0.270230
v -0.127509 0.960058 0.289106
v -0.283189 0.927847 0.250053
v -0.102867 0.939415 0.364692
v -0.036065 0.933933 0.392717
v 0.103079 0.979936 0.255862
v 0.230876 0.972374 0.216426
v 0.122532 0.926198 0.302255
v 0.281941 0.959043 0.206418
v 0.228110 0.955054 0.287774
v -0.123102 0.902726 0.343826
v 0.281210 0.936709 0.288497
v -0.034557 0.899279 0.379584
v -0.283510 0.903189 0.324385
v 0.272725 0.902115 0.277808
v -0.230475 0.926910 0.324727
v -0.207193 0.864275 0.394980
v -0.123255 0.869216 0.423001
v -0.033916 0.892571 0.396888
v -0.100088 0.896165 0.370951
v 0.039605 0.945735 0.370017
v 0.100747 0.919116 0.328941
v 0.122993 0.919292 0.318706
v 0.216404 0.915481 0.291181
v -0.232386 0.884803 0.325592
v -0.100137 0.869773 0.430708
v -0.034785 0.862639 0.458063
v 0.100696 0.893389 0.392507
v 0.103521 0.928717 0.407328
v 0.038145 0.910980 0.356024
v 0.229724 0.889529 0.356850
v 0.122535 0.895911 0.384130
v -0.275277 0.839410 0.388657
v 0.273866 0.901102 0.278895
v 0.103203 0.954335 0.342632
v 0.126545 0.930281 0.397163
v -0.274976 0.868486 0.318614
v -0.283001 0.902214 0.330835
v -0.238053 0.919359 0.339196
v -0.199114 0.900582 0.412727
v -0.170579 0.930154 0.356195
v -0.127487 0.931129 0.373691
v -0.282313 0.873630 0.402344
v -0.102936 0.903303 0.447079
v -0.035438 0.926857 0.411431
v -0.102912 0.930039 0.384705
v -0.123294 0.896649 0.359818
v 0.039003 0.915739 0.439034
v 0.167047 0.937034 0.370680
v 0.237074 0.948571 0.300609
v 0.127527 0.956260 0.330175
v 0.246119 0.921274 0.369886
v 0.281776 0.936595 0.291109
v 0.038001 0.881996 0.423982
v 0.273397 0.874898 0.357501
v -0.127514 0.903430 0.438098
v -0.035472 0.896881 0.474393
v 0.281436 0.909216 0.371055
v -0.227736 0.854265 0.404355
v -0.126528 0.863238 0.436585
v -0.196947 0.828708 0.472811
v -0.034528 0.853998 0.474281
v 0.281907 0.906500 0.372880
v -0.102928 0.892680 0.466596
v -0.100031 0.828838 0.507438
v -0.034171 0.820465 0.534087
v 0.101530 0.856722 0.470026
v 0.038160 0.876487 0.435951
v 0.100054 0.885839 0.409193
v 0.127085 0.921975 0.415532
v 0.123381 0.889453 0.398691
v 0.227911 0.884645 0.369567
v -0.100127 0.859860 0.449617
v 0.039118 0.874098 0.519804
v 0.209279 0.858281 0.439019
v 0.122357 0.857921 0.463012
v 0.273333 0.840552 0.433625
v -0.275096 0.837671 0.395124
v -0.275208 0.802207 0.462589
v 0.274049 0.873827 0.357906
v -0.127549 0.861878 0.517312
v 0.039614 0.909965 0.452717
v 0.103987 0.889952 0.487271
v -0.283036 0.870847 0.409188
v -0.237188 0.876236 0.442271
v -0.173733 0.895676 0.436634
v -0.127485 0.894875 0.455363
v -0.102947 0.860669 0.526061
v -0.035847 0.851808 0.552591
v -0.035513 0.887386 0.493231
v -0.189730 0.861431 0.494349
v -0.280339 0.836902 0.478410
v 0.103266 0.919679 0.425188
v 0.235562 0.888540 0.451683
v 0.230008 0.919765 0.385397
v -0.123100 0.829676 0.499705
v 0.281460 0.873911 0.451150
v 0.038052 0.841622 0.501665
v 0.127005 0.892949 0.480208
v -0.231276 0.815146 0.478393
v -0.197345 0.783831 0.545033
v -0.033740 0.809653 0.549587
v -0.100117 0.817572 0.524558
v -0.099985 0.781622 0.579721
v 0.039595 0.866917 0.532202
v 0.100628 0.847395 0.488218
v 0.038224 0.835187 0.512311
v 0.127494 0.883614 0.494931
v 0.124102 0.851334 0.476757
v 0.227883 0.849051 0.447201
v -0.034775 0.770213 0.605412
v -0.124052 0.821665 0.513015
v 0.100982 0.811209 0.545458
v 0.103583 0.843671 0.566383
v 0.208012 0.816810 0.514403
v 0.122362 0.814374 0.538402
v 0.273453 0.799880 0.507047
v -0.274962 0.799778 0.468316
v -0.275254 0.758754 0.532756
v -0.127802 0.815049 0.590521
v 0.127127 0.848145 0.557299
v -0.283082 0.831640 0.485415
v -0.238211 0.834766 0.517553
v -0.173643 0.854486 0.515307
v -0.127491 0.851563 0.534357
v -0.102935 0.811596 0.601034
v -0.035576 0.799491 0.627162
v -0.035074 0.840588 0.570196
v -0.102923 0.848784 0.544355
v -0.249818 0.804500 0.556232
v 0.037613 0.795253 0.574440
v 0.038968 0.825298 0.595343
v 0.231082 0.882193 0.466067
v 0.239164 0.844621 0.529276
v -0.283540 0.787816 0.553090
v 0.281862 0.871790 0.453931
v 0.273909 0.838801 0.434985
v -0.123113 0.782382 0.571345
v 0.281210 0.829372 0.527066
v 0.103505 0.880048 0.506980
v -0.231112 0.770448 0.549462
v -0.196967 0.733345 0.613197
v -0.033773 0.758607 0.619779
v -0.100113 0.768637 0.595908
v 0.038194 0.787016 0.585645
v 0.100705 0.801781 0.561274
v 0.127062 0.835653 0.572846
v 0.122993 0.804746 0.551775
v 0.219419 0.808096 0.523541
v -0.100089 0.727582 0.647454
v -0.125103 0.773795 0.584247
v 0.100668 0.760678 0.616214
v 0.039069 0.769857 0.667827
v 0.037615 0.741816 0.643562
v 0.220252 0.768048 0.582798
v 0.126858 0.795225 0.631725
v 0.122360 0.764359 0.608589
v 0.274104 0.798272 0.509028
v -0.275157 0.709703 0.599173
v -0.275059 0.755249 0.538608
v -0.127500 0.758516 0.662912
v 0.039591 0.817148 0.607765
v 0.103589 0.791123 0.638908
v 0.103033 0.832165 0.583529
v -0.283036 0.785510 0.558820
v -0.232308 0.800899 0.573537
v -0.128233 0.804246 0.605827
v -0.102944 0.756175 0.671485
v -0.035884 0.742369 0.696099
v -0.035385 0.787869 0.642941
v -0.102918 0.798041 0.618271
v -0.282010 0.739891 0.620306
v 0.235384 0.796229 0.603237
v 0.229978 0.838767 0.543124
v 0.282035 0.828271 0.529231
v -0.123095 0.729630 0.639805
v -0.034591 0.714210 0.672125
v -0.188409 0.762097 0.640906
v 0.281571 0.780829 0.599556
v -0.229383 0.719323 0.617378
v -0.198750 0.676873 0.676300
v 0.038222 0.732927 0.653751
v 0.100054 0.749023 0.630527
v 0.127502 0.783946 0.645057
v 0.123189 0.754787 0.621938
v -0.124716 0.720960 0.650309
v -0.034895 0.652488 0.733250
v -0.033702 0.701443 0.685944
v -0.100127 0.713693 0.662613
v 0.101314 0.704521 0.682285
v 0.103521 0.732075 0.708294
v 0.037610 0.682963 0.707691
v 0.224135 0.712179 0.649344
v 0.122433 0.709223 0.675467
v -0.275093 0.706115 0.604500
v -0.275348 0.654633 0.660161
v 0.272569 0.699441 0.642119
v -0.128081 0.699956 0.726980
v 0.039614 0.761055 0.678777
v 0.103247 0.778254 0.656397
v 0.273698 0.752508 0.577499
v -0.283344 0.679543 0.685475
v -0.282907 0.734207 0.626170
v -0.238030 0.726556 0.664820
v -0.173249 0.751209 0.660180
v -0.127504 0.745845 0.677498
v -0.102930 0.695044 0.736543
v -0.035875 0.679105 0.760682
v -0.035450 0.728409 0.711999
v -0.102856 0.741014 0.688076
v -0.248029 0.695226 0.692084
v 0.038967 0.709071 0.733620
v 0.218295 0.743220 0.675982
v 0.232656 0.787178 0.615628
v -0.123224 0.670964 0.702940
v -0.100097 0.669460 0.710142
v 0.281728 0.779573 0.600849
v 0.126326 0.734944 0.700514
v 0.281578 0.725782 0.666821
v -0.229216 0.663065 0.679408
v -0.124679 0.660335 0.714173
v -0.202282 0.614928 0.734424
v -0.123097 0.607514 0.760787
v 0.039630 0.698786 0.744781
v 0.038215 0.673322 0.717378
v 0.100753 0.691636 0.695677
v 0.123124 0.698082 0.686285
v 0.229174 0.703470 0.657563
v -0.100119 0.604288 0.767834
v -0.100127 0.653191 0.724343
v 0.039073 0.642197 0.795520
v 0.037628 0.618302 0.767094
v 0.224508 0.652906 0.710796
v 0.126509 0.671519 0.763667
v 0.122952 0.648374 0.736798
v 0.274255 0.697558 0.643766
v -0.275348 0.594545 0.716734
v 0.272560 0.640236 0.702587
v -0.128182 0.633718 0.787082
v -0.034043 0.586396 0.790042
v 0.168383 0.688628 0.743184
v -0.283223 0.675189 0.691217
v -0.237668 0.688275 0.706572
v -0.167226 0.690407 0.727644
v -0.127531 0.683307 0.742684
v -0.102891 0.627635 0.796907
v -0.035589 0.609421 0.818917
v -0.102856 0.678161 0.752057
v -0.035632 0.663555 0.774760
v -0.246464 0.632413 0.752340
v 0.127217 0.722915 0.713968
v 0.233919 0.678688 0.736742
v 0.228797 0.731269 0.685406
v 0.280982 0.664984 0.730344
v -0.283460 0.616837 0.743871
v -0.275127 0.650337 0.666208
v -0.034020 0.638730 0.746008
v 0.100510 0.641568 0.742848
v 0.103706 0.667156 0.770821
v 0.282245 0.723163 0.668549
v 0.103215 0.717978 0.722953
v -0.225702 0.601227 0.737860
v -0.209927 0.548101 0.785200
v -0.123017 0.538772 0.812884
v -0.034548 0.571692 0.800409
v -0.100081 0.587958 0.780396
v 0.100006 0.627952 0.755488
v -0.100097 0.534768 0.819713
v 0.101276 0.575717 0.797766
v 0.038197 0.608078 0.775043
v 0.127013 0.643533 0.788961
v 0.237297 0.644501 0.715371
v -0.125815 0.596948 0.769638
v 0.039004 0.570211 0.850135
v 0.037617 0.549012 0.819941
v 0.224512 0.588414 0.767024
v 0.126307 0.602153 0.820508
v 0.273576 0.638737 0.704483
v -0.275126 0.590146 0.721935
v -0.275322 0.529588 0.767993
v 0.273394 0.576509 0.757395
v -0.127469 0.560065 0.842738
v 0.103933 0.651590 0.784179
v 0.103709 0.598375 0.828101
v 0.039731 0.631114 0.805930
v 0.168379 0.621174 0.802390
v -0.234317 0.624427 0.766242
v -0.128271 0.619275 0.799926
v -0.103015 0.556733 0.850161
v -0.035411 0.593144 0.832956
v -0.102883 0.609937 0.809737
v -0.035802 0.535441 0.870553
v -0.186187 0.569442 0.822921
v -0.283219 0.612410 0.749498
v 0.233780 0.611840 0.795155
v 0.122669 0.581609 0.792425
v 0.236814 0.651087 0.761410
v -0.034120 0.515293 0.840422
v 0.123127 0.636420 0.746394
v -0.283062 0.553125 0.796240
v 0.282438 0.643751 0.747955
v 0.281518 0.598466 0.787127
v -0.228430 0.534679 0.788680
v -0.197745 0.478422 0.835219
v -0.100028 0.517524 0.830561
v 0.270475 0.578729 0.762862
v 0.039669 0.558404 0.859090
v 0.101265 0.503813 0.847110
v 0.127889 0.589653 0.832335
v 0.123152 0.567999 0.801238
v -0.124133 0.525748 0.822265
v -0.100116 0.461054 0.865087
v 0.039061 0.494142 0.898871
v 0.037674 0.475386 0.866723
v 0.038194 0.538041 0.827420
v 0.220810 0.519855 0.818342
v 0.122489 0.509248 0.841528
v 0.273400 0.508222 0.807500
v -0.275008 0.525121 0.772625
v -0.127518 0.484556 0.890513
v -0.033685 0.499230 0.850399
v 0.102999 0.580969 0.841446
v 0.126487 0.530126 0.872109
v 0.219367 0.541065 0.851947
v -0.234673 0.533982 0.834066
v -0.127504 0.543914 0.853890
v -0.175250 0.554331 0.836537
v -0.283040 0.481483 0.843255
v -0.102964 0.480029 0.897313
v -0.035856 0.458027 0.916560
v -0.102882 0.536935 0.862584
v -0.035417 0.518757 0.882165
v -0.185795 0.495546 0.871644
v -0.283056 0.546245 0.801520
v 0.238111 0.600348 0.802951
v 0.281889 0.595879 0.788155
v -0.123254 0.465286 0.858485
v 0.281322 0.528485 0.837582
v -0.034379 0.439351 0.883484
v 0.103784 0.522035 0.878554
v -0.275186 0.460933 0.813377
v 0.100463 0.559989 0.808766
v -0.229996 0.463871 0.833678
v -0.124035 0.452106 0.866795
v -0.198356 0.403598 0.875383
v 0.273646 0.506174 0.808102
v 0.039645 0.481492 0.906485
v 0.101431 0.428215 0.889718
v 0.100161 0.487020 0.856716
v 0.127052 0.512852 0.882434
v 0.123343 0.495748 0.850313
v 0.229011 0.508814 0.823186
v -0.034723 0.361171 0.920406
v 0.039015 0.413717 0.940332
v 0.037617 0.398023 0.906869
v 0.038193 0.463789 0.873080
v 0.232674 0.445953 0.859511
v 0.122455 0.434941 0.884965
v 0.179288 0.460862 0.906288
v -0.275216 0.387701 0.852494
v -0.127833 0.407649 0.930400
v 0.102996 0.505042 0.890443
v 0.103982 0.445705 0.923423
v -0.283223 0.472604 0.848395
v -0.238009 0.481043 0.866619
v -0.127555 0.467335 0.900094
v -0.102886 0.399142 0.938061
v -0.034933 0.439353 0.927185
v -0.102901 0.459563 0.908346
v -0.247141 0.415539 0.896300
v -0.173685 0.479443 0.884895
v 0.126283 0.450111 0.917382
v 0.240086 0.463323 0.892458
v 0.223407 0.528263 0.858144
v 0.281793 0.524975 0.839539
v -0.100051 0.443006 0.874649
v -0.275128 0.454918 0.817938
v -0.123203 0.388967 0.898165
v 0.273546 0.435463 0.851628
v -0.033397 0.422995 0.892753
v -0.283214 0.401993 0.884578
v -0.035875 0.376049 0.954598
v 0.281643 0.452207 0.883244
v -0.232465 0.388984 0.872555
v -0.126132 0.376608 0.903880
v -0.198866 0.325736 0.909090
v -0.100077 0.364977 0.912194
v -0.102899 0.379136 0.945866
v 0.038215 0.386104 0.912392
v 0.100504 0.410504 0.898326
v 0.200608 0.433799 0.873928
v -0.275155 0.382525 0.855409
v -0.100077 0.303513 0.936276
v -0.033706 0.343977 0.928355
v -0.034682 0.279521 0.950377
v 0.100460 0.347664 0.925717
v 0.104346 0.362485 0.960218
v 0.037762 0.317334 0.940116
v 0.220686 0.369586 0.900046
v 0.126793 0.370320 0.956133
v 0.122459 0.354953 0.921353
v 0.122941 0.417949 0.891738
v 0.273991 0.434171 0.851398
v -0.275285 0.312440 0.885255
v 0.273422 0.359917 0.886939
v 0.039680 0.400590 0.947310
v -0.237006 0.404174 0.906751
v -0.128273 0.390030 0.939278
v -0.209117 0.338518 0.941789
v -0.283410 0.325574 0.918159
v -0.103009 0.316588 0.971535
v -0.035834 0.291452 0.986083
v -0.035442 0.357381 0.962824
v -0.283150 0.397114 0.888407
v 0.103091 0.425880 0.933203
v 0.127173 0.433872 0.926030
v 0.237104 0.384243 0.932054
v 0.221442 0.450699 0.903988
v 0.280608 0.374604 0.920268
v -0.123092 0.309026 0.930628
v 0.281811 0.450202 0.884869
v 0.039058 0.330138 0.974545
v -0.127522 0.322628 0.965148
v -0.229677 0.311007 0.906047
v -0.198416 0.245144 0.935924
v -0.033699 0.261847 0.956404
v 0.282026 0.371569 0.920540
v 0.039711 0.316861 0.980231
v 0.100908 0.330569 0.932789
v 0.123257 0.340155 0.927375
v 0.229169 0.357635 0.903140
v -0.034860 0.195669 0.973229
v -0.100120 0.221033 0.961427
v -0.126424 0.296725 0.934945
v 0.101095 0.266013 0.954567
v 0.039032 0.243828 1.001917
v 0.037667 0.233662 0.966385
v 0.038207 0.305034 0.944538
v 0.226050 0.289102 0.929763
v 0.122723 0.274345 0.951396
v 0.126377 0.284588 0.985756
v 0.273948 0.358069 0.888252
v -0.275096 0.306368 0.888259
v -0.275353 0.233891 0.910760
v 0.272577 0.281345 0.917214
v -0.128193 0.239714 0.991370
v 0.103675 0.342274 0.967966
v 0.103456 0.277838 0.990769
v 0.209300 0.300342 0.970837
v -0.283344 0.242822 0.945059
v -0.283284 0.317312 0.921246
v -0.233900 0.323199 0.942246
v -0.128357 0.307225 0.971502
v -0.102894 0.229785 0.996935
v -0.102225 0.294502 0.978636
v -0.035845 0.204461 1.009948
v -0.035442 0.272051 0.992339
v -0.247218 0.253291 0.959057
v 0.128119 0.353445 0.962285
v 0.233550 0.370185 0.939119
v 0.281239 0.293722 0.952278
v -0.100127 0.283542 0.942522
v -0.123095 0.226632 0.956082
v -0.228681 0.231474 0.931859
v -0.197919 0.162604 0.956193
v -0.033706 0.177243 0.977794
v -0.100101 0.200736 0.965609
v -0.103141 0.208344 1.001334
v 0.039617 0.229812 1.006014
v 0.038213 0.221502 0.969591
v 0.100807 0.247332 0.961058
v 0.126891 0.265940 0.990499
v 0.124472 0.259011 0.955414
v 0.233136 0.278328 0.931659
v -0.125275 0.212265 0.960110
v -0.099778 0.135898 0.979021
v -0.034724 0.109997 0.988341
v 0.100671 0.181377 0.975926
v 0.039040 0.155197 1.021175
v 0.219552 0.207501 0.954807
v 0.127003 0.198156 1.010406
v 0.273679 0.221824 0.934375
v 0.274016 0.278552 0.917490
v -0.275104 0.227969 0.913565
v -0.275353 0.153572 0.929726
v 0.251382 0.204890 0.946031
v -0.127485 0.149526 1.010637
v 0.103534 0.189852 1.013378
v 0.103230 0.257395 0.997009
v -0.283277 0.235794 0.947931
v -0.237389 0.240111 0.967670
v -0.128737 0.221458 0.996313
v -0.102818 0.142246 1.015452
v -0.035891 0.115777 1.026532
v -0.035481 0.184909 1.014061
v -0.188886 0.166596 0.995504
v 0.037614 0.149439 0.985095
v 0.218627 0.286877 0.973767
v 0.236513 0.217148 0.988540
v -0.123149 0.142399 0.974302
v 0.281210 0.207209 0.975622
v 0.122430 0.189428 0.973347
v 0.281210 0.206011 0.968856
v -0.282988 0.162813 0.965078
v 0.281847 0.288883 0.954081
v -0.230257 0.149607 0.949994
v -0.124268 0.127320 0.977328
v -0.205198 0.078687 0.966651
v -0.123220 0.057074 0.985098
v -0.033952 0.091735 0.991264
v -0.100061 0.115978 0.981456
v -0.102919 0.120208 1.017953
v 0.100599 0.162806 0.980506
v -0.275252 0.071628 0.941797
v -0.100098 0.050249 0.988777
v 0.039057 0.065860 1.033098
v 0.038149 0.136205 0.987269
v 0.175831 0.116957 0.979765
v 0.268740 0.120798 0.959355
v 0.126380 0.108065 1.024143
v 0.122513 0.102658 0.987659
v 0.274018 0.168801 0.946651
v -0.128251 0.063567 1.021604
v 0.103531 0.101065 1.027679
v 0.039705 0.141577 1.024587
v 0.168365 0.134587 1.017094
v 0.123395 0.173838 0.976650
v 0.250392 0.198050 0.949619
v -0.236812 0.154711 0.987228
v -0.102870 0.053483 1.026060
v -0.248371 0.082527 0.991832
v -0.128100 0.131444 1.014634
v 0.233778 0.129366 1.006220
v 0.281486 0.205732 0.977930
v 0.128944 0.181876 1.013756
v 0.281907 0.204286 0.968674
v -0.275074 0.146475 0.932284
v -0.034650 0.023127 0.996727
v 0.100944 0.095740 0.989901
v 0.038048 0.062169 0.996407
v -0.283360 0.074462 0.977596
v -0.035761 0.095337 1.028950
v -0.283187 0.152226 0.966139
v -0.035617 0.026054 1.034983
v 0.103247 0.169609 1.016601
v 0.281710 0.121707 0.992745
v -0.214097 0.064716 0.966458
v -0.200487 -0.006429 0.973261
v -0.123173 -0.029010 0.987921
v 0.039670 0.051497 1.034724
v 0.123375 0.088546 0.989426
v 0.227886 0.110816 0.971250
v -0.275343 -0.010637 0.946467
v -0.275005 0.065355 0.943406
v -0.100090 -0.036292 0.991789
v -0.123284 0.039855 0.985896
v 0.101298 0.009540 0.997190
v 0.103717 0.011012 1.035416
v 0.037844 -0.024666 1.000002
v 0.244166 0.038812 0.974950
v 0.126280 0.018517 1.031705
v 0.122764 0.017958 0.996161
v 0.273807 0.056458 0.962866
v 0.274061 0.115429 0.956025
v -0.127832 -0.025677 1.025492
v -0.033813 0.004784 0.997757
v 0.177844 0.032743 1.026270
v -0.283118 0.068615 0.977814
v -0.236861 0.067627 0.997766
v -0.246200 -0.004001 0.999084
v -0.102877 -0.036712 1.028491
v -0.127491 0.041126 1.023203
v -0.035881 -0.064387 1.035183
v -0.102871 0.030755 1.027211
v -0.035443 0.005256 1.035000
v -0.169516 0.056375 1.015646
v 0.038273 0.049726 0.997532
v 0.127323 0.090010 1.026580
v 0.243837 0.040665 1.013199
v 0.226827 0.113977 1.010591
v 0.281513 0.119981 0.992568
v -0.100127 0.029256 0.989886
v -0.034260 -0.064036 0.997201
v 0.099879 0.077128 0.992075
v -0.283320 -0.011165 0.981786
v 0.039256 -0.024553 1.036700
v 0.103047 0.080424 1.029029
v 0.282498 0.034559 0.998310
v -0.231009 -0.018406 0.965493
v -0.199812 -0.090706 0.971054
v -0.033729 -0.082596 0.996261
v 0.100811 -0.009295 0.997839
v 0.103745 -0.009666 1.034296
v 0.039580 -0.039099 1.036961
v 0.038191 -0.037815 0.999851
v 0.247191 0.029547 0.974486
v -0.124036 -0.042933 0.988467
v -0.275170 -0.017235 0.946877
v -0.100127 -0.056850 0.990742
v 0.101165 -0.077746 0.996169
v 0.039281 -0.115145 1.032762
v 0.126851 -0.071358 1.033061
v 0.123308 0.001972 0.995581
v 0.274076 0.006074 0.965750
v -0.275244 -0.093123 0.944327
v 0.272846 -0.050813 0.966097
v -0.128193 -0.115127 1.021320
v 0.103467 -0.076567 1.034952
v 0.216963 -0.047787 0.982891
v -0.283284 -0.018185 0.982230
v -0.232325 -0.019494 1.004493
v -0.168353 -0.032909 1.018818
v -0.127535 -0.048259 1.024929
v -0.102902 -0.126253 1.023710
v -0.035832 -0.153957 1.027070
v -0.035450 -0.085213 1.033620
v -0.102856 -0.058787 1.027889
v -0.248602 -0.091253 0.995182
v 0.037846 -0.111836 0.996307
v 0.122724 -0.070236 0.995648
v 0.281316 -0.052795 1.002949
v 0.235244 -0.047052 1.017433
v 0.231240 0.025786 1.017947
v -0.034530 -0.150659 0.989418
v -0.123639 -0.115162 0.983862
v -0.283291 -0.096738 0.979136
v 0.127170 0.000570 1.032346
v -0.229806 -0.102930 0.962527
v -0.167178 -0.115630 0.976417
v -0.208501 -0.174364 0.959469
v -0.123671 -0.200365 0.972528
v -0.100182 -0.143015 0.984070
v -0.099750 -0.208706 0.974363
v 0.039651 -0.129416 1.032047
v 0.126873 -0.090220 1.029722
v 0.123184 -0.085829 0.994164
v 0.214014 -0.132770 0.977662
v 0.100884 -0.164496 0.987680
v 0.039111 -0.204590 1.021291
v 0.126503 -0.161328 1.023058
v 0.273677 -0.134710 0.960539
v -0.275118 -0.175349 0.934670
v -0.128011 -0.203773 1.010122
v -0.033777 -0.169338 0.987232
v -0.034568 -0.175386 1.023992
v 0.100358 -0.096550 0.994716
v 0.103375 -0.100248 1.032673
v 0.168466 -0.132971 1.023392
v 0.270459 -0.052146 0.968633
v -0.275164 -0.099758 0.944335
v -0.283193 -0.102733 0.979073
v -0.230764 -0.106657 0.999979
v -0.247236 -0.177699 0.986746
v -0.128930 -0.136549 1.019956
v -0.036216 -0.242656 1.012378
v -0.102950 -0.148478 1.021237
v -0.123199 -0.132406 0.982070
v 0.037672 -0.198145 0.984858
v 0.122464 -0.156819 0.987742
v 0.038221 -0.124841 0.995041
v 0.212241 -0.065595 1.022031
v 0.234895 -0.135675 1.011599
v 0.281877 -0.056452 1.002952
v -0.034704 -0.236318 0.975412
v 0.103784 -0.170014 1.023672
v -0.283247 -0.181836 0.969126
v -0.102771 -0.215360 1.011088
v 0.281792 -0.139875 0.996340
v -0.229084 -0.186317 0.951960
v -0.189551 -0.261479 0.946123
v -0.123633 -0.284350 0.953066
v -0.102902 -0.236529 1.006136
v -0.100125 -0.228310 0.969931
v 0.039651 -0.218953 1.018827
v 0.038219 -0.211100 0.982449
v 0.127359 -0.178005 1.021312
v 0.123136 -0.171800 0.985060
v 0.230009 -0.144417 0.972726
v -0.168361 -0.200002 0.964409
v -0.274629 -0.254575 0.919717
v -0.100124 -0.292373 0.954782
v -0.033831 -0.254184 0.970534
v 0.103467 -0.258701 1.008394
v 0.037654 -0.283259 0.965862
v 0.122465 -0.242154 0.971308
v 0.273962 -0.136738 0.960094
v 0.272498 -0.217949 0.947188
v -0.127520 -0.293317 0.988871
v -0.034259 -0.320252 0.952685
v 0.100865 -0.249782 0.971572
v 0.039236 -0.292747 1.001769
v 0.217526 -0.218164 0.963544
v 0.126810 -0.249418 1.007849
v -0.275514 -0.181871 0.934287
v -0.283609 -0.188876 0.968424
v -0.235691 -0.193419 0.988547
v -0.128172 -0.222447 1.006387
v -0.282117 -0.262632 0.954614
v -0.102987 -0.301399 0.990954
v -0.035867 -0.330777 0.988652
v -0.035409 -0.263022 1.007234
v -0.123083 -0.218407 0.968839
v 0.103555 -0.190304 1.021585
v 0.232819 -0.224116 0.998394
v 0.233650 -0.151413 1.010057
v 0.281740 -0.142494 0.996041
v 0.100535 -0.183462 0.984199
v -0.181390 -0.273605 0.984179
v 0.281626 -0.226507 0.981895
v -0.216899 -0.269854 0.937816
v -0.183422 -0.344122 0.922817
v -0.100120 -0.311907 0.948458
v -0.102908 -0.322899 0.983605
v 0.039695 -0.306974 0.998179
v 0.100894 -0.333616 0.948304
v 0.100786 -0.268207 0.967478
v 0.126887 -0.267866 1.002552
v 0.123253 -0.257519 0.968431
v 0.229198 -0.228885 0.958487
v -0.123158 -0.301434 0.947833
v -0.100336 -0.374847 0.928298
v -0.034706 -0.401794 0.923095
v 0.103463 -0.345660 0.984065
v 0.126308 -0.336732 0.983885
v 0.122356 -0.325739 0.949236
v -0.274867 -0.333845 0.895964
v -0.127494 -0.378905 0.961276
v 0.274308 -0.220243 0.946512
v 0.039305 -0.378999 0.974497
v 0.167681 -0.309369 0.988802
v -0.283093 -0.270927 0.951759
v -0.239598 -0.347421 0.948105
v -0.175434 -0.360773 0.959038
v -0.127496 -0.312612 0.983571
v -0.176055 -0.292294 0.980619
v -0.102676 -0.387850 0.962655
v -0.035844 -0.415803 0.958123
v -0.035425 -0.350333 0.982449
v 0.037669 -0.366557 0.939545
v 0.228018 -0.298690 0.941443
v 0.282328 -0.229924 0.982189
v 0.234534 -0.309523 0.976872
v 0.215498 -0.241780 0.998823
v -0.275077 -0.263622 0.916852
v -0.123237 -0.366712 0.926725
v 0.038230 -0.296054 0.962232
v 0.281210 -0.311301 0.960302
v -0.033654 -0.338734 0.947311
v 0.273491 -0.300338 0.925738
v -0.283383 -0.347610 0.926781
v 0.103629 -0.278889 1.002895
v -0.184753 -0.423012 0.891378
v -0.034538 -0.418873 0.915754
v 0.273373 -0.302251 0.925374
v -0.100072 -0.394010 0.919789
v 0.039577 -0.392857 0.969385
v 0.100827 -0.350901 0.942444
v 0.219846 -0.313398 0.938775
v -0.124061 -0.379613 0.922396
v -0.231707 -0.348576 0.908746
v -0.275105 -0.341243 0.892050
v -0.034237 -0.481138 0.886971
v 0.100726 -0.415090 0.917286
v 0.039335 -0.462690 0.939470
v 0.037655 -0.446444 0.906229
v 0.240261 -0.379495 0.910446
v 0.172498 -0.392474 0.919197
v 0.122636 -0.408156 0.918302
v -0.275200 -0.410682 0.865220
v -0.127546 -0.461316 0.926925
v 0.103467 -0.429756 0.952538
v 0.126601 -0.421065 0.953772
v -0.190101 -0.438199 0.924317
v -0.183077 -0.375570 0.953218
v -0.127483 -0.396494 0.954787
v -0.282775 -0.424641 0.898020
v -0.243223 -0.360473 0.941345
v -0.102837 -0.470246 0.926817
v -0.035771 -0.497895 0.921043
v -0.102842 -0.408029 0.953707
v 0.103835 -0.364428 0.976933
v 0.127776 -0.354090 0.979446
v 0.233951 -0.393855 0.948486
v 0.232568 -0.324142 0.972457
v 0.281458 -0.393965 0.933638
v -0.123273 -0.446246 0.893544
v 0.038188 -0.379026 0.934897
v -0.100080 -0.453776 0.893739
v 0.123014 -0.341609 0.943759
v 0.273472 -0.380427 0.898681
v -0.035718 -0.434564 0.950266
v -0.283104 -0.354751 0.925712
v 0.281786 -0.312769 0.959586
v -0.215147 -0.429775 0.881077
v -0.196154 -0.495717 0.852497
v -0.102818 -0.489156 0.916824
v -0.100126 -0.472328 0.883910
v 0.038192 -0.458934 0.900373
v 0.039463 -0.475959 0.933477
v 0.099996 -0.431946 0.910087
v 0.122773 -0.439034 0.905513
v 0.126847 -0.437822 0.945086
v 0.174317 -0.424255 0.904268
v 0.155495 -0.425034 0.940243
v 0.176194 -0.405486 0.912773
v 0.274552 -0.381382 0.898690
v -0.123181 -0.461376 0.885647
v -0.100148 -0.529649 0.852788
v -0.034898 -0.556575 0.843220
v -0.033606 -0.498391 0.878309
v 0.101387 -0.493225 0.880399
v 0.039509 -0.542794 0.897907
v 0.037812 -0.524367 0.865587
v 0.226594 -0.459437 0.878644
v 0.126879 -0.502465 0.916433
v 0.272675 -0.456554 0.864612
v -0.275035 -0.418210 0.861572
v -0.127554 -0.540392 0.885196
v 0.104188 -0.509974 0.914255
v -0.236799 -0.443788 0.910538
v -0.182482 -0.519397 0.885800
v -0.128112 -0.476023 0.920648
v -0.282733 -0.501469 0.859876
v -0.103011 -0.548779 0.885049
v -0.035834 -0.576110 0.875270
v -0.035413 -0.515907 0.910797
v 0.281283 -0.472338 0.897135
v 0.229642 -0.408386 0.943703
v 0.282366 -0.397383 0.930865
v 0.235200 -0.475185 0.911953
v -0.275059 -0.485686 0.826274
v -0.123398 -0.522227 0.852978
v 0.123818 -0.485076 0.883680
v 0.102869 -0.448809 0.943733
v -0.283244 -0.433362 0.893380
v -0.230763 -0.501080 0.839387
v -0.184694 -0.572002 0.808484
v -0.123715 -0.594607 0.806672
v -0.100167 -0.547813 0.841714
v 0.038195 -0.535935 0.859102
v 0.127038 -0.518247 0.905940
v 0.208819 -0.474332 0.875657
v -0.174290 -0.516676 0.845721
v -0.122945 -0.537957 0.843684
v -0.100036 -0.602644 0.805114
v 0.100639 -0.510315 0.872145
v 0.101081 -0.568061 0.835429
v 0.103549 -0.589075 0.867596
v 0.037778 -0.597860 0.818723
v 0.238981 -0.532338 0.835264
v 0.122430 -0.561204 0.837944
v 0.273716 -0.457645 0.862726
v -0.127453 -0.615493 0.836983
v -0.033739 -0.572707 0.833529
v 0.039618 -0.555431 0.890631
v 0.103238 -0.529833 0.903909
v 0.127366 -0.580306 0.872317
v -0.235201 -0.521571 0.870835
v -0.131525 -0.553646 0.877767
v -0.249510 -0.579780 0.827890
v -0.283518 -0.510822 0.854048
v -0.102931 -0.623961 0.835433
v -0.035841 -0.650149 0.824342
v -0.035434 -0.593582 0.864381
v -0.102856 -0.567816 0.872632
v -0.186144 -0.593551 0.838876
v 0.239855 -0.552479 0.868040
v 0.224616 -0.490987 0.906982
v 0.176693 -0.545159 0.841073
v 0.281132 -0.550479 0.854295
v -0.274891 -0.555009 0.784887
v 0.281995 -0.476074 0.895105
v -0.275126 -0.492693 0.823458
v 0.273305 -0.531035 0.823508
v -0.034260 -0.628440 0.793756
v 0.122934 -0.501146 0.873778
v -0.283099 -0.576719 0.811517
v 0.039256 -0.618775 0.848739
v -0.231511 -0.572184 0.794233
v -0.124020 -0.608055 0.797745
v -0.208120 -0.633763 0.755739
v -0.123366 -0.662790 0.753957
v 0.103533 -0.600697 0.850168
v -0.100120 -0.670702 0.751789
v -0.100107 -0.618983 0.793220
v 0.039579 -0.626482 0.835582
v 0.039659 -0.631104 0.841050
v 0.104196 -0.657790 0.809093
v 0.122967 -0.574584 0.828822
v 0.038955 -0.688088 0.790170
v 0.239960 -0.602895 0.788445
v 0.273771 -0.580955 0.789213
v 0.274132 -0.532076 0.821664
v -0.275052 -0.622558 0.733974
v -0.127540 -0.686132 0.782338
v -0.033637 -0.643617 0.782393
v 0.103527 -0.662268 0.814920
v 0.166852 -0.643340 0.821965
v 0.220443 -0.546139 0.831922
v -0.236452 -0.595105 0.823686
v -0.169626 -0.615223 0.829374
v -0.218533 -0.655506 0.784098
v -0.283208 -0.583505 0.808710
v -0.127491 -0.631539 0.825382
v -0.102892 -0.694498 0.780081
v -0.035345 -0.667433 0.811635
v -0.102886 -0.642038 0.821856
v 0.103621 -0.607165 0.855430
v 0.128101 -0.595279 0.860980
v 0.233551 -0.566617 0.861316
v 0.122654 -0.632273 0.789230
v 0.241677 -0.625509 0.818139
v 0.281535 -0.551974 0.853253
v -0.275212 -0.561728 0.779153
v -0.034736 -0.695148 0.738213
v 0.281210 -0.617864 0.798761
v 0.126370 -0.655123 0.817498
v 0.281216 -0.622473 0.804466
v -0.035860 -0.719139 0.766523
v -0.282925 -0.643943 0.761330
v -0.229235 -0.640203 0.743661
v -0.196373 -0.700060 0.701235
v 0.103770 -0.677482 0.801384
v -0.100127 -0.686514 0.738169
v 0.038202 -0.677177 0.756992
v 0.100862 -0.653749 0.774236
v 0.123176 -0.644112 0.779302
v 0.215578 -0.674139 0.737397
v -0.123989 -0.673728 0.744888
v -0.100076 -0.733774 0.692283
v 0.100749 -0.705031 0.728301
v 0.039095 -0.757417 0.732302
v 0.038060 -0.731324 0.706751
v 0.122458 -0.697814 0.732423
v 0.273914 -0.647721 0.737271
v 0.274101 -0.620731 0.759084
v -0.275216 -0.683590 0.678641
v 0.251382 -0.667144 0.730055
v -0.127489 -0.751853 0.721696
v -0.033681 -0.709051 0.725380
v 0.039682 -0.702144 0.784845
v 0.103452 -0.731017 0.756962
v 0.127058 -0.723222 0.762202
v 0.249200 -0.608173 0.780286
v -0.275204 -0.628409 0.729976
v -0.283338 -0.650929 0.756241
v -0.236487 -0.664689 0.771011
v -0.129773 -0.698903 0.772335
v -0.249888 -0.714931 0.718625
v -0.035852 -0.783524 0.703306
v -0.102923 -0.711309 0.764802
v -0.035417 -0.734821 0.752437
v -0.102384 -0.760394 0.718024
v -0.188910 -0.729633 0.726958
v 0.127071 -0.668929 0.806116
v 0.229584 -0.639880 0.811993
v 0.241768 -0.694487 0.762570
v 0.281892 -0.626076 0.802982
v 0.281907 -0.618833 0.797324
v -0.034397 -0.756686 0.676392
v -0.123266 -0.726332 0.695365
v 0.281210 -0.685194 0.743942
v -0.283166 -0.709195 0.703295
v 0.281216 -0.690282 0.749223
v -0.230189 -0.702403 0.687146
v -0.123888 -0.737483 0.684301
v -0.205151 -0.756636 0.638737
v -0.123304 -0.783787 0.631471
v -0.033685 -0.769599 0.662998
v 0.038189 -0.740317 0.697910
v 0.281907 -0.686439 0.742765
v 0.039679 -0.767629 0.722992
v 0.100789 -0.718661 0.715705
v 0.126792 -0.736262 0.746105
v -0.275089 -0.687971 0.674291
v -0.034847 -0.812470 0.610488
v -0.099973 -0.791024 0.628554
v -0.100127 -0.747414 0.677294
v 0.101186 -0.765917 0.666175
v 0.039057 -0.818326 0.665909
v 0.037727 -0.790015 0.642297
v 0.272375 -0.724729 0.667356
v 0.122280 -0.759768 0.670260
v 0.274206 -0.688551 0.700638
v -0.275165 -0.740561 0.618987
v -0.127545 -0.811550 0.656180
v 0.103237 -0.747413 0.741030
v 0.127229 -0.786928 0.698143
v 0.248029 -0.674639 0.726860
v -0.229145 -0.731646 0.712854
v -0.129657 -0.763957 0.710328
v -0.283132 -0.768064 0.641868
v -0.102776 -0.819974 0.651686
v -0.035858 -0.841976 0.634247
v -0.035442 -0.797798 0.687467
v -0.102856 -0.775052 0.702095
v -0.234836 -0.778089 0.660016
v -0.283218 -0.714127 0.699213
v 0.223980 -0.709811 0.755549
v 0.176816 -0.744918 0.677422
v 0.242188 -0.758083 0.701881
v 0.123081 -0.709769 0.722511
v 0.103597 -0.794149 0.691429
v 0.281224 -0.753045 0.688755
v 0.282416 -0.693670 0.747067
v -0.227006 -0.760720 0.625547
v -0.197677 -0.811536 0.572929
v -0.123245 -0.836104 0.562839
v -0.100118 -0.804226 0.612397
v -0.034404 -0.863479 0.539871
v 0.038105 -0.798505 0.632132
v 0.100639 -0.778381 0.652254
v 0.126878 -0.798572 0.681215
v 0.123295 -0.770230 0.659593
v 0.219735 -0.791208 0.613088
v -0.123575 -0.794412 0.619192
v -0.100053 -0.843045 0.559095
v 0.101187 -0.821107 0.598945
v 0.037611 -0.843391 0.573064
v 0.122392 -0.815320 0.604857
v 0.274086 -0.727419 0.662791
v -0.274990 -0.745131 0.614448
v -0.275201 -0.791302 0.553615
v 0.272522 -0.780884 0.600637
v -0.127757 -0.864704 0.586473
v 0.039558 -0.828068 0.655133
v 0.103686 -0.851620 0.621495
v 0.127232 -0.845635 0.628452
v 0.227871 -0.741984 0.667826
v -0.282973 -0.773265 0.636287
v -0.237921 -0.788582 0.647894
v -0.131868 -0.822393 0.643567
v -0.102821 -0.873662 0.579784
v -0.035462 -0.855518 0.617387
v -0.102798 -0.833639 0.633824
v 0.103062 -0.808040 0.675214
v 0.235933 -0.817760 0.635777
v 0.220611 -0.773938 0.692779
v -0.033694 -0.824528 0.595185
v 0.281792 -0.755758 0.686021
v -0.283388 -0.820575 0.573554
v 0.039069 -0.873254 0.594616
v -0.247522 -0.829624 0.588685
v -0.035452 -0.894053 0.559845
v 0.281383 -0.810263 0.622041
v -0.229452 -0.810937 0.558535
v -0.227766 -0.850797 0.498960
v -0.171808 -0.866043 0.499709
v -0.123323 -0.881946 0.489810
v -0.100077 -0.854140 0.541695
v -0.099971 -0.888672 0.485818
v 0.038218 -0.850438 0.562620
v 0.123111 -0.824696 0.590452
v 0.206542 -0.802896 0.603265
v -0.123688 -0.845112 0.549834
v -0.034458 -0.906792 0.464253
v 0.037696 -0.889946 0.499662
v 0.101196 -0.870371 0.527479
v 0.103710 -0.902443 0.546982
v 0.226557 -0.839898 0.544695
v 0.122488 -0.865259 0.533307
v 0.273431 -0.781782 0.598524
v -0.127459 -0.913647 0.508251
v -0.033822 -0.873912 0.524040
v 0.039690 -0.881943 0.582849
v 0.126553 -0.896230 0.553759
v -0.274986 -0.795696 0.549163
v -0.238827 -0.841728 0.578682
v -0.128623 -0.876010 0.570886
v -0.207342 -0.888872 0.520885
v -0.283240 -0.866981 0.503630
v -0.102818 -0.920966 0.503237
v -0.035837 -0.939667 0.481970
v -0.035451 -0.905376 0.542632
v -0.102911 -0.885499 0.560997
v 0.103070 -0.863986 0.604182
v 0.127156 -0.855438 0.611778
v 0.231627 -0.871098 0.565194
v 0.230001 -0.829115 0.624549
v 0.280988 -0.862017 0.551763
v -0.275301 -0.836898 0.485046
v 0.282272 -0.812238 0.619340
v 0.100602 -0.832773 0.583578
v 0.273470 -0.831341 0.532126
v 0.039154 -0.921995 0.518067
v -0.283187 -0.824581 0.567909
v -0.228792 -0.857707 0.487671
v -0.181214 -0.903373 0.425978
v -0.123839 -0.921080 0.413265
v 0.273514 -0.831920 0.530644
v 0.038200 -0.896523 0.488138
v -0.123505 -0.889149 0.477771
v -0.100014 -0.927363 0.408846
v -0.100127 -0.897988 0.466978
v -0.033558 -0.915990 0.447389
v -0.034746 -0.943721 0.385635
v 0.101344 -0.913200 0.451641
v 0.039136 -0.963645 0.437683
v 0.037634 -0.929928 0.422681
v 0.207822 -0.888670 0.471459
v 0.122955 -0.873093 0.518146
v 0.273170 -0.874165 0.460178
v -0.274809 -0.876417 0.414304
v -0.127501 -0.954682 0.429156
v 0.039660 -0.929295 0.505443
v 0.103709 -0.947236 0.468825
v 0.195819 -0.854728 0.531581
v -0.275293 -0.840829 0.479781
v -0.283458 -0.871570 0.496140
v -0.240590 -0.888535 0.505379
v -0.129780 -0.922109 0.494929
v -0.207717 -0.930418 0.443541
v -0.102822 -0.961419 0.423099
v -0.035302 -0.950418 0.463755
v -0.102747 -0.931566 0.483579
v 0.103002 -0.913358 0.528806
v 0.127211 -0.905958 0.536924
v 0.122600 -0.908497 0.457086
v 0.229204 -0.880520 0.552258
v 0.100115 -0.880322 0.511359
v 0.282395 -0.862899 0.548153
v -0.035865 -0.977811 0.400078
v 0.236372 -0.915984 0.488780
v 0.281157 -0.907112 0.476907
v 0.126772 -0.941867 0.475558
v -0.282972 -0.907729 0.428222
v -0.218860 -0.899486 0.414551
v -0.205625 -0.930852 0.349706
v -0.123642 -0.953714 0.333503
v -0.033977 -0.950582 0.368433
v -0.100128 -0.935599 0.389345
v 0.039638 -0.970168 0.424711
v 0.100781 -0.922343 0.434009
v 0.038180 -0.935452 0.410545
v -0.123132 -0.928229 0.397284
v -0.100153 -0.959351 0.328296
v 0.100525 -0.949016 0.372009
v 0.227348 -0.922034 0.393015
v 0.274233 -0.874512 0.457874
v -0.275099 -0.880110 0.406023
v -0.275318 -0.908287 0.336273
v 0.272497 -0.910936 0.384474
v -0.127506 -0.988604 0.346456
v -0.034499 -0.974081 0.303706
v 0.103625 -0.984267 0.386260
v 0.126607 -0.978870 0.394488
v 0.227468 -0.890385 0.459203
v -0.283272 -0.911877 0.420436
v -0.239750 -0.929265 0.427914
v -0.129751 -0.961976 0.414877
v -0.212326 -0.964448 0.363030
v -0.283273 -0.941512 0.349736
v -0.102917 -0.994535 0.340389
v -0.035900 -1.009364 0.315806
v -0.102952 -0.970118 0.402607
v -0.035431 -0.986609 0.381450
v 0.037612 -0.963654 0.342262
v 0.103010 -0.955764 0.449814
v 0.127219 -0.949308 0.458109
v 0.234516 -0.955892 0.408267
v 0.122644 -0.944995 0.380471
v 0.282508 -0.907814 0.472781
v 0.227410 -0.925868 0.475230
v 0.123251 -0.915360 0.444294
v 0.039165 -0.998136 0.354654
v 0.281333 -0.944219 0.397229
v -0.230050 -0.928932 0.336173
v -0.209043 -0.956759 0.269317
v -0.123403 -0.979276 0.250865
v -0.033817 -0.979837 0.285783
v 0.100625 -0.956507 0.355141
v 0.122417 -0.975309 0.297589
v 0.126792 -0.984767 0.375106
v 0.223552 -0.928109 0.382111
v -0.102880 -1.019896 0.254120
v -0.100047 -0.984668 0.244900
v 0.100729 -0.977807 0.290008
v 0.037762 -0.989530 0.258518
v 0.038196 -0.967916 0.329138
v 0.219503 -0.954442 0.315750
v 0.126602 -1.009580 0.308571
v 0.274026 -0.911568 0.382200
v -0.275127 -0.911406 0.329917
v -0.167734 -0.984394 0.339888
v 0.039718 -1.003653 0.340657
v 0.103672 -1.014186 0.301648
v -0.275115 -0.934836 0.257994
v -0.283095 -0.945079 0.341475
v -0.240421 -0.963336 0.347126
v -0.127478 -0.994934 0.327587
v -0.102429 -1.002012 0.318411
v -0.035459 -1.017564 0.294904
v -0.035886 -1.032616 0.228929
v -0.099860 -0.966278 0.307781
v -0.123734 -0.959514 0.318364
v 0.103003 -0.991647 0.366318
v 0.230454 -0.988754 0.326380
v 0.281986 -0.946742 0.394191
v 0.214261 -0.967445 0.393809
v 0.281210 -0.975099 0.315409
v -0.034393 -0.996601 0.219460
v 0.123086 -0.950393 0.363608
v 0.272725 -0.940830 0.304475
v -0.283238 -0.968982 0.266616
v -0.128651 -1.014647 0.264490
v 0.039131 -1.025536 0.267918
v -0.245644 -0.982945 0.277842
v -0.229802 -0.954913 0.255976
v -0.181694 -0.983526 0.184134
v -0.099993 -0.989488 0.225096
v -0.100016 -1.002395 0.160470
v 0.039529 -1.029557 0.253903
v 0.100491 -0.983593 0.272332
v 0.123107 -0.978759 0.282325
v -0.123875 -0.983638 0.235911
v 0.100783 -0.999394 0.205786
v 0.272523 -0.964485 0.227341
v 0.274133 -0.940697 0.303183
v -0.275028 -0.937447 0.251359
v -0.274860 -0.954617 0.179658
v -0.127534 -1.033813 0.173595
v -0.033821 -1.001467 0.201884
v 0.103621 -1.036256 0.214265
v 0.223911 -0.957788 0.301347
v -0.283194 -0.971366 0.260545
v -0.237696 -0.990805 0.263550
v -0.128210 -1.020036 0.244912
v -0.212114 -1.013273 0.194436
v -0.283160 -0.988305 0.184923
v -0.102929 -1.038930 0.167121
v -0.035856 -1.049372 0.139796
v -0.035451 -1.037768 0.208430
v -0.102661 -1.025522 0.232322
v 0.103056 -1.020593 0.280650
v 0.037777 -1.008915 0.173066
v 0.127148 -1.014506 0.290386
v 0.236476 -1.012189 0.240229
v 0.123220 -0.996919 0.216009
v 0.281759 -0.977237 0.312989
v 0.226969 -0.994745 0.311214
v 0.038202 -0.992969 0.245556
v -0.034398 -1.012699 0.133869
v -0.123425 -0.997756 0.166830
v 0.280906 -0.999000 0.233196
v 0.039587 -1.045398 0.180212
v 0.127071 -1.033743 0.222473
v -0.228686 -0.973794 0.173856
v -0.210348 -0.989167 0.103658
v -0.123254 -1.008469 0.081517
v 0.038215 -1.010750 0.160948
v -0.100120 -1.005211 0.139886
v -0.100111 -1.012634 0.075426
v 0.100719 -1.003882 0.187081
v 0.127945 -1.037421 0.205644
v 0.122962 -0.999290 0.196858
v -0.123766 -1.000641 0.151308
v -0.034791 -1.020071 0.047785
v 0.068867 -1.047259 0.104895
v 0.086896 -1.013052 0.130010
v 0.037701 -1.022472 0.094392
v 0.126527 -1.047382 0.132198
v 0.272949 -0.980227 0.141579
v 0.274220 -0.964125 0.222306
v -0.275250 -0.965357 0.095934
v -0.127745 -1.045265 0.087480
v -0.033467 -1.014995 0.115334
v 0.039691 -1.047814 0.165704
v 0.103726 -1.051208 0.124576
v 0.215395 -0.982467 0.218248
v -0.201845 -1.020429 0.175296
v -0.127521 -1.037050 0.154072
v -0.233986 -1.020577 0.107135
v -0.283089 -1.000483 0.099856
v -0.283082 -0.990806 0.177321
v -0.102943 -1.049559 0.077947
v -0.036067 -1.057670 0.050717
v -0.102857 -1.042287 0.144010
v -0.035117 -1.052778 0.118838
v 0.103070 -1.040561 0.192543
v 0.224160 -0.993831 0.147621
v 0.122476 -1.012324 0.128555
v 0.281119 -1.016021 0.145635
v 0.224910 -1.032768 0.153780
v 0.282006 -1.001030 0.229818
v -0.275083 -0.955721 0.170557
v 0.101349 -1.013992 0.121671
v 0.039138 -1.057042 0.090218
v -0.230064 -0.985220 0.090593
v -0.124183 -1.012702 -0.003148
v -0.223681 -0.990344 0.019047
v -0.100050 -1.013402 0.054039
v 0.127878 -1.051189 0.116507
v 0.122607 -1.019717 0.041504
v 0.230124 -0.994331 0.135550
v -0.173739 -0.999262 0.081569
v -0.099973 -1.015558 -0.011850
v 0.101219 -1.020632 0.033790
v 0.039143 -1.060441 -0.000769
v 0.037652 -1.023705 -0.000241
v 0.227314 -1.002604 0.063502
v -0.127478 -1.048798 -0.004570
v -0.033819 -1.021780 0.029023
v 0.039637 -1.058271 0.075740
v 0.103652 -1.058428 0.035316
v 0.123181 -1.013609 0.112257
v -0.283084 -1.002068 0.091426
v -0.241015 -1.020687 0.092232
v -0.240726 -1.023914 0.020066
v -0.129644 -1.047197 0.068611
v -0.035425 -1.058846 0.029138
v -0.035842 -1.057738 -0.040704
v -0.173221 -1.040646 0.011590
v -0.123077 -1.009611 0.063554
v 0.103068 -1.053474 0.103209
v 0.038221 -1.020933 0.074267
v 0.234064 -1.039282 0.065366
v 0.281332 -1.025066 0.059352
v -0.102458 -1.050972 0.054814
v 0.274150 -0.979870 0.139205
v -0.275126 -0.970282 0.013539
v -0.274935 -0.967071 0.088629
v 0.281638 -1.017474 0.143733
v -0.034394 -1.020468 -0.039785
v 0.100714 -1.016332 0.100893
v 0.273325 -0.988881 0.057465
v -0.283322 -1.005374 0.012899
v -0.102742 -1.052364 -0.012176
v 0.127535 -1.057602 0.043170
v -0.231384 -0.988424 0.006596
v -0.200613 -0.995009 -0.066435
v -0.100061 -1.014824 -0.032375
v 0.100429 -1.021419 0.014793
v 0.273613 -0.988693 0.055624
v 0.127889 -1.057546 0.026276
v -0.100062 -1.010784 -0.098166
v -0.034657 -1.013883 -0.126245
v 0.101156 -1.019721 -0.053813
v -0.282828 -1.004161 -0.069434
v -0.193758 -1.033168 -0.072296
v -0.127506 -1.044761 -0.093207
v -0.033813 -1.019989 -0.058385
v 0.039785 -1.061196 -0.014984
v 0.103701 -1.057360 -0.056174
v 0.226120 -1.004750 -0.021795
v 0.123114 -1.019610 0.025482
v 0.227462 -1.003225 0.050044
v -0.275110 -0.971321 0.006183
v -0.283233 -1.006200 0.006496
v -0.239923 -1.025887 0.004329
v -0.102760 -1.047605 -0.101375
v -0.036086 -1.050226 -0.130589
v -0.102921 -1.051727 -0.034962
v -0.035089 -1.057782 -0.061850
v -0.129806 -1.049473 -0.020868
v -0.123471 -1.012092 -0.020750
v 0.039092 -1.057188 -0.089733
v 0.037648 -1.020212 -0.087177
v 0.103005 -1.058801 0.013211
v 0.122578 -1.019600 -0.045973
v 0.038219 -1.023827 -0.013205
v 0.231841 -1.041964 -0.023288
v 0.281110 -1.027308 -0.027926
v 0.281199 -1.027081 0.056541
v 0.273291 -0.990254 -0.027223
v -0.123364 -1.008335 -0.090991
v -0.275277 -0.968625 -0.069030
v 0.126588 -1.055751 -0.047268
v -0.228467 -0.986604 -0.078002
v -0.222996 -0.979364 -0.148923
v -0.123696 -0.997020 -0.175010
v 0.273636 -0.989964 -0.028676
v -0.100127 -1.006329 -0.134905
v -0.068209 -1.002136 -0.150144
v -0.102952 -1.044140 -0.122847
v 0.038216 -1.018397 -0.100934
v 0.100693 -1.018920 -0.072352
v 0.122823 -1.017752 -0.063064
v 0.220037 -1.000019 -0.108794
v -0.079324 -0.998627 -0.193008
v -0.058715 -0.998883 -0.201635
v -0.102926 -1.032857 -0.161890
v -0.103642 -1.034661 -0.189541
v 0.039140 -1.045032 -0.180375
v 0.273771 -0.986001 -0.091407
v 0.251692 -0.992174 -0.091466
v -0.127535 -1.032191 -0.182311
v -0.033920 -1.046869 -0.150528
v 0.039753 -1.055822 -0.105295
v 0.103725 -1.048447 -0.145460
v 0.126982 -1.049075 -0.135845
v 0.203763 -1.008689 -0.039119
v -0.275275 -0.959090 -0.151056
v -0.205780 -1.021463 -0.156797
v -0.237075 -1.022769 -0.083190
v -0.128225 -1.043896 -0.110620
v -0.283242 -0.992967 -0.156331
v -0.282784 -1.004085 -0.079393
v 0.037654 -1.008815 -0.173618
v -0.123702 -1.006421 -0.106572
v 0.103069 -1.055759 -0.077019
v 0.101200 -1.011686 -0.140082
v 0.127314 -1.054442 -0.065748
v 0.254782 -1.030077 -0.110141
v 0.251382 -0.991440 -0.108123
v 0.281731 -1.024120 -0.069768
v 0.281944 -1.025805 -0.032261
v 0.225942 -1.042800 -0.039568
v 0.122546 -1.011362 -0.132406
v 0.272725 -0.984246 -0.111622
v 0.272725 -0.990158 -0.112655
v -0.035529 -1.035666 -0.219182
v -0.275094 -0.967633 -0.076159
v -0.232330 -0.974664 -0.160759
v -0.206457 -0.967204 -0.233605
v -0.123438 -0.977367 -0.260425
v -0.100061 -0.994154 -0.203954
v 0.274062 -0.983456 -0.112858
v 0.039678 -1.042702 -0.194810
v -0.275341 -0.941798 -0.231922
v -0.099841 -0.978627 -0.268523
v -0.033566 -0.994932 -0.230504
v 0.101084 -0.995277 -0.225513
v 0.039207 -1.025334 -0.268891
v 0.100551 -1.008951 -0.158609
v 0.229424 -0.985303 -0.191536
v -0.127548 -1.012668 -0.269460
v 0.103671 -1.032348 -0.233630
v 0.122821 -1.009063 -0.147842
v 0.228258 -0.996838 -0.120637
v -0.239044 -1.011546 -0.169364
v -0.128116 -1.030022 -0.198983
v -0.102860 -1.014217 -0.278317
v -0.102857 -1.029821 -0.212551
v -0.035419 -1.030879 -0.239586
v -0.034925 -0.977008 -0.296016
v -0.123702 -0.993401 -0.191788
v 0.103041 -1.045306 -0.166658
v 0.038125 -1.006256 -0.186650
v 0.233018 -1.022133 -0.199469
v 0.281241 -1.006721 -0.202473
v 0.281978 -1.019690 -0.119589
v 0.227016 -1.035376 -0.128008
v -0.182120 -1.008114 -0.248899
v 0.122786 -0.996122 -0.217591
v 0.038001 -0.989832 -0.258745
v 0.273450 -0.971127 -0.195020
v -0.283103 -0.992744 -0.164931
v 0.126725 -1.031943 -0.226071
v -0.282412 -0.978157 -0.238406
v -0.035454 -1.012735 -0.306781
v 0.127214 -1.044672 -0.155312
v -0.275131 -0.958027 -0.158305
v -0.231082 -0.957333 -0.243410
v -0.223902 -0.938873 -0.312668
v -0.123714 -0.951872 -0.341289
v 0.100415 -0.991340 -0.243784
v 0.273507 -0.969989 -0.195869
v -0.100091 -0.972976 -0.287754
v -0.100034 -0.951816 -0.350323
v 0.038214 -0.986283 -0.272009
v 0.101135 -0.972110 -0.309304
v 0.127549 -1.028384 -0.242449
v 0.123182 -0.992018 -0.233348
v -0.123776 -0.973013 -0.275465
v -0.275259 -0.918505 -0.311056
v 0.037606 -0.963566 -0.341875
v 0.039107 -0.998112 -0.355187
v -0.127536 -0.985308 -0.354671
v -0.033680 -0.971250 -0.314596
v 0.039723 -1.021985 -0.282565
v 0.103671 -1.008526 -0.320465
v 0.226969 -0.965499 -0.275022
v 0.126770 -1.008657 -0.312672
v 0.227859 -0.982731 -0.205091
v -0.275119 -0.940815 -0.238859
v -0.283143 -0.974811 -0.248408
v -0.239407 -0.992850 -0.254896
v -0.128223 -1.009073 -0.285679
v -0.102881 -0.986267 -0.363319
v -0.035854 -0.982020 -0.391701
v -0.102852 -1.007692 -0.299747
v -0.035407 -1.006258 -0.326252
v 0.103003 -1.026768 -0.255121
v 0.122414 -0.973822 -0.301577
v 0.230001 -1.001504 -0.286193
v 0.234040 -1.018636 -0.215097
v 0.281123 -0.985320 -0.287079
v 0.281923 -1.005609 -0.205139
v 0.273291 -0.950327 -0.276403
v -0.034393 -0.947068 -0.378240
v -0.282341 -0.953715 -0.320813
v -0.183274 -0.982287 -0.333685
v -0.231059 -0.932634 -0.323702
v -0.203860 -0.913206 -0.393632
v -0.123563 -0.945223 -0.357301
v -0.100054 -0.944027 -0.369344
v 0.100442 -0.966311 -0.327344
v -0.099941 -0.917555 -0.429900
v -0.275275 -0.887898 -0.387850
v -0.123134 -0.918114 -0.421502
v -0.034441 -0.911291 -0.457042
v 0.038154 -0.958807 -0.354425
v 0.272433 -0.924988 -0.353955
v 0.185847 -0.942102 -0.364697
v 0.274159 -0.949585 -0.277653
v -0.033822 -0.940416 -0.395169
v 0.039729 -0.993487 -0.368846
v 0.039252 -0.964488 -0.437842
v 0.103714 -0.976107 -0.405926
v 0.180410 -0.977746 -0.381675
v 0.122877 -0.968396 -0.316603
v 0.228076 -0.961176 -0.287721
v -0.275122 -0.916462 -0.318001
v -0.283157 -0.949445 -0.330746
v -0.238297 -0.967353 -0.338369
v -0.167673 -0.978238 -0.356752
v -0.127480 -0.978532 -0.372770
v -0.102466 -0.951128 -0.446101
v -0.035893 -0.944749 -0.473899
v -0.035451 -0.974037 -0.410797
v -0.102732 -0.977795 -0.384124
v 0.103042 -1.000982 -0.341279
v 0.101187 -0.941768 -0.391039
v 0.245170 -0.969271 -0.369001
v 0.281942 -0.984059 -0.290869
v 0.221375 -0.998752 -0.302899
v 0.038006 -0.930018 -0.423097
v 0.122350 -0.942018 -0.382810
v -0.282942 -0.919654 -0.403283
v 0.281216 -0.955831 -0.369884
v 0.127032 -1.001629 -0.330390
v -0.128301 -0.952441 -0.434600
v 0.126661 -0.976896 -0.397201
v -0.245386 -0.937261 -0.403643
v -0.231424 -0.900886 -0.401595
v -0.223468 -0.870817 -0.466839
v -0.123689 -0.878529 -0.497276
v 0.100151 -0.934190 -0.408358
v 0.273650 -0.921919 -0.357093
v -0.100284 -0.876825 -0.505871
v 0.127934 -0.972030 -0.412503
v -0.123685 -0.910883 -0.435947
v -0.100266 -0.907818 -0.447988
v -0.033694 -0.902247 -0.473842
v -0.127489 -0.942101 -0.453847
v 0.101161 -0.903840 -0.469349
v -0.275470 -0.850808 -0.461422
v -0.127499 -0.909437 -0.516324
v -0.168820 -0.943336 -0.438511
v 0.039607 -0.957818 -0.452371
v 0.226251 -0.903595 -0.434402
v 0.123241 -0.937177 -0.397521
v 0.227712 -0.932605 -0.368472
v -0.275279 -0.885194 -0.394461
v -0.243460 -0.932618 -0.418043
v -0.206682 -0.907350 -0.488593
v -0.102866 -0.908725 -0.524719
v -0.035855 -0.899619 -0.552052
v 0.037714 -0.890145 -0.499862
v -0.102608 -0.940830 -0.466389
v -0.035435 -0.934726 -0.491880
v -0.034671 -0.867901 -0.532759
v 0.103048 -0.967535 -0.425126
v 0.122462 -0.907009 -0.462323
v 0.038244 -0.924508 -0.434545
v 0.176423 -0.940891 -0.464350
v 0.241552 -0.933823 -0.450873
v 0.281090 -0.921209 -0.449381
v 0.281691 -0.956391 -0.372157
v 0.273287 -0.888310 -0.432938
v 0.039306 -0.922120 -0.518545
v 0.126708 -0.938708 -0.479542
v 0.103677 -0.936944 -0.487565
v -0.283013 -0.917360 -0.410368
v -0.283161 -0.881742 -0.478165
v -0.232328 -0.862401 -0.476222
v -0.186624 -0.832278 -0.547413
v -0.123242 -0.830920 -0.570768
v -0.100023 -0.865708 -0.523541
v 0.038202 -0.883264 -0.511173
v 0.039696 -0.914789 -0.531632
v 0.100732 -0.894969 -0.486494
v -0.237988 -0.823674 -0.535906
v -0.124041 -0.869559 -0.511487
v 0.101136 -0.859750 -0.544226
v 0.037744 -0.842805 -0.573967
v 0.228845 -0.862067 -0.508760
v -0.127513 -0.861514 -0.591105
v -0.033811 -0.857661 -0.548244
v 0.103661 -0.891625 -0.564451
v 0.122941 -0.899054 -0.475968
v 0.228003 -0.896956 -0.446212
v -0.236545 -0.894586 -0.497491
v -0.168773 -0.901606 -0.516578
v -0.127510 -0.899071 -0.533195
v -0.102928 -0.859388 -0.599596
v -0.035648 -0.848486 -0.625932
v -0.102594 -0.896722 -0.544431
v 0.103080 -0.926819 -0.505786
v 0.281957 -0.919029 -0.453219
v -0.275478 -0.806645 -0.532813
v 0.220722 -0.931481 -0.467344
v 0.273603 -0.887163 -0.434096
v -0.188221 -0.862945 -0.568746
v 0.122526 -0.863167 -0.536985
v 0.273306 -0.847260 -0.506859
v -0.034219 -0.818012 -0.604602
v 0.039523 -0.873828 -0.595043
v 0.281216 -0.877491 -0.526102
v 0.126934 -0.929399 -0.495164
v -0.283295 -0.877631 -0.486137
v -0.282250 -0.839055 -0.550403
v -0.035422 -0.888724 -0.569560
v 0.235560 -0.893586 -0.528179
v 0.127103 -0.894972 -0.557482
v -0.275427 -0.847472 -0.468159
v -0.229347 -0.818151 -0.548540
v -0.224399 -0.776853 -0.606495
v -0.123689 -0.779242 -0.638121
v 0.273991 -0.846150 -0.507600
v -0.100281 -0.816736 -0.595015
v -0.099952 -0.776038 -0.646553
v 0.039616 -0.865056 -0.607216
v 0.100429 -0.849494 -0.559829
v -0.275035 -0.803635 -0.536947
v 0.101144 -0.809007 -0.615014
v 0.218213 -0.816411 -0.581738
v 0.122384 -0.812222 -0.608170
v -0.033780 -0.806571 -0.618936
v 0.103712 -0.838294 -0.638855
v 0.177509 -0.846278 -0.616022
v 0.122924 -0.854244 -0.550341
v 0.227600 -0.854826 -0.520765
v -0.275308 -0.758491 -0.598649
v -0.283149 -0.832242 -0.558945
v -0.239403 -0.847564 -0.570689
v -0.102774 -0.804397 -0.670396
v -0.035937 -0.791333 -0.695832
v -0.035471 -0.835481 -0.642937
v -0.129874 -0.852156 -0.605313
v -0.123702 -0.821600 -0.583524
v 0.039195 -0.818963 -0.666466
v 0.103056 -0.879354 -0.582529
v 0.127314 -0.883614 -0.572236
v 0.241320 -0.841846 -0.602026
v 0.281067 -0.829604 -0.598385
v 0.281939 -0.876066 -0.528742
v 0.038186 -0.835419 -0.584223
v 0.273184 -0.800054 -0.576524
v -0.034735 -0.762355 -0.671056
v 0.038001 -0.789571 -0.642691
v -0.283243 -0.784042 -0.621172
v 0.126578 -0.842128 -0.631000
v -0.127848 -0.808340 -0.660277
v 0.226164 -0.886748 -0.543516
v -0.103080 -0.845986 -0.617390
v -0.246045 -0.801922 -0.626046
v -0.212137 -0.770087 -0.620626
v -0.173635 -0.724821 -0.683454
v -0.100251 -0.762628 -0.661931
v 0.100731 -0.797409 -0.630217
v 0.273529 -0.798893 -0.577707
v 0.122455 -0.757494 -0.675196
v -0.230824 -0.719491 -0.668910
v -0.123394 -0.766159 -0.651356
v -0.099857 -0.716643 -0.709937
v 0.101115 -0.752571 -0.681055
v -0.275441 -0.703069 -0.659970
v -0.033820 -0.750120 -0.684757
v 0.039764 -0.808983 -0.678197
v 0.103664 -0.780492 -0.706537
v 0.228058 -0.761250 -0.646780
v 0.227515 -0.806266 -0.591250
v -0.275353 -0.754142 -0.603329
v -0.238118 -0.794730 -0.641004
v -0.102636 -0.742335 -0.736357
v -0.127491 -0.793412 -0.677120
v -0.035852 -0.727070 -0.759436
v -0.102915 -0.788933 -0.687335
v -0.035420 -0.776958 -0.710999
v -0.169442 -0.798811 -0.660988
v 0.103073 -0.825413 -0.654914
v 0.037646 -0.731316 -0.707094
v 0.038243 -0.781489 -0.652703
v 0.127070 -0.830143 -0.645313
v 0.227863 -0.790012 -0.673386
v 0.281933 -0.826888 -0.601837
v -0.034410 -0.701185 -0.733326
v 0.124188 -0.803291 -0.619738
v -0.123255 -0.719646 -0.702457
v 0.273449 -0.746825 -0.642495
v -0.283056 -0.727299 -0.685344
v 0.281216 -0.773225 -0.666354
v -0.283085 -0.781192 -0.626744
v -0.246603 -0.743714 -0.691489
v -0.127846 -0.747842 -0.726144
v 0.227683 -0.836011 -0.615990
v 0.039061 -0.756970 -0.733702
v 0.126776 -0.784115 -0.699247
v -0.195757 -0.663915 -0.734827
v -0.033976 -0.687228 -0.744749
v -0.100004 -0.702043 -0.723498
v 0.038297 -0.721919 -0.716045
v -0.232929 -0.710691 -0.676872
v -0.034264 -0.634959 -0.789440
v 0.100968 -0.690502 -0.742222
v 0.274158 -0.745403 -0.643065
v -0.127532 -0.679900 -0.787821
v 0.100631 -0.739330 -0.695372
v 0.039783 -0.747230 -0.743687
v 0.228227 -0.701873 -0.708568
v 0.127126 -0.722506 -0.763048
v 0.122997 -0.746072 -0.686155
v 0.228158 -0.751938 -0.656765
v -0.274875 -0.698003 -0.665481
v -0.233405 -0.736596 -0.706677
v -0.128143 -0.734338 -0.739978
v -0.282437 -0.724209 -0.690939
v -0.102631 -0.675823 -0.796032
v -0.035855 -0.658123 -0.818328
v 0.037713 -0.666953 -0.766083
v -0.102585 -0.726676 -0.750941
v -0.180743 -0.687008 -0.769186
v -0.123651 -0.708326 -0.713200
v 0.127067 -0.770865 -0.713137
v 0.237608 -0.726324 -0.735452
v 0.227060 -0.779502 -0.684182
v 0.280954 -0.713938 -0.728231
v 0.281974 -0.771173 -0.669118
v 0.122514 -0.695392 -0.736152
v 0.273073 -0.687927 -0.703037
v -0.123364 -0.655842 -0.760443
v -0.275174 -0.643190 -0.716943
v -0.283145 -0.665357 -0.744048
v 0.039299 -0.690883 -0.794638
v -0.249223 -0.680593 -0.750843
v -0.035447 -0.711571 -0.773917
v 0.103593 -0.715496 -0.770100
v 0.103309 -0.765853 -0.722774
v -0.229298 -0.649182 -0.735453
v -0.236171 -0.592835 -0.777581
v -0.183147 -0.596559 -0.791837
v -0.100036 -0.636417 -0.779803
v -0.100093 -0.583615 -0.818739
v 0.100433 -0.676833 -0.754569
v 0.126863 -0.705399 -0.774839
v -0.125600 -0.643741 -0.769662
v -0.034804 -0.564149 -0.839979
v 0.101150 -0.623304 -0.797350
v 0.037609 -0.597491 -0.819178
v 0.225126 -0.636521 -0.766070
v 0.122695 -0.629973 -0.791421
v 0.274301 -0.686708 -0.703777
v 0.272607 -0.625123 -0.757539
v -0.275399 -0.577526 -0.768266
v -0.127540 -0.608861 -0.842005
v -0.033713 -0.620126 -0.800731
v 0.039802 -0.679340 -0.804459
v 0.103693 -0.646037 -0.827591
v 0.126953 -0.652309 -0.820982
v 0.123212 -0.683790 -0.746203
v 0.229717 -0.692012 -0.717052
v -0.275074 -0.638499 -0.720985
v -0.282998 -0.660614 -0.749029
v -0.240295 -0.671804 -0.763455
v -0.168698 -0.672362 -0.785738
v -0.127497 -0.664044 -0.800572
v -0.209565 -0.618361 -0.815517
v -0.283015 -0.599455 -0.796129
v -0.102921 -0.604693 -0.849252
v -0.035728 -0.584614 -0.870668
v -0.035445 -0.641364 -0.831108
v -0.102915 -0.658358 -0.808885
v 0.039555 -0.619762 -0.849845
v 0.103045 -0.699723 -0.783642
v 0.232190 -0.661020 -0.794672
v 0.282010 -0.710759 -0.731645
v 0.038048 -0.656298 -0.774728
v -0.123156 -0.587151 -0.812637
v 0.281224 -0.646668 -0.786443
v 0.220806 -0.716934 -0.749898
v -0.204127 -0.584259 -0.795344
v -0.123865 -0.515945 -0.858614
v -0.100041 -0.565961 -0.830361
v -0.099863 -0.509351 -0.865184
v -0.034268 -0.488727 -0.883479
v -0.033737 -0.547540 -0.849004
v 0.100597 -0.551244 -0.846523
v 0.100574 -0.608740 -0.808963
v -0.274964 -0.573486 -0.771563
v -0.274477 -0.509632 -0.813875
v 0.274195 -0.622818 -0.758372
v 0.039700 -0.606631 -0.858342
v 0.228362 -0.568834 -0.815633
v 0.126688 -0.577921 -0.872395
v 0.122906 -0.616099 -0.801143
v 0.228674 -0.626963 -0.772793
v -0.223022 -0.524560 -0.828334
v -0.236499 -0.602859 -0.818801
v -0.283218 -0.592978 -0.802234
v -0.102811 -0.527756 -0.897090
v -0.035400 -0.566951 -0.881801
v -0.035843 -0.506254 -0.915778
v -0.102689 -0.585270 -0.861790
v -0.174247 -0.602685 -0.837131
v -0.123144 -0.572247 -0.821741
v 0.039398 -0.543494 -0.898444
v 0.102863 -0.629205 -0.840175
v 0.037634 -0.523964 -0.866067
v 0.127051 -0.635796 -0.831959
v 0.233788 -0.589321 -0.846812
v 0.221251 -0.648518 -0.807298
v 0.281973 -0.644698 -0.788303
v 0.038333 -0.587130 -0.826539
v 0.273061 -0.555813 -0.807686
v 0.122755 -0.557285 -0.841184
v 0.281224 -0.575793 -0.837746
v -0.209572 -0.545350 -0.864152
v -0.127484 -0.533097 -0.889870
v -0.127512 -0.592028 -0.853056
v -0.283283 -0.528024 -0.843117
v 0.103922 -0.571181 -0.878204
v -0.229238 -0.511886 -0.832869
v -0.229838 -0.449006 -0.866809
v -0.174328 -0.448956 -0.881874
v -0.100017 -0.491528 -0.874445
v 0.038205 -0.512500 -0.872605
v 0.273748 -0.555034 -0.807664
v -0.102855 -0.507885 -0.907312
v -0.100126 -0.433434 -0.903352
v 0.127153 -0.561392 -0.881742
v -0.123618 -0.500667 -0.865992
v -0.275202 -0.436974 -0.852707
v -0.274870 -0.503655 -0.815977
v -0.123134 -0.438200 -0.897749
v 0.039238 -0.462343 -0.940035
v -0.127480 -0.453835 -0.930870
v -0.033820 -0.472310 -0.891925
v 0.100469 -0.535757 -0.856568
v 0.039541 -0.529475 -0.905927
v 0.103007 -0.553991 -0.889716
v 0.227397 -0.495690 -0.860079
v 0.123167 -0.543786 -0.849728
v 0.226512 -0.557153 -0.823416
v -0.235478 -0.529931 -0.866299
v -0.171460 -0.526856 -0.885210
v -0.127522 -0.515502 -0.899504
v -0.283238 -0.520471 -0.849013
v -0.102927 -0.448155 -0.937374
v 0.037646 -0.446380 -0.906525
v -0.035868 -0.425594 -0.955069
v -0.034406 -0.409845 -0.920581
v 0.181859 -0.509779 -0.905162
v 0.222867 -0.575917 -0.858119
v 0.281918 -0.573687 -0.839536
v 0.122455 -0.482496 -0.885242
v 0.101181 -0.475940 -0.889490
v 0.273401 -0.483740 -0.850975
v -0.035725 -0.488232 -0.925725
v 0.103640 -0.492622 -0.922828
v 0.126698 -0.498823 -0.917561
v -0.283134 -0.454859 -0.884019
v -0.190035 -0.466565 -0.911815
v 0.279254 -0.505090 -0.883940
v -0.220271 -0.438698 -0.875482
v -0.185547 -0.372256 -0.912294
v -0.123243 -0.357817 -0.930555
v -0.034548 -0.392865 -0.926613
v -0.099978 -0.413404 -0.911638
v 0.038069 -0.434386 -0.911762
v 0.127847 -0.485285 -0.925616
v -0.123360 -0.421246 -0.904194
v -0.100103 -0.352819 -0.935911
v 0.101186 -0.396671 -0.925026
v 0.274133 -0.482165 -0.851051
v -0.274926 -0.363080 -0.885734
v -0.128019 -0.373777 -0.964544
v -0.034318 -0.328629 -0.951275
v 0.100540 -0.459221 -0.898034
v 0.039656 -0.448883 -0.946973
v 0.228939 -0.419046 -0.897748
v 0.126964 -0.418163 -0.955650
v 0.122894 -0.467662 -0.891968
v 0.225949 -0.483158 -0.866781
v -0.274962 -0.430295 -0.856346
v -0.235619 -0.452465 -0.906918
v -0.129085 -0.437522 -0.939084
v -0.102887 -0.364555 -0.971303
v -0.035436 -0.405698 -0.962426
v 0.037591 -0.365682 -0.939943
v 0.103026 -0.474265 -0.931718
v 0.234274 -0.433838 -0.932079
v 0.281742 -0.499493 -0.884347
v -0.035896 -0.340433 -0.986064
v 0.122535 -0.403185 -0.921499
v 0.273072 -0.407419 -0.887864
v 0.281210 -0.421300 -0.920328
v -0.283418 -0.372124 -0.918255
v 0.039453 -0.379192 -0.975085
v -0.248282 -0.384365 -0.930529
v -0.102298 -0.427337 -0.946342
v 0.103675 -0.410673 -0.960440
v -0.282970 -0.445164 -0.888694
v -0.229435 -0.360276 -0.905044
v -0.224603 -0.292893 -0.928839
v -0.123729 -0.276882 -0.956058
v 0.273643 -0.406485 -0.887800
v -0.100034 -0.269289 -0.961190
v 0.038196 -0.353470 -0.944318
v 0.122821 -0.386790 -0.928063
v -0.123925 -0.343398 -0.935672
v -0.100102 -0.332496 -0.941906
v 0.101045 -0.314333 -0.954277
v -0.127505 -0.285282 -0.991530
v -0.033820 -0.310052 -0.956101
v 0.100368 -0.379368 -0.932537
v 0.103264 -0.391268 -0.968414
v 0.207077 -0.405490 -0.908206
v -0.275325 -0.282381 -0.911623
v -0.236245 -0.371439 -0.940802
v -0.129882 -0.355802 -0.970937
v -0.283021 -0.366187 -0.922205
v -0.102931 -0.278735 -0.996945
v -0.035865 -0.253633 -1.009885
v 0.037646 -0.283068 -0.966110
v -0.102782 -0.342810 -0.978126
v -0.035424 -0.320860 -0.991893
v 0.039347 -0.293333 -1.002446
v 0.232306 -0.419408 -0.938209
v 0.228628 -0.338983 -0.928744
v 0.127444 -0.401142 -0.962711
v 0.281952 -0.420030 -0.922089
v 0.235892 -0.350680 -0.963654
v -0.282927 -0.294912 -0.945514
v -0.186734 -0.301530 -0.975860
v -0.274637 -0.354643 -0.886951
v -0.034404 -0.243905 -0.973701
v 0.122668 -0.322039 -0.950474
v 0.273326 -0.329165 -0.917914
v 0.103706 -0.325210 -0.990086
v 0.281224 -0.340281 -0.952122
v 0.126733 -0.333289 -0.986730
v 0.039600 -0.365177 -0.979849
v -0.229776 -0.279993 -0.930753
v -0.123864 -0.192686 -0.974763
v -0.102566 -0.256329 -1.002455
v 0.100805 -0.296804 -0.960361
v -0.100033 -0.184569 -0.979099
v -0.100034 -0.249218 -0.965525
v 0.038192 -0.269856 -0.969361
v 0.039821 -0.278518 -1.006066
v -0.220559 -0.210837 -0.949713
v -0.274204 -0.276481 -0.912610
v -0.033817 -0.226287 -0.977705
v 0.100671 -0.230172 -0.975712
v 0.039160 -0.203656 -1.021376
v 0.274244 -0.327695 -0.917760
v 0.103680 -0.305505 -0.995147
v 0.103451 -0.238744 -1.013144
v 0.220658 -0.256065 -0.954630
v 0.127018 -0.246217 -1.009925
v 0.122895 -0.306025 -0.955534
v 0.226160 -0.325817 -0.933546
v -0.275446 -0.202111 -0.930551
v -0.282971 -0.284681 -0.948055
v -0.239154 -0.288918 -0.966395
v -0.127989 -0.268188 -0.996681
v -0.102206 -0.190796 -1.015673
v -0.035866 -0.164955 -1.026046
v -0.035478 -0.233264 -1.014227
v -0.123678 -0.260494 -0.959902
v 0.037610 -0.198164 -0.985087
v 0.231543 -0.265577 -0.989760
v 0.127375 -0.316684 -0.991411
v 0.281059 -0.256606 -0.976089
v 0.272696 -0.249034 -0.940665
v 0.281979 -0.336657 -0.953319
v 0.236744 -0.335989 -0.968417
v -0.282599 -0.211782 -0.965971
v -0.186843 -0.215510 -0.996328
v 0.122731 -0.238054 -0.973230
v -0.034404 -0.158243 -0.989193
v -0.127564 -0.197999 -1.010199
v -0.217121 -0.197577 -0.954047
v -0.196314 -0.127061 -0.968930
v 0.100347 -0.212032 -0.979774
v 0.281647 -0.254059 -0.975080
v -0.100059 -0.098955 -0.989582
v -0.100057 -0.164410 -0.982008
v -0.274855 -0.195924 -0.930900
v -0.034853 -0.072417 -0.996731
v -0.123221 -0.174056 -0.976461
v 0.101246 -0.144682 -0.990277
v 0.274299 -0.246019 -0.940694
v -0.127496 -0.109696 -1.021946
v -0.033772 -0.140122 -0.991478
v 0.103300 -0.217843 -1.016909
v 0.039579 -0.115135 -1.034030
v 0.103438 -0.149277 -1.027755
v 0.039680 -0.189744 -1.024638
v 0.219669 -0.172000 -0.971462
v 0.126507 -0.157469 -1.025134
v 0.229408 -0.244285 -0.955156
v -0.275291 -0.120554 -0.942921
v -0.237411 -0.202885 -0.986680
v -0.130045 -0.182219 -1.013826
v -0.102843 -0.101789 -1.026303
v -0.035902 -0.075501 -1.034566
v -0.035445 -0.143728 -1.028564
v 0.037614 -0.110826 -0.996666
v 0.038028 -0.184856 -0.987150
v 0.232471 -0.178624 -1.006907
v 0.234596 -0.250137 -0.992494
v 0.127954 -0.228519 -1.013482
v 0.281071 -0.171189 -0.993473
v 0.272572 -0.166103 -0.956795
v -0.282913 -0.124801 -0.977745
v -0.200484 -0.131321 -1.006922
v 0.122516 -0.151939 -0.988326
v 0.123052 -0.222879 -0.976316
v -0.123365 -0.105555 -0.985559
v -0.283179 -0.200622 -0.967283
v -0.102817 -0.168306 -1.018519
v -0.222858 -0.113745 -0.963095
v -0.178806 -0.037657 -0.978209
v 0.100435 -0.125923 -0.992766
v -0.100050 -0.012864 -0.991896
v -0.123120 -0.088055 -0.985923
v -0.230981 -0.042985 -0.965296
v -0.100147 -0.077973 -0.990282
v 0.101157 -0.057888 -0.997298
v 0.273976 -0.163770 -0.956580
v -0.127552 -0.021085 -1.025683
v -0.033821 -0.053339 -0.997441
v 0.103659 -0.059504 -1.034999
v 0.227179 -0.088123 -0.979202
v 0.127179 -0.068866 -1.033688
v 0.122965 -0.136169 -0.990028
v 0.226566 -0.159321 -0.971482
v -0.275055 -0.114096 -0.943424
v -0.237179 -0.117024 -0.998577
v -0.129173 -0.091489 -1.023863
v -0.035956 0.014922 -1.035085
v -0.102870 -0.012575 -1.029271
v 0.037698 -0.023792 -1.000446
v -0.102861 -0.079109 -1.027409
v -0.035427 -0.054034 -1.036050
v -0.034413 0.014988 -0.997586
v 0.103045 -0.128273 -1.029802
v 0.127957 -0.141812 -1.027538
v 0.233207 -0.089287 -1.016320
v 0.281018 -0.085499 -1.001984
v -0.275207 -0.037935 -0.946894
v 0.281397 -0.167540 -0.994205
v -0.282574 -0.039301 -0.983079
v -0.217294 -0.044052 -1.007474
v 0.038233 -0.098384 -0.997405
v 0.122422 -0.065327 -0.995765
v 0.272895 -0.081089 -0.965616
v -0.123665 -0.019543 -0.988384
v 0.039293 -0.024346 -1.037756
v -0.282849 -0.116041 -0.979371
v 0.039628 -0.099865 -1.035005
v -0.229390 -0.030578 -0.965529
v -0.210329 0.041250 -0.969224
v -0.123767 0.066435 -0.984145
v -0.102841 0.010483 -1.028090
v 0.100545 -0.039002 -0.997693
v 0.273994 -0.079918 -0.964941
v 0.038198 -0.010957 -1.000017
v 0.101162 0.028859 -0.996089
v 0.221840 -0.073780 -0.981095
v -0.275119 -0.031954 -0.946591
v -0.123200 -0.003440 -0.988596
v -0.100046 0.074207 -0.986778
v 0.103631 0.031141 -1.034237
v 0.122510 0.021238 -0.995675
v -0.129697 -0.003317 -1.025919
v -0.033813 0.033524 -0.996688
v 0.039745 -0.009595 -1.037706
v 0.126939 0.022745 -1.031791
v -0.275283 0.044711 -0.945138
v -0.233164 -0.028860 -1.003973
v -0.282663 -0.030432 -0.984266
v -0.102922 0.076785 -1.024515
v -0.035863 0.105452 -1.027850
v 0.037653 0.063544 -0.996585
v -0.035429 0.036137 -1.033749
v 0.103058 -0.037541 -1.035150
v 0.231448 -0.001619 -1.018766
v 0.216456 -0.072456 -1.020756
v 0.228116 -0.002471 -0.980665
v 0.281114 0.003648 -1.003973
v 0.281786 -0.080186 -1.001464
v -0.246203 0.042050 -0.996902
v 0.273181 0.003141 -0.966758
v -0.034412 0.102309 -0.990499
v 0.122992 -0.049183 -0.995692
v -0.283016 0.047873 -0.980379
v -0.127854 0.066657 -1.021918
v 0.039047 0.065725 -1.033413
v 0.127084 -0.048196 -1.033266
v -0.227844 0.054451 -0.963349
v -0.124703 0.080415 -0.983337
v -0.203769 0.126586 -0.960979
v -0.123133 0.151802 -0.972736
v -0.100119 0.094263 -0.984734
v 0.038144 0.076572 -0.995013
v 0.100735 0.047810 -0.995764
v 0.198505 0.016015 -0.986023
v 0.228056 0.084142 -0.974614
v -0.099981 0.158758 -0.974970
v -0.034437 0.187561 -0.975554
v 0.122912 0.106885 -0.988652
v 0.272957 0.086320 -0.960994
v 0.274166 0.004369 -0.966269
v -0.274826 0.051286 -0.944755
v -0.033751 0.120456 -0.987807
v 0.039647 0.081006 -1.032560
v 0.103592 0.120867 -1.025392
v 0.103150 0.052363 -1.033216
v 0.126933 0.111533 -1.025699
v -0.237447 0.057737 -0.999498
v -0.128339 0.085992 -1.020563
v -0.102813 0.166043 -1.011775
v -0.035962 0.194017 -1.012582
v 0.037639 0.149652 -0.985261
v -0.102700 0.099951 -1.021433
v -0.035404 0.126156 -1.024899
v 0.100777 0.116018 -0.987731
v 0.231761 0.087973 -1.012636
v 0.225874 0.014811 -1.019298
v 0.280385 0.089301 -0.997589
v 0.282031 0.007773 -1.003459
v -0.247463 0.128664 -0.987008
v -0.283126 0.055274 -0.980103
v -0.275056 0.126844 -0.935459
v 0.122957 0.038093 -0.994116
v -0.283611 0.133116 -0.969836
v -0.128290 0.155073 -1.010319
v 0.039191 0.155356 -1.022319
v 0.127141 0.041583 -1.031012
v 0.273529 0.088608 -0.960359
v -0.100092 0.179640 -0.970929
v 0.100303 0.134200 -0.984513
v 0.122286 0.193724 -0.973003
v -0.231669 0.137407 -0.951632
v -0.100005 0.243880 -0.955405
v 0.101214 0.201166 -0.972299
v -0.274988 0.133432 -0.934635
v -0.275250 0.207532 -0.918004
v -0.199289 0.210019 -0.945346
v -0.033810 0.205841 -0.971326
v 0.039052 0.243894 -1.002967
v 0.103530 0.209616 -1.008658
v 0.226898 0.167375 -0.962443
v 0.126959 0.200094 -1.010124
v 0.228128 0.096510 -0.973361
v -0.231341 0.146249 -0.990052
v -0.169603 0.160796 -1.002009
v -0.127500 0.176931 -1.005463
v -0.102893 0.253377 -0.991274
v -0.035897 0.281943 -0.989410
v -0.102549 0.189141 -1.006840
v -0.035428 0.215113 -1.008812
v -0.123175 0.169026 -0.969024
v 0.039759 0.170961 -1.019616
v 0.038275 0.162370 -0.982777
v 0.233204 0.175860 -0.998759
v 0.234167 0.102939 -1.010287
v 0.127442 0.129778 -1.022216
v 0.280768 0.175794 -0.983854
v 0.281904 0.094365 -0.996886
v -0.034404 0.272233 -0.953491
v 0.124415 0.122555 -0.985487
v -0.123271 0.236152 -0.953936
v 0.037626 0.234852 -0.966381
v 0.273439 0.170494 -0.947749
v -0.283325 0.216937 -0.952455
v -0.248026 0.214258 -0.969574
v -0.128251 0.242413 -0.990762
v -0.283056 0.139640 -0.969477
v 0.103293 0.141013 -1.021919
v -0.232671 0.219324 -0.933469
v -0.206901 0.290433 -0.919944
v -0.123112 0.317667 -0.928097
v -0.100004 0.263309 -0.949041
v 0.038106 0.247370 -0.962995
v 0.100670 0.219496 -0.967917
v 0.122268 0.277609 -0.950270
v 0.127030 0.219095 -1.003316
v -0.168257 0.234512 -0.945530
v -0.123073 0.253425 -0.948300
v -0.274621 0.213573 -0.917002
v -0.102909 0.338660 -0.962884
v 0.101129 0.285096 -0.948693
v 0.037455 0.318101 -0.940114
v 0.226524 0.250568 -0.942229
v -0.127589 0.329353 -0.963100
v -0.033823 0.289644 -0.948048
v 0.039727 0.258386 -0.998810
v 0.103592 0.296640 -0.984782
v 0.103131 0.230092 -1.004179
v 0.127308 0.287202 -0.987264
v 0.223981 0.180803 -0.960398
v -0.275383 0.286767 -0.895329
v -0.238207 0.230396 -0.970005
v -0.168620 0.246921 -0.982258
v -0.127476 0.263591 -0.984171
v -0.035908 0.366821 -0.959940
v -0.102301 0.275370 -0.984745
v -0.034420 0.353740 -0.924404
v 0.233205 0.262105 -0.977599
v 0.220458 0.191964 -0.998067
v 0.280378 0.260720 -0.962882
v 0.282023 0.181090 -0.982737
v 0.273401 0.171897 -0.945933
v -0.283198 0.299014 -0.928307
v -0.232724 0.298626 -0.950562
v -0.282965 0.224145 -0.951665
v 0.273368 0.252542 -0.927518
v -0.100069 0.324704 -0.928839
v 0.123334 0.209435 -0.968202
v 0.038924 0.330165 -0.975545
v -0.035434 0.301948 -0.983092
v -0.165361 0.316978 -0.919639
v -0.099982 0.345053 -0.920625
v -0.035415 0.385790 -0.950697
v -0.100134 0.405479 -0.894293
v 0.039640 0.344184 -0.970244
v 0.100463 0.303559 -0.943616
v 0.223594 0.332336 -0.915638
v -0.198148 0.370778 -0.890849
v -0.235466 0.298965 -0.908164
v -0.123649 0.333853 -0.920706
v 0.100851 0.366738 -0.917771
v -0.033820 0.371001 -0.917177
v 0.039371 0.413751 -0.941502
v 0.103854 0.380918 -0.953419
v 0.127025 0.371981 -0.955873
v 0.123544 0.291703 -0.945234
v 0.227905 0.263706 -0.937835
v -0.242160 0.312884 -0.942976
v -0.165140 0.333026 -0.955357
v -0.127527 0.348719 -0.955377
v -0.206153 0.385239 -0.923997
v -0.102895 0.421120 -0.928868
v -0.035867 0.449141 -0.921685
v 0.103041 0.316571 -0.977898
v 0.037651 0.398339 -0.907009
v 0.122375 0.359084 -0.920620
v 0.038226 0.330194 -0.935702
v 0.238578 0.345055 -0.948192
v 0.281813 0.266312 -0.961176
v -0.275261 0.363491 -0.864279
v 0.273548 0.253124 -0.925682
v -0.282700 0.377083 -0.897723
v -0.123130 0.397542 -0.894581
v -0.034424 0.433185 -0.887804
v 0.273507 0.331649 -0.899557
v 0.281679 0.345111 -0.933170
v -0.127485 0.412657 -0.927924
v 0.227896 0.276980 -0.974439
v -0.282925 0.305447 -0.926786
v -0.102817 0.359180 -0.954715
v 0.127237 0.305783 -0.979158
v -0.275104 0.293368 -0.892771
v -0.225512 0.379559 -0.878876
v -0.203047 0.446293 -0.852235
v -0.123244 0.473895 -0.854128
v -0.100021 0.423767 -0.885194
v 0.100432 0.383767 -0.911038
v 0.273761 0.333004 -0.898740
v 0.038226 0.410163 -0.901164
v 0.123029 0.373545 -0.913850
v 0.228741 0.343702 -0.908973
v -0.165847 0.395637 -0.886538
v -0.100110 0.481318 -0.853986
v 0.037612 0.475784 -0.866772
v 0.101279 0.444913 -0.880954
v 0.273085 0.406862 -0.867226
v 0.122398 0.437646 -0.882238
v -0.274911 0.369634 -0.862362
v -0.033819 0.449377 -0.879414
v 0.039702 0.427363 -0.934714
v 0.103657 0.462610 -0.914292
v 0.126449 0.454405 -0.916437
v -0.282954 0.385639 -0.894367
v -0.238636 0.394478 -0.910991
v -0.171441 0.412203 -0.919983
v -0.127488 0.429959 -0.919393
v -0.102945 0.500394 -0.885841
v -0.035998 0.527115 -0.877403
v -0.102868 0.441265 -0.917415
v -0.035414 0.467910 -0.912425
v -0.034434 0.508327 -0.844624
v -0.184898 0.470569 -0.886443
v -0.123294 0.413093 -0.886342
v 0.103026 0.400482 -0.944807
v 0.233011 0.426553 -0.913821
v 0.232763 0.359379 -0.943241
v 0.180935 0.420536 -0.883689
v 0.127941 0.389346 -0.947934
v 0.281231 0.425036 -0.897790
v 0.281987 0.347923 -0.932486
v -0.283535 0.455017 -0.857511
v -0.248268 0.456794 -0.875178
v 0.039054 0.494027 -0.899266
v -0.275125 0.437261 -0.827051
v -0.127529 0.491870 -0.886592
v -0.226761 0.453831 -0.840216
v -0.224156 0.514515 -0.803664
v -0.123503 0.545554 -0.808899
v 0.100615 0.461194 -0.871663
v -0.100163 0.499359 -0.842506
v -0.102707 0.519075 -0.873704
v 0.122910 0.452368 -0.874977
v 0.227158 0.421481 -0.874301
v -0.275380 0.507906 -0.784492
v -0.274715 0.442728 -0.824008
v -0.124182 0.487440 -0.846354
v -0.034449 0.579581 -0.794696
v -0.033831 0.524322 -0.834120
v 0.101199 0.520145 -0.836739
v 0.037636 0.549328 -0.819889
v 0.226794 0.486089 -0.838127
v 0.123018 0.512468 -0.841282
v 0.273430 0.481562 -0.824656
v -0.127545 0.566863 -0.838589
v 0.039650 0.507447 -0.891644
v 0.103581 0.540505 -0.868477
v 0.103111 0.481222 -0.904471
v 0.126356 0.532268 -0.871188
v -0.283042 0.461628 -0.854843
v -0.241725 0.470804 -0.870769
v -0.128011 0.508149 -0.877829
v -0.192886 0.543438 -0.839584
v -0.035869 0.601708 -0.825902
v -0.102863 0.575679 -0.836899
v 0.038180 0.487208 -0.859637
v -0.035508 0.545747 -0.865462
v 0.128904 0.468840 -0.908455
v 0.231609 0.504782 -0.871471
v 0.232182 0.440354 -0.906521
v 0.281231 0.501536 -0.855308
v 0.281863 0.428292 -0.896330
v 0.273401 0.409957 -0.863165
v -0.283003 0.525786 -0.815902
v -0.100108 0.554019 -0.806595
v 0.039056 0.570393 -0.850769
v -0.201348 0.587448 -0.757569
v -0.123250 0.614524 -0.754853
v -0.100078 0.570825 -0.793724
v -0.100022 0.621750 -0.753497
v 0.039659 0.582628 -0.842200
v 0.100383 0.535709 -0.826405
v 0.122822 0.527411 -0.829906
v 0.127297 0.547088 -0.861118
v 0.220145 0.558528 -0.791751
v -0.124242 0.557798 -0.799674
v -0.231849 0.524026 -0.794360
v 0.101056 0.590717 -0.786403
v 0.037615 0.618822 -0.766511
v 0.274037 0.483424 -0.823029
v -0.274346 0.574572 -0.735520
v -0.127553 0.637326 -0.784488
v -0.033777 0.594878 -0.783944
v 0.039160 0.642534 -0.796271
v 0.127294 0.605937 -0.821511
v 0.198238 0.503286 -0.834128
v -0.274847 0.513364 -0.780870
v -0.282530 0.534810 -0.809852
v -0.235997 0.546505 -0.825262
v -0.129317 0.581914 -0.828437
v -0.102372 0.646008 -0.781604
v -0.036008 0.670760 -0.768175
v 0.038218 0.560285 -0.811988
v -0.035366 0.618228 -0.813112
v -0.034776 0.646768 -0.739559
v 0.103182 0.558323 -0.856917
v 0.228832 0.518936 -0.862662
v 0.239261 0.577585 -0.820489
v 0.272488 0.552166 -0.777357
v 0.281924 0.504325 -0.853570
v 0.122781 0.583693 -0.790713
v 0.281210 0.574204 -0.805044
v -0.282687 0.594641 -0.765154
v -0.198093 0.612830 -0.786378
v -0.102918 0.593204 -0.822930
v 0.103891 0.613593 -0.815839
v -0.195551 0.652366 -0.702614
v -0.033821 0.660363 -0.726692
v -0.100062 0.637725 -0.739120
v 0.100287 0.605547 -0.774567
v 0.126950 0.620066 -0.806763
v 0.123018 0.596214 -0.780096
v -0.228982 0.591985 -0.744471
v -0.274930 0.578552 -0.730910
v -0.123650 0.627077 -0.743046
v -0.034433 0.708830 -0.678224
v -0.100152 0.685429 -0.693740
v 0.101051 0.657165 -0.729571
v 0.273620 0.617098 -0.724634
v 0.273160 0.552785 -0.775168
v -0.127484 0.703651 -0.723130
v 0.039640 0.653730 -0.786187
v 0.103520 0.682669 -0.757361
v 0.219343 0.625170 -0.738197
v 0.127250 0.675064 -0.763259
v 0.226303 0.567441 -0.783271
v -0.275363 0.635943 -0.680090
v -0.283013 0.602472 -0.758387
v -0.236601 0.616799 -0.772204
v -0.128486 0.651097 -0.773256
v -0.102919 0.711669 -0.720329
v -0.035865 0.735739 -0.704594
v -0.035420 0.686414 -0.753781
v -0.102856 0.662745 -0.766275
v -0.177212 0.685400 -0.728864
v 0.103495 0.630215 -0.803043
v 0.037618 0.682959 -0.708031
v 0.241473 0.646299 -0.764406
v 0.122407 0.650786 -0.733930
v -0.283477 0.660672 -0.704683
v 0.282345 0.576908 -0.803397
v -0.248273 0.666832 -0.721146
v -0.123130 0.678020 -0.696697
v 0.038252 0.628661 -0.758197
v 0.039054 0.709036 -0.734785
v 0.217006 0.595032 -0.813909
v 0.281649 0.641817 -0.751042
v -0.232825 0.652795 -0.687406
v -0.176649 0.670597 -0.690429
v -0.182685 0.714751 -0.640468
v -0.034275 0.720799 -0.664093
v -0.100041 0.699153 -0.678517
v 0.039696 0.719553 -0.724283
v 0.100656 0.671458 -0.717275
v 0.123482 0.661222 -0.724059
v 0.273910 0.618501 -0.723566
v -0.274825 0.691921 -0.622158
v -0.122985 0.735561 -0.633107
v -0.034172 0.765397 -0.612003
v -0.123653 0.689443 -0.683428
v 0.100600 0.717978 -0.667072
v 0.039094 0.770731 -0.667764
v -0.127480 0.763736 -0.656649
v 0.103673 0.745887 -0.693315
v 0.226169 0.685182 -0.678963
v -0.275028 0.641520 -0.675396
v -0.236076 0.681557 -0.713682
v -0.175950 0.698711 -0.716098
v -0.127504 0.717005 -0.709041
v -0.102863 0.771542 -0.653616
v -0.036105 0.793664 -0.635694
v -0.035379 0.749642 -0.689320
v -0.102855 0.726371 -0.703619
v 0.037577 0.741830 -0.644087
v 0.103039 0.697571 -0.742719
v 0.038228 0.692158 -0.698621
v 0.128555 0.688017 -0.749612
v 0.175451 0.725784 -0.704478
v 0.239526 0.711485 -0.702798
v 0.232748 0.659051 -0.755652
v 0.122450 0.712155 -0.672499
v 0.281076 0.704932 -0.690621
v 0.281802 0.644166 -0.748632
v -0.184407 0.743701 -0.664705
v 0.272896 0.678482 -0.665018
v -0.283034 0.718183 -0.645963
v -0.282865 0.666741 -0.700670
v 0.126399 0.739285 -0.697175
v -0.232291 0.710234 -0.626128
v -0.209142 0.760460 -0.573419
v -0.123718 0.745818 -0.620470
v -0.100084 0.756063 -0.613201
v -0.035479 0.806793 -0.619289
v -0.100037 0.794911 -0.560291
v 0.100564 0.730874 -0.653803
v 0.123456 0.721557 -0.661553
v -0.034860 0.814930 -0.540617
v -0.033699 0.776910 -0.597291
v 0.100996 0.773234 -0.599763
v 0.176996 0.784086 -0.636230
v 0.274130 0.678795 -0.664276
v -0.274777 0.697747 -0.614407
v -0.123368 0.788597 -0.564370
v -0.128254 0.816855 -0.588101
v -0.165568 0.762706 -0.649313
v 0.039638 0.779803 -0.656690
v 0.220412 0.743071 -0.614668
v -0.282828 0.723973 -0.638165
v -0.238703 0.740439 -0.649290
v -0.127494 0.775956 -0.641839
v -0.102542 0.825686 -0.581648
v -0.035867 0.846498 -0.562134
v -0.102872 0.784884 -0.635594
v 0.039151 0.825250 -0.596772
v 0.103514 0.759771 -0.677461
v 0.037607 0.795229 -0.574696
v 0.103510 0.803442 -0.622557
v 0.128510 0.750639 -0.684952
v 0.234080 0.722108 -0.693212
v 0.122389 0.767847 -0.605894
v 0.281231 0.762284 -0.624306
v 0.272679 0.733364 -0.602289
v 0.238784 0.769630 -0.636508
v -0.248248 0.781657 -0.589966
v -0.274989 0.743942 -0.555551
v 0.038242 0.750329 -0.633596
v -0.283317 0.772790 -0.575527
v 0.126373 0.796950 -0.627981
v 0.282318 0.707620 -0.687784
v -0.227301 0.764228 -0.559473
v -0.204340 0.809006 -0.503950
v -0.035415 0.856710 -0.544548
v 0.099892 0.784571 -0.585081
v -0.100108 0.806090 -0.542531
v -0.100089 0.840782 -0.487222
v 0.101263 0.822601 -0.528539
v 0.122986 0.777474 -0.591613
v -0.275331 0.789567 -0.486560
v -0.274517 0.747043 -0.550217
v -0.034469 0.859493 -0.465770
v -0.123229 0.797569 -0.549470
v 0.122333 0.817101 -0.533802
v 0.272964 0.782748 -0.533916
v 0.274192 0.734240 -0.600259
v -0.127479 0.865736 -0.510103
v -0.033809 0.825395 -0.524961
v 0.103267 0.816038 -0.606581
v 0.209261 0.796100 -0.546126
v 0.126559 0.847774 -0.554914
v 0.192830 0.758209 -0.603028
v -0.283155 0.777114 -0.569889
v -0.239972 0.793121 -0.580725
v -0.127990 0.829049 -0.571160
v -0.102949 0.872946 -0.506223
v -0.035906 0.891921 -0.484341
v 0.037594 0.842182 -0.501188
v 0.038999 0.874089 -0.520539
v 0.103555 0.854310 -0.548034
v 0.231625 0.823769 -0.566321
v 0.232122 0.779996 -0.626306
v 0.281059 0.813660 -0.553461
v 0.281952 0.763931 -0.621424
v -0.282914 0.818913 -0.507865
v -0.123167 0.834260 -0.491505
v 0.038502 0.802423 -0.563842
v -0.180776 0.848629 -0.520834
v -0.102679 0.837463 -0.562932
v 0.040275 0.833691 -0.584848
v 0.127096 0.807468 -0.613527
v -0.228245 0.810063 -0.488818
v -0.164949 0.828570 -0.485995
v -0.099891 0.850198 -0.468538
v 0.038300 0.848466 -0.489666
v 0.122279 0.861300 -0.459670
v -0.123373 0.842039 -0.475668
v -0.034405 0.896839 -0.386753
v 0.100598 0.865267 -0.452203
v 0.100752 0.833154 -0.513296
v 0.038675 0.915881 -0.439038
v 0.126426 0.893156 -0.476452
v 0.274357 0.783688 -0.531854
v 0.272714 0.826557 -0.461452
v -0.275402 0.828346 -0.413754
v -0.198622 0.850870 -0.429187
v -0.127893 0.906152 -0.433297
v -0.033822 0.868114 -0.449225
v 0.282605 0.813917 -0.549792
v 0.040186 0.881808 -0.507572
v 0.103586 0.899437 -0.470135
v 0.103246 0.866234 -0.531143
v 0.218091 0.838468 -0.472370
v 0.227556 0.799097 -0.534251
v -0.274718 0.792488 -0.481364
v -0.233765 0.843267 -0.506688
v -0.169879 0.861982 -0.503799
v -0.127503 0.875039 -0.493321
v -0.102945 0.913717 -0.425852
v -0.035855 0.930807 -0.402335
v -0.282727 0.823804 -0.498993
v 0.037614 0.882278 -0.424116
v 0.231127 0.869574 -0.490802
v 0.241126 0.828775 -0.553349
v 0.128729 0.857286 -0.541530
v 0.280877 0.859449 -0.478289
v -0.283509 0.860034 -0.428125
v -0.123245 0.873919 -0.414587
v 0.124262 0.825216 -0.521665
v -0.246754 0.872353 -0.441214
v -0.035442 0.901481 -0.465425
v -0.102663 0.883155 -0.485791
v -0.231354 0.847752 -0.414955
v -0.192419 0.886398 -0.349652
v -0.123247 0.906515 -0.334638
v -0.033694 0.903561 -0.369670
v -0.100115 0.887663 -0.390317
v 0.037989 0.888238 -0.411167
v 0.100428 0.873882 -0.436420
v 0.122334 0.897972 -0.380950
v 0.126962 0.900616 -0.459451
v 0.229922 0.841775 -0.460509
v -0.123949 0.880336 -0.400341
v -0.100071 0.911709 -0.329984
v 0.126965 0.932032 -0.396220
v 0.274150 0.826858 -0.459456
v -0.274986 0.831928 -0.407073
v 0.038916 0.950985 -0.356959
v 0.103779 0.936643 -0.388806
v 0.226791 0.874327 -0.396072
v -0.283065 0.863796 -0.424179
v -0.243842 0.909017 -0.362679
v -0.172825 0.901347 -0.425686
v -0.127497 0.914769 -0.413187
v -0.102979 0.946996 -0.342197
v 0.037552 0.916020 -0.343060
v -0.102854 0.922324 -0.404689
v -0.035394 0.938676 -0.383671
v -0.034787 0.926862 -0.305409
v 0.101053 0.901702 -0.373651
v 0.234413 0.908373 -0.409098
v 0.225346 0.878402 -0.477414
v 0.280973 0.896639 -0.400737
v 0.282124 0.859297 -0.475015
v 0.124274 0.867236 -0.445752
v -0.274039 0.862797 -0.340886
v -0.283385 0.894609 -0.349899
v 0.103573 0.907034 -0.451467
v -0.128571 0.940458 -0.351483
v -0.035982 0.962130 -0.317736
v 0.039782 0.922559 -0.426785
v -0.210307 0.887704 -0.336891
v -0.187184 0.915088 -0.268567
v -0.123670 0.932077 -0.252630
v -0.100108 0.918632 -0.309607
v -0.100097 0.937260 -0.247103
v 0.039642 0.956241 -0.342525
v 0.100394 0.908023 -0.356149
v -0.236437 0.901133 -0.269587
v -0.034846 0.949334 -0.221169
v -0.033711 0.932852 -0.287722
v -0.123198 0.911831 -0.318224
v 0.101271 0.930374 -0.292244
v 0.039077 0.978155 -0.269645
v 0.206653 0.910032 -0.315177
v 0.126634 0.962855 -0.310702
v 0.122369 0.926654 -0.298465
v 0.272941 0.893570 -0.306855
v -0.275483 0.886783 -0.258475
v 0.274152 0.863358 -0.383885
v 0.103542 0.966423 -0.303271
v 0.228026 0.879173 -0.383379
v -0.275012 0.863937 -0.331930
v -0.283198 0.897422 -0.342976
v -0.239838 0.915601 -0.349609
v -0.127992 0.947377 -0.331378
v -0.244817 0.936223 -0.279616
v -0.102960 0.973192 -0.256009
v -0.035828 0.985510 -0.229973
v 0.037662 0.942601 -0.259532
v -0.035385 0.967893 -0.298313
v -0.102863 0.953613 -0.320772
v -0.173404 0.955673 -0.275608
v 0.127817 0.937842 -0.379088
v 0.227967 0.915632 -0.396140
v 0.282157 0.897996 -0.397307
v 0.235704 0.940010 -0.327887
v 0.038318 0.920266 -0.331010
v 0.123227 0.902979 -0.365708
v -0.283308 0.921536 -0.268595
v 0.281216 0.928160 -0.317184
v -0.127530 0.967548 -0.262794
v 0.103172 0.943493 -0.368855
v -0.226417 0.908456 -0.256517
v -0.186492 0.934682 -0.186186
v -0.100063 0.942048 -0.226362
v 0.100348 0.936113 -0.273862
v -0.100115 0.955222 -0.161762
v 0.038042 0.945643 -0.247285
v 0.230073 0.908496 -0.303411
v -0.164763 0.925576 -0.249086
v -0.274997 0.906917 -0.181081
v -0.123343 0.935765 -0.235436
v 0.101244 0.952303 -0.207506
v 0.039420 0.998203 -0.181692
v 0.037438 0.960950 -0.175215
v 0.271041 0.918319 -0.229069
v 0.123619 0.950201 -0.217685
v 0.273981 0.893806 -0.304706
v -0.283347 0.940758 -0.186477
v -0.127515 0.986768 -0.175005
v -0.033817 0.953891 -0.203340
v 0.039569 0.981943 -0.256066
v 0.104017 0.988841 -0.216277
v 0.126510 0.985049 -0.223266
v 0.123048 0.931639 -0.283580
v -0.274926 0.889529 -0.253299
v -0.245063 0.940477 -0.266021
v -0.205626 0.967640 -0.195136
v -0.167197 0.962388 -0.257116
v -0.127550 0.972509 -0.243464
v -0.102940 0.991718 -0.168148
v -0.035378 0.990696 -0.210665
v -0.102911 0.977687 -0.234436
v 0.233453 0.965846 -0.242834
v 0.223326 0.947514 -0.313291
v 0.281801 0.929261 -0.314763
v -0.034427 0.965425 -0.135489
v -0.123639 0.950130 -0.168198
v -0.282932 0.924306 -0.261542
v -0.035893 1.001968 -0.141932
v 0.103277 0.972016 -0.283001
v 0.127145 0.967118 -0.292518
v 0.281582 0.952053 -0.233328
vn -0.1905 0.0012 -0.9817
vn -0.1896 -0.0012 -0.9819
vn -0.1926 -0.0004 -0.9813
vn -0.9845 -0.1232 -0.1247
vn -0.9635 -0.2395 0.1199
vn -0.9298 0.3504 -0.1126
vn -0.1015 -0.0960 -0.9902
vn -0.1043 -0.0999 -0.9895
vn -0.1067 -0.0915 -0.9901
vn 0.1665 -0.1035 -0.9806
vn 0.1983 -0.1678 -0.9657
vn -0.1016 -0.2169 -0.9709
vn -0.1033 -0.2175 -0.9706
vn -0.1094 -0.2152 -0.9704
vn 0.0648 -0.2602 -0.9634
vn 0.0526 -0.2628 -0.9634
vn 0.1875 -0.3848 -0.9037
vn 0.1464 -0.4028 -0.9035
vn -0.0129 -0.4019 -0.9156
vn -0.0173 -0.4226 -0.9061
vn -0.0194 -0.4115 -0.9112
vn -0.1834 -0.4069 -0.8949
vn -0.1873 -0.4069 -0.8941
vn -0.1862 -0.4036 -0.8958
vn -0.1242 -0.4801 -0.8684
vn -0.1232 -0.4821 -0.8674
vn -0.1279 -0.4831 -0.8662
vn -0.9869 -0.1584 -0.0314
vn -0.9402 -0.3293 0.0876
vn -0.9327 0.2678 -0.2416
vn -0.1583 -0.5242 -0.8367
vn -0.1566 -0.5250 -0.8366
vn -0.1608 -0.5245 -0.8361
vn -0.4065 -0.5267 -0.7466
vn -0.4075 -0.5201 -0.7506
vn -0.4073 -0.5188 -0.7516
vn 0.1607 -0.5696 -0.8061
vn -0.0616 -0.6331 -0.7716
vn -0.0673 -0.6371 -0.7678
vn -0.0660 -0.6302 -0.7736
vn 0.1018 -0.6833 -0.7230
vn -0.1084 -0.6783 -0.7268
vn -0.1089 -0.6800 -0.7251
vn -0.1128 -0.6795 -0.7250
vn -0.1869 -0.6594 -0.7282
vn -0.1834 -0.6615 -0.7272
vn -0.1859 -0.6608 -0.7272
vn -0.0901 -0.7040 -0.7045
vn -0.0962 -0.7078 -0.6998
vn -0.0963 -0.6990 -0.7086
vn -0.1679 -0.7632 -0.6240
vn -0.1692 -0.7616 -0.6255
vn -0.0624 -0.8124 -0.5797
vn -0.0683 -0.8152 -0.5751
vn -0.0667 -0.8101 -0.5825
vn 0.1883 -0.7826 -0.5934
vn -0.1014 -0.8382 -0.5359
vn -0.1025 -0.8390 -0.5344
vn -0.1061 -0.8380 -0.5352
vn 0.1078 -0.8768 -0.4687
vn 0.0699 -0.8857 -0.4590
vn 0.0593 -0.8833 -0.4651
vn 0.1735 -0.8902 -0.4212
vn 0.0151 -0.9023 -0.4308
vn 0.0076 -0.9109 -0.4127
vn 0.0054 -0.9057 -0.4238
vn 0.1383 -0.9316 -0.3362
vn -0.0871 -0.9391 -0.3324
vn -0.0852 -0.9400 -0.3304
vn -0.0900 -0.9410 -0.3263
vn -0.3257 -0.9123 0.2482
vn -0.3315 -0.9081 0.2558
vn -0.3283 -0.9122 0.2453
vn -0.1098 -0.9930 -0.0442
vn -0.1110 -0.9929 -0.0423
vn -0.1148 -0.9924 -0.0434
vn 0.0134 -0.9960 0.0882
vn 0.0099 -0.9952 0.0974
vn 0.0091 -0.9956 0.0928
vn -0.0533 -0.9941 0.0941
vn -0.0530 -0.9941 0.0946
vn -0.0570 -0.9942 0.0913
vn -0.1853 -0.9700 0.1573
vn -0.1934 -0.9680 0.1597
vn -0.1929 -0.9684 0.1581
vn 0.1551 -0.9675 0.1997
vn -0.1165 -0.9703 0.2121
vn -0.1173 -0.9701 0.2126
vn -0.1237 -0.9695 0.2115
vn -0.0065 -0.9595 0.2815
vn -0.0087 -0.9563 0.2922
vn -0.0099 -0.9579 0.2870
vn 0.1235 -0.9320 0.3407
vn 0.1907 -0.9027 0.3857
vn -0.0442 -0.9393 0.3403
vn -0.0446 -0.9393 0.3401
vn -0.1154 -0.8813 0.4582
vn -0.1165 -0.8813 0.4580
vn -0.2628 -0.8604 0.4366
vn -0.2621 -0.8557 0.4461
vn -0.2641 -0.8570 0.4424
vn -0.1894 -0.8355 0.5158
vn -0.1957 -0.8322 0.5188
vn -0.1953 -0.8327 0.5181
vn -0.2054 -0.7812 0.5895
vn -0.2120 -0.7824 0.5855
vn -0.2116 -0.7829 0.5851
vn 0.1291 -0.7670 0.6285
vn 0.1288 -0.7664 0.6294
vn -0.0633 -0.8104 0.5825
vn -0.0634 -0.8099 0.5832
vn -0.0670 -0.8113 0.5808
vn -0.1870 -0.7730 0.6062
vn -0.1886 -0.7721 0.6068
vn -0.1889 -0.7728 0.6059
vn -0.1153 -0.7242 0.6799
vn -0.1153 -0.7232 0.6810
vn -0.1211 -0.7226 0.6806
vn -0.1690 -0.7258 0.6668
vn -0.1701 -0.7252 0.6672
vn -0.1698 -0.7261 0.6663
vn 0.1093 -0.6897 0.7158
vn -0.2361 -0.6736 0.7004
vn -0.2345 -0.6667 0.7075
vn -0.2373 -0.6692 0.7042
vn 0.1718 -0.6371 0.7514
vn 0.1716 -0.6339 0.7541
vn 0.1718 -0.6393 0.7495
vn 0.0208 -0.6506 0.7591
vn 0.0151 -0.6355 0.7720
vn 0.0125 -0.6436 0.7652
vn -0.1107 -0.6317 0.7673
vn 0.0994 -0.5831 0.8063
vn 0.0730 -0.5824 0.8096
vn 0.0611 -0.5857 0.8082
vn -0.1792 -0.4795 0.8590
vn -0.1790 -0.4794 0.8592
vn -0.1796 -0.4792 0.8591
vn 0.1710 -0.4105 0.8957
vn 0.1293 -0.3492 0.9281
vn -0.0567 -0.4174 0.9070
vn -0.0571 -0.4159 0.9076
vn -0.0622 -0.4193 0.9057
vn -0.2144 -0.3554 0.9098
vn -0.2119 -0.3447 0.9145
vn -0.2174 -0.3484 0.9118
vn -0.1117 -0.2828 0.9526
vn -0.1120 -0.2814 0.9530
vn -0.1183 -0.2806 0.9525
vn 0.9441 -0.1035 0.3129
vn 0.9376 -0.3475 0.0148
vn 0.9177 0.2733 0.2882
vn -0.2375 -0.2202 0.9461
vn -0.2339 -0.2098 0.9494
vn -0.2388 -0.2144 0.9471
vn -0.1133 -0.1646 0.9798
vn -0.1154 -0.1650 0.9795
vn -0.1145 -0.1662 0.9794
vn -0.1673 -0.0446 0.9849
vn -0.1680 -0.0443 0.9848
vn -0.1678 -0.0455 0.9848
vn 0.0761 -0.0315 0.9966
vn 0.0715 -0.0324 0.9969
vn -0.1140 -0.0331 0.9929
vn -0.1142 -0.0315 0.9930
vn -0.1184 -0.0304 0.9925
vn 0.1782 0.0931 0.9796
vn 0.1778 0.0926 0.9797
vn -0.0995 0.0902 0.9909
vn -0.0993 0.0911 0.9909
vn -0.2078 0.0686 0.9758
vn -0.2140 0.0731 0.9741
vn -0.2141 0.0725 0.9741
vn 0.0585 0.1504 0.9869
vn -0.1729 0.2108 0.9621
vn -0.1740 0.2103 0.9620
vn -0.1730 0.2091 0.9625
vn -0.1112 0.2259 0.9678
vn -0.1118 0.2260 0.9677
vn 0.0498 0.2815 0.9583
vn 0.1433 0.2809 0.9490
vn 0.1431 0.2807 0.9491
vn 0.0458 0.3955 0.9173
vn -0.1882 0.4097 0.8926
vn -0.1955 0.4110 0.8904
vn -0.1955 0.4103 0.8907
vn 0.1408 0.5168 0.8445
vn -0.2422 0.5370 0.8081
vn -0.2415 0.5492 0.8001
vn -0.2446 0.5428 0.8034
vn 0.1234 0.6346 0.7630
vn 0.1225 0.6356 0.7623
vn -0.1311 0.6678 0.7327
vn 0.0582 0.7621 0.6449
vn 0.1326 0.8937 0.4286
vn 0.1876 0.9134 0.3613
vn 0.1875 0.9138 0.3602
vn 0.1866 0.9132 0.3622
vn 0.0584 0.9528 0.2980
vn 0.0567 0.9528 0.2984
vn -0.1202 0.9376 0.3263
vn 0.1774 0.9605 0.2143
vn 0.1769 0.9607 0.2139
vn 0.9437 0.3267 0.0530
vn 0.9320 0.0774 0.3541
vn 0.9193 0.2477 -0.3057
vn 0.1291 0.9775 0.1669
vn 0.0553 0.9847 0.1650
vn -0.1159 0.9878 0.1040
vn -0.1324 0.9856 0.1048
vn -0.1328 0.9857 0.1040
vn -0.1328 0.9856 0.1043
vn -0.2829 0.9507 0.1270
vn -0.2824 0.9527 0.1126
vn -0.2852 0.9511 0.1189
vn 0.9272 0.1159 0.3561
vn 0.9656 -0.0274 -0.2585
vn 0.9717 0.2239 -0.0748
vn 0.1683 0.9849 0.0402
vn 0.1053 0.9907 -0.0860
vn -0.0889 0.9914 -0.0962
vn -0.0902 0.9911 -0.0978
vn -0.0916 0.9912 -0.0951
vn 0.1772 0.9726 -0.1507
vn 0.0088 0.9888 -0.1492
vn 0.0086 0.9879 -0.1546
vn 0.0078 0.9886 -0.1502
vn -0.1268 0.9840 -0.1253
vn -0.1278 0.9839 -0.1248
vn -0.1281 0.9839 -0.1246
vn 0.0334 0.9596 -0.2792
vn 0.0263 0.9574 -0.2875
vn 0.0254 0.9585 -0.2841
vn -0.1187 0.9362 -0.3308
vn -0.1196 0.9354 -0.3328
vn -0.1212 0.9351 -0.3331
vn -0.3966 0.8584 -0.3254
vn -0.3957 0.8560 -0.3327
vn -0.3965 0.8569 -0.3294
vn 0.1257 0.9111 -0.3926
vn 0.0036 0.9131 -0.4077
vn 0.0019 0.9075 -0.4201
vn -0.0001 0.9115 -0.4114
vn -0.0594 0.9102 -0.4099
vn -0.0625 0.9093 -0.4113
vn -0.0622 0.9106 -0.4087
vn -0.1747 0.8630 -0.4741
vn -0.1714 0.8624 -0.4763
vn -0.1742 0.8619 -0.4762
vn -0.2328 0.8375 -0.4943
vn -0.2326 0.8305 -0.5061
vn -0.2372 0.8333 -0.4994
vn 0.0188 0.8512 -0.5245
vn 0.0164 0.8477 -0.5302
vn 0.0155 0.8495 -0.5273
vn 0.1343 0.8077 -0.5742
vn 0.1320 0.8073 -0.5752
vn 0.0568 0.8104 -0.5831
vn 0.0522 0.8112 -0.5824
vn -0.1046 0.8044 -0.5848
vn -0.1077 0.8033 -0.5858
vn -0.2041 0.7801 -0.5914
vn -0.2108 0.7799 -0.5894
vn 0.1810 0.7544 -0.6310
vn 0.1808 0.7518 -0.6341
vn 0.1809 0.7561 -0.6289
vn -0.0587 0.7694 -0.6360
vn -0.0608 0.7654 -0.6407
vn -0.0624 0.7731 -0.6312
vn 0.0664 0.7207 -0.6900
vn 0.0631 0.7221 -0.6889
vn -0.1118 0.7272 -0.6773
vn -0.1119 0.7262 -0.6783
vn -0.1195 0.7272 -0.6760
vn -0.1711 0.7302 -0.6615
vn -0.1711 0.7300 -0.6617
vn -0.1712 0.7297 -0.6619
vn -0.2271 0.6827 -0.6945
vn -0.2249 0.6759 -0.7018
vn -0.2279 0.6784 -0.6985
vn 0.9605 0.2333 -0.1517
vn 0.9912 -0.0955 0.0921
vn 0.9155 -0.1323 -0.3799
vn -0.1629 0.6334 -0.7565
vn -0.1634 0.6337 -0.7561
vn -0.2281 0.5688 -0.7902
vn -0.2259 0.5597 -0.7973
vn -0.2302 0.5638 -0.7932
vn 0.9431 0.1687 -0.2864
vn 0.9437 0.3163 0.0971
vn 0.9300 -0.2020 -0.3071
vn 0.1610 0.5882 -0.7925
vn 0.1606 0.5884 -0.7925
vn -0.1801 0.5255 -0.8315
vn -0.1803 0.5252 -0.8317
vn 0.0610 0.4763 -0.8772
vn 0.0535 0.4785 -0.8765
vn 0.9670 0.0254 -0.2534
vn 0.9244 0.3813 0.0071
vn 0.9621 -0.2524 -0.1033
vn 0.1862 0.3460 -0.9196
vn 0.0506 0.3636 -0.9302
vn 0.0439 0.3640 -0.9304
vn -0.1089 0.2908 -0.9506
vn -0.1094 0.2888 -0.9511
vn -0.1100 0.2889 -0.9510
vn -0.1912 0.3055 -0.9328
vn -0.1900 0.3014 -0.9344
vn -0.1913 0.3036 -0.9334
vn -0.1891 0.3083 -0.9323
vn -0.1955 0.3009 -0.9334
vn -0.1968 0.3038 -0.9322
vn 0.0815 0.2211 -0.9718
vn 0.0753 0.2237 -0.9717
vn 0.1171 0.0438 -0.9921
vn 0.6342 0.0292 0.7726
vn 0.0311 0.1096 0.9935
vn 0.2989 0.1092 0.9480
vn 0.1158 0.1457 0.9825
vn 0.3753 -0.2083 -0.9032
vn 0.2860 -0.5313 -0.7975
vn 0.2771 0.1256 -0.9526
vn -0.1443 0.2049 0.9681
vn 0.0086 0.2835 0.9589
vn -0.1563 0.3566 0.9211
vn 0.0097 0.4217 0.9067
vn 0.6188 0.3447 0.7059
vn 0.1275 0.4659 0.8756
vn -0.1449 0.5167 0.8438
vn 0.0183 -0.5065 -0.8620
vn -0.3169 -0.5459 -0.7756
vn -0.3197 -0.5349 -0.7821
vn 0.0094 0.5712 0.8207
vn 0.9948 -0.1017 0.0042
vn 0.1133 0.6183 0.7777
vn 0.6319 0.4954 0.5960
vn 0.3106 -0.6610 -0.6831
vn 0.0061 -0.8084 -0.5886
vn 0.2639 -0.3789 -0.8870
vn -0.1532 0.6696 0.7267
vn 0.2962 0.6408 0.7083
vn 0.0124 0.7196 0.6943
vn -0.9945 0.0505 -0.0921
vn -0.1856 0.7892 0.5855
vn 0.3610 0.7657 0.5323
vn -0.1700 0.8805 0.4426
vn 0.1401 0.8595 0.4915
vn 0.6346 0.6877 0.3526
vn 0.2486 -0.8739 -0.4178
vn -0.0145 -0.7771 -0.6292
vn -0.0052 0.9063 0.4227
vn 0.1171 0.9329 0.3405
vn -0.0051 0.9560 0.2932
vn 0.3133 0.9304 0.1904
vn -0.0340 -0.9169 -0.3977
vn -0.3453 -0.9075 -0.2391
vn -0.3501 -0.9027 -0.2501
vn -0.1310 0.9588 0.2522
vn 0.0448 0.9889 0.1415
vn -0.1728 0.9795 0.1037
vn -0.0040 0.9959 0.0908
vn 0.6343 0.7699 0.0696
vn 0.2491 -0.9678 0.0349
vn -0.1011 -0.9945 0.0276
vn 0.6190 0.7825 -0.0670
vn 0.0410 -0.9918 0.1210
vn -0.3015 -0.9490 0.0920
vn -0.3028 -0.9499 0.0770
vn -0.9942 0.0231 -0.1051
vn -0.1981 0.9641 -0.1769
vn 0.0407 0.9847 -0.1692
vn 0.3350 -0.9198 0.2043
vn 0.2582 -0.8088 0.5284
vn 0.1778 -0.9785 -0.1044
vn 0.0131 0.9792 -0.2026
vn 0.6293 0.7539 -0.1886
vn -0.1701 0.9402 -0.2952
vn 0.1065 0.9464 -0.3049
vn 0.0323 0.9302 -0.3656
vn 0.0351 -0.8118 0.5829
vn -0.2810 -0.8508 0.4441
vn -0.2832 -0.8552 0.4342
vn -0.1321 0.8749 -0.4659
vn 0.2507 -0.8223 0.5108
vn -0.0960 -0.8182 0.5669
vn 0.0029 0.8349 -0.5504
vn 0.1120 0.8298 -0.5467
vn 0.3139 0.7749 -0.5486
vn 0.2516 -0.7456 0.6171
vn 0.2518 -0.7448 0.6179
vn -0.0291 -0.8877 0.4594
vn -0.4160 -0.8834 0.2160
vn -0.3805 -0.5143 0.7686
vn -0.4962 -0.7043 0.5077
vn 0.9942 -0.1007 -0.0376
vn -0.1360 0.7592 -0.6365
vn 0.9889 -0.1488 -0.0050
vn 0.9889 -0.1486 -0.0079
vn 0.9889 -0.1484 -0.0064
vn 0.0375 0.6695 -0.7419
vn 0.1167 0.7009 -0.7036
vn -0.1273 0.6190 -0.7750
vn -0.0387 0.6202 -0.7835
vn 0.6222 0.5138 -0.5907
vn 0.3307 -0.5623 0.7579
vn 0.1690 -0.3087 0.9360
vn 0.2422 -0.8154 0.5259
vn 0.2620 -0.5123 0.8178
vn -0.0678 -0.6265 0.7765
vn 0.6194 0.4119 -0.6683
vn 0.3434 -0.4365 0.8316
vn 0.1557 -0.1749 0.9722
vn 0.2865 -0.7202 0.6319
vn 0.0170 0.5202 -0.8539
vn 0.2485 -0.4029 0.8809
vn -0.0305 -0.6004 0.7991
vn -0.1668 -0.1771 0.9700
vn -0.3319 -0.4473 0.8305
vn -0.3317 -0.4517 0.8282
vn -0.1158 0.4351 -0.8929
vn 0.3046 0.4000 -0.8644
vn -0.0471 -0.4484 0.8926
vn -0.3708 -0.3257 0.8698
vn -0.3753 -0.3361 0.8639
vn 0.1255 0.3758 -0.9182
vn 0.6273 0.2793 -0.7270
vn 0.3106 0.2639 -0.9132
vn 0.0046 0.1880 -0.9822
vn 0.1156 0.2182 -0.9690
vn 0.6352 0.1174 -0.7634
vn -0.0327 0.0762 -0.9966
vn 0.3208 0.0940 -0.9425
vn 0.9922 0.0751 -0.0994
vn 0.9922 0.0766 -0.0981
vn 0.9923 0.0757 -0.0984
vn -0.1952 0.0583 -0.9790
vn -0.0034 -0.0339 -0.9994
vn -0.9909 0.0416 0.1282
vn -0.9915 0.0605 0.1153
vn -0.9918 0.0488 0.1185
vn -0.1722 -0.0984 -0.9801
vn 0.3197 -0.0995 -0.9423
vn 0.0357 -0.1742 -0.9841
vn 0.6242 -0.1977 -0.7558
vn 0.3355 -0.2699 -0.9026
vn -0.0143 0.4596 0.8880
vn -0.3438 0.3560 0.8690
vn -0.3433 0.3420 0.8747
vn 0.9935 -0.0835 -0.0769
vn 0.0315 -0.3409 -0.9396
vn -0.9913 0.0893 -0.0962
vn -0.9911 0.0724 -0.1121
vn -0.9917 0.0786 -0.1017
vn -0.1312 -0.4240 -0.8961
vn 0.1146 -0.3812 -0.9174
vn 0.6427 -0.3642 -0.6740
vn 0.9910 0.1174 0.0638
vn 0.9910 0.1183 0.0630
vn 0.9910 0.1171 0.0649
vn 0.0073 -0.4772 -0.8788
vn 0.1074 -0.5463 -0.8307
vn -0.0380 0.4470 0.8937
vn -0.3534 0.5314 0.7699
vn -0.3583 0.5194 0.7758
vn -0.1466 -0.5792 -0.8019
vn 0.3217 -0.5519 -0.7694
vn 0.6436 -0.5255 -0.5563
vn 0.0350 -0.6933 -0.7198
vn 0.3149 -0.7040 -0.6366
vn 0.3420 0.7056 0.6206
vn 0.1636 0.9050 0.3927
vn 0.2935 0.4419 0.8477
vn -0.1648 -0.7129 -0.6816
vn 0.0441 -0.7753 -0.6300
vn -0.1712 -0.8001 -0.5749
vn 0.0399 -0.8434 -0.5358
vn 0.6416 -0.6545 -0.4000
vn 0.3343 -0.8254 -0.4548
vn 0.9923 0.0331 -0.1193
vn 0.9923 0.0353 -0.1186
vn 0.9924 0.0342 -0.1185
vn -0.1650 -0.8696 -0.4653
vn 0.0040 -0.9149 -0.4037
vn 0.2768 0.8929 0.3551
vn 0.2771 0.8937 0.3528
vn 0.0713 0.7844 0.6161
vn 0.9939 -0.0513 -0.0981
vn 0.1296 -0.9251 -0.3569
vn 0.3099 -0.9053 -0.2905
vn 0.0140 -0.9722 -0.2339
vn 0.3496 0.9200 0.1772
vn 0.2529 0.9544 -0.1590
vn 0.2400 0.8325 0.4994
vn -0.9943 -0.0118 -0.1057
vn 0.1259 -0.9774 -0.1696
vn -0.1353 0.9242 0.3572
vn -0.3835 0.9171 0.1089
vn -0.3899 0.9133 0.1175
vn 0.0112 -0.9961 -0.0874
vn 0.6381 -0.7694 -0.0278
vn 0.1112 -0.9937 0.0115
vn 0.3082 0.9455 -0.1056
vn 0.0032 0.9603 -0.2789
vn 0.2549 0.9363 0.2416
vn 0.2269 0.9625 -0.1486
vn -0.0589 0.9969 0.0529
vn 0.0459 -0.9848 0.1675
vn 0.6304 -0.7649 0.1326
vn 0.3539 0.8977 -0.2625
vn 0.1554 0.8250 -0.5433
vn 0.2878 0.9545 0.0780
vn -0.1466 0.9847 0.0946
vn -0.3112 0.9261 -0.2134
vn -0.3131 0.9277 -0.2033
vn 0.3145 -0.9216 0.2275
vn 0.0434 -0.9565 0.2884
vn 0.0460 -0.9074 0.4178
vn 0.6392 -0.7058 0.3054
vn 0.2355 0.8304 -0.5049
vn 0.2356 0.8291 -0.5070
vn -0.0947 0.9048 -0.4151
vn 0.9908 -0.1157 0.0705
vn 0.9908 -0.1169 0.0683
vn 0.9908 -0.1161 0.0694
vn 0.3334 -0.8338 0.4401
vn 0.1119 -0.8256 0.5530
vn 0.0020 -0.8101 0.5864
vn 0.6432 -0.6217 0.4469
vn -0.1684 -0.7265 0.6662
vn 0.3384 -0.6901 0.6397
vn 0.1294 -0.6899 0.7122
vn 0.6162 -0.5462 0.5673
vn 0.9943 -0.0169 -0.1049
vn 0.3228 -0.5383 0.7785
vn -0.0377 0.4533 -0.8905
vn -0.3447 0.5473 -0.7626
vn -0.3436 0.5575 -0.7557
vn 0.0053 -0.5870 0.8095
vn 0.1185 -0.5384 0.8343
vn -0.2798 0.7415 -0.6098
vn -0.3737 0.1854 -0.9088
vn -0.4646 0.4708 -0.7500
vn -0.0063 0.4450 -0.8955
vn -0.3461 0.4375 -0.8300
vn -0.3481 0.4408 -0.8274
vn -0.1673 -0.4690 0.8672
vn 0.2363 0.3425 -0.9093
vn 0.2363 0.3417 -0.9096
vn -0.0391 0.5485 -0.8352
vn 0.1222 -0.3920 0.9118
vn 0.6265 -0.3159 0.7125
vn 0.2862 -0.3604 0.8878
vn -0.1688 -0.3368 0.9263
vn 0.2926 -0.2106 0.9327
vn -0.1525 -0.1764 0.9724
vn 0.6311 -0.1338 0.7641
vn -0.9885 0.0063 -0.1513
vn -0.9858 -0.1182 -0.1189
vn -0.9893 0.1136 -0.0917
vn -0.1491 -0.0055 0.9888
vn 0.9927 -0.0151 -0.1195
vn 0.9930 -0.0100 -0.1178
vn 0.9997 -0.0183 -0.0189
vn -0.9883 -0.0266 -0.1503
vn -0.9979 -0.0593 -0.0260
vn -0.9856 0.0951 -0.1396
vn -0.9889 -0.0571 -0.1369
vn -0.9861 -0.1590 -0.0472
vn -0.9899 0.0570 -0.1295
vn -0.9865 -0.1163 -0.1150
vn -0.9950 -0.0992 0.0076
vn -0.9838 -0.0057 -0.1794
vn -0.9998 0.0082 -0.0185
vn -0.9876 -0.0220 -0.1556
vn -0.9919 -0.1098 -0.0638
vn 0.9924 -0.1091 -0.0575
vn 0.9924 -0.1074 -0.0600
vn 0.9996 -0.0268 -0.0030
vn -0.9934 -0.0961 0.0628
vn -0.9843 -0.0757 -0.1594
vn -0.9877 -0.1450 -0.0584
vn -0.9884 -0.1120 0.1029
vn -0.9877 -0.1010 -0.1198
vn -0.9881 -0.1525 -0.0192
vn 0.9997 -0.0233 -0.0052
vn 0.9925 -0.1223 -0.0019
vn 0.9925 -0.1225 -0.0044
vn -0.9896 -0.1387 0.0377
vn -0.9991 -0.0134 0.0402
vn -0.9853 -0.1407 -0.0967
vn -0.9912 -0.1263 0.0390
vn -0.9897 -0.0360 0.1387
vn -0.9928 -0.0981 -0.0689
vn 0.9996 -0.0278 0.0061
vn 0.9923 -0.1102 0.0571
vn 0.9923 -0.1111 0.0555
vn -0.9895 -0.0193 0.1429
vn -0.9830 -0.1828 -0.0155
vn -0.9851 -0.1413 0.0977
vn -0.9912 -0.0755 0.1088
vn -0.9999 -0.0155 -0.0006
vn -0.9862 -0.1645 0.0161
vn -0.9882 -0.0695 0.1363
vn -0.9915 0.0608 0.1147
vn -0.9872 -0.1482 0.0591
vn 1.0000 -0.0055 0.0067
vn 0.9944 -0.0287 0.1020
vn 0.9944 -0.0306 0.1014
vn -0.9969 0.0759 0.0190
vn -0.9862 -0.0584 0.1547
vn -0.9889 0.0639 0.1338
vn 0.9993 0.0313 0.0205
vn 0.9913 0.0703 0.1116
vn 0.9913 0.0681 0.1128
vn -0.9911 0.0649 0.1163
vn -0.9905 0.1374 0.0097
vn -0.9928 -0.0476 0.1103
vn -0.9879 0.1033 0.1153
vn -0.9924 0.1229 -0.0091
vn -0.9874 0.0024 0.1581
vn -0.9998 0.0190 -0.0008
vn -0.9861 0.0303 0.1633
vn -0.9899 0.1196 0.0758
vn -0.9921 0.1127 -0.0558
vn -0.9863 0.0693 0.1498
vn -0.9880 0.1423 0.0606
vn -0.9875 0.1570 -0.0164
vn -0.9935 0.0585 -0.0978
vn -0.9850 0.1404 0.1000
vn -0.9897 0.0463 -0.1356
vn -0.9895 0.1255 0.0716
vn -0.9893 0.1398 -0.0428
vn -0.9974 0.0014 -0.0720
vn -0.9857 0.1653 0.0322
vn -0.9887 0.1221 -0.0869
vn -0.9895 0.1088 -0.0948
vn -0.9897 -0.0122 -0.1424
vn -0.9906 0.1367 0.0109
vn 0.9954 0.0420 -0.0867
vn 0.9954 0.0442 -0.0852
vn 0.9998 -0.0188 -0.0085
vn -0.9962 -0.0340 -0.0796
vn -0.9845 0.1696 -0.0450
vn -0.9877 0.0824 -0.1330
vn -0.9915 -0.0702 -0.1099
vn -0.9867 0.1454 -0.0730
vn -0.9884 0.0455 -0.1446
vn 0.8665 -0.2652 0.4229
vn 0.8481 -0.5021 0.1693
vn 0.8424 -0.5363 0.0514
vn 0.8570 -0.5080 -0.0864
vn 0.8543 -0.4547 -0.2518
vn 0.8473 -0.3483 -0.4010
vn 0.8375 -0.2339 -0.4938
vn 0.8479 0.0160 -0.5299
vn 0.8433 0.1321 -0.5210
vn 0.8515 0.2600 -0.4553
vn 0.8585 0.3869 -0.3365
vn 0.8654 0.5007 -0.0213
vn 0.8708 0.4613 0.1701
vn 0.8659 0.3666 0.3403
vn 0.8503 0.2438 0.4664
vn 0.8617 0.0794 0.5011
vn -0.5646 -0.2365 0.7908
vn -0.5525 -0.3663 0.7487
vn -0.5574 -0.5199 0.6473
vn -0.5702 -0.7017 0.4271
vn -0.5435 -0.7858 0.2952
vn -0.5665 -0.8111 0.1455
vn -0.5702 -0.7017 -0.4271
vn -0.5638 -0.5304 -0.6331
vn -0.5601 -0.4274 -0.7097
vn -0.5605 -0.2625 -0.7854
vn -0.5531 -0.1200 -0.8244
vn -0.5477 0.0697 -0.8338
vn -0.5435 0.4478 -0.7100
vn -0.5593 0.7014 -0.4418
vn -0.5515 0.7789 -0.2987
vn -0.5697 0.8213 -0.0314
vn -0.5385 0.7683 0.3460
vn -0.5388 0.3975 0.7427
vn -0.5454 0.2349 0.8046
vn -0.5503 0.0436 0.8338
vn -0.7714 -0.0597 0.6336
vn -0.7830 -0.2181 0.5826
vn -0.7743 -0.3681 0.5148
vn -0.8060 -0.4523 0.3818
vn -0.8034 -0.5783 0.1416
vn -0.7916 -0.6027 -0.1007
vn -0.8228 -0.5344 -0.1936
vn -0.7783 -0.5483 -0.3058
vn -0.8062 -0.1275 -0.5777
vn -0.7916 -0.0212 -0.6107
vn -0.7997 0.1793 -0.5730
vn -0.8075 0.2684 -0.5252
vn -0.8038 0.4375 -0.4031
vn -0.7598 0.5730 -0.3073
vn -0.8200 0.5543 -0.1425
vn -0.7966 0.6029 -0.0442
vn -0.7960 0.5992 0.0859
vn -0.7848 0.5467 0.2920
vn -0.8043 0.4594 0.3769
vn -0.7783 0.2327 0.5831
vn -0.8205 0.0889 0.5647
vn -0.9928 0.0978 0.0696
vn -0.9926 0.0915 0.0799
vn -0.9923 0.1070 0.0618
vn -0.9947 -0.0667 -0.0785
vn -0.9943 -0.0873 -0.0613
vn 0.9935 0.0199 -0.1122
vn -0.9953 -0.0921 -0.0287
vn -0.9922 0.1194 0.0355
vn -0.9920 0.1253 0.0124
vn -0.9924 0.1206 0.0235
vn -0.9940 -0.1096 -0.0020
vn 0.9915 0.1158 -0.0597
vn 0.9914 0.1155 -0.0609
vn 0.9915 0.1162 -0.0588
vn 0.9930 0.0625 -0.1003
vn -0.9927 -0.1190 -0.0188
vn -0.9925 -0.1182 -0.0309
vn -0.9923 -0.1237 -0.0077
vn -0.9939 -0.1048 0.0334
vn 0.9947 0.0830 -0.0613
vn -0.9943 -0.0834 0.0656
vn -0.8016 0.3849 0.4575
vn -0.8962 0.1291 0.4244
vn 0.9178 -0.0802 0.3889
vn 0.9135 -0.0780 0.3992
vn -0.9490 -0.0037 -0.3154
vn -0.8061 0.2168 -0.5507
vn -0.8061 0.2143 -0.5516
vn -0.9386 0.3237 0.1191
vn -0.9171 -0.3582 0.1748
vn -0.7947 -0.5811 0.1756
vn 0.9203 -0.3319 0.2072
vn 0.9243 -0.3278 0.1956
vn -0.9369 0.3496 -0.0097
vn -0.9350 0.3546 -0.0114
vn -0.9248 0.3552 -0.1361
vn -0.9245 0.3562 -0.1360
vn 0.9935 0.0303 0.1099
vn 0.9934 0.0263 0.1113
vn 0.9060 -0.3957 -0.1505
vn -0.9243 0.1635 -0.3450
vn -0.8032 0.3892 -0.4509
vn -0.8032 0.3882 -0.4518
vn 0.9911 0.0674 0.1147
vn 0.9928 0.0728 -0.0956
vn 0.9928 0.0749 -0.0933
vn -0.9160 0.3034 -0.2624
vn -0.9162 0.3029 -0.2623
vn 0.9122 -0.3736 -0.1686
vn 0.9101 -0.3794 -0.1668
vn 0.9929 0.0063 0.1191
vn 0.9928 -0.0099 0.1193
vn 0.9065 -0.3332 -0.2592
vn -0.7945 0.4853 -0.3651
vn -0.7945 0.4843 -0.3663
vn -0.9289 0.2701 -0.2534
vn -0.7841 -0.5833 -0.2121
vn -0.7843 -0.5839 -0.2094
vn -0.9389 -0.3334 -0.0857
vn -0.7965 0.5368 -0.2782
vn -0.7975 0.5332 -0.2823
vn -0.9331 0.3277 -0.1481
vn 0.9285 -0.1164 -0.3526
vn 0.9270 -0.1204 -0.3553
vn 0.9284 -0.0169 -0.3713
vn 0.9273 -0.0204 -0.3738
vn -0.9322 -0.0121 -0.3616
vn -0.7956 0.5795 -0.1767
vn -0.7961 0.5784 -0.1781
vn -0.9203 0.3908 -0.0159
vn -0.9950 0.0725 -0.0691
vn -0.9925 -0.1179 0.0334
vn -0.9922 -0.1224 0.0222
vn -0.9916 -0.1209 0.0452
vn 0.9940 -0.1000 0.0441
vn -0.9894 0.1385 -0.0444
vn -0.9890 0.1438 -0.0335
vn -0.9888 0.1385 -0.0554
vn -0.9946 0.0916 -0.0489
vn 0.9940 -0.0825 0.0715
vn -0.9947 0.0984 -0.0280
vn 0.9937 -0.0555 0.0974
vn -0.9913 -0.1017 0.0842
vn -0.9908 -0.1112 0.0768
vn -0.9907 -0.0982 0.0946
vn 0.9951 -0.0242 0.0956
vn -0.9947 0.0980 0.0313
vn 0.9915 0.0123 0.1296
vn 0.9915 0.0137 0.1294
vn 0.9915 0.0077 0.1302
vn -0.9926 -0.0640 -0.1028
vn -0.9918 -0.0583 -0.1135
vn -0.9922 -0.0756 -0.0990
vn 0.9945 -0.0029 0.1049
vn -0.9926 0.0236 -0.1194
vn -0.9922 0.0357 -0.1191
vn -0.9915 0.0164 -0.1290
vn 0.9932 -0.0615 -0.0990
vn 0.9932 -0.0626 -0.0983
vn 0.9931 -0.0605 -0.1001
vn 0.9925 -0.1017 -0.0680
vn 0.9924 -0.1014 -0.0700
vn 0.9925 -0.1011 -0.0690
vn 0.9947 0.0215 0.1004
vn -0.9943 0.0618 0.0869
vn -0.9924 -0.0102 0.1225
vn -0.9921 -0.0223 0.1234
vn -0.9916 -0.0000 0.1290
vn 0.9938 0.0728 0.0841
vn -0.9953 0.0349 0.0907
vn -0.9942 0.0155 0.1065
vn 0.9936 0.0989 0.0544
vn -0.9920 -0.0551 0.1138
vn -0.9917 -0.0666 0.1098
vn -0.9912 -0.0476 0.1232
vn -0.9945 -0.0156 0.1033
vn 0.9920 0.0683 0.1061
vn 0.9920 0.0696 0.1053
vn 0.9919 0.0672 0.1074
vn 0.9942 0.1063 0.0184
vn -0.9924 -0.1034 -0.0670
vn -0.9920 -0.0991 -0.0783
vn -0.9919 -0.1123 -0.0588
vn 0.9947 0.1020 -0.0097
vn -0.9944 -0.0619 0.0859
vn 0.1361 0.9610 0.2407
vn 0.1329 0.9908 -0.0273
vn -0.4800 0.8432 -0.2420
vn 0.2288 -0.7305 0.6434
vn 0.2615 0.2759 0.9249
vn -0.2904 -0.2810 0.9147
vn 0.3000 0.0618 -0.9519
vn 0.2902 -0.8482 -0.4431
vn -0.1934 -0.4953 -0.8469
vn 0.1451 -0.4431 0.8847
vn 0.1405 -0.0259 0.9897
vn -0.0694 -0.8752 0.4788
vn -0.2275 0.9527 0.2016
vn 0.2008 0.7018 0.6835
vn 0.2844 0.8964 -0.3400
vn -0.8122 0.0417 -0.5819
vn -0.9978 -0.0043 -0.0667
vn 0.3425 -0.0788 -0.9362
vn 0.3294 -0.6605 -0.6748
vn -0.3963 -0.3498 -0.8489
vn -0.4208 0.0222 0.9069
vn 0.0860 -0.7364 0.6711
vn 0.2045 -0.4386 0.8751
vn -0.8176 -0.4653 -0.3392
vn -0.9977 -0.0253 -0.0621
vn -0.2572 -0.4529 0.8536
vn 0.1652 -0.8615 0.4802
vn 0.2548 0.0561 0.9654
vn -0.2862 0.8843 0.3689
vn 0.1956 0.5088 0.8384
vn 0.3501 0.9320 -0.0934
vn -0.2702 -0.0785 -0.9596
vn 0.2303 0.2643 -0.9365
vn 0.1218 -0.7426 -0.6585
vn 0.2372 0.5695 -0.7870
vn 0.7771 0.1314 -0.6155
vn 0.7772 0.1170 -0.6182
vn -0.5686 -0.4588 0.6828
vn 0.1321 -0.8450 0.5182
vn 0.1696 -0.5243 0.8345
vn 0.0394 0.9920 -0.1202
vn 0.2344 0.7374 0.6335
vn 0.2777 0.8695 0.4085
vn 0.4656 0.8401 -0.2784
vn 0.8087 0.2624 -0.5264
vn 0.8090 0.2487 -0.5327
vn 0.3729 0.2596 -0.8908
vn 0.3957 -0.4125 -0.8205
vn -0.3211 0.0143 -0.9469
vn -0.9973 -0.0680 -0.0268
vn -0.8205 -0.2638 -0.5071
vn 0.8167 0.3775 -0.4364
vn 0.8161 0.3636 -0.4491
vn 0.2545 0.6734 -0.6940
vn -0.5118 -0.7023 0.4949
vn 0.2137 -0.9176 0.3353
vn 0.2157 -0.6656 0.7145
vn -0.9972 -0.0744 0.0029
vn -0.9972 -0.0743 0.0024
vn -0.8174 -0.4298 0.3836
vn 0.2082 0.8324 -0.5136
vn 0.7882 0.5070 -0.3488
vn 0.7875 0.4977 -0.3636
vn 0.1811 0.5842 0.7911
vn 0.1962 0.7654 0.6129
vn -0.2425 0.9546 0.1729
vn 0.2125 -0.9771 0.0065
vn 0.2558 -0.4023 0.8790
vn -0.2343 -0.8271 0.5110
vn -0.8179 -0.2548 0.5159
vn -0.9974 -0.0642 0.0317
vn -0.9974 -0.0645 0.0309
vn 0.8025 0.5966 0.0031
vn 0.8034 0.5952 -0.0176
vn 0.4883 0.6190 -0.6151
vn 0.2157 0.3308 -0.9187
vn 0.2243 -0.1264 -0.9663
vn -0.4717 0.3639 -0.8032
vn 0.1908 0.7243 -0.6625
vn 0.2276 -0.2862 -0.9308
vn -0.2419 0.2840 -0.9278
vn -0.2795 0.3428 0.8969
vn 0.4524 0.0973 0.8865
vn 0.1081 0.8888 0.4453
vn 0.1634 0.4123 0.8963
vn 0.1858 0.6234 0.7595
vn -0.5498 0.4130 0.7260
vn 0.7507 0.6224 0.2214
vn 0.7504 0.6310 0.1971
vn 0.2643 0.9499 -0.1668
vn 0.2563 -0.9551 -0.1489
vn 0.1341 -0.5859 0.7992
vn -0.2256 -0.9692 0.0990
vn 0.0809 0.5229 -0.8485
vn 0.1133 0.0663 -0.9913
vn -0.5923 0.4693 -0.6550
vn -0.9979 -0.0146 0.0628
vn -0.9979 -0.0183 0.0615
vn -0.8243 -0.4734 0.3104
vn -0.6158 -0.7236 0.3117
vn 0.2368 -0.9668 0.0956
vn 0.0502 -0.9287 0.3674
vn 0.9922 0.0082 -0.1247
vn 0.9922 0.0111 -0.1239
vn 0.9766 0.2081 -0.0550
vn 0.9263 0.0634 0.3713
vn 0.9308 0.0569 0.3611
vn -0.7871 0.0276 -0.6162
vn -0.7876 0.0217 -0.6158
vn -0.8989 0.1706 -0.4036
vn 0.9401 0.1499 0.3061
vn 0.9388 0.1626 0.3036
vn 0.9933 -0.0851 0.0781
vn 0.9933 -0.0856 0.0771
vn 0.9808 -0.1527 -0.1210
vn 0.9937 0.0935 0.0622
vn 0.9938 0.0864 0.0696
vn 0.9772 -0.0795 0.1969
vn -0.7737 0.4949 0.3956
vn -0.8853 0.2438 0.3961
vn -0.9135 -0.0105 0.4068
vn -0.9136 -0.0112 0.4064
vn 0.9253 0.2891 0.2454
vn 0.9298 0.2836 0.2346
vn -0.9137 -0.1709 0.3688
vn -0.9141 -0.1707 0.3678
vn 0.9751 -0.2164 -0.0490
vn 0.9923 -0.0657 0.1046
vn 0.9923 -0.0723 0.1006
vn 0.9751 0.1803 -0.1291
vn 0.9923 -0.0281 -0.1209
vn 0.9309 -0.3344 -0.1469
vn 0.9922 0.1159 0.0460
vn 0.9922 0.1107 0.0569
vn -0.8940 0.3135 0.3202
vn -0.7862 0.5596 0.2622
vn -0.8735 -0.1796 -0.4525
vn -0.8006 -0.1971 -0.5659
vn -0.8006 -0.1991 -0.5652
vn 0.9763 0.0428 0.2123
vn 0.9926 0.1202 0.0176
vn 0.9926 0.1198 0.0199
vn 0.9923 -0.0634 -0.1069
vn 0.9788 0.1414 -0.1479
vn -0.7945 0.5901 0.1437
vn -0.9176 0.3488 0.1908
vn -0.9234 -0.3802 0.0522
vn -0.9233 -0.3806 0.0522
vn -0.8007 -0.2872 -0.5257
vn -0.8004 -0.2900 -0.5246
vn -0.9032 -0.3737 -0.2113
vn 0.9364 0.3011 -0.1803
vn 0.9904 -0.0284 0.1354
vn 0.9905 -0.0427 0.1308
vn -0.8000 -0.1742 0.5741
vn -0.7999 -0.1720 0.5749
vn -0.9269 -0.1813 0.3288
vn 0.9166 0.3058 -0.2575
vn 0.9127 0.3128 -0.2627
vn 0.9117 0.1528 -0.3813
vn 0.9096 0.1542 -0.3858
vn -0.8018 -0.0584 0.5948
vn -0.8017 -0.0571 0.5949
vn -0.9347 -0.0417 0.3529
vn -0.9362 -0.2577 -0.2391
vn -0.7903 -0.4563 -0.4090
vn -0.7903 -0.4579 -0.4072
vn -0.9008 -0.1346 -0.4129
vn -0.9271 -0.1662 -0.3361
vn -0.3029 -0.3390 0.8907
vn 0.2431 -0.0233 0.9697
vn 0.2337 0.2162 0.9480
vn 0.2491 0.2110 0.9452
vn 0.2715 0.4494 0.8511
vn -0.3088 -0.1253 0.9428
vn 0.8950 0.1989 0.3992
vn -0.9097 0.3315 0.2502
vn -0.9121 0.3957 0.1069
vn -0.3773 0.8698 0.3180
vn 0.2855 0.9358 0.2068
vn 0.2632 0.9384 -0.2240
vn 0.1981 0.9589 -0.2031
vn 0.2675 0.7355 -0.6225
vn -0.4614 0.8829 -0.0869
vn 0.1197 0.6358 -0.7625
vn 0.1566 0.2416 -0.9577
vn -0.5755 0.5631 -0.5931
vn 0.9209 0.0649 -0.3843
vn -0.8986 -0.0742 -0.4325
vn -0.9007 -0.2563 -0.3508
vn -0.4345 -0.3099 -0.8457
vn 0.2335 -0.3189 -0.9186
vn 0.2260 -0.8029 -0.5516
vn -0.2941 -0.9477 -0.1242
vn 0.2107 -0.5300 -0.8214
vn 0.4100 -0.8488 -0.3339
vn 0.2447 -0.8208 -0.5161
vn -0.0133 -0.9895 -0.1438
vn -0.3562 -0.4191 -0.8352
vn 0.9276 -0.3323 0.1705
vn -0.9057 -0.2531 0.3401
vn -0.9180 -0.0973 0.3845
vn 0.2122 -0.2670 0.9401
vn 0.2070 0.1737 0.9628
vn -0.3272 0.3756 0.8671
vn -0.9179 0.0203 0.3962
vn 0.9167 0.3098 0.2523
vn 0.9185 0.3752 0.1253
vn 0.9155 0.4023 0.0067
vn -0.9010 0.4275 -0.0733
vn 0.9170 0.3067 -0.2551
vn 0.9119 0.1963 -0.3605
vn -0.9049 0.1218 -0.4077
vn 0.9197 -0.0751 -0.3855
vn 0.9092 -0.2419 -0.3389
vn 0.9159 -0.3376 -0.2172
vn 0.9125 -0.3948 -0.1072
vn 0.9196 -0.3887 0.0568
vn 0.9063 -0.1895 0.3779
vn 0.3020 -0.9346 -0.1880
vn 0.8078 -0.4778 -0.3451
vn 0.8076 -0.4853 -0.3350
vn -0.8168 0.4027 -0.4132
vn -0.9979 0.0199 -0.0610
vn -0.9979 0.0205 -0.0609
vn -0.0909 0.9752 0.2016
vn 0.3249 0.8371 0.4401
vn 0.2237 0.7697 -0.5979
vn 0.2762 -0.2242 -0.9346
vn 0.2275 -0.9573 -0.1783
vn -0.0823 -0.5494 -0.8315
vn -0.8192 0.5478 -0.1698
vn -0.9977 0.0396 -0.0549
vn -0.9977 0.0410 -0.0537
vn 0.8017 -0.5891 -0.1008
vn 0.8031 -0.5895 -0.0868
vn 0.4799 -0.7132 0.5109
vn 0.3244 0.9218 0.2124
vn 0.1351 0.6390 -0.7573
vn -0.1760 0.9842 -0.0171
vn 0.2415 -0.8787 0.4118
vn 0.7984 -0.6005 0.0441
vn 0.7996 -0.5975 0.0605
vn 0.3821 -0.8936 -0.2356
vn 0.8058 -0.5646 0.1787
vn 0.8058 -0.5580 0.1984
vn -0.8087 0.5865 -0.0441
vn -0.9977 0.0674 -0.0115
vn -0.9977 0.0682 -0.0051
vn 0.8166 -0.4803 0.3200
vn 0.8168 -0.4665 0.3395
vn 0.3536 -0.9314 0.0862
vn -0.9170 -0.3916 -0.0753
vn -0.1668 0.9535 -0.2509
vn 0.3209 0.9470 -0.0144
vn 0.1556 0.4283 -0.8902
vn 0.7901 -0.3915 0.4717
vn 0.7910 -0.3765 0.4823
vn 0.2629 -0.8234 0.5029
vn 0.7773 -0.2048 0.5949
vn 0.7777 -0.1847 0.6009
vn 0.1946 -0.2212 0.9556
vn 0.3285 -0.5012 0.8006
vn 0.2046 0.5173 0.8310
vn -0.0665 0.4092 0.9100
vn -0.9982 0.0491 0.0350
vn -0.9983 0.0427 0.0403
vn -0.8438 -0.2574 0.4708
vn -0.1295 0.8798 -0.4573
vn 0.3354 0.9164 -0.2184
vn 0.1679 0.2193 -0.9611
vn 0.1148 -0.1648 0.9796
vn 0.7150 0.0289 0.6986
vn 0.7165 0.0545 0.6955
vn -0.1844 -0.9554 -0.2308
vn 0.2011 -0.8099 -0.5511
vn 0.1563 -0.8521 0.4994
vn -0.8223 -0.0583 0.5660
vn -0.9982 0.0274 0.0525
vn -0.9982 0.0194 0.0563
vn 0.7594 0.2810 0.5868
vn 0.7622 0.3019 0.5726
vn 0.1549 0.4892 0.8583
vn -0.9977 0.0105 0.0669
vn -0.9977 0.0037 0.0676
vn -0.8171 -0.2747 0.5069
vn -0.2968 -0.9119 0.2835
vn 0.1148 -0.9104 -0.3975
vn 0.5486 -0.7704 0.3248
vn -0.9133 -0.3999 0.0769
vn -0.8981 0.1929 0.3952
vn 0.2749 0.8406 -0.4667
vn 0.2384 -0.0788 -0.9680
vn -0.1792 0.4487 -0.8756
vn 0.2026 0.9624 0.1808
vn 0.0881 0.7899 -0.6069
vn 0.0427 0.5262 0.8493
vn 0.1112 -0.9902 0.0841
vn 0.1127 -0.9896 0.0890
vn 0.0755 -0.6004 0.7961
vn 0.1831 -0.9256 0.3312
vn -0.0676 -0.4035 0.9125
vn 0.0083 -0.8872 -0.4614
vn 0.0139 -0.4153 0.9096
vn 0.0186 -0.4091 0.9123
vn -0.1187 0.3811 0.9169
vn 0.2118 0.8835 0.4178
vn 0.1141 0.9138 -0.3897
vn 0.0035 0.3058 0.9521
vn 0.1892 0.7488 0.6352
vn 0.0788 0.9877 -0.1352
vn 0.0414 0.0353 0.9985
vn 0.0884 0.6387 -0.7644
vn 0.0897 0.6372 -0.7655
vn -0.0125 -0.1351 -0.9908
vn 0.1885 -0.8106 0.5544
vn -0.0066 -0.1373 0.9905
vn 0.0970 -0.9659 -0.2401
vn 0.0425 0.5890 0.8070
vn 0.0284 0.9945 0.1012
vn -0.0551 -0.2007 0.9781
vn 0.6353 -0.7114 -0.3005
vn 0.6351 0.6511 -0.4155
vn 0.8568 0.3124 0.4102
vn 0.6338 -0.7538 0.1734
vn 0.6342 0.5988 -0.4892
vn 0.8565 0.3184 0.4062
vn 0.6333 -0.6262 0.4548
vn 0.6348 0.3719 -0.6773
vn 0.8574 0.4855 0.1709
vn 0.6330 -0.5311 0.5632
vn 0.6365 -0.0859 -0.7665
vn 0.8573 0.5148 -0.0080
vn 0.6332 -0.3246 0.7026
vn 0.6343 0.1251 -0.7629
vn 0.8564 0.4752 0.2020
vn 0.6341 -0.1737 0.7535
vn 0.6328 -0.0923 -0.7688
vn 0.8578 0.4755 -0.1950
vn 0.6272 0.2555 0.7357
vn 0.6285 -0.5377 -0.5620
vn 0.8572 0.1011 -0.5049
vn 0.6298 0.5365 0.5618
vn 0.6326 -0.7370 -0.2380
vn 0.8534 0.0263 -0.5207
vn 0.8557 -0.2035 -0.4758
vn 0.6286 0.6790 0.3792
vn 0.6285 -0.7747 0.0691
vn 0.8565 -0.3014 -0.4190
vn 0.6301 0.7648 -0.1342
vn 0.6302 -0.6358 0.4456
vn 0.8556 -0.4315 -0.2859
vn 0.6314 0.7412 -0.2282
vn 0.6238 -0.4911 0.6080
vn 0.8563 -0.5136 0.0545
vn 0.6298 0.5196 -0.5774
vn 0.6292 -0.5252 0.5730
vn 0.8558 -0.4751 0.2046
vn 0.6314 0.2747 -0.7252
vn 0.6256 0.3734 0.6850
vn 0.6297 -0.6059 -0.4861
vn 0.6253 0.7748 0.0936
vn 0.8550 0.0652 0.5145
vn 0.6366 -0.7065 -0.3092
vn 0.6275 0.6997 -0.3416
vn 0.8553 0.1917 0.4813
vn -0.8704 0.4323 0.2356
vn -0.6665 0.7129 -0.2179
vn -0.6628 -0.7151 -0.2220
vn -0.8722 -0.2118 0.4409
vn -0.6625 0.7449 0.0784
vn -0.6701 -0.6082 -0.4255
vn -0.8688 -0.4107 0.2766
vn -0.6703 0.6905 0.2716
vn -0.6619 -0.5204 -0.5395
vn -0.8699 -0.4696 0.1510
vn -0.6693 0.6198 0.4098
vn -0.6660 -0.4193 -0.6170
vn 0.6334 -0.3131 0.7076
vn 0.6344 -0.0073 -0.7729
vn 0.8567 0.5073 -0.0932
vn -0.6652 0.6012 0.4428
vn -0.6631 -0.3180 -0.6776
vn -0.8718 -0.4863 0.0587
vn -0.6683 0.5213 0.5306
vn -0.6597 0.1611 -0.7340
vn -0.8727 -0.4851 -0.0557
vn -0.6702 0.2176 0.7096
vn -0.6645 0.0378 -0.7463
vn -0.8710 -0.4754 0.1239
vn -0.6698 0.1292 0.7312
vn -0.6652 -0.1157 -0.7377
vn -0.8739 -0.4566 -0.1670
vn -0.6674 0.3027 0.6804
vn -0.6656 0.3594 -0.6541
vn -0.8721 -0.3980 -0.2847
vn -0.6680 -0.0679 0.7411
vn -0.6668 0.3307 -0.6679
vn -0.8725 -0.3359 -0.3548
vn -0.6679 -0.2253 0.7093
vn -0.6676 0.4399 -0.6007
vn -0.8727 -0.2970 -0.3875
vn -0.6673 -0.3618 0.6510
vn -0.6677 0.5642 -0.4857
vn -0.8733 -0.2732 -0.4034
vn -0.6688 -0.6547 0.3522
vn -0.6663 0.7391 -0.0990
vn -0.8736 -0.2267 -0.4307
vn -0.6702 -0.7027 0.2389
vn -0.6654 0.7392 0.1040
vn -0.8728 0.1296 -0.4705
vn -0.6684 -0.7319 0.1326
vn -0.6625 -0.2739 0.6972
vn -0.8711 0.4054 -0.2771
vn -0.6612 -0.7498 0.0243
vn -0.6699 0.7387 0.0743
vn -0.8725 -0.0242 -0.4880
vn -0.6606 -0.7356 -0.1498
vn -0.6703 0.7220 0.1715
vn -0.8688 0.3178 -0.3797
vn -0.6720 -0.7390 0.0478
vn -0.6608 0.5924 0.4608
vn -0.8715 0.3492 -0.3442
vn -0.6714 -0.7112 -0.2082
vn -0.6559 0.2196 0.7222
vn -0.8733 0.4727 -0.1180
vn 0.6361 0.1111 -0.7635
vn 0.6225 0.3834 0.6823
vn 0.8537 -0.3838 0.3520
vn -0.6694 -0.2093 -0.7129
vn -0.6614 -0.1713 0.7303
vn -0.8717 0.4347 0.2262
vn 0.6333 -0.2439 -0.7344
vn 0.6290 0.7634 0.1467
vn 0.8578 -0.1103 0.5020
vn -0.8702 0.3035 0.3881
vn -0.6647 0.0755 -0.7433
vn -0.6641 -0.2991 0.6852
vn -0.8706 0.2163 0.4418
vn -0.6631 0.1416 -0.7350
vn -0.6640 -0.4208 0.6180
vn -0.8708 0.0818 0.4848
vn -0.6623 0.2447 -0.7081
vn -0.6659 -0.5904 0.4561
vn -0.8708 0.0558 0.4884
vn -0.6627 0.3554 -0.6592
vn -0.6659 -0.6529 0.3610
vn -0.8704 -0.0762 0.4864
vn -0.6652 0.5138 -0.5418
vn -0.6629 -0.7465 0.0573
vn 0.4748 0.7091 0.5212
vn 0.1018 0.9482 -0.3010
vn -0.0170 0.7336 0.6794
vn -0.1839 0.5054 0.8431
vn -0.1542 0.9879 -0.0149
vn -0.6029 0.7937 0.0810
vn 0.5428 -0.2499 0.8018
vn 0.1387 0.5806 0.8023
vn 0.0616 -0.4256 0.9028
vn -0.2249 -0.5249 0.8209
vn -0.2065 0.4535 0.8670
vn -0.6441 0.2792 0.7122
vn 0.2450 -0.6316 0.7356
vn 0.0024 0.2860 0.9582
vn -0.4534 -0.3919 0.8005
vn -0.2044 -0.9661 -0.1577
vn -0.1504 -0.6279 0.7636
vn -0.5971 -0.5636 0.5708
vn -0.1635 -0.7562 -0.6336
vn -0.1635 -0.9296 0.3303
vn -0.6325 -0.7638 0.1287
vn 0.2434 -0.6341 -0.7340
vn 0.0100 -0.9889 0.1480
vn -0.4507 -0.7342 -0.5077
vn 0.5722 -0.4704 -0.6717
vn 0.1310 -0.9885 -0.0762
vn 0.1179 -0.4016 -0.9082
vn -0.1867 -0.2701 -0.9446
vn -0.1794 -0.9533 -0.2428
vn -0.6343 -0.7127 -0.2997
vn -0.1827 -0.0261 -0.9828
vn -0.1979 -0.8602 -0.4700
vn -0.6663 -0.5720 -0.4784
vn -0.1424 0.2050 -0.9684
vn -0.1400 -0.7272 -0.6720
vn -0.6277 -0.4594 -0.6284
vn -0.2235 0.3711 -0.9013
vn -0.1398 -0.5934 -0.7926
vn -0.6086 -0.4355 -0.6634
vn 0.3704 -0.9180 0.1414
vn 0.3750 -0.9160 0.1429
vn 0.3647 -0.9157 0.1687
vn 0.2260 -0.9619 0.1539
vn 0.2262 -0.9609 0.1598
vn 0.8242 -0.5610 0.0768
vn 0.9067 0.1242 -0.4031
vn 0.9080 -0.0069 0.4190
vn -0.5279 -0.8422 0.1094
vn 0.1180 -0.9737 -0.1952
vn -0.1280 -0.9759 0.1766
vn 0.8850 0.1434 -0.4429
vn 0.8695 -0.0797 0.4874
vn 0.8171 -0.5743 -0.0509
vn 0.3818 -0.9153 0.1283
vn 0.7485 -0.6508 -0.1273
vn 0.4519 -0.6832 0.5736
vn -0.2882 -0.9389 0.1883
vn -0.2808 -0.9431 0.1781
vn -0.2827 -0.9407 0.1876
vn -0.4927 0.1816 -0.8510
vn 0.1909 -0.1857 -0.9639
vn -0.6499 -0.3177 -0.6904
vn -0.9300 0.2261 0.2898
vn -0.8612 -0.2017 -0.4665
vn -0.8380 -0.4151 0.3541
vn -0.2720 0.9528 -0.1347
vn -0.2240 0.9648 -0.1378
vn -0.2458 0.9590 -0.1412
vn -0.4225 -0.2875 0.8596
vn 0.2362 0.3364 0.9116
vn -0.4960 0.2866 0.8197
vn 0.0581 -0.4074 0.9114
vn 0.3945 0.4058 0.8244
vn -0.3350 0.1358 0.9324
vn 0.8890 -0.4568 0.0317
vn 0.8982 0.2927 -0.3281
vn 0.9277 0.1896 0.3215
vn 0.2544 -0.2142 -0.9431
vn 0.0413 -0.6393 -0.7679
vn -0.2635 0.9563 -0.1269
vn -0.2503 0.9621 -0.1086
vn -0.7683 -0.0658 -0.6367
vn 0.0345 -0.1068 -0.9937
vn -0.5363 -0.5441 -0.6452
vn 0.1601 0.9739 -0.1610
vn 0.1710 0.9699 -0.1736
vn -0.0889 -0.6328 -0.7692
vn -0.5157 -0.0264 -0.8564
vn 0.2354 0.0696 -0.9694
vn -0.3846 0.7096 -0.5904
vn -0.1645 0.9785 -0.1243
vn -0.1533 0.9796 -0.1299
vn 0.9170 0.1280 -0.3778
vn 0.9220 0.2928 0.2535
vn 0.8551 -0.5158 0.0517
vn 0.2921 0.9045 0.3107
vn 0.4038 0.7417 -0.5355
vn 0.0466 0.9839 -0.1728
vn 0.1714 0.9852 -0.0056
vn 0.6127 0.7641 -0.2017
vn -0.3505 0.9355 0.0442
vn -0.4336 -0.4409 0.7859
vn -0.0046 0.2341 0.9722
vn -0.7090 0.4104 0.5735
vn 0.2589 -0.4007 0.8788
vn 0.7697 0.1843 0.6113
vn 0.2319 0.4898 0.8404
vn -0.2595 0.9332 0.2486
vn -0.0333 0.9718 -0.2336
vn -0.4261 0.8954 -0.1289
vn 0.3274 -0.0964 -0.9400
vn 0.7094 0.2352 -0.6644
vn 0.6032 -0.5157 -0.6084
vn -0.3072 -0.4662 0.8297
vn 0.0181 0.2939 0.9557
vn -0.6866 0.3676 0.6273
vn 0.0532 0.2639 -0.9631
vn 0.3544 -0.0074 -0.9351
vn -0.0183 -0.3858 -0.9224
vn 0.6342 -0.7683 -0.0867
vn 0.3129 -0.9494 0.0263
vn 0.3020 -0.9533 0.0049
vn 0.2241 -0.9733 0.0506
vn 0.2189 -0.9741 0.0565
vn 0.8203 -0.5716 0.0174
vn 0.9085 0.1506 -0.3898
vn 0.9010 -0.0408 0.4319
vn -0.1477 -0.9858 0.0804
vn -0.1263 -0.9883 0.0856
vn -0.1423 -0.9856 0.0908
vn 0.6868 -0.7114 -0.1492
vn 0.9102 0.1401 -0.3897
vn 0.8500 -0.1457 0.5063
vn -0.6897 -0.7108 0.1380
vn -0.2962 -0.9511 0.0873
vn -0.2923 -0.9516 0.0953
vn 0.0276 -0.0824 -0.9962
vn 0.0465 -0.0652 -0.9968
vn -0.0500 -0.5401 -0.8401
vn -0.3742 -0.5424 -0.7522
vn -0.5856 0.1011 -0.8043
vn 0.1987 -0.1107 -0.9738
vn -0.9131 0.0506 0.4045
vn -0.9007 0.0996 -0.4229
vn -0.8703 -0.2087 0.4462
vn -0.8474 -0.4297 0.3121
vn -0.8915 -0.0549 0.4496
vn -0.9063 0.0451 -0.4201
vn -0.2172 0.9744 -0.0575
vn -0.2213 0.9728 -0.0689
vn 0.9178 0.1527 -0.3664
vn 0.9216 0.2326 0.3107
vn 0.8809 -0.4361 0.1838
vn 0.1624 0.8728 0.4602
vn 0.3241 0.7825 -0.5316
vn -0.4906 0.8677 -0.0800
vn 0.1787 0.9799 -0.0888
vn 0.1787 0.9789 -0.0995
vn 0.5674 0.1399 0.8115
vn -0.1464 0.3052 0.9410
vn 0.4888 -0.3298 0.8077
vn 0.2229 0.3853 0.8954
vn -0.4310 0.2790 0.8581
vn 0.0074 -0.4597 0.8880
vn -0.5446 -0.2817 -0.7900
vn -0.5102 0.0804 -0.8563
vn 0.2979 -0.0810 -0.9512
vn -0.2664 -0.4061 0.8741
vn 0.2955 0.2926 0.9094
vn -0.3995 0.2322 0.8868
vn 0.3792 -0.9223 0.0746
vn 0.4848 -0.7808 -0.3942
vn 0.7872 -0.5830 0.2013
vn 0.3166 0.9441 -0.0923
vn 0.3344 0.9369 -0.1019
vn 0.1165 0.8740 -0.4718
vn -0.2011 0.9791 -0.0306
vn -0.2076 0.9782 -0.0014
vn 0.3128 0.9496 -0.0201
vn 0.1163 -0.9928 0.0280
vn 0.1124 -0.9931 0.0336
vn -0.3031 -0.9513 0.0556
vn -0.7860 -0.4911 0.3755
vn -0.8709 -0.0135 0.4912
vn -0.8739 -0.1249 -0.4698
vn 0.0513 0.3776 -0.9245
vn 0.3669 0.0916 -0.9257
vn -0.0204 -0.3086 -0.9510
vn -0.4623 -0.3407 -0.8186
vn -0.4288 0.4121 -0.8039
vn 0.3199 0.1109 -0.9409
vn -0.1368 -0.9905 0.0152
vn 0.0660 -0.9126 0.4034
vn 0.1088 -0.9921 -0.0619
vn 0.1042 -0.9925 -0.0637
vn 0.6517 -0.7408 -0.1627
vn 0.3034 -0.9496 -0.0784
vn 0.2177 -0.9758 -0.0202
vn -0.1610 -0.9869 -0.0113
vn -0.5030 -0.7843 -0.3631
vn -0.2730 -0.9620 0.0092
vn -0.2783 -0.9602 0.0231
vn -0.6228 0.1246 -0.7724
vn 0.1826 0.1129 -0.9767
vn -0.1683 -0.4826 -0.8595
vn -0.3757 0.9260 0.0375
vn -0.3937 0.9192 0.0097
vn -0.3904 0.9202 0.0283
vn 0.8571 -0.2140 0.4686
vn 0.9179 0.1846 -0.3513
vn 0.9227 0.1991 0.3301
vn 0.2506 -0.0317 -0.9676
vn 0.2525 -0.0303 -0.9671
vn 0.0472 -0.4863 -0.8725
vn -0.9065 0.1316 0.4011
vn -0.9003 0.2190 -0.3762
vn -0.8616 -0.3256 -0.3895
vn 0.6227 -0.5157 0.5885
vn 0.7377 0.1475 0.6588
vn 0.0625 -0.0485 0.9969
vn -0.7709 0.0673 -0.6334
vn 0.0336 0.0750 -0.9966
vn -0.5349 -0.4170 -0.7348
vn 0.1909 -0.5090 0.8394
vn 0.5807 0.0173 0.8139
vn -0.2028 0.1897 0.9607
vn 0.6947 0.6465 -0.3153
vn 0.0052 0.8915 -0.4531
vn 0.1170 0.9129 0.3911
vn -0.0473 -0.4793 0.8764
vn 0.2103 0.3496 0.9130
vn -0.4588 0.0279 0.8881
vn -0.6505 0.7431 -0.1570
vn -0.1616 0.9860 0.0422
vn -0.1619 0.9860 0.0405
vn 0.8933 -0.0545 -0.4462
vn 0.9229 0.2495 0.2933
vn 0.7358 -0.6378 0.2277
vn -0.4333 -0.5616 0.7049
vn -0.0006 0.0732 0.9973
vn -0.7140 0.3081 0.6287
vn -0.2575 0.8727 0.4148
vn -0.2625 0.9115 -0.3168
vn -0.4388 0.8973 0.0481
vn -0.5538 -0.4184 0.7199
vn 0.0555 0.1872 0.9807
vn -0.6837 0.2853 0.6717
vn 0.9131 0.1023 -0.3948
vn 0.8514 0.3418 0.3979
vn 0.7787 -0.5716 0.2586
vn -0.4683 -0.2802 -0.8380
vn -0.4381 0.4687 -0.7671
vn 0.3128 0.1660 -0.9352
vn -0.8787 0.3568 0.3172
vn -0.9085 0.2071 -0.3630
vn -0.8470 -0.4786 0.2315
vn 0.2051 -0.8331 -0.5137
vn 0.2372 -0.9657 -0.1057
vn 0.1721 -0.9752 -0.1390
vn 0.0940 -0.9826 -0.1602
vn 0.0335 -0.8928 -0.4491
vn 0.6319 -0.6942 -0.3445
vn 0.3370 -0.9286 -0.1554
vn -0.4215 -0.8718 -0.2496
vn 0.1532 -0.8481 -0.5072
vn -0.0230 -0.9899 -0.1399
vn 0.0001 0.0410 -0.9992
vn 0.0376 0.5552 -0.8309
vn 0.1656 -0.4003 -0.9013
vn 0.3867 -0.9142 -0.1211
vn 0.5183 -0.6543 -0.5506
vn 0.5113 -0.7812 0.3581
vn -0.2848 -0.9554 -0.0784
vn 0.9597 0.2485 -0.1310
vn 0.8775 -0.1736 0.4471
vn 0.7963 -0.5892 -0.1368
vn -0.6243 0.1928 -0.7571
vn 0.1756 0.1910 -0.9658
vn -0.2201 -0.4141 -0.8832
vn 0.3393 0.1503 -0.9286
vn 0.3407 0.1499 -0.9281
vn 0.4621 -0.3291 -0.8235
vn 0.2776 -0.5170 0.8097
vn 0.2540 0.2893 0.9229
vn -0.3738 -0.1563 0.9142
vn 0.6557 -0.5422 0.5255
vn 0.7386 0.0958 0.6673
vn 0.0619 -0.1331 0.9892
vn -0.7711 0.1020 -0.6285
vn 0.0050 0.2599 -0.9656
vn -0.0853 -0.2721 -0.9585
vn -0.0613 -0.5758 0.8153
vn 0.5839 -0.0960 0.8061
vn -0.0290 0.2360 0.9713
vn 0.1968 0.2640 0.9442
vn -0.4267 0.1073 0.8980
vn 0.1217 -0.5846 0.8022
vn -0.9486 0.2513 0.1923
vn -0.8572 -0.0679 -0.5105
vn -0.8450 -0.4794 0.2367
vn 0.2806 0.9558 0.0883
vn 0.2802 0.9568 0.0779
vn 0.2795 0.9570 0.0772
vn 0.1614 0.8499 0.5017
vn 0.3367 0.9398 0.0586
vn 0.2613 0.8903 -0.3730
vn 0.0936 -0.8124 -0.5756
vn 0.2943 -0.8847 0.3614
vn 0.0841 -0.9862 -0.1427
vn 0.1842 0.9814 0.0535
vn -0.6196 0.7560 -0.2112
vn -0.3019 0.9300 0.2095
vn -0.8979 0.1977 0.3933
vn -0.7800 0.5273 -0.3369
vn -0.8634 -0.3453 -0.3677
vn -0.6367 -0.5009 0.5862
vn 0.0273 -0.0147 0.9995
vn -0.7152 0.2462 0.6541
vn 0.8925 -0.4365 0.1134
vn 0.9047 0.2748 -0.3255
vn 0.9023 0.2913 0.3178
vn -0.8711 -0.3048 -0.3850
vn -0.8981 0.1131 0.4250
vn -0.7970 0.4781 -0.3692
vn -0.3475 -0.6495 0.6763
vn 0.0740 0.0138 0.9972
vn -0.6712 0.2208 0.7076
vn 0.8997 0.1416 -0.4128
vn 0.8565 0.2805 0.4332
vn 0.7599 -0.5990 0.2526
vn 0.1741 0.8387 0.5160
vn -0.1029 0.9865 0.1275
vn -0.1393 0.9808 0.1367
vn -0.8897 -0.2728 0.3660
vn -0.8549 0.2747 0.4400
vn -0.8824 0.3417 -0.3234
vn 0.1181 -0.9643 -0.2370
vn 0.1086 -0.9673 -0.2292
vn -0.1299 -0.7688 -0.6261
vn 0.0897 -0.9565 -0.2776
vn 0.0806 -0.9579 -0.2755
vn 0.2145 -0.9592 -0.1844
vn -0.0229 -0.9747 -0.2221
vn 0.2280 -0.8213 -0.5230
vn 0.3285 -0.9444 0.0144
vn -0.1508 -0.9723 -0.1784
vn 0.8885 0.2767 -0.3660
vn 0.8726 -0.2461 0.4220
vn 0.8107 -0.5404 -0.2255
vn 0.0016 0.1936 -0.9811
vn 0.0319 0.2142 -0.9763
vn -0.1761 -0.2503 -0.9520
vn 0.0380 -0.2750 -0.9607
vn -0.5847 0.2600 -0.7684
vn 0.1300 0.4416 -0.8877
vn -0.3821 0.9007 0.2066
vn -0.3808 0.9077 0.1761
vn -0.4002 0.8961 0.1919
vn 0.3185 -0.5755 0.7532
vn 0.2469 0.2008 0.9480
vn -0.3829 -0.2437 0.8911
vn 0.2496 0.1240 -0.9604
vn 0.2547 0.1262 -0.9587
vn 0.0657 -0.3410 -0.9378
vn 0.1052 -0.6730 0.7321
vn 0.5669 -0.1438 0.8111
vn -0.1738 0.0144 0.9847
vn 0.1373 0.9676 0.2120
vn 0.1403 0.9729 0.1840
vn 0.1112 0.9753 0.1910
vn -0.1949 -0.7149 0.6715
vn 0.1124 -0.2365 0.9651
vn -0.7568 -0.1631 0.6330
vn 0.2232 0.9661 0.1294
vn -0.6832 0.7290 -0.0421
vn -0.2943 0.9172 0.2685
vn 0.3116 0.9382 0.1508
vn 0.2305 0.9349 -0.2698
vn 0.2636 0.7864 0.5587
vn 0.8777 -0.4784 0.0269
vn 0.9049 0.2694 -0.3296
vn 0.9224 0.2200 0.3175
vn 0.3355 0.2372 -0.9117
vn 0.7127 0.4538 -0.5349
vn 0.5997 -0.2704 -0.7532
vn -0.5657 -0.5683 0.5975
vn 0.0783 -0.0652 0.9948
vn -0.6597 0.1526 0.7358
vn 0.9011 0.1612 -0.4024
vn 0.8574 0.2533 0.4481
vn 0.7647 -0.6154 0.1911
vn 0.1029 -0.9436 -0.3145
vn 0.1141 -0.9445 -0.3079
vn 0.0986 -0.9437 -0.3158
vn 0.3179 -0.7288 -0.6064
vn 0.2138 -0.9408 -0.2631
vn 0.0490 -0.7981 -0.6006
vn 0.6412 -0.6158 -0.4579
vn 0.3387 -0.8910 -0.3023
vn 0.6398 -0.6916 0.3354
vn 0.7381 0.1931 0.6465
vn 0.0743 -0.2087 0.9752
vn -0.0236 -0.9517 -0.3060
vn 0.2337 -0.7648 -0.6004
vn 0.3336 -0.9406 -0.0628
vn -0.1487 -0.9537 -0.2613
vn 0.3881 -0.8819 -0.2676
vn 0.5282 -0.5507 -0.6463
vn 0.6359 -0.7550 0.1601
vn -0.2932 -0.9281 -0.2293
vn 0.9167 0.2023 -0.3445
vn 0.9217 -0.0013 0.3879
vn 0.8486 -0.4676 0.2475
vn -0.2564 -0.2203 -0.9411
vn -0.4757 0.5220 -0.7080
vn 0.1954 0.2836 -0.9388
vn -0.9305 0.0787 0.3577
vn -0.8570 0.0195 -0.5149
vn -0.8411 -0.5226 0.1395
vn -0.9091 -0.0887 0.4070
vn -0.8991 0.2370 -0.3681
vn -0.8712 -0.4171 0.2590
vn 0.3534 0.3084 -0.8832
vn 0.3589 0.3185 -0.8774
vn 0.4060 -0.2166 -0.8878
vn -0.0482 -0.7238 0.6883
vn 0.3609 0.0231 0.9323
vn -0.3988 -0.2407 0.8849
vn 0.2488 0.2097 -0.9456
vn 0.2555 0.2129 -0.9431
vn 0.0935 -0.2663 -0.9593
vn -0.7625 0.2347 -0.6029
vn 0.0283 0.3376 -0.9409
vn -0.5957 -0.1735 -0.7843
vn 0.0514 -0.7118 0.7005
vn 0.5999 -0.2106 0.7718
vn -0.0903 0.0460 0.9948
vn 0.6813 0.7115 -0.1721
vn 0.0436 0.9754 -0.2159
vn 0.1149 0.7716 0.6257
vn 0.1830 -0.1339 -0.9739
vn -0.5009 0.3608 -0.7867
vn 0.2050 0.5082 -0.8365
vn 0.2893 0.9262 0.2419
vn 0.2886 0.9278 0.2364
vn 0.2877 0.9280 0.2367
vn -0.1834 0.7745 0.6053
vn -0.0673 0.9826 -0.1729
vn -0.7581 0.6492 -0.0614
vn -0.6540 -0.5779 0.4881
vn 0.0225 -0.1872 0.9821
vn -0.7114 0.1418 0.6884
vn 0.8771 -0.4800 -0.0155
vn 0.9052 0.2968 -0.3042
vn 0.9226 0.1897 0.3358
vn -0.5666 -0.6028 0.5618
vn 0.0748 -0.1385 0.9875
vn -0.6594 0.0883 0.7466
vn -0.0517 0.9389 0.3402
vn -0.2502 0.9493 -0.1902
vn -0.0745 0.6164 0.7839
vn -0.2429 0.9286 0.2805
vn -0.2340 0.9303 0.2824
vn 0.1168 0.9878 -0.1027
vn 0.2299 0.8715 -0.4333
vn -0.6764 0.3016 -0.6720
vn 0.3306 -0.9436 0.0165
vn 0.1860 -0.8979 -0.3989
vn -0.0605 -0.7117 -0.6999
vn 0.5869 -0.7406 -0.3271
vn -0.1365 -0.9325 -0.3342
vn 0.0632 -0.9964 0.0567
vn -0.1791 -0.9157 -0.3596
vn 0.0775 -0.7048 -0.7051
vn 0.1680 -0.9073 -0.3854
vn 0.1087 -0.9072 -0.4063
vn 0.1151 -0.9112 -0.3955
vn 0.1080 -0.9094 -0.4016
vn 0.0932 -0.7469 -0.6584
vn 0.6482 -0.5691 -0.5059
vn 0.3472 -0.8582 -0.3781
vn 0.2407 -0.8990 -0.3658
vn 0.2320 -0.9066 -0.3524
vn 0.3823 -0.8541 -0.3527
vn 0.5218 -0.4744 -0.7090
vn 0.5069 -0.8531 0.1237
vn -0.2993 -0.9066 -0.2976
vn 0.5340 -0.1018 0.8393
vn -0.1826 -0.2484 0.9513
vn 0.5594 -0.6092 0.5621
vn -0.6276 0.3697 -0.6851
vn 0.1732 0.4257 -0.8881
vn -0.1925 -0.1797 -0.9647
vn -0.2567 0.8987 0.3556
vn -0.2204 0.9070 0.3588
vn -0.2343 0.9050 0.3551
vn -0.8970 -0.2336 0.3751
vn -0.9010 0.2299 -0.3680
vn -0.8444 -0.5339 0.0434
vn -0.1767 0.9060 0.3847
vn -0.1713 0.9087 0.3806
vn 0.8543 -0.3504 0.3839
vn 0.9193 0.3027 -0.2513
vn 0.9140 0.0913 0.3953
vn 0.0530 0.9260 0.3738
vn 0.0219 0.9363 0.3505
vn 0.0255 0.9239 0.3818
vn -0.7622 0.2783 -0.5845
vn 0.0309 0.4204 -0.9068
vn -0.5728 -0.1164 -0.8114
vn 0.1585 0.9365 0.3127
vn 0.1478 0.9416 0.3027
vn 0.0532 -0.1014 -0.9934
vn -0.5068 0.4280 -0.7483
vn 0.2600 0.4816 -0.8369
vn -0.9502 0.1734 0.2588
vn -0.8547 0.0669 -0.5148
vn -0.8436 -0.5290 0.0926
vn -0.1400 -0.7988 0.5851
vn 0.1169 -0.3869 0.9147
vn -0.7462 -0.2672 0.6098
vn 0.3122 0.5989 0.7375
vn 0.2100 0.9627 -0.1705
vn 0.0669 0.9326 0.3546
vn 0.8966 0.1078 -0.4296
vn 0.9203 0.1270 0.3701
vn 0.7365 -0.6759 -0.0273
vn 0.1666 0.8440 0.5098
vn 0.5879 0.7878 0.1839
vn -0.3754 0.7964 0.4742
vn 0.3137 0.8957 0.3150
vn 0.3068 0.9002 0.3089
vn 0.2605 0.6804 0.6850
vn -0.8712 -0.2003 -0.4482
vn -0.8980 -0.0016 0.4400
vn -0.7975 0.5534 -0.2404
vn 0.3619 0.6303 0.6868
vn 0.3400 0.9401 -0.0249
vn -0.0101 0.9172 0.3983
vn 0.3169 -0.5951 -0.7385
vn 0.2132 -0.8800 -0.4244
vn 0.3975 -0.8240 0.4037
vn 0.6242 -0.0287 0.7807
vn -0.1722 -0.3254 0.9297
vn -0.1174 -0.8910 -0.4386
vn 0.1604 -0.7094 -0.6863
vn 0.2374 -0.9439 -0.2295
vn -0.2804 -0.8693 -0.4070
vn -0.2754 -0.8719 -0.4049
vn 0.0365 0.3973 -0.9170
vn 0.0392 0.4172 -0.9080
vn 0.3275 0.0072 -0.9448
vn 0.8494 -0.1907 -0.4920
vn 0.9629 0.2675 -0.0364
vn 0.8816 -0.3124 0.3537
vn -0.5419 0.0275 -0.8400
vn -0.4901 0.6255 -0.6071
vn 0.2100 0.4284 -0.8789
vn 0.0477 -0.7370 0.6742
vn -0.1290 -0.1810 0.9750
vn -0.7438 -0.3487 0.5702
vn -0.8474 -0.5278 0.0574
vn -0.8914 -0.2647 0.3679
vn -0.9068 0.2503 -0.3393
vn 0.2957 -0.7606 0.5779
vn 0.2576 -0.0465 0.9651
vn -0.3833 -0.4649 0.7981
vn 0.2523 0.3685 -0.8948
vn 0.0541 -0.0867 -0.9948
vn 0.0263 0.8715 0.4896
vn 0.0315 0.8901 0.4547
vn 0.0046 0.8811 0.4730
vn 0.1447 0.8997 0.4117
vn 0.1662 0.8998 0.4035
vn 0.1430 0.9055 0.3994
vn 0.3183 -0.1244 0.9398
vn -0.3910 -0.1720 0.9042
vn 0.0725 -0.8230 0.5634
vn 0.1233 -0.0021 -0.9924
vn -0.5019 0.4848 -0.7163
vn 0.1867 0.6301 -0.7537
vn -0.9481 0.1673 0.2703
vn -0.8579 0.1112 -0.5016
vn -0.8459 -0.5294 0.0649
vn -0.6594 0.7310 0.1754
vn -0.1724 0.8695 0.4629
vn -0.1738 0.8726 0.4565
vn 0.1993 0.9018 0.3833
vn -0.6993 0.6946 0.1687
vn -0.2956 0.7997 0.5226
vn 0.9142 0.3286 -0.2372
vn 0.9189 0.0953 0.3827
vn 0.8541 -0.4350 0.2852
vn 0.9076 0.3220 -0.2695
vn 0.9345 0.1167 0.3364
vn 0.8667 -0.4147 0.2772
vn -0.8718 -0.1596 -0.4631
vn -0.8975 -0.0381 0.4393
vn -0.7970 0.5731 -0.1905
vn -0.5573 -0.7094 0.4315
vn 0.0792 -0.3273 0.9416
vn -0.6559 -0.0554 0.7529
vn 0.9046 0.2554 -0.3413
vn 0.8554 0.1367 0.4996
vn 0.7730 -0.6344 -0.0020
vn 0.1747 0.6111 0.7721
vn -0.1027 0.8830 0.4580
vn -0.1392 0.8744 0.4648
vn -0.0676 0.8618 0.5028
vn -0.2569 0.9664 -0.0045
vn -0.5304 0.5359 0.6569
vn 0.0443 0.7797 -0.6246
vn 0.3591 0.5295 -0.7686
vn -0.0169 0.2012 -0.9794
vn -0.6801 0.6747 -0.2868
vn 0.0201 0.6843 -0.7289
vn -0.6725 0.0756 -0.7362
vn -0.8894 -0.3840 0.2481
vn -0.8616 0.0971 0.4981
vn -0.8831 0.4258 -0.1968
vn 0.0831 -0.8143 -0.5745
vn 0.0928 -0.8161 -0.5704
vn 0.0821 -0.8164 -0.5716
vn 0.8099 -0.1868 -0.5559
vn 0.8381 0.5398 -0.0785
vn 0.9071 -0.1243 0.4021
vn 0.0446 -0.6192 -0.7840
vn 0.6246 -0.4942 -0.6048
vn 0.3341 -0.7761 -0.5348
vn 0.4384 -0.8322 0.3395
vn 0.6199 -0.0858 0.7800
vn -0.1715 -0.3760 0.9106
vn 0.3877 -0.7784 -0.4938
vn 0.5246 -0.3602 -0.7714
vn 0.5096 -0.8604 -0.0027
vn -0.2749 -0.8318 -0.4821
vn -0.2699 -0.8346 -0.4802
vn 0.0310 0.4786 -0.8775
vn 0.0345 0.4992 -0.8658
vn 0.3064 0.0825 -0.9483
vn -0.8472 -0.5311 0.0125
vn -0.8912 -0.2954 0.3444
vn -0.9070 0.2778 -0.3166
vn 0.0141 -0.8665 0.4990
vn 0.3210 -0.1839 0.9291
vn -0.3842 -0.4764 0.7908
vn 0.8921 -0.3873 -0.2328
vn 0.8968 0.4372 -0.0681
vn 0.9272 -0.0576 0.3700
vn 0.2515 0.4403 -0.8619
vn 0.0486 -0.0033 -0.9988
vn 0.0511 0.8481 0.5274
vn 0.0201 0.8623 0.5061
vn 0.0266 0.8479 0.5295
vn 0.8400 -0.5402 0.0513
vn 0.9181 0.3078 -0.2498
vn 0.9204 -0.1214 0.3717
vn 0.1498 0.8582 0.4910
vn 0.1713 0.8587 0.4831
vn 0.1477 0.8651 0.4794
vn 0.1487 0.8536 0.4993
vn 0.1482 0.8593 0.4895
vn 0.7309 0.6730 0.1136
vn 0.0619 0.9981 -0.0009
vn 0.1500 0.5890 0.7941
vn 0.3400 -0.2367 0.9102
vn -0.3895 -0.2559 0.8848
vn -0.0654 -0.8766 0.4767
vn -0.0608 0.0333 -0.9976
vn -0.5126 0.5555 -0.6547
vn 0.2278 0.6998 -0.6770
vn 0.2884 0.8320 0.4740
vn 0.2828 0.8400 0.4631
vn 0.2818 0.8401 0.4635
vn -0.3330 -0.5379 -0.7744
vn -0.3010 -0.8395 -0.4523
vn -0.3192 -0.9469 -0.0382
vn -0.1029 -0.8634 0.4939
vn 0.1570 -0.5314 0.8325
vn -0.7335 -0.3758 0.5663
vn 0.9049 0.1695 -0.3905
vn 0.9163 0.0699 0.3943
vn 0.7436 -0.6507 -0.1538
vn -0.1196 -0.8500 -0.5130
vn -0.0886 -0.5689 -0.8176
vn 0.1832 -0.9727 -0.1424
vn 0.3592 0.5028 0.7862
vn 0.3287 0.9352 0.1315
vn -0.0123 0.8350 0.5500
vn -0.3276 -0.8487 0.4151
vn 0.0948 -0.3508 0.9316
vn -0.6735 -0.0854 0.7343
vn -0.0559 0.8178 0.5727
vn -0.2509 0.9647 0.0802
vn -0.5237 0.4827 0.7020
vn 0.0536 0.8219 -0.5671
vn 0.3505 0.5931 -0.7249
vn -0.0207 0.2953 -0.9552
vn -0.1335 -0.8220 -0.5536
vn 0.2930 -0.8511 -0.4355
vn 0.1818 -0.7686 -0.6133
vn 0.1830 -0.7617 -0.6216
vn 0.1833 -0.7663 -0.6158
vn 0.1053 -0.7778 -0.6196
vn 0.0233 -0.5364 -0.8436
vn 0.6375 -0.4189 -0.6466
vn 0.3296 -0.7329 -0.5952
vn 0.6286 -0.7737 0.0796
vn 0.7495 -0.0457 0.6605
vn 0.0624 -0.5527 0.8311
vn -0.0311 -0.7878 -0.6151
vn 0.2799 -0.5435 -0.7914
vn 0.1356 -0.9579 -0.2530
vn -0.1213 -0.8084 -0.5760
vn 0.1580 -0.5911 -0.7910
vn 0.2492 -0.8808 -0.4026
vn 0.7047 -0.4282 -0.5657
vn 0.8965 0.3878 -0.2142
vn 0.8551 -0.4221 0.3009
vn 0.3875 -0.7374 -0.5532
vn 0.5275 -0.2967 -0.7960
vn 0.6348 -0.7644 -0.1132
vn -0.0002 0.5601 -0.8284
vn 0.0157 0.8993 -0.4370
vn 0.2580 0.1259 -0.9579
vn -0.9333 -0.0361 0.3573
vn -0.8578 0.1929 -0.4765
vn -0.8426 -0.5374 -0.0363
vn -0.8468 -0.5307 -0.0360
vn -0.8917 -0.3318 0.3079
vn -0.9021 0.3149 -0.2950
vn 0.3383 -0.8326 0.4386
vn 0.2571 -0.2125 0.9427
vn -0.3894 -0.5995 0.6993
vn 0.2379 0.5778 -0.7808
vn 0.2400 0.5783 -0.7797
vn -0.1143 0.2598 -0.9589
vn 0.1404 0.8141 0.5635
vn 0.1618 0.8156 0.5555
vn 0.1387 0.8219 0.5524
vn -0.1320 0.1020 -0.9860
vn -0.5136 0.5951 -0.6181
vn 0.2574 0.7238 -0.6401
vn 0.1635 0.8712 0.4628
vn -0.5768 0.8027 0.1519
vn -0.3010 0.7172 0.6285
vn 0.3069 0.7863 0.5363
vn 0.3158 0.7944 0.5188
vn -0.0383 0.9498 0.3105
vn -0.6446 -0.7219 0.2515
vn 0.0063 -0.5119 0.8590
vn -0.7183 -0.0992 0.6886
vn 0.2880 0.7893 0.5423
vn 0.3062 0.7861 0.5370
vn 0.2709 0.9516 0.1450
vn 0.8887 -0.4398 -0.1292
vn 0.9022 0.3976 -0.1673
vn 0.9115 0.0895 0.4014
vn -0.3461 -0.9009 0.2618
vn 0.0756 -0.4856 0.8709
vn -0.6716 -0.1649 0.7223
vn -0.0652 0.7643 0.6415
vn -0.2482 0.9548 0.1634
vn -0.5189 0.4175 0.7460
vn -0.8349 0.0201 0.5500
vn -0.8833 0.4589 -0.0955
vn -0.8882 -0.4488 0.0979
vn 0.8178 -0.1100 -0.5648
vn 0.8308 0.5555 0.0348
vn 0.9101 -0.1856 0.3706
vn 0.2134 -0.7367 -0.6417
vn -0.0229 -0.7333 -0.6795
vn 0.2364 -0.4405 -0.8661
vn 0.3328 -0.8274 -0.4523
vn -0.1432 -0.7526 -0.6427
vn 0.9129 0.3596 -0.1933
vn 0.8429 -0.4751 0.2526
vn 0.8019 -0.3509 -0.4835
vn 0.0428 0.6177 -0.7853
vn 0.0423 0.6323 -0.7736
vn 0.3639 0.2617 -0.8939
vn -0.9091 -0.2523 0.3314
vn -0.8990 0.3703 -0.2337
vn -0.8710 -0.4875 0.0601
vn -0.8406 -0.2849 -0.4607
vn -0.8913 -0.3540 0.2832
vn -0.9240 0.3823 0.0054
vn 0.1527 -0.9327 0.3268
vn 0.3464 -0.3497 0.8705
vn -0.4073 -0.6176 0.6728
vn 0.9201 0.3549 -0.1657
vn 0.9274 -0.0708 0.3673
vn 0.8723 -0.4326 -0.2278
vn 0.0520 0.7416 0.6689
vn 0.0210 0.7593 0.6504
vn 0.0245 0.7369 0.6756
vn -0.2272 -0.8123 0.5372
vn 0.5832 -0.4953 0.6439
vn -0.0698 -0.3663 0.9279
vn 0.0928 -0.3143 0.9448
vn -0.4357 -0.4583 0.7747
vn 0.2203 -0.9174 0.3313
vn -0.8822 -0.3431 0.3225
vn -0.8873 0.3136 -0.3382
vn -0.8134 -0.3620 -0.4555
vn 0.2029 0.6164 -0.7608
vn 0.2364 0.6172 -0.7505
vn 0.3159 0.1349 -0.9392
vn -0.0886 0.7002 0.7084
vn -0.0722 0.9692 0.2353
vn -0.4676 0.2930 0.8340
vn -0.2314 0.6859 0.6899
vn -0.1947 0.7061 0.6808
vn -0.5351 0.7983 0.2764
vn 0.3095 0.7415 0.5953
vn 0.0777 0.9512 0.2988
vn 0.2558 0.4014 0.8794
vn 0.3151 0.6662 -0.6760
vn 0.7031 0.6611 -0.2618
vn 0.6187 0.1144 -0.7773
vn 0.3609 0.3566 0.8618
vn 0.3325 0.8962 0.2938
vn -0.0103 0.7259 0.6877
vn -0.5644 -0.7817 0.2653
vn 0.0704 -0.5093 0.8577
vn -0.6741 -0.1802 0.7163
vn 0.9074 0.3363 -0.2521
vn 0.8524 -0.0028 0.5229
vn 0.7740 -0.6090 -0.1733
vn -0.1521 -0.7042 -0.6935
vn 0.2012 -0.8366 -0.5095
vn -0.0850 -0.8342 -0.5449
vn -0.0548 -0.4537 -0.8895
vn 0.1948 -0.6419 -0.7416
vn 0.0875 -0.6404 -0.7631
vn 0.0821 -0.6441 -0.7605
vn -0.0320 -0.3161 -0.9482
vn 0.2152 -0.6803 -0.7006
vn -0.4315 -0.7229 -0.5397
vn -0.0607 -0.6677 -0.7420
vn -0.0612 -0.6688 -0.7409
vn 0.6914 -0.3457 -0.6344
vn 0.9100 0.3907 -0.1389
vn 0.8498 -0.4795 0.2187
vn -0.4220 -0.8877 0.1839
vn 0.1193 -0.5767 0.8082
vn -0.6602 -0.4860 0.5726
vn -0.2203 0.2665 -0.9383
vn -0.4916 0.7876 -0.3716
vn 0.1858 0.7074 -0.6819
vn -0.9103 -0.2787 0.3061
vn -0.8994 0.3891 -0.1993
vn -0.8712 -0.4907 0.0185
vn -0.8411 -0.2397 -0.4849
vn -0.8919 -0.3784 0.2477
vn -0.9191 0.3910 0.0480
vn 0.1336 -0.9619 0.2387
vn 0.3489 -0.4268 0.8343
vn -0.4064 -0.6733 0.6177
vn 0.9191 0.3706 -0.1336
vn 0.9272 -0.1000 0.3610
vn 0.8731 -0.4113 -0.2619
vn 0.2328 0.6694 -0.7055
vn 0.2610 0.6713 -0.6937
vn 0.4396 0.2405 -0.8654
vn 0.1718 0.6945 0.6987
vn 0.1741 0.6966 0.6961
vn -0.0854 -0.9589 0.2708
vn 0.5981 -0.5993 0.5321
vn -0.0287 -0.4422 0.8964
vn -0.9040 -0.1358 0.4053
vn -0.8976 0.4313 -0.0908
vn -0.8900 -0.0635 -0.4514
vn 0.2004 -0.4067 0.8913
vn -0.4397 -0.4806 0.7587
vn 0.0397 -0.9731 0.2271
vn -0.0351 0.2714 -0.9618
vn -0.4979 0.7020 -0.5092
vn 0.2030 0.8620 -0.4644
vn 0.2907 0.6787 0.6744
vn 0.2900 0.6829 0.6705
vn 0.2893 0.6834 0.6703
vn -0.0736 0.6276 0.7751
vn -0.4067 0.8097 0.4231
vn -0.4708 0.1799 0.8637
vn -0.1822 -0.9711 0.1544
vn 0.1100 -0.7352 0.6688
vn -0.7561 -0.4932 0.4303
vn 0.9143 0.3944 -0.0919
vn 0.9121 -0.0436 0.4076
vn 0.8571 -0.5003 0.1228
vn 0.1804 0.5466 0.8177
vn 0.5980 0.6137 0.5156
vn -0.3594 0.4789 0.8009
vn 0.3146 0.7228 -0.6153
vn 0.7041 0.6800 -0.2047
vn 0.6167 0.1815 -0.7660
vn -0.0050 -0.4041 -0.9147
vn 0.5812 -0.1903 -0.7912
vn 0.3559 -0.5665 -0.7433
vn -0.0236 -0.6048 -0.7960
vn 0.2323 -0.2820 -0.9309
vn 0.3336 -0.7348 -0.5906
vn 0.8848 0.4576 -0.0878
vn 0.8616 -0.4801 0.1650
vn 0.8050 -0.2557 -0.5354
vn 0.0357 0.5674 0.8227
vn 0.3860 0.7884 0.4790
vn -0.4033 0.7122 0.5746
vn -0.9089 -0.3040 0.2853
vn -0.8988 0.4073 -0.1619
vn -0.8723 -0.4880 -0.0309
vn 0.3765 -0.9018 0.2123
vn 0.2649 -0.4419 0.8571
vn -0.3680 -0.7685 0.5235
vn -0.3837 0.5595 0.7346
vn -0.3803 0.5851 0.7163
vn -0.3880 0.5700 0.7242
vn -0.7557 0.5501 -0.3553
vn 0.0049 0.8170 -0.5766
vn -0.6721 0.3078 -0.6735
vn 0.1645 0.6297 0.7592
vn 0.1739 0.6342 0.7533
vn -0.0845 -0.9790 0.1858
vn 0.5974 -0.6432 0.4789
vn -0.0305 -0.5188 0.8543
vn 0.2039 -0.4836 0.8512
vn -0.4388 -0.5470 0.7129
vn 0.0219 -0.9905 0.1357
vn -0.8843 -0.3783 0.2738
vn -0.8859 0.3704 -0.2793
vn -0.8208 -0.2824 -0.4964
vn 0.2210 0.6547 0.7229
vn -0.6842 0.5862 0.4338
vn -0.2976 0.5288 0.7949
vn 0.9147 0.3973 -0.0735
vn 0.9195 -0.0886 0.3829
vn 0.8500 -0.5241 0.0530
vn 0.4188 0.1785 0.8903
vn 0.3425 0.8490 0.4024
vn 0.0439 0.6012 0.7979
vn 0.1780 0.4488 0.8757
vn 0.6068 0.5244 0.5974
vn -0.3618 0.3858 0.8487
vn -0.6111 -0.7903 0.0442
vn 0.0281 -0.7230 0.6903
vn -0.7109 -0.2838 0.6434
vn 0.8830 -0.3826 -0.2717
vn 0.9015 0.4261 -0.0756
vn 0.9200 -0.0217 0.3914
vn 0.9022 0.3744 -0.2142
vn 0.8548 -0.1138 0.5063
vn 0.7677 -0.5856 -0.2602
vn -0.1625 -0.6026 -0.7813
vn -0.1599 -0.6022 -0.7822
vn 0.2554 -0.6175 -0.7440
vn 0.3233 -0.1463 -0.9349
vn 0.2126 -0.5514 -0.8067
vn -0.0238 -0.5311 -0.8470
vn 0.2845 -0.2367 -0.9290
vn 0.1446 -0.8129 -0.5641
vn -0.1375 -0.5577 -0.8186
vn -0.1228 -0.5553 -0.8225
vn -0.1235 -0.5659 -0.8151
vn -0.2872 -0.5177 -0.8059
vn -0.2733 -0.5219 -0.8080
vn -0.3502 -0.7902 -0.5029
vn 0.0160 0.8088 -0.5878
vn 0.0360 0.8269 -0.5613
vn 0.1959 0.4620 -0.8650
vn 0.5368 -0.5607 0.6305
vn -0.1769 -0.7480 0.6397
vn 0.5582 -0.8229 0.1060
vn -0.1924 0.5276 0.8274
vn -0.1889 0.5111 0.8385
vn -0.1859 0.5282 0.8285
vn 0.8653 -0.0903 -0.4930
vn 0.9204 0.3792 0.0954
vn 0.9248 -0.2847 0.2525
vn -0.8495 -0.4980 -0.1741
vn -0.8928 -0.4154 0.1743
vn -0.9016 0.3987 -0.1678
vn 0.4076 -0.8983 0.1642
vn 0.2489 -0.5313 0.8098
vn -0.3932 -0.8072 0.4403
vn 0.8562 -0.5083 0.0929
vn 0.9186 0.3920 -0.0507
vn 0.9228 -0.1590 0.3509
vn -0.3906 0.4858 0.7820
vn -0.3837 0.5130 0.7679
vn -0.3936 0.4979 0.7728
vn 0.2464 0.7606 -0.6006
vn 0.2575 0.7591 -0.5979
vn 0.0642 0.4100 -0.9098
vn 0.1794 0.6208 0.7631
vn -0.7110 0.4907 0.5037
vn -0.2964 0.4219 0.8568
vn -0.7309 0.6556 -0.1897
vn -0.1255 0.9790 -0.1605
vn -0.3498 0.3972 -0.8485
vn 0.4317 0.1051 0.8959
vn 0.2894 0.8637 0.4125
vn 0.0993 0.5553 0.8257
vn 0.8542 0.3104 -0.4172
vn 0.9581 -0.1704 0.2303
vn 0.6427 -0.5643 -0.5181
vn -0.6172 -0.7867 -0.0082
vn 0.0209 -0.7718 0.6355
vn -0.7134 -0.3349 0.6155
vn -0.5358 -0.8443 -0.0016
vn 0.0872 -0.7545 0.6505
vn -0.6647 -0.4130 0.6225
vn 0.9129 0.3840 -0.1388
vn 0.8517 -0.1392 0.5051
vn 0.7785 -0.5346 -0.3290
vn -0.8187 -0.2564 -0.5137
vn -0.8829 -0.4052 0.2372
vn -0.9041 0.4257 0.0359
vn -0.8438 -0.1813 0.5051
vn -0.8861 0.4598 0.0579
vn -0.8849 -0.4611 -0.0662
vn 0.2796 -0.0292 -0.9597
vn 0.5100 -0.5254 -0.6811
vn 0.1065 -0.4482 -0.8876
vn -0.1332 -0.0185 -0.9909
vn 0.0791 -0.4084 -0.9094
vn 0.0211 -0.7236 -0.6899
vn -0.1470 -0.3478 -0.9260
vn 0.1898 -0.4329 -0.8813
vn 0.2133 -0.4777 -0.8522
vn -0.0229 -0.4567 -0.8893
vn 0.2330 -0.1154 -0.9656
vn 0.3351 -0.6191 -0.7102
vn -0.1550 -0.4861 -0.8601
vn -0.1395 -0.4834 -0.8642
vn -0.1499 -0.4879 -0.8600
vn -0.4969 -0.0474 -0.8665
vn -0.2794 -0.4913 -0.8249
vn -0.2831 -0.4975 -0.8200
vn -0.1772 0.4928 -0.8519
vn -0.5219 0.8361 -0.1691
vn 0.1910 0.8532 -0.4853
vn -0.9090 -0.3498 0.2267
vn -0.8991 0.4281 -0.0914
vn -0.8715 -0.4779 -0.1102
vn -0.8502 -0.4819 -0.2120
vn -0.8932 -0.4273 0.1398
vn -0.9008 0.4127 -0.1354
vn 0.1398 -0.9901 -0.0102
vn 0.3520 -0.6146 0.7059
vn -0.4045 -0.8077 0.4290
vn 0.2546 0.8111 -0.5266
vn 0.0543 0.4945 -0.8675
vn 0.0182 0.4280 0.9036
vn 0.0214 0.4642 0.8855
vn -0.0153 0.4451 0.8954
vn 0.1697 0.4883 0.8560
vn 0.1737 0.4946 0.8516
vn 0.5883 -0.6645 0.4608
vn -0.1966 -0.7348 0.6492
vn 0.1159 -0.9931 -0.0177
vn 0.0251 0.5407 -0.8408
vn -0.5119 0.8062 -0.2967
vn 0.1942 0.9600 -0.2019
vn 0.9240 0.3778 -0.0594
vn 0.9176 -0.2009 0.3431
vn 0.8925 -0.2234 -0.3918
vn 0.6127 0.1326 0.7791
vn 0.2927 0.5153 0.8055
vn 0.2716 0.5014 0.8215
vn -0.1870 -0.9793 -0.0778
vn 0.1250 -0.8735 0.4704
vn -0.7490 -0.5836 0.3138
vn -0.1288 0.0164 0.9915
vn 0.0610 0.4887 0.8703
vn 0.0392 0.4868 0.8726
vn 0.3451 0.0040 0.9386
vn 0.2532 0.8364 0.4861
vn 0.0701 0.4922 0.8677
vn 0.8922 0.3595 -0.2732
vn 0.9227 -0.1457 0.3569
vn 0.7299 -0.5157 -0.4486
vn 0.3051 0.4756 0.8251
vn 0.3134 0.4887 0.8142
vn -0.1118 0.5647 0.8177
vn 0.3174 0.8630 -0.3930
vn 0.7126 0.7015 -0.0088
vn 0.6084 0.3896 -0.6914
vn -0.3416 -0.9361 -0.0833
vn 0.0772 -0.7717 0.6313
vn -0.6748 -0.4186 0.6077
vn 0.8195 0.1449 -0.5544
vn 0.8261 0.4944 0.2703
vn 0.9107 -0.3225 0.2582
vn 0.0303 -0.0455 -0.9985
vn 0.6400 -0.0382 -0.7674
vn 0.3344 -0.3383 -0.8796
vn 0.2159 -0.3999 -0.8908
vn -0.0365 -0.3739 -0.9267
vn -0.0322 -0.3735 -0.9271
vn -0.0286 -0.3767 -0.9259
vn 0.9001 0.4353 -0.0166
vn 0.9004 -0.4263 0.0871
vn 0.8252 0.1166 -0.5526
vn -0.4301 -0.5181 -0.7394
vn -0.0530 -0.3958 -0.9168
vn -0.0504 -0.3990 -0.9155
vn -0.1375 -0.4049 -0.9040
vn -0.1241 -0.4059 -0.9054
vn -0.1348 -0.4092 -0.9024
vn -0.1201 -0.4216 -0.8988
vn 0.0429 -0.0539 -0.9976
vn 0.2829 -0.3186 -0.9047
vn 0.3906 -0.3617 -0.8465
vn 0.5277 0.1420 -0.8374
vn 0.6340 -0.6099 -0.4754
vn -0.2626 -0.4329 -0.8624
vn 0.5470 -0.6561 0.5200
vn -0.1957 -0.8441 0.4992
vn 0.5345 -0.8440 -0.0453
vn -0.9312 -0.2216 0.2895
vn -0.8574 0.4050 -0.3176
vn -0.8410 -0.4460 -0.3064
vn -0.9095 -0.3683 0.1928
vn -0.9000 0.4329 -0.0509
vn -0.8708 -0.4674 -0.1526
vn -0.8465 -0.4417 -0.2973
vn -0.8917 -0.4416 0.0990
vn -0.9019 0.4201 -0.1004
vn -0.2180 0.3858 0.8965
vn -0.2056 0.3938 0.8959
vn -0.3864 0.3406 0.8571
vn -0.3845 0.3713 0.8452
vn -0.3918 0.3545 0.8490
vn -0.8995 -0.0320 -0.4358
vn -0.9099 -0.3168 0.2677
vn -0.8757 0.4373 0.2048
vn -0.7546 0.6208 -0.2124
vn 0.0261 0.9372 -0.3479
vn -0.6615 0.4841 -0.5729
vn 0.1440 0.4136 0.8990
vn 0.1655 0.4189 0.8928
vn 0.1405 0.4258 0.8938
vn 0.1497 0.4196 0.8953
vn 0.1430 0.4354 0.8888
vn 0.1339 0.4236 0.8959
vn -0.0793 0.3321 0.9399
vn -0.0646 0.7767 0.6265
vn -0.4674 -0.0820 0.8802
vn -0.2022 0.3620 0.9100
vn -0.2086 0.3344 0.9191
vn 0.3119 0.3406 0.8870
vn 0.1106 -0.3626 -0.9254
vn 0.1171 -0.3720 -0.9208
vn -0.2945 -0.3663 -0.8827
vn 0.8797 -0.2876 -0.3788
vn 0.9018 0.4311 0.0303
vn 0.9229 -0.1323 0.3617
vn -0.5566 -0.8192 -0.1385
vn 0.0798 -0.8555 0.5116
vn -0.6680 -0.5078 0.5440
vn 0.0457 0.3808 0.9235
vn 0.0625 0.3938 0.9171
vn -0.2578 0.6856 0.6808
vn -0.6059 0.7838 -0.1359
vn 0.0524 0.9979 -0.0390
vn -0.2421 0.5442 -0.8033
vn 0.0590 -0.2367 -0.9698
vn 0.0787 -0.2469 -0.9658
vn 0.8176 0.1907 -0.5433
vn 0.8294 0.4660 0.3081
vn 0.9103 -0.3457 0.2277
vn 0.2147 -0.3171 -0.9238
vn -0.1515 -0.3362 -0.9295
vn -0.1360 -0.3329 -0.9331
vn -0.1463 -0.3382 -0.9296
vn 0.6916 -0.0361 -0.7214
vn 0.9049 0.4251 0.0198
vn 0.8441 -0.5362 -0.0049
vn -0.0049 0.9496 -0.3134
vn 0.0407 0.9527 -0.3011
vn -0.1054 0.6756 -0.7296
vn -0.9091 -0.3836 0.1623
vn -0.8992 0.4373 -0.0142
vn -0.8718 -0.4527 -0.1874
vn 0.1417 -0.9718 -0.1883
vn 0.3454 -0.7399 0.5772
vn -0.4059 -0.8712 0.2762
vn 0.0209 0.2645 0.9642
vn 0.0262 0.3024 0.9528
vn 0.0111 0.2848 0.9585
vn 0.9403 0.1266 0.3159
vn 0.9147 -0.3841 0.1258
vn 0.8482 0.3052 -0.4329
vn -0.8932 0.0305 -0.4487
vn -0.9028 -0.2942 0.3136
vn -0.8939 0.4334 0.1142
vn -0.8821 -0.4586 0.1073
vn -0.8873 0.4405 -0.1365
vn -0.8132 -0.0868 -0.5755
vn 0.2629 0.3160 0.9116
vn 0.2642 0.3213 0.9094
vn 0.2635 0.3222 0.9093
vn 0.1602 -0.1000 0.9820
vn 0.3354 0.3439 0.8771
vn 0.2497 0.7191 0.6484
vn -0.1128 0.2511 0.9614
vn -0.0930 0.7212 0.6865
vn -0.6377 0.1885 0.7469
vn 0.0973 0.1707 -0.9805
vn 0.2870 -0.7116 -0.6413
vn 0.0748 -0.2998 -0.9511
vn -0.1983 -0.9415 -0.2725
vn 0.1102 -0.9484 0.2974
vn -0.7495 -0.6352 0.1864
vn -0.7301 0.6830 -0.0225
vn -0.1166 0.9896 0.0838
vn -0.3580 0.5866 -0.7264
vn 0.2646 -0.9343 -0.2388
vn 0.7705 -0.5635 0.2980
vn 0.2323 -0.7317 0.6408
vn 0.8774 -0.2524 -0.4081
vn 0.9013 0.4290 0.0600
vn 0.9258 -0.1579 0.3435
vn 0.3160 0.9133 -0.2570
vn 0.7001 0.7075 0.0963
vn 0.6075 0.4901 -0.6251
vn -0.5128 -0.8388 -0.1829
vn 0.0801 -0.8671 0.4916
vn -0.6733 -0.5199 0.5257
vn 0.0516 0.9930 0.1062
vn 0.3674 0.9140 -0.1720
vn -0.0255 0.8288 -0.5589
vn -0.8802 -0.1840 0.4375
vn -0.9139 0.4022 0.0549
vn -0.8414 -0.3772 -0.3870
vn -0.8866 -0.4474 -0.1170
vn -0.8713 -0.2922 0.3942
vn -0.8869 0.4402 0.1401
vn 0.1170 -0.1925 -0.9743
vn 0.1076 -0.2009 -0.9737
vn 0.8192 0.2343 -0.5234
vn 0.8276 0.4416 0.3464
vn 0.9130 -0.3566 0.1981
vn 0.2144 -0.2389 -0.9471
vn -0.0425 -0.2234 -0.9738
vn -0.0451 -0.2177 -0.9750
vn -0.0378 -0.2184 -0.9751
vn 0.6287 -0.6435 -0.4366
vn 0.7504 -0.4608 0.4739
vn 0.0597 -0.9576 0.2817
vn 0.8198 -0.1196 -0.5601
vn 0.9087 0.4096 0.0802
vn 0.9007 -0.4332 0.0344
vn -0.2839 -0.2482 -0.9262
vn -0.2838 -0.2539 -0.9246
vn -0.0171 0.9729 -0.2307
vn 0.0466 0.9791 -0.1980
vn -0.2088 0.7647 -0.6096
vn 0.9097 0.4017 -0.1054
vn 0.9066 -0.4082 0.1069
vn 0.8247 -0.4350 -0.3614
vn -0.0794 0.7249 -0.6842
vn -0.5316 0.8468 0.0172
vn 0.1854 0.9525 -0.2418
vn -0.9104 -0.3942 0.1257
vn -0.8992 0.4369 0.0215
vn -0.8711 -0.4338 -0.2303
vn -0.0798 0.1760 0.9811
vn -0.0921 0.1773 0.9798
vn -0.1041 0.1633 0.9811
vn 0.4049 -0.9005 -0.1588
vn 0.2488 -0.7761 0.5794
vn -0.3918 -0.9092 0.1405
vn -0.2132 0.2197 0.9520
vn -0.2220 0.2341 0.9465
vn 0.2082 0.9521 -0.2239
vn 0.2673 0.9425 -0.2005
vn 0.1148 0.7416 -0.6610
vn 0.0556 0.2288 0.9719
vn 0.0245 0.2537 0.9670
vn 0.0327 0.2314 0.9723
vn -0.6824 0.5486 -0.4831
vn -0.7523 0.6441 -0.1384
vn 0.0413 0.9783 -0.2033
vn 0.1496 0.2415 0.9588
vn 0.1710 0.2480 0.9536
vn 0.1457 0.2543 0.9561
vn 0.6903 0.4686 0.5513
vn 0.0418 0.6909 0.7218
vn 0.1377 -0.1497 0.9791
vn 0.2940 -0.7985 0.5253
vn -0.3559 -0.8221 0.4444
vn 0.0262 -0.9489 -0.3145
vn 0.2810 0.2617 0.9234
vn 0.2788 0.2669 0.9225
vn 0.2780 0.2666 0.9229
vn 0.1449 -0.9660 0.2143
vn -0.7396 -0.6574 0.1444
vn -0.0021 -0.9791 -0.2035
vn 0.2127 0.2982 0.9305
vn -0.6879 0.3393 0.6416
vn -0.3003 0.1368 0.9440
vn 0.8870 -0.2403 -0.3943
vn 0.9038 0.4066 0.1337
vn 0.9094 -0.1898 0.3701
vn 0.3633 -0.2006 0.9098
vn 0.3224 0.5727 0.7537
vn -0.0100 0.1992 0.9799
vn -0.5030 -0.8068 -0.3098
vn 0.0914 -0.9295 0.3574
vn -0.6618 -0.6026 0.4460
vn -0.2340 -0.8481 -0.4754
vn 0.1210 -0.8607 -0.4945
vn 0.3759 -0.8815 0.2857
vn 0.0667 0.9764 0.2055
vn 0.3798 0.9231 -0.0606
vn 0.2186 0.7984 -0.5611
vn -0.6839 0.6358 0.3577
vn 0.0014 0.9995 0.0317
vn -0.6861 0.5935 -0.4207
vn -0.7094 0.7018 0.0655
vn 0.1783 0.9796 0.0924
vn -0.1671 0.7404 -0.6511
vn 0.3721 -0.1179 -0.9207
vn 0.3777 -0.1189 -0.9183
vn 0.1062 -0.1101 -0.9882
vn 0.2173 -0.1498 -0.9646
vn -0.0567 0.2985 -0.9527
vn -0.0434 -0.1379 -0.9895
vn -0.0497 -0.1468 -0.9879
vn 0.4139 -0.7941 -0.4450
vn 0.6500 -0.6258 0.4311
vn -0.1316 -0.9462 0.2957
vn -0.1051 -0.1507 -0.9830
vn 0.1658 0.1622 -0.9727
vn 0.1746 -0.4396 -0.8810
vn 0.5914 -0.0083 -0.8063
vn 0.9599 0.2783 -0.0337
vn 0.7494 -0.6394 -0.1719
vn -0.3665 -0.2033 -0.9079
vn -0.3630 -0.2009 -0.9099
vn -0.3610 -0.2065 -0.9094
vn -0.4242 -0.8336 -0.3538
vn 0.1224 -0.9351 0.3327
vn -0.6602 -0.7256 0.1940
vn -0.5807 0.8136 -0.0279
vn 0.0907 0.9923 0.0838
vn 0.2324 0.8887 -0.3952
vn 0.8507 0.1615 -0.5003
vn 0.9222 0.3061 0.2361
vn 0.9136 -0.3927 0.1056
vn 0.0630 -0.9312 -0.3590
vn 0.3565 -0.8204 0.4471
vn -0.3941 -0.9101 0.1278
vn 0.9183 0.3753 0.1258
vn 0.9198 -0.2900 0.2642
vn 0.8824 -0.1919 -0.4295
vn -0.8949 0.0992 -0.4351
vn -0.9135 -0.3748 0.1580
vn -0.8776 0.3669 0.3085
vn -0.0399 -0.9598 -0.2780
vn 0.5106 -0.8206 0.2568
vn -0.3001 -0.8731 0.3842
vn 0.0381 -0.0455 0.9982
vn -0.2840 0.4989 0.8188
vn -0.4327 0.1279 0.8924
vn -0.8827 -0.4692 0.0278
vn -0.8881 0.4559 -0.0591
vn -0.8140 0.0299 -0.5800
vn 0.2915 0.1669 0.9419
vn 0.2909 0.1688 0.9417
vn 0.7970 -0.5371 -0.2763
vn 0.9392 0.0834 0.3331
vn 0.5623 -0.6260 0.5404
vn 0.1793 -0.0173 0.9836
vn 0.6022 0.1981 0.7734
vn -0.3605 -0.0621 0.9307
vn 0.2618 -0.8781 -0.4006
vn 0.7700 -0.6091 0.1901
vn 0.2336 -0.8355 0.4974
vn -0.8715 0.2886 -0.3965
vn -0.8978 -0.3827 0.2181
vn -0.7976 0.4843 0.3596
vn -0.4836 -0.1623 -0.8601
vn 0.2599 0.1652 -0.9514
vn -0.0339 -0.1257 -0.9915
vn -0.6778 0.6035 0.4200
vn -0.0064 0.9917 0.1281
vn -0.5165 0.7043 -0.4870
vn -0.8777 -0.2385 0.4157
vn -0.9088 0.3919 0.1428
vn -0.8495 -0.3495 -0.3953
vn -0.1514 -0.0926 -0.9841
vn 0.2010 -0.3132 -0.9282
vn 0.3533 -0.0392 -0.9347
vn 0.3589 -0.0406 -0.9325
vn 0.0851 0.0075 -0.9963
vn 0.0838 0.0017 -0.9965
vn -0.0265 -0.0330 -0.9991
vn 0.2812 0.2597 -0.9238
vn 0.1412 -0.4193 -0.8968
vn -0.6372 -0.7281 -0.2525
vn 0.1113 -0.9606 0.2546
vn -0.6576 -0.7410 0.1355
vn 0.9120 0.4082 -0.0411
vn 0.9070 -0.4191 0.0406
vn 0.8294 -0.3605 -0.4268
vn -0.2120 0.8103 -0.5463
vn -0.4937 0.8411 0.2212
vn 0.1859 0.9805 -0.0636
vn -0.2628 0.0494 0.9636
vn -0.2390 0.0471 0.9699
vn -0.2484 0.0502 0.9673
vn 0.2578 0.9621 -0.0893
vn 0.2999 0.9511 -0.0742
vn 0.4884 0.7293 -0.4792
vn 0.8659 0.1626 -0.4730
vn 0.9208 0.2809 0.2705
vn 0.9235 -0.3745 0.0833
vn 0.1423 -0.8945 -0.4238
vn 0.3495 -0.8576 0.3774
vn -0.4111 -0.9101 0.0514
vn 0.8920 -0.0446 -0.4499
vn 0.9001 0.2992 0.3168
vn 0.9231 -0.3450 0.1701
vn -0.8922 0.1516 -0.4255
vn -0.9128 -0.3864 0.1319
vn -0.8796 0.3366 0.3361
vn 0.1829 0.0739 0.9803
vn 0.1847 0.0777 0.9797
vn 0.3755 -0.8578 -0.3510
vn 0.5852 -0.7926 0.1711
vn -0.2157 -0.9301 0.2974
vn -0.8828 -0.4695 -0.0164
vn -0.8874 0.4606 -0.0185
vn -0.8129 0.0609 -0.5792
vn -0.3145 -0.3393 0.8865
vn -0.2681 0.4088 0.8723
vn -0.4417 0.0588 0.8953
vn 0.0996 0.4203 -0.9019
vn 0.2894 -0.5186 -0.8045
vn 0.0773 -0.0407 -0.9962
vn 0.1763 -0.9059 -0.3851
vn -0.0188 -0.8794 0.4758
vn -0.6230 -0.7822 0.0070
vn 0.3883 0.0788 0.9182
vn 0.1295 0.4084 0.9036
vn 0.3310 -0.3742 0.8663
vn -0.6466 -0.6630 -0.3773
vn 0.0261 -0.9857 0.1667
vn -0.7146 -0.5996 0.3603
vn 0.3078 0.0912 0.9471
vn 0.3024 0.1070 0.9472
vn 0.0843 -0.2767 0.9573
vn 0.3156 0.9488 -0.0126
vn 0.6979 0.6598 0.2785
vn 0.6132 0.6329 -0.4727
vn 0.3591 -0.3547 0.8633
vn 0.3155 0.4339 0.8439
vn -0.0159 0.0260 0.9995
vn -0.6441 0.7099 -0.2848
vn -0.2365 0.8945 0.3794
vn 0.3564 0.9036 -0.2377
vn 0.2759 0.4571 -0.8456
vn 0.5097 -0.1092 -0.8534
vn 0.1051 0.0582 -0.9928
vn 0.8233 0.3811 -0.4206
vn 0.8257 0.3378 0.4518
vn 0.9180 -0.3831 0.1023
vn 0.0484 0.3684 -0.9284
vn 0.6570 0.2991 -0.6920
vn 0.3338 0.0642 -0.9405
vn 0.2192 0.0225 -0.9754
vn 0.2137 0.0171 -0.9768
vn -0.0312 0.0463 -0.9984
vn 0.2712 0.3268 -0.9053
vn 0.1431 -0.3530 -0.9246
vn -0.1342 0.0002 -0.9910
vn -0.1275 0.0033 -0.9918
vn -0.1329 -0.0024 -0.9911
vn 0.6830 0.1992 -0.7028
vn 0.9142 0.3698 0.1658
vn 0.8402 -0.5095 -0.1856
vn 0.3854 0.0301 -0.9223
vn 0.5280 0.4807 -0.7001
vn 0.6317 -0.3516 -0.6909
vn -0.2993 0.0125 -0.9541
vn -0.2903 0.0251 -0.9566
vn -0.2987 0.0130 -0.9543
vn 0.0056 0.9995 0.0299
vn 0.0261 0.9988 0.0424
vn -0.1284 0.8920 -0.4334
vn 0.9348 0.1639 0.3150
vn 0.9167 -0.3995 -0.0097
vn 0.8329 0.1005 -0.5442
vn -0.0604 0.8873 -0.4573
vn -0.5207 0.8169 0.2482
vn 0.1886 0.9819 0.0194
vn -0.8376 0.1636 -0.5213
vn -0.8899 -0.4454 -0.0988
vn -0.9221 0.2454 0.2992
vn 0.1716 -0.8487 -0.5002
vn 0.3568 -0.8853 0.2982
vn -0.3949 -0.9181 -0.0350
vn 0.6895 -0.5572 -0.4628
vn 0.7446 -0.6478 0.1611
vn 0.0584 -0.9975 -0.0392
vn -0.7569 0.6508 0.0588
vn 0.0252 0.9967 0.0767
vn -0.6568 0.6821 -0.3214
vn 0.1425 0.0008 0.9898
vn 0.1640 0.0083 0.9864
vn 0.1411 0.0145 0.9899
vn -0.8967 0.1704 -0.4085
vn -0.9012 -0.3827 0.2037
vn -0.8921 0.3720 0.2564
vn 0.2614 -0.9148 0.3079
vn -0.3998 -0.8914 0.2134
vn 0.1001 -0.8523 -0.5134
vn -0.0885 -0.0940 0.9916
vn -0.0725 0.4418 0.8942
vn -0.4651 -0.4544 0.7597
vn -0.2532 -0.0924 0.9630
vn -0.2122 -0.0901 0.9731
vn -0.5039 0.3324 0.7972
vn 0.3012 0.0087 0.9535
vn 0.3126 0.0229 0.9496
vn -0.0355 0.2910 0.9561
vn -0.6519 -0.6223 -0.4334
vn 0.0104 -0.9967 0.0809
vn -0.7120 -0.6236 0.3229
vn 0.3153 0.9459 0.0760
vn 0.7034 0.6255 0.3378
vn 0.6192 0.6687 -0.4117
vn 0.3628 -0.4146 0.8346
vn 0.3003 0.3710 0.8787
vn -0.0222 -0.0581 0.9981
vn -0.4902 -0.7378 -0.4641
vn 0.0909 -0.9817 0.1671
vn -0.6779 -0.6689 0.3049
vn 0.2826 -0.4498 0.8472
vn 0.1385 0.0255 0.9900
vn 0.1325 0.0086 0.9911
vn 0.0866 0.4600 -0.8837
vn 0.6645 0.3469 -0.6619
vn 0.3454 0.1355 -0.9286
vn 0.2403 0.1187 -0.9634
vn 0.2367 0.1119 -0.9651
vn 0.1626 0.1383 -0.9769
vn 0.1735 0.1476 -0.9737
vn 0.1809 0.1325 -0.9745
vn 0.0340 0.9094 0.4144
vn 0.3709 0.9124 0.1729
vn 0.2556 0.8912 -0.3746
vn -0.0323 0.1361 -0.9902
vn 0.2718 0.4080 -0.8716
vn 0.1406 -0.2688 -0.9529
vn -0.1406 0.0927 -0.9857
vn -0.1297 0.1105 -0.9854
vn -0.1316 0.0754 -0.9884
vn 0.4566 -0.6435 -0.6143
vn 0.6287 -0.7466 0.2176
vn -0.1965 -0.9805 -0.0015
vn -0.2764 0.0876 -0.9570
vn -0.2724 0.0834 -0.9586
vn -0.2741 0.0791 -0.9584
vn -0.6249 -0.6807 -0.3822
vn 0.1237 -0.9893 0.0778
vn -0.6406 -0.7679 0.0002
vn 0.9213 0.3201 0.2207
vn 0.9103 -0.4012 0.1023
vn 0.8573 -0.0425 -0.5130
vn 0.9111 0.3918 0.1282
vn 0.9306 -0.3634 0.0434
vn 0.8331 -0.3557 -0.4235
vn -0.6528 0.7422 -0.1518
vn -0.5674 0.8055 0.1708
vn 0.2001 0.9790 0.0397
vn -0.2432 -0.1253 0.9619
vn -0.2129 -0.1328 0.9680
vn -0.2268 -0.1273 0.9656
vn -0.0641 -0.1477 0.9869
vn -0.0911 -0.1366 0.9864
vn -0.0735 -0.1604 0.9843
vn -0.8504 0.3535 -0.3896
vn -0.8957 -0.4425 -0.0442
vn -0.9154 0.3733 0.1510
vn 0.0908 -0.7990 -0.5944
vn 0.3669 -0.9049 0.2158
vn -0.3817 -0.9182 -0.1059
vn 0.6799 -0.5212 -0.5159
vn 0.7422 -0.6620 0.1045
vn 0.0505 -0.9912 -0.1223
vn -0.6921 0.6812 -0.2387
vn -0.7679 0.6293 0.1198
vn 0.0231 0.9868 0.1601
vn 0.1731 -0.1001 0.9798
vn 0.1705 -0.0909 0.9812
vn 0.2661 -0.9423 0.2031
vn -0.4077 -0.9056 0.1168
vn 0.0867 -0.7982 -0.5962
vn 0.8881 0.2029 -0.4124
vn 0.8834 -0.0480 0.4661
vn 0.9154 -0.3692 0.1605
vn 0.2791 -0.0664 0.9580
vn 0.2706 -0.0556 0.9611
vn 0.2687 -0.0562 0.9616
vn 0.1633 0.9814 0.1013
vn 0.1874 0.9767 0.1048
vn 0.4958 0.8323 -0.2480
vn -0.3070 -0.4885 0.8168
vn -0.2663 0.2508 0.9307
vn -0.4386 -0.0987 0.8932
vn 0.8681 0.4877 -0.0927
vn 0.9503 -0.2934 0.1038
vn 0.6626 -0.0311 -0.7483
vn 0.1776 -0.2666 0.9473
vn 0.5923 0.0095 0.8057
vn -0.3645 -0.2959 0.8829
vn 0.3015 -0.0775 0.9503
vn 0.3177 -0.0663 0.9459
vn 0.0741 0.2905 0.9540
vn -0.6535 -0.5818 -0.4841
vn -0.0015 -1.0000 -0.0049
vn -0.7155 -0.6457 0.2667
vn 0.3172 0.9340 0.1644
vn 0.7043 0.5895 0.3956
vn 0.6199 0.7035 -0.3476
vn 0.1815 0.2137 -0.9599
vn -0.1026 0.5351 -0.8385
vn 0.5883 0.2194 -0.7783
vn -0.8783 -0.3428 0.3333
vn -0.9083 0.3443 0.2376
vn -0.8497 -0.2365 -0.4712
vn 0.0982 0.2290 -0.9685
vn 0.1163 0.2175 -0.9691
vn 0.0861 0.2279 -0.9699
vn 0.3213 0.2318 -0.9182
vn 0.3055 0.2324 -0.9234
vn -0.0670 -0.0007 -0.9978
vn 0.1745 0.5756 -0.7989
vn 0.1943 0.2220 -0.9555
vn 0.0791 0.9212 0.3810
vn 0.3665 0.9181 0.1509
vn 0.0961 0.9519 -0.2911
vn -0.0339 0.2253 -0.9737
vn 0.2845 0.4916 -0.8230
vn 0.1325 -0.1646 -0.9774
vn -0.1493 0.5214 -0.8402
vn -0.0469 0.1885 -0.9810
vn -0.0556 0.1843 -0.9813
vn -0.5024 0.2016 -0.8408
vn 0.1264 0.5290 -0.8392
vn -0.1271 0.1842 -0.9746
vn 0.9139 0.3437 0.2159
vn 0.8374 -0.4641 -0.2889
vn 0.8029 0.2459 -0.5430
vn -0.3049 0.1662 -0.9378
vn -0.2934 0.1812 -0.9386
vn -0.2992 0.1676 -0.9393
vn 0.0039 0.9806 0.1961
vn 0.0332 0.9771 0.2102
vn -0.1094 0.9542 -0.2785
vn 0.3406 0.9103 0.2354
vn 0.3552 0.8998 0.2534
vn 0.7098 0.7004 -0.0743
vn -0.4006 -0.5963 -0.6957
vn 0.0277 -0.9886 -0.1477
vn -0.7337 -0.6760 -0.0678
vn 0.2189 -0.6979 -0.6819
vn 0.7995 -0.5916 -0.1041
vn 0.0976 -0.9909 -0.0926
vn -0.7597 0.6235 0.1847
vn 0.0057 0.9708 0.2398
vn -0.5566 0.7769 -0.2944
vn 0.1355 -0.2002 0.9703
vn 0.1382 -0.1731 0.9752
vn 0.1049 -0.1783 0.9784
vn -0.9028 -0.4092 0.1324
vn -0.8919 0.3212 0.3183
vn -0.8937 0.3432 -0.2889
vn 0.2510 -0.9561 0.1513
vn -0.4199 -0.9066 0.0418
vn 0.0338 -0.7479 -0.6629
vn -0.0822 -0.2631 0.9613
vn -0.0665 0.2818 0.9571
vn -0.4642 -0.5747 0.6740
vn 0.1772 -0.0226 0.9839
vn -0.6903 0.0432 0.7222
vn -0.2849 -0.2711 0.9194
vn 0.3304 -0.1464 0.9324
vn 0.0896 0.2066 0.9743
vn 0.2729 -0.5655 0.7783
vn 0.2798 0.6519 -0.7048
vn 0.5094 0.1036 -0.8543
vn 0.1059 0.3030 -0.9471
vn 0.8189 0.4686 -0.3315
vn 0.8284 0.2065 0.5207
vn 0.9129 -0.4082 -0.0085
vn -0.0323 0.3047 -0.9519
vn 0.2344 0.6062 -0.7600
vn 0.3177 0.0698 -0.9456
vn -0.0024 0.9791 0.2034
vn 0.0465 0.7400 0.6710
vn 0.2735 0.9342 -0.2292
vn -0.2963 0.2301 -0.9270
vn -0.2882 0.2411 -0.9267
vn -0.2908 0.2316 -0.9283
vn -0.4679 0.8581 -0.2117
vn -0.5419 0.7218 0.4305
vn 0.1920 0.9470 0.2574
vn -0.1907 -0.2967 0.9358
vn -0.1680 -0.3034 0.9379
vn -0.1813 -0.2971 0.9375
vn -0.2202 -0.3091 0.9252
vn -0.2082 -0.2951 0.9325
vn -0.2198 -0.2950 0.9299
vn 0.2783 0.9363 0.2142
vn 0.2965 0.9305 0.2152
vn 0.1721 0.9447 -0.2791
vn -0.9111 -0.4017 -0.0922
vn -0.8993 0.3669 0.2379
vn -0.8712 -0.2622 -0.4150
vn -0.8495 -0.1796 -0.4960
vn -0.8933 -0.4025 -0.1999
vn -0.9006 0.3905 0.1912
vn 0.9214 0.2717 0.2780
vn 0.9113 -0.3906 0.1299
vn 0.8858 -0.0218 -0.4636
vn 0.2179 -0.6374 -0.7391
vn 0.8022 -0.5770 -0.1533
vn 0.0979 -0.9791 -0.1780
vn -0.8947 0.2750 -0.3520
vn -0.9129 -0.4082 -0.0068
vn -0.8792 0.1969 0.4339
vn 0.6027 -0.1459 0.7845
vn 0.2019 0.2820 0.9379
vn 0.1049 -0.2704 0.9570
vn 0.7144 0.0908 0.6939
vn 0.0591 0.2562 0.9648
vn 0.1230 -0.6155 0.7784
vn 0.2051 0.9722 -0.1133
vn -0.4903 0.7932 0.3611
vn 0.1449 0.8176 0.5573
vn -0.8790 -0.4331 -0.1997
vn -0.8910 0.4395 0.1137
vn -0.8007 0.2675 -0.5360
vn 0.1276 -0.7333 -0.6678
vn 0.2509 -0.9630 0.0982
vn -0.4613 -0.8694 -0.1771
vn -0.0816 -0.3467 0.9344
vn -0.0664 0.1957 0.9784
vn -0.4595 -0.6360 0.6199
vn -0.2798 -0.6307 0.7239
vn -0.2572 0.0695 0.9639
vn -0.4324 -0.2660 0.8615
vn -0.1869 -0.6346 -0.7499
vn 0.1325 -0.9467 -0.2937
vn -0.7443 -0.6368 -0.2015
vn -0.7249 0.5791 0.3730
vn -0.1211 0.7560 0.6433
vn -0.3529 0.9026 -0.2467
vn 0.1751 -0.4202 0.8904
vn 0.5922 -0.1260 0.7959
vn -0.3648 -0.4388 0.8212
vn -0.3465 -0.5562 -0.7554
vn 0.0664 -0.9874 -0.1434
vn -0.6775 -0.7314 0.0781
vn 0.4668 0.4578 0.7566
vn -0.3472 0.8982 0.2698
vn -0.2547 -0.6278 -0.7355
vn 0.6634 0.4019 -0.6312
vn 0.2941 0.3792 -0.8773
vn 0.2923 0.4072 -0.8653
vn -0.0377 0.3908 -0.9197
vn -0.0317 0.3924 -0.9193
vn -0.0296 0.3882 -0.9211
vn 0.7469 -0.6549 0.1152
vn 0.0590 -0.9449 -0.3220
vn 0.6929 -0.3712 -0.6182
vn 0.8216 0.2312 -0.5211
vn 0.9085 0.2881 0.3027
vn 0.9020 -0.3769 -0.2107
vn -0.4096 0.1568 -0.8987
vn -0.0543 0.3677 -0.9284
vn -0.0516 0.3645 -0.9298
vn 0.3914 -0.4722 -0.7898
vn 0.6455 -0.7590 0.0847
vn -0.1035 -0.9755 -0.1943
vn 0.3870 0.3319 -0.8603
vn 0.5267 0.6843 -0.5043
vn 0.6278 -0.1018 -0.7717
vn -0.3205 0.2914 -0.9013
vn -0.3063 0.2992 -0.9037
vn -0.3122 0.2912 -0.9043
vn 0.0015 0.9366 0.3505
vn 0.0395 0.9283 0.3698
vn -0.1409 0.9846 -0.1039
vn -0.2442 0.9561 -0.1617
vn -0.5999 0.6931 0.3996
vn 0.1752 0.8764 0.4487
vn -0.9288 -0.3673 0.0495
vn -0.8611 0.5055 0.0545
vn -0.8392 -0.1124 -0.5320
vn -0.9102 -0.3951 -0.1243
vn -0.9002 0.3432 0.2680
vn -0.8705 -0.2088 -0.4457
vn 0.8559 -0.3741 -0.3570
vn 0.9190 0.2679 0.2894
vn 0.9230 -0.3777 0.0741
vn -0.9138 -0.4033 -0.0485
vn -0.8812 0.1609 0.4446
vn -0.8957 0.2880 -0.3388
vn -0.0877 -0.6489 -0.7558
vn 0.5188 -0.8184 -0.2469
vn -0.2296 -0.9635 -0.1375
vn 0.1452 -0.3634 0.9202
vn 0.1498 -0.3479 0.9255
vn 0.1359 -0.3567 0.9243
vn 0.2855 -0.3209 0.9031
vn 0.2833 -0.3068 0.9086
vn 0.2827 -0.3062 0.9090
vn -0.2177 -0.5203 -0.8257
vn 0.1032 -0.9194 -0.3796
vn -0.7545 -0.5989 -0.2686
vn 0.1964 -0.2593 0.9456
vn -0.3012 0.1685 0.9385
vn -0.3053 -0.3864 0.8704
vn 0.3476 -0.6862 0.6390
vn 0.2214 0.1121 0.9687
vn 0.0001 -0.3937 0.9192
vn -0.4844 -0.4771 -0.7333
vn 0.0657 -0.9707 -0.2313
vn -0.6676 -0.7444 0.0139
vn 0.3537 0.4335 -0.8289
vn 0.3593 0.4312 -0.8276
vn 0.0828 0.5153 -0.8530
vn 0.0968 0.5154 -0.8515
vn -0.1708 0.2690 -0.9479
vn 0.1122 0.4741 -0.8733
vn 0.1058 0.4714 -0.8755
vn 0.8179 0.5170 -0.2524
vn 0.8314 0.1151 0.5437
vn 0.9124 -0.4002 -0.0862
vn 0.1683 0.4603 -0.8716
vn 0.1717 0.4690 -0.8664
vn 0.1837 0.4646 -0.8662
vn -0.1547 0.4287 -0.8901
vn -0.1389 0.4312 -0.8915
vn -0.1501 0.4266 -0.8919
vn 0.6885 0.4600 -0.5606
vn 0.9088 0.2801 0.3094
vn 0.8484 -0.3650 -0.3833
vn -0.2976 0.4084 -0.8629
vn -0.2897 0.4012 -0.8690
vn -0.6360 0.7616 0.1243
vn -0.1353 0.6358 0.7599
vn 0.1424 0.9804 0.1361
vn 0.1542 0.9880 -0.0093
vn -0.5010 0.7048 0.5022
vn 0.2646 0.8591 0.4380
vn 0.2689 0.8711 0.4110
vn 0.3007 0.8597 0.4129
vn 0.1716 0.9833 -0.0604
vn -0.9082 -0.3856 -0.1629
vn -0.9026 0.3171 0.2913
vn -0.8690 -0.1655 -0.4663
vn 0.3481 0.8214 0.4518
vn 0.3597 0.8114 0.4606
vn 0.3818 0.9222 -0.0618
vn 0.3538 -0.5790 -0.7345
vn 0.2535 -0.9664 -0.0418
vn -0.3902 -0.7903 -0.4724
vn 0.8548 -0.3674 -0.3665
vn 0.9175 0.2154 0.3343
vn 0.9080 -0.4115 0.0783
vn 0.0198 -0.4871 0.8731
vn 0.0210 -0.4551 0.8902
vn -0.0118 -0.4716 0.8817
vn 0.7171 -0.3110 -0.6237
vn 0.7450 -0.6553 -0.1246
vn 0.0619 -0.8888 -0.4540
vn -0.0809 -0.5062 0.8586
vn -0.0658 0.0207 0.9976
vn -0.4580 -0.7373 0.4967
vn -0.5320 -0.7059 0.4676
vn -0.1726 -0.4763 0.8622
vn -0.1793 -0.4663 0.8663
vn -0.1533 -0.5160 -0.8428
vn 0.1168 -0.8815 -0.4575
vn -0.7469 -0.5857 -0.3149
vn 0.1741 -0.2769 0.9450
vn -0.6927 -0.1483 0.7058
vn -0.2863 -0.5022 0.8160
vn -0.1370 -0.8076 0.5737
vn 0.0591 -0.4297 0.9010
vn 0.0396 -0.4289 0.9025
vn -0.8864 -0.4582 0.0665
vn -0.8035 0.1386 0.5790
vn -0.8536 0.4654 -0.2339
vn 0.2897 -0.3974 0.8707
vn 0.3018 -0.4006 0.8651
vn 0.1729 -0.0209 0.9847
vn -0.5176 -0.4214 -0.7447
vn 0.0921 -0.9404 -0.3273
vn -0.6745 -0.7355 -0.0639
vn -0.8180 0.3028 -0.4892
vn -0.8914 -0.3950 -0.2223
vn -0.8977 0.1760 0.4040
vn 0.8458 0.5244 -0.0978
vn 0.8097 0.0530 0.5845
vn 0.9033 -0.4270 0.0410
vn 0.1064 0.5641 -0.8188
vn 0.1051 0.5523 -0.8270
vn 0.0995 0.5508 -0.8287
vn 0.6691 0.5045 -0.5457
vn 0.3068 0.5406 -0.7833
vn 0.3016 0.5449 -0.7824
vn 0.0553 0.7312 0.6799
vn 0.3703 0.8028 0.4672
vn 0.1045 0.9940 0.0323
vn -0.0522 0.5424 -0.8385
vn 0.0953 0.8376 -0.5379
vn 0.3287 0.6507 -0.6845
vn -0.1814 0.4967 -0.8488
vn -0.1824 0.4916 -0.8515
vn 0.4031 -0.3280 -0.8544
vn 0.6333 -0.7700 -0.0770
vn -0.1293 -0.9301 -0.3439
vn -0.3122 0.4329 -0.8456
vn -0.3070 0.4312 -0.8484
vn -0.3043 0.4270 -0.8515
vn -0.9095 -0.3659 -0.1972
vn -0.9003 0.2906 0.3240
vn -0.8704 -0.1479 -0.4696
vn 0.8655 0.3983 -0.3038
vn 0.9200 0.0772 0.3842
vn 0.9231 -0.3549 -0.1481
vn -0.8427 0.4671 -0.2678
vn -0.8983 -0.3779 -0.2241
vn -0.9074 0.2821 0.3116
vn 0.1164 0.8274 0.5495
vn 0.1725 0.7950 0.5816
vn 0.2343 0.9684 0.0860
vn 0.0525 -0.5275 0.8479
vn 0.0214 -0.5064 0.8620
vn 0.0276 -0.5298 0.8477
vn 0.8421 -0.0659 -0.5353
vn 0.9215 0.2419 0.3038
vn 0.9293 -0.3517 -0.1126
vn 0.1568 -0.5049 0.8488
vn 0.1562 -0.5005 0.8515
vn -0.1692 -0.5172 -0.8390
vn 0.5300 -0.7397 -0.4146
vn -0.2338 -0.9177 -0.3212
vn 0.1426 -0.4776 0.8669
vn 0.1315 -0.4611 0.8776
vn 0.1226 -0.4723 0.8729
vn 0.0991 0.9887 0.1126
vn -0.5103 0.6533 0.5594
vn 0.2372 0.7207 0.6514
vn -0.8789 -0.3750 -0.2948
vn -0.8968 0.3819 0.2236
vn -0.8070 0.3950 -0.4390
vn 0.3738 -0.7797 0.5023
vn 0.2962 -0.4492 0.8429
vn 0.2845 -0.4628 0.8395
vn -0.0900 -0.5750 0.8132
vn -0.0736 -0.0619 0.9954
vn -0.4607 -0.7773 0.4284
vn 0.2644 -0.3919 0.8812
vn -0.6386 -0.1907 0.7456
vn -0.2462 -0.5463 0.8006
vn -0.7343 0.4580 0.5010
vn -0.1215 0.5582 0.8208
vn -0.3463 0.9381 0.0038
vn 0.8961 0.4102 0.1695
vn 0.9224 -0.3831 0.0496
vn 0.7290 0.1504 -0.6678
vn -0.3722 -0.3410 -0.8632
vn 0.0114 -0.9007 -0.4344
vn -0.7125 -0.7000 -0.0493
vn 0.3143 0.7824 0.5377
vn 0.7032 0.3745 0.6043
vn 0.6187 0.7853 -0.0231
vn 0.3619 -0.7852 0.5025
vn 0.3203 -0.1279 0.9387
vn -0.0113 -0.5515 0.8341
vn -0.6198 0.5777 0.5311
vn 0.0656 0.6138 0.7867
vn -0.2385 0.9707 -0.0293
vn -0.4739 0.8610 0.1847
vn -0.4410 0.4267 0.7896
vn 0.3085 0.7198 0.6219
vn 0.1069 0.6286 -0.7703
vn 0.1319 0.6047 -0.7855
vn 0.0646 0.6210 -0.7812
vn 0.2237 0.5787 -0.7842
vn 0.2178 0.5755 -0.7883
vn -0.0468 0.5918 -0.8047
vn 0.2197 0.8194 -0.5294
vn 0.3062 0.3705 -0.8769
vn 0.3834 0.5509 -0.7413
vn 0.5216 0.7975 -0.3033
vn 0.6334 0.1107 -0.7658
vn 0.9138 0.3324 0.2334
vn 0.9067 -0.3491 -0.2367
vn 0.8305 -0.0018 -0.5570
vn 0.5861 -0.7165 -0.3784
vn -0.1816 -0.8924 -0.4131
vn 0.4395 -0.3965 -0.8060
vn -0.1558 0.9846 0.0793
vn -0.5952 0.5875 0.5483
vn 0.1754 0.7430 0.6459
vn -0.9276 -0.3709 -0.0455
vn -0.8633 0.4692 0.1860
vn -0.8401 0.0268 -0.5418
vn -0.8641 -0.2255 -0.4499
vn -0.9115 -0.3372 -0.2354
vn -0.9025 0.3303 0.2765
vn 0.8498 -0.0595 -0.5238
vn 0.9255 0.1927 0.3261
vn 0.9112 -0.4019 -0.0901
vn 0.3243 0.7158 0.6184
vn 0.3678 0.6849 0.6290
vn 0.7081 0.6758 0.2045
vn -0.8966 -0.3013 -0.3246
vn -0.9188 0.0240 0.3941
vn -0.8445 0.4906 -0.2149
vn -0.2411 -0.5810 0.7774
vn -0.2319 -0.5732 0.7859
vn 0.9213 0.1762 0.3467
vn 0.9197 -0.3916 -0.0276
vn 0.8792 0.1816 -0.4404
vn 0.2041 0.8152 0.5421
vn 0.2883 0.7786 0.5574
vn 0.4521 0.8884 0.0798
vn 0.1717 -0.5723 0.8019
vn 0.1761 -0.5661 0.8053
vn -0.8793 0.4761 0.0135
vn -0.9023 -0.4272 -0.0579
vn -0.8946 0.1574 0.4183
vn 0.7122 -0.1745 0.6799
vn 0.0250 -0.0857 0.9960
vn 0.1621 -0.8355 0.5250
vn -0.6527 -0.3070 0.6926
vn -0.1631 -0.6108 0.7748
vn -0.1662 -0.5974 0.7845
vn -0.2038 0.9443 0.2585
vn -0.7726 0.4348 0.4626
vn -0.1469 0.4678 0.8715
vn -0.3619 -0.5886 0.7229
vn 0.1168 -0.3560 0.9272
vn -0.7188 -0.1818 0.6710
vn -0.4476 -0.2445 -0.8602
vn -0.0035 -0.8580 -0.5136
vn -0.7093 -0.6988 -0.0922
vn 0.3023 -0.5473 0.7804
vn 0.2971 -0.5368 0.7897
vn 0.0714 -0.8298 0.5535
vn -0.2054 -0.6093 0.7659
vn -0.2018 -0.6335 0.7469
vn 0.3109 -0.5672 0.7627
vn 0.3361 -0.8564 0.3919
vn 0.2992 -0.2694 0.9154
vn -0.0412 -0.6652 0.7455
vn 0.8685 0.3806 0.3175
vn 0.8667 -0.4988 0.0015
vn 0.7481 -0.0873 -0.6578
vn 0.2917 0.0040 0.9565
vn -0.0539 0.7388 -0.6717
vn -0.0588 0.9679 -0.2445
vn -0.8770 -0.4609 0.1357
vn -0.9078 0.1799 0.3789
vn -0.8500 0.0278 -0.5261
vn 0.0795 0.7185 -0.6909
vn 0.0907 0.7160 -0.6922
vn -0.1650 0.5069 -0.8461
vn 0.7504 -0.6582 -0.0601
vn 0.0871 -0.7800 -0.6197
vn 0.6568 -0.1171 -0.7449
vn -0.0381 0.6811 -0.7312
vn 0.2780 0.8362 -0.4727
vn 0.1354 0.3355 -0.9322
vn 0.8227 0.3922 -0.4115
vn 0.9082 0.1651 0.3847
vn 0.9020 -0.2809 -0.3279
vn -0.2823 0.6199 -0.7321
vn -0.2829 0.6162 -0.7350
vn 0.9148 0.3086 0.2605
vn 0.9121 -0.3477 -0.2172
vn 0.8397 0.0149 -0.5428
vn 0.5482 -0.7517 -0.3667
vn -0.1722 -0.8158 -0.5521
vn 0.5488 -0.3065 -0.7777
vn -0.0262 0.9778 0.2080
vn -0.5196 0.4931 0.6978
vn 0.1839 0.7503 0.6349
vn 0.8638 0.4481 -0.2303
vn 0.9208 0.0091 0.3900
vn 0.9247 -0.3185 -0.2085
vn 0.1002 -0.3233 -0.9410
vn 0.3444 -0.8743 -0.3421
vn -0.4036 -0.6736 -0.6191
vn 0.8880 0.3269 -0.3234
vn 0.8995 -0.0107 0.4369
vn 0.9281 -0.3503 -0.1259
vn -0.8689 0.4324 -0.2409
vn -0.9038 -0.3907 -0.1747
vn -0.8998 0.1601 0.4059
vn -0.9140 -0.3668 -0.1733
vn -0.8757 -0.0071 0.4828
vn -0.8985 0.3965 -0.1884
vn 0.1586 -0.6429 0.7494
vn 0.7136 -0.2387 0.6587
vn 0.0259 -0.1773 0.9838
vn 0.1616 -0.8809 0.4449
vn 0.3634 -0.8430 -0.3966
vn -0.3494 -0.8388 -0.4176
vn -0.1093 -0.3036 -0.9465
vn 0.0857 0.9503 -0.2994
vn 0.2637 0.2401 -0.9342
vn 0.0557 0.6839 -0.7274
vn 0.2628 -0.5359 0.8024
vn -0.6376 -0.3159 0.7026
vn -0.2468 -0.6767 0.6936
vn -0.1730 -0.9130 0.3695
vn 0.0632 -0.6361 0.7690
vn 0.0434 -0.6229 0.7811
vn 0.7935 -0.0121 -0.6085
vn 0.9552 -0.1695 0.2424
vn 0.5871 -0.7675 -0.2575
vn -0.4400 -0.1728 -0.8812
vn 0.0044 -0.8142 -0.5806
vn -0.7114 -0.6864 -0.1508
vn 0.2933 -0.6149 0.7320
vn 0.2885 -0.6049 0.7422
vn 0.0618 -0.8705 0.4883
vn -0.2673 -0.8706 0.4130
vn -0.0420 -0.5665 0.8230
vn -0.4209 -0.6035 0.6773
vn 0.3106 0.6766 0.6676
vn 0.7140 0.2649 0.6481
vn 0.6181 0.7774 0.1166
vn -0.5165 -0.2084 -0.8305
vn 0.0792 -0.8237 -0.5615
vn -0.6702 -0.7001 -0.2462
vn 0.2966 -0.8822 0.3658
vn 0.1357 -0.6104 0.7804
vn 0.1325 -0.6234 0.7706
vn -0.2343 -0.0973 -0.9673
vn 0.1212 -0.0890 -0.9886
vn 0.3763 -0.7393 -0.5584
vn -0.0676 0.7135 -0.6974
vn -0.0622 0.7305 -0.6801
vn 0.3408 0.5819 -0.7384
vn 0.3461 0.8870 -0.3056
vn 0.2141 0.7036 -0.6776
vn 0.0752 0.7731 -0.6298
vn 0.0862 0.7719 -0.6299
vn -0.1767 0.5705 -0.8021
vn 0.2777 0.9193 -0.2790
vn 0.5094 0.5242 -0.6824
vn 0.1049 0.7413 -0.6629
vn 0.8177 0.5744 -0.0382
vn 0.8340 -0.0754 0.5466
vn 0.9131 -0.3480 -0.2125
vn 0.0584 0.9266 -0.3714
vn 0.6461 0.7002 -0.3038
vn 0.3383 0.7043 -0.6241
vn 0.6158 0.0351 -0.7872
vn 0.7485 -0.6518 -0.1216
vn 0.0794 -0.7255 -0.6836
vn -0.0371 0.7443 -0.6668
vn 0.2284 0.9073 -0.3529
vn 0.3146 0.5399 -0.7807
vn 0.4425 -0.0974 -0.8914
vn 0.6283 -0.7282 -0.2738
vn -0.1191 -0.8054 -0.5806
vn -0.1149 0.7171 -0.6875
vn 0.2613 0.8410 -0.4738
vn 0.0195 0.4520 -0.8918
vn -0.6212 -0.2200 -0.7522
vn 0.1140 -0.7753 -0.6212
vn -0.6388 -0.5623 -0.5252
vn 0.9213 0.1926 0.3378
vn 0.9195 -0.3308 -0.2125
vn 0.8433 0.0507 -0.5350
vn 0.0054 0.9539 0.3002
vn -0.5276 0.4441 0.7241
vn 0.1795 0.6944 0.6969
vn -0.8406 0.4849 -0.2412
vn -0.8908 -0.2492 -0.3800
vn -0.9209 -0.0467 0.3870
vn -0.0366 -0.2386 -0.9704
vn 0.3750 -0.8194 -0.4335
vn -0.3956 -0.6465 -0.6524
vn 0.8877 0.3480 -0.3015
vn 0.9005 -0.0508 0.4319
vn 0.9275 -0.3381 -0.1594
vn 0.1891 0.6656 0.7219
vn 0.2704 0.6355 0.7232
vn 0.1285 0.9427 0.3080
vn 0.1552 -0.7077 0.6892
vn 0.1703 -0.7023 0.6912
vn 0.1480 -0.7091 0.6894
vn 0.2848 -0.2998 -0.9105
vn 0.4757 -0.6836 -0.5535
vn -0.2789 -0.8213 -0.4976
vn -0.9031 -0.4142 -0.1135
vn -0.8926 0.0718 0.4450
vn -0.8763 0.4667 0.1196
vn 0.6426 -0.1858 0.7433
vn 0.0822 -0.2548 0.9635
vn 0.1344 -0.9233 0.3599
vn 0.9301 0.2562 0.2631
vn 0.9041 -0.3552 -0.2377
vn 0.8161 0.1337 -0.5622
vn 0.2837 -0.6631 0.6927
vn 0.2830 -0.6635 0.6926
vn -0.0860 -0.7663 0.6367
vn -0.0701 -0.3174 0.9457
vn -0.4637 -0.8584 0.2192
vn 0.3952 0.6654 -0.6333
vn 0.4844 0.8579 -0.1711
vn 0.7832 0.3257 -0.5297
vn 0.8096 0.1131 -0.5760
vn 0.9609 -0.0629 0.2695
vn 0.7044 -0.6340 -0.3191
vn 0.3155 0.6137 0.7238
vn 0.7032 0.2015 0.6819
vn 0.6197 0.7631 0.1834
vn -0.8444 -0.5273 -0.0947
vn -0.8869 0.0269 0.4612
vn -0.8842 -0.0150 -0.4668
vn -0.0329 0.7959 -0.6045
vn 0.2187 0.9305 -0.2940
vn 0.3199 0.5943 -0.7379
vn 0.9069 0.1140 0.4057
vn 0.8475 -0.1639 -0.5049
vn 0.8024 0.5395 -0.2549
vn -0.2974 0.7315 -0.6136
vn -0.2938 0.7251 -0.6229
vn -0.0183 0.6206 0.7839
vn 0.0460 0.5967 0.8011
vn -0.2071 0.8762 0.4351
vn -0.6249 -0.1744 -0.7610
vn 0.0894 -0.7520 -0.6531
vn -0.6691 -0.5219 -0.5290
vn -0.1403 0.9292 0.3419
vn -0.5037 0.3389 0.7946
vn 0.1776 0.6173 0.7665
vn 0.3209 0.5309 0.7843
vn 0.3664 0.4953 0.7877
vn 0.7058 0.6028 0.3721
vn -0.9028 -0.2716 -0.3334
vn -0.9070 0.1576 0.3905
vn -0.8466 0.5252 -0.0866
vn 0.0143 -0.1685 -0.9856
vn 0.3373 -0.8059 -0.4866
vn -0.3963 -0.5707 -0.7192
vn 0.8911 0.3488 -0.2902
vn 0.8999 -0.0854 0.4276
vn 0.9256 -0.3310 -0.1838
vn 0.1950 0.6065 0.7708
vn 0.2821 0.5721 0.7701
vn 0.1623 0.9139 0.3722
vn 0.1534 -0.7631 0.6279
vn 0.2529 -0.8311 -0.4953
vn -0.4239 -0.7286 -0.5380
vn 0.1067 -0.1737 -0.9790
vn 0.1834 0.8712 0.4554
vn -0.4745 0.4481 0.7577
vn 0.1602 0.3746 0.9133
vn -0.1895 -0.0540 -0.9804
vn 0.0895 -0.6146 -0.7837
vn -0.7489 -0.3920 -0.5343
vn -0.7255 0.2557 0.6389
vn -0.1207 0.2510 0.9604
vn -0.3452 0.8821 0.3204
vn 0.8562 0.0472 -0.5144
vn 0.9243 0.0441 0.3792
vn 0.9080 -0.4087 -0.0925
vn 0.3220 -0.7162 0.6192
vn 0.0911 -0.4675 0.8793
vn 0.2688 -0.9346 0.2330
vn 0.2787 -0.0698 -0.9578
vn 0.7792 -0.4516 -0.4346
vn 0.2221 -0.8414 -0.4927
vn 0.0640 0.2254 0.9722
vn 0.3942 0.4400 0.8069
vn 0.2047 0.8528 0.4805
vn -0.1409 0.9869 -0.0791
vn 0.1004 0.8744 -0.4746
vn 0.0821 0.8693 -0.4875
vn 0.0477 0.6087 -0.7920
vn -0.1565 0.8943 -0.4193
vn 0.1803 0.8400 -0.5117
vn -0.1372 0.8156 -0.5621
vn -0.1305 0.8205 -0.5565
vn -0.1363 0.8110 -0.5689
vn 0.3630 0.7843 -0.5031
vn 0.7399 0.6526 -0.1631
vn 0.3948 0.3922 -0.8308
vn -0.0286 0.5446 0.8382
vn 0.0349 0.5199 0.8535
vn -0.2045 0.8356 0.5098
vn -0.3471 -0.8181 0.4585
vn -0.3249 -0.8146 0.4804
vn -0.3522 -0.8014 0.4835
vn 0.8634 0.4980 -0.0812
vn 0.9193 -0.0958 0.3817
vn 0.9253 -0.2490 -0.2860
vn -0.8396 0.5218 -0.1510
vn -0.8952 -0.1750 -0.4099
vn -0.9240 -0.1105 0.3662
vn -0.2610 -0.0601 -0.9635
vn 0.2024 -0.7478 -0.6324
vn -0.5471 -0.5388 -0.6406
vn 0.1896 0.5312 0.8257
vn 0.2771 0.4975 0.8220
vn 0.1239 0.8753 0.4675
vn 0.0260 -0.8590 0.5114
vn 0.0310 -0.8404 0.5411
vn 0.0041 -0.8513 0.5247
vn -0.9041 -0.3390 -0.2600
vn -0.8982 0.0404 0.4376
vn -0.8683 0.4906 0.0734
vn -0.8956 0.4325 -0.1043
vn -0.9115 -0.3159 -0.2633
vn -0.8801 -0.1220 0.4589
vn 0.0711 0.8719 0.4844
vn -0.4844 0.3787 0.7886
vn 0.2555 0.4116 0.8748
vn 0.0395 -0.9235 0.3815
vn -0.2856 -0.5305 0.7981
vn -0.4312 -0.7554 0.4934
vn -0.8848 -0.2229 -0.4091
vn -0.8887 0.2521 0.3829
vn -0.8143 0.5338 -0.2281
vn 0.9272 0.0987 0.3614
vn 0.9182 -0.3509 -0.1837
vn 0.8871 0.4022 -0.2265
vn -0.0863 -0.8671 0.4907
vn -0.0782 -0.4795 0.8740
vn -0.4623 -0.8846 0.0619
vn -0.1602 -0.4153 0.8954
vn -0.1821 -0.8443 0.5039
vn -0.1589 -0.8468 0.5076
vn -0.2202 0.0546 -0.9739
vn 0.0942 -0.5255 -0.8456
vn -0.7619 -0.3321 -0.5561
vn 0.8940 0.3132 0.3205
vn 0.9207 -0.3673 -0.1316
vn 0.7233 0.4632 -0.5121
vn 0.1135 0.8492 -0.5157
vn 0.1391 0.8232 -0.5504
vn -0.3049 0.8017 -0.5140
vn 0.2985 -0.9483 0.1075
vn 0.1403 -0.8012 0.5817
vn 0.1370 -0.8110 0.5688
vn 0.9230 0.1368 0.3595
vn 0.8484 -0.5090 -0.1451
vn 0.7881 0.3251 -0.5228
vn -0.5836 0.2958 0.7562
vn 0.0557 0.2033 0.9775
vn -0.2355 0.8870 0.3971
vn 0.8067 -0.2514 0.5348
vn 0.9200 -0.2514 -0.3006
vn 0.8915 0.4516 -0.0347
vn -0.1296 0.9914 -0.0176
vn 0.0912 0.9088 -0.4071
vn 0.0813 0.9068 -0.4137
vn 0.6389 0.7309 -0.2399
vn 0.3052 0.8570 -0.4153
vn 0.2945 0.8664 -0.4033
vn 0.7449 -0.5779 -0.3333
vn 0.0447 -0.5199 -0.8531
vn 0.6910 0.1076 -0.7148
vn 0.3856 0.1248 -0.9142
vn 0.6428 -0.6328 -0.4317
vn -0.1621 -0.5783 -0.7996
vn -0.1253 0.8607 -0.4935
vn 0.2066 0.9330 -0.2948
vn 0.0878 0.6098 -0.7877
vn 0.3690 0.8177 -0.4418
vn 0.5232 0.8500 0.0616
vn 0.4957 0.4532 -0.7409
vn -0.2580 0.8159 -0.5175
vn -0.2456 0.8235 -0.5113
vn 0.1063 0.7127 -0.6934
vn 0.0033 0.4894 0.8721
vn 0.0477 0.4682 0.8823
vn -0.1547 0.8175 0.5547
vn -0.8404 0.5324 -0.1011
vn -0.8910 -0.1416 -0.4313
vn -0.9206 -0.1489 0.3609
vn -0.2160 -0.8579 0.4663
vn -0.2081 -0.8570 0.4714
vn 0.1427 -0.8571 0.4950
vn 0.1569 -0.8528 0.4981
vn 0.1384 -0.8580 0.4946
vn 0.1513 -0.8545 0.4969
vn 0.1476 -0.8472 0.5103
vn 0.1382 -0.8552 0.4995
vn -0.8972 0.4366 -0.0668
vn -0.8997 -0.3715 -0.2291
vn -0.8921 -0.0367 0.4503
vn 0.3168 -0.6875 -0.6535
vn -0.3853 -0.6420 -0.6628
vn 0.1350 -0.0128 -0.9908
vn 0.0348 0.8453 0.5331
vn -0.5021 0.3381 0.7960
vn 0.2483 0.3850 0.8889
vn -0.2482 -0.0291 -0.9683
vn 0.2893 -0.6822 -0.6715
vn -0.4414 -0.5587 -0.7022
vn -0.2197 0.1471 -0.9644
vn 0.0971 -0.4410 -0.8922
vn -0.7650 -0.2733 -0.5832
vn -0.7217 0.1457 0.6767
vn -0.1245 0.0800 0.9890
vn -0.3486 0.8122 0.4678
vn -0.3426 -0.8559 0.3873
vn 0.1810 -0.7825 0.5957
vn -0.6240 -0.4642 0.6286
vn -0.0679 -0.9473 0.3132
vn -0.2149 -0.6299 0.7464
vn -0.4211 -0.8025 0.4228
vn -0.1958 -0.8770 0.4387
vn -0.1972 -0.8848 0.4222
vn 0.3122 -0.9011 0.3010
vn 0.0756 -0.9940 -0.0793
vn 0.1510 -0.5480 0.8227
vn -0.0065 -0.8900 0.4560
vn 0.3159 0.3978 0.8614
vn 0.7026 0.0106 0.7115
vn 0.6195 0.6865 0.3807
vn -0.6040 0.1933 0.7732
vn 0.0508 0.1238 0.9910
vn -0.2561 0.8432 0.4727
vn -0.6802 -0.1447 0.7186
vn -0.0005 0.2282 0.9736
vn -0.5997 0.6442 0.4747
vn 0.0967 0.9295 -0.3560
vn 0.1031 0.9247 -0.3665
vn 0.0932 0.9274 -0.3622
vn -0.0132 0.9870 -0.1601
vn 0.5732 0.8193 0.0145
vn 0.3490 0.8685 -0.3519
vn 0.1701 0.9115 -0.3746
vn 0.1782 0.9149 -0.3621
vn 0.2004 0.9097 -0.3638
vn -0.0435 0.9248 -0.3779
vn 0.2669 0.9592 -0.0935
vn 0.1329 0.6893 -0.7122
vn 0.9122 -0.0023 0.4097
vn 0.9010 -0.1076 -0.4202
vn 0.8377 0.5408 -0.0761
vn -0.1471 0.8977 -0.4154
vn -0.1422 0.8993 -0.4137
vn 0.9093 0.0077 0.4161
vn 0.8479 -0.0293 -0.5294
vn 0.8008 0.5885 -0.1113
vn -0.3078 0.8577 -0.4119
vn -0.3035 0.8598 -0.4106
vn -0.2990 0.8572 -0.4193
vn 0.9274 -0.0456 0.3713
vn 0.9187 -0.2863 -0.2720
vn 0.8540 0.1700 -0.4916
vn -0.2187 0.7935 0.5679
vn -0.4771 0.0867 0.8746
vn 0.1798 0.3885 0.9037
vn -0.3499 -0.8816 0.3167
vn -0.3343 -0.8815 0.3335
vn -0.3533 -0.8723 0.3380
vn 0.2602 0.3920 0.8824
vn 0.3111 0.3774 0.8722
vn 0.1819 0.7878 0.5885
vn -0.1009 -0.9217 0.3746
vn -0.1122 -0.9250 0.3629
vn -0.2193 -0.8935 0.3918
vn -0.2224 -0.8886 0.4013
vn -0.8789 0.4627 -0.1162
vn -0.9040 -0.2924 -0.3118
vn -0.8991 -0.0375 0.4361
vn -0.9148 -0.2571 -0.3117
vn -0.8784 -0.2040 0.4323
vn -0.8941 0.4477 0.0115
vn 0.1526 -0.8975 0.4138
vn 0.1482 -0.8921 0.4269
vn 0.1391 -0.8986 0.4162
vn 0.1789 -0.6996 -0.6918
vn -0.4467 -0.5365 -0.7160
vn 0.0610 0.1267 -0.9901
vn 0.1439 0.7469 0.6492
vn -0.4771 0.2327 0.8475
vn 0.1886 0.1554 0.9697
vn 0.8823 0.4707 -0.0003
vn 0.8909 -0.4266 0.1561
vn 0.9180 -0.3092 -0.2482
vn 0.2997 -0.8582 0.4166
vn 0.2937 -0.8612 0.4148
vn -0.1416 0.1502 -0.9785
vn 0.1146 -0.3784 -0.9185
vn -0.7445 -0.2407 -0.6227
vn 0.3315 -0.8470 0.4155
vn 0.0943 -0.6773 0.7296
vn 0.2674 -0.9635 -0.0138
vn -0.2008 -0.9100 0.3628
vn -0.2041 -0.9188 0.3377
vn 0.3102 -0.9081 0.2813
vn -0.0768 -0.9399 0.3328
vn -0.2578 -0.6213 0.7400
vn -0.5275 -0.8495 -0.0134
vn -0.3992 0.9169 -0.0019
vn -0.2806 0.8632 -0.4198
vn -0.4810 0.5353 -0.6943
vn 0.1863 0.9418 -0.2798
vn 0.0397 0.9914 0.1245
vn 0.5784 0.7731 -0.2602
vn -0.8870 0.0263 -0.4610
vn -0.8502 -0.4617 -0.2532
vn -0.8915 -0.1274 0.4347
vn 0.4086 0.9094 0.0770
vn 0.3644 0.7516 -0.5499
vn 0.0936 0.9565 -0.2765
vn 0.1017 0.9944 0.0295
vn 0.6614 0.7494 0.0301
vn 0.3452 0.8984 -0.2716
vn 0.2184 0.9244 -0.3126
vn 0.2126 0.9240 -0.3178
vn 0.6198 0.3668 -0.6938
vn 0.7448 -0.5356 -0.3980
vn 0.0856 -0.3657 -0.9268
vn 0.8191 0.5493 -0.1655
vn 0.9066 -0.0373 0.4203
vn 0.9084 -0.0684 -0.4125
vn -0.1389 0.9234 -0.3579
vn -0.1568 0.9242 -0.3481
vn -0.1243 0.9259 -0.3567
vn 0.4429 0.2884 -0.8489
vn 0.6328 -0.5062 -0.5860
vn -0.1939 -0.4104 -0.8910
vn 0.3725 0.8822 -0.2880
vn 0.5188 0.8332 0.1912
vn 0.6338 0.5237 -0.5692
vn -0.2976 0.8908 -0.3433
vn -0.2910 0.8973 -0.3320
vn -0.2927 0.8948 -0.3372
vn -0.6312 0.0317 -0.7750
vn 0.1169 -0.4967 -0.8600
vn -0.6341 -0.3326 -0.6980
vn -0.1267 0.7462 0.6535
vn -0.5219 0.0435 0.8519
vn 0.1757 0.3479 0.9209
vn 0.8560 0.2630 -0.4450
vn 0.9247 -0.0290 0.3795
vn 0.9214 -0.2589 -0.2898
vn -0.9198 -0.2845 -0.2702
vn -0.8956 0.1290 0.4257
vn -0.8504 0.3728 -0.3713
vn 0.0198 0.2116 -0.9771
vn 0.3627 -0.5688 -0.7382
vn -0.3703 -0.2946 -0.8810
vn 0.8546 0.0313 -0.5183
vn 0.9197 -0.0612 0.3878
vn 0.9189 -0.3100 -0.2439
vn 0.2042 0.3521 0.9134
vn 0.2885 0.3137 0.9046
vn 0.4437 0.6844 0.5786
vn 0.0225 -0.9618 0.2726
vn 0.0282 -0.9527 0.3026
vn 0.0144 -0.9576 0.2879
vn -0.3341 -0.9425 -0.0102
vn 0.0454 -0.9432 0.3292
vn -0.0827 -0.6611 0.7457
vn 0.7274 -0.5299 0.4359
vn 0.0222 -0.6609 0.7502
vn 0.1277 -0.9903 -0.0539
vn 0.2098 0.6349 0.7435
vn -0.4658 0.1457 0.8728
vn 0.1643 0.0094 0.9864
vn 0.2722 -0.8968 0.3488
vn 0.2711 -0.8972 0.3487
vn -0.1113 -0.9931 0.0369
vn -0.3207 -0.7060 0.6314
vn -0.4242 -0.8637 0.2722
vn 0.3854 -0.8523 0.3536
vn -0.2342 -0.7359 0.6353
vn -0.1020 -0.9738 0.2031
vn -0.7272 0.0228 0.6860
vn -0.1225 -0.0968 0.9877
vn -0.3479 0.7187 0.6021
vn -0.6481 0.2093 -0.7322
vn -0.0047 -0.4032 -0.9151
vn -0.7127 -0.5170 -0.4741
vn 0.3113 0.2471 0.9176
vn 0.7068 -0.1025 0.7000
vn 0.6105 0.6189 0.4942
vn 0.0944 0.2826 -0.9546
vn 0.3007 0.5217 -0.7984
vn 0.7526 -0.0060 -0.6585
vn 0.0615 -0.1274 0.9899
vn 0.3912 0.1324 0.9107
vn 0.2019 0.6327 0.7476
vn -0.0471 0.8801 -0.4724
vn -0.0706 0.9949 0.0720
vn 0.1773 0.9644 -0.1959
vn 0.6352 0.7710 -0.0446
vn 0.3053 0.9347 -0.1819
vn 0.2947 0.9407 -0.1679
vn -0.4755 0.8769 0.0707
vn 0.2019 0.9790 -0.0296
vn -0.1949 0.9565 -0.2170
vn -0.1542 0.9524 -0.2628
vn -0.1420 0.9572 -0.2523
vn -0.1491 0.9536 -0.2614
vn -0.2683 0.9453 0.1857
vn -0.2923 0.9111 -0.2906
vn -0.3024 0.9101 -0.2833
vn -0.0397 0.2711 0.9617
vn 0.0296 -0.2455 0.9689
vn 0.2627 0.6368 0.7249
vn 0.3607 0.9071 -0.2171
vn 0.5169 0.8125 0.2695
vn 0.4987 0.6128 -0.6130
vn -0.2604 0.6715 0.6938
vn -0.4703 -0.0837 0.8786
vn 0.1767 0.2175 0.9599
vn -0.3514 -0.9229 0.1576
vn -0.3326 -0.9267 0.1749
vn -0.3539 -0.9178 0.1798
vn -0.9089 -0.1269 -0.3973
vn -0.9021 -0.0177 0.4311
vn -0.8698 0.2492 -0.4258
vn 0.8654 0.4934 0.0871
vn 0.9180 -0.2171 0.3320
vn 0.9230 -0.1424 -0.3574
vn -0.9316 -0.3565 0.0702
vn -0.9018 0.0188 0.4318
vn -0.8458 0.4188 -0.3305
vn -0.2145 -0.9494 0.2293
vn -0.2071 -0.9499 0.2339
vn 0.8583 0.0600 -0.5096
vn 0.9163 -0.1032 0.3871
vn 0.9128 -0.3065 -0.2697
vn 0.1897 0.2141 0.9582
vn 0.2772 0.1841 0.9430
vn 0.1176 0.6597 0.7423
vn 0.1470 -0.9558 0.2546
vn 0.1639 -0.9517 0.2596
vn 0.1455 -0.9529 0.2660
vn 0.1045 0.1861 -0.9770
vn 0.5435 -0.3063 -0.7815
vn -0.2450 -0.4851 -0.8394
vn -0.8880 0.4484 0.1017
vn -0.9038 -0.2892 -0.3155
vn -0.9007 -0.1538 0.4063
vn 0.9191 0.1041 0.3800
vn 0.8999 -0.1172 -0.4201
vn 0.8024 0.5667 -0.1869
vn 0.1421 0.6237 0.7686
vn -0.4868 0.0795 0.8699
vn 0.1967 -0.0057 0.9804
vn -0.2522 0.2268 -0.9407
vn 0.2713 -0.4940 -0.8260
vn -0.4477 -0.3516 -0.8222
vn -0.0851 -0.9824 0.1666
vn -0.0768 -0.7487 0.6584
vn -0.4644 -0.8526 -0.2397
vn -0.5830 0.3053 -0.7530
vn 0.0118 -0.3247 -0.9457
vn -0.7209 -0.4514 -0.5259
vn 0.2505 0.3235 -0.9125
vn 0.7665 -0.2362 -0.5973
vn 0.2349 -0.5655 -0.7906
vn 0.1126 0.9749 -0.1919
vn 0.1342 0.9641 -0.2289
vn -0.3097 0.9288 -0.2036
vn -0.5339 0.3117 -0.7860
vn 0.0415 -0.3640 -0.9305
vn -0.6870 -0.4238 -0.5903
vn 0.2983 -0.9312 -0.2093
vn 0.1357 -0.9487 0.2855
vn 0.1325 -0.9537 0.2700
vn -0.6614 -0.3386 0.6692
vn -0.0019 -0.0581 0.9983
vn -0.5015 0.5314 0.6827
vn -0.0613 0.9860 -0.1548
vn -0.0534 0.9895 -0.1341
vn 0.3469 0.8992 -0.2665
vn 0.0782 0.9942 -0.0741
vn 0.0910 0.9932 -0.0729
vn -0.1730 0.9288 -0.3276
vn -0.0028 0.9947 0.1028
vn 0.5811 0.7794 0.2344
vn 0.3571 0.9259 -0.1236
vn 0.6378 0.5689 -0.5192
vn 0.5791 -0.4246 -0.6959
vn -0.0382 0.1491 -0.9881
vn -0.0632 0.9830 -0.1726
vn 0.2130 0.9644 0.1571
vn 0.1063 0.8354 -0.5393
vn -0.1250 0.9676 0.2193
vn -0.0185 0.9895 -0.1430
vn -0.0273 0.9854 -0.1681
vn -0.1500 0.9749 -0.1646
vn -0.1327 0.9764 -0.1706
vn -0.1444 0.9740 -0.1746
vn -0.1344 0.9735 -0.1848
vn -0.1298 0.9752 -0.1792
vn -0.1299 0.9738 -0.1867
vn -0.0275 0.1960 0.9802
vn 0.0251 -0.3274 0.9445
vn 0.2415 0.5844 0.7747
vn -0.5771 0.2599 -0.7742
vn 0.1301 -0.3160 -0.9398
vn -0.6378 -0.1918 -0.7459
vn -0.5967 0.0371 0.8016
vn 0.1302 0.0927 0.9871
vn 0.1151 0.5075 0.8539
vn -0.3881 -0.9163 0.0987
vn -0.3735 -0.9199 0.1193
vn -0.3984 -0.9092 0.1211
vn 0.8489 0.3368 -0.4073
vn 0.9280 -0.0943 0.3604
vn 0.9131 -0.2163 -0.3455
vn 0.2033 0.1827 0.9619
vn 0.2799 0.1368 0.9502
vn 0.5634 0.4700 0.6795
vn 0.0290 -0.9941 0.1046
vn 0.0331 -0.9904 0.1345
vn 0.0099 -0.9928 0.1197
vn -0.9041 -0.2100 -0.3722
vn -0.8960 -0.1594 0.4144
vn -0.8640 0.3464 0.3653
vn -0.0808 0.2909 -0.9533
vn 0.5976 -0.1306 -0.7911
vn -0.0538 -0.4665 -0.8829
vn -0.8832 0.3082 0.3534
vn -0.9020 -0.2709 -0.3361
vn -0.8965 -0.1892 0.4007
vn 0.1185 -0.5028 -0.8563
vn -0.4418 -0.3023 -0.8447
vn 0.1868 0.3668 -0.9114
vn -0.3185 0.5709 0.7568
vn -0.4795 -0.0000 0.8775
vn 0.2773 0.1555 0.9481
vn 0.8804 -0.4675 0.0795
vn 0.9163 -0.2506 -0.3123
vn 0.8917 0.4470 -0.0713
vn -0.2099 -0.9742 0.0830
vn -0.1965 -0.9755 0.0985
vn -0.5213 -0.7208 0.4568
vn 0.4646 -0.8511 -0.2446
vn 0.5639 -0.7301 0.3860
vn 0.1086 -0.9850 0.1342
vn 0.8438 0.0205 -0.5362
vn 0.3377 -0.4668 -0.8174
vn -0.0338 0.0500 -0.9982
vn 0.3130 0.0791 0.9465
vn 0.7130 -0.2249 0.6641
vn 0.6253 0.5074 0.5928
vn -0.8152 -0.5750 0.0698
vn -0.2234 0.7840 -0.5791
vn -0.3299 0.6621 -0.6729
vn 0.0612 -0.2968 0.9530
vn 0.3916 -0.0285 0.9197
vn 0.2029 0.4929 0.8461
vn -0.6590 -0.3991 0.6375
vn 0.0002 -0.1442 0.9895
vn -0.5020 0.4704 0.7258
vn 0.0717 0.9971 0.0273
vn 0.0923 0.9955 0.0221
vn -0.1629 0.9582 -0.2353
vn 0.1154 0.9931 -0.0226
vn 0.1203 0.9921 -0.0354
vn -0.2491 0.9683 0.0171
vn 0.1608 0.9343 0.3181
vn 0.6799 0.6988 0.2223
vn 0.3662 0.9297 -0.0395
vn 0.0634 -0.1775 0.9821
vn 0.3814 0.0440 0.9234
vn 0.2628 0.5601 0.7857
vn 0.6404 0.5373 -0.5488
vn 0.7502 -0.3926 -0.5320
vn 0.0715 -0.1073 -0.9917
vn -0.0318 0.9987 -0.0386
vn 0.2201 0.9306 0.2924
vn 0.3331 0.9037 -0.2691
vn -0.2993 0.9496 -0.0927
vn -0.2925 0.9517 -0.0931
vn -0.2962 0.9501 -0.0976
vn 0.2041 0.3244 0.9236
vn -0.5881 -0.0549 0.8069
vn 0.0809 -0.1844 0.9795
vn -0.5317 0.3238 -0.7826
vn 0.1381 -0.2888 -0.9474
vn -0.6223 -0.0714 -0.7796
vn 0.0064 0.4791 -0.8777
vn 0.4097 -0.3285 -0.8510
vn -0.3437 -0.0651 -0.9368
vn 0.1107 0.0079 0.9938
vn 0.1618 -0.0455 0.9858
vn 0.3052 0.4493 0.8396
vn -0.3008 0.5161 0.8019
vn -0.4692 -0.0738 0.8800
vn 0.2828 0.0550 0.9576
vn 0.8775 0.4507 0.1639
vn 0.9354 -0.0678 0.3469
vn 0.9177 -0.1957 -0.3458
vn -0.1076 -0.9681 -0.2262
vn -0.3232 -0.8463 0.4236
vn -0.4218 -0.9060 0.0344
vn 0.9111 0.0789 0.4046
vn 0.9136 -0.3057 -0.2682
vn 0.7563 0.6236 -0.1978
vn 0.3085 -0.9470 0.0895
vn 0.0911 -0.8863 0.4540
vn 0.2613 -0.8997 -0.3497
vn -0.4222 0.5133 -0.7472
vn 0.0026 -0.1394 -0.9902
vn -0.7119 -0.3571 -0.6047
vn 0.9189 -0.0689 0.3885
vn 0.8467 -0.3701 -0.3823
vn 0.7884 0.5402 -0.2944
vn -0.8045 0.5890 0.0761
vn -0.8885 0.0286 -0.4579
vn -0.9078 -0.2578 0.3307
vn -0.0786 -0.9969 -0.0105
vn -0.2517 -0.8364 0.4869
vn -0.5286 -0.7939 -0.3006
vn -0.0629 0.9979 0.0165
vn -0.0576 0.9977 0.0357
vn 0.3354 0.9360 -0.1066
vn 0.2148 0.9767 0.0025
vn 0.0291 0.9631 -0.2676
vn 0.1693 0.8980 0.4061
vn 0.2059 0.9770 0.0558
vn -0.0630 0.9620 0.2658
vn 0.5552 0.7615 0.3343
vn 0.3432 0.9391 0.0196
vn 0.6218 0.5862 -0.5194
vn 0.7315 -0.3590 -0.5797
vn 0.0744 -0.0494 -0.9960
vn -0.0399 0.9978 0.0523
vn 0.2746 0.9034 0.3295
vn 0.1311 0.9313 -0.3397
vn -0.0473 0.0206 0.9987
vn 0.0232 -0.4806 0.8766
vn 0.2529 0.4365 0.8634
vn 0.9408 -0.3070 0.1439
vn 0.9222 0.0236 -0.3861
vn 0.8293 0.5350 0.1615
vn 0.2107 0.2423 0.9471
vn -0.5769 -0.1256 0.8071
vn 0.0729 -0.2690 0.9604
vn -0.1073 -0.9926 -0.0567
vn -0.1210 -0.9909 -0.0587
vn -0.1083 -0.9920 -0.0647
vn -0.0637 0.4836 -0.8730
vn -0.1383 -0.2431 -0.9601
vn -0.7431 0.0660 -0.6659
vn -0.8489 0.4250 -0.3142
vn -0.8989 0.0882 -0.4292
vn -0.9096 -0.0828 0.4072
vn 0.4417 0.3566 -0.8233
vn 0.2609 -0.3635 -0.8943
vn -0.3796 0.0996 -0.9198
vn 0.1904 -0.0379 0.9810
vn 0.2776 -0.0636 0.9586
vn 0.1379 0.4514 0.8816
vn 0.0292 -0.9972 -0.0686
vn 0.0315 -0.9985 -0.0452
vn 0.0056 -0.9985 -0.0552
vn -0.8709 0.4544 0.1870
vn -0.9076 -0.1287 -0.3997
vn -0.8977 -0.2158 0.3840
vn -0.3331 -0.8798 -0.3391
vn 0.0469 -0.9987 -0.0203
vn -0.0792 -0.8795 0.4692
vn -0.7400 -0.0925 0.6662
vn -0.0037 -0.0966 0.9953
vn -0.6871 0.2856 0.6681
vn -0.3015 0.4390 0.8464
vn -0.4713 -0.1571 0.8679
vn 0.2764 -0.0352 0.9604
vn 0.8875 -0.4603 -0.0210
vn 0.9200 -0.1833 -0.3465
vn 0.8882 0.4586 0.0298
vn 0.2853 -0.9584 0.0023
vn -0.1191 -0.9473 -0.2975
vn -0.3259 -0.8739 0.3606
vn -0.4304 -0.9021 -0.0300
vn 0.1473 -0.9793 0.1389
vn -0.5875 -0.7414 0.3242
vn -0.3040 -0.9463 -0.1103
vn -0.1989 -0.9782 -0.0594
vn -0.2029 -0.9757 -0.0826
vn 0.2924 -0.9404 -0.1738
vn -0.5647 0.4556 -0.6881
vn 0.0736 -0.0983 -0.9924
vn -0.6649 -0.2636 -0.6988
vn -0.8507 0.3956 0.3460
vn -0.8920 0.0398 -0.4504
vn -0.9006 -0.2925 0.3215
vn -0.2315 -0.9722 -0.0353
vn -0.2034 -0.9782 -0.0422
vn 0.1341 -0.9269 0.3505
vn 0.3612 0.2558 0.8967
vn 0.4010 0.2772 0.8731
vn 0.3285 0.2954 0.8971
vn 0.3394 0.9327 0.1222
vn 0.3651 0.9208 0.1370
vn 0.3553 0.9284 0.1091
vn 0.7805 0.5950 0.1918
vn 0.7858 0.5914 0.1811
vn 0.5204 0.8478 0.1019
vn 0.2183 0.9685 0.1198
vn 0.2031 0.9724 0.1149
vn -0.4250 0.8724 0.2414
vn 0.1560 0.8508 0.5018
vn -0.0237 0.9920 0.1238
vn -0.5216 0.8462 0.1092
vn 0.1022 0.8995 0.4249
vn -0.1342 0.9885 0.0694
vn -0.4035 0.7910 0.4599
vn -0.2592 0.9635 0.0672
vn -0.2708 0.9615 0.0476
vn -0.0386 -0.0779 0.9962
vn 0.0437 -0.5643 0.8244
vn 0.2685 0.3444 0.8996
vn 0.2941 0.5808 -0.7591
vn 0.5464 -0.1251 -0.8281
vn -0.1591 -0.0149 -0.9872
vn -0.2228 0.5811 -0.7828
vn 0.0922 -0.1916 -0.9771
vn -0.6308 0.0996 -0.7695
vn -0.3811 -0.9145 -0.1358
vn -0.3734 -0.9214 -0.1076
vn -0.3992 -0.9073 -0.1322
vn 0.8365 0.0785 0.5423
vn 0.9384 -0.3421 0.0480
vn 0.9123 0.1220 -0.3908
vn -0.0014 0.5090 -0.8608
vn -0.2570 -0.2208 -0.9408
vn -0.7176 0.0924 -0.6903
vn -0.8527 0.3213 -0.4118
vn -0.9322 -0.2250 -0.2833
vn -0.8561 0.1475 0.4952
vn -0.2158 -0.9703 -0.1090
vn -0.2202 -0.9706 -0.0975
vn 0.8556 0.2298 -0.4637
vn 0.9182 -0.2303 0.3222
vn 0.9125 -0.2021 -0.3558
vn 0.1911 -0.1287 0.9731
vn 0.2785 -0.1518 0.9484
vn 0.1208 0.3650 0.9231
vn 0.0293 -0.9863 -0.1623
vn 0.0309 -0.9911 -0.1294
vn 0.0023 -0.9896 -0.1437
vn 0.6981 0.5041 -0.5085
vn 0.7374 -0.0923 -0.6691
vn 0.0514 0.1316 -0.9900
vn 0.1674 -0.9799 -0.1082
vn 0.1895 -0.9767 -0.1004
vn 0.1596 -0.9830 -0.0904
vn 0.1448 -0.9864 -0.0780
vn 0.1413 -0.9875 -0.0701
vn 0.1368 -0.9877 -0.0763
vn 0.9826 0.1452 0.1154
vn 0.6714 -0.5040 0.5433
vn 0.7028 -0.6734 -0.2294
vn 0.3709 -0.1351 -0.9188
vn -0.1118 -0.2586 -0.9595
vn -0.2418 0.5335 -0.8105
vn 0.0891 0.3536 0.9311
vn -0.4870 -0.2018 0.8498
vn 0.2464 -0.2508 0.9361
vn 0.2910 -0.9552 -0.0533
vn -0.0835 -0.9838 -0.1586
vn -0.0730 -0.9212 0.3822
vn -0.4648 -0.7307 -0.5001
vn 0.3695 0.9243 0.0958
vn 0.4739 0.6986 0.5361
vn 0.7721 0.6288 -0.0921
vn -0.2476 0.3398 0.9073
vn -0.7276 -0.2635 0.6334
vn -0.1246 -0.4964 0.8591
vn -0.9000 -0.2154 -0.3790
vn -0.7815 -0.5146 0.3528
vn -0.8689 0.3569 0.3429
vn -0.6792 0.5541 0.4813
vn -0.7002 0.5649 -0.4366
vn -0.8442 0.5360 -0.0105
vn 0.8656 -0.0950 -0.4917
vn 0.8165 -0.3296 -0.4740
vn 0.1196 0.7429 -0.6586
vn 0.1559 0.2376 -0.9588
vn -0.5583 -0.1544 -0.8151
vn -0.8039 0.4381 -0.4023
vn -0.5979 -0.2566 0.7594
vn 0.0496 -0.4590 0.8871
vn -0.2789 0.4395 0.8538
vn -0.7818 0.5632 -0.2675
vn -0.8808 0.0702 -0.4683
vn -0.8751 0.0289 0.4831
vn 0.0842 -0.8712 0.4837
vn -0.1148 0.9530 0.2803
vn -0.2676 0.7107 0.6506
vn 0.0730 -0.5196 0.8513
vn 0.3961 -0.2569 0.8815
vn 0.2079 0.2630 0.9421
vn 0.2157 0.9607 0.1750
vn 0.8273 0.3743 0.4189
vn 0.8222 -0.5037 0.2651
vn 0.9104 -0.0148 -0.4134
vn 0.1820 0.9586 0.2192
vn 0.1745 0.9538 0.2446
vn 0.2110 0.9513 0.2249
vn -0.3514 0.9330 -0.0780
vn -0.0545 0.9767 0.2077
vn -0.0291 0.9809 0.1924
vn -0.5492 0.8160 0.1802
vn 0.0966 0.8591 0.5027
vn -0.1414 0.9772 0.1584
vn -0.2783 0.7734 0.5695
vn -0.2829 0.9481 0.1453
vn -0.2961 0.9460 0.1322
vn -0.2131 0.3198 0.9232
vn -0.4891 -0.4283 0.7598
vn 0.1736 -0.1951 0.9653
vn -0.8374 0.4835 0.2549
vn -0.8938 0.1747 -0.4129
vn -0.9253 -0.3312 0.1850
vn 0.3527 0.5775 -0.7363
vn 0.2535 -0.1937 -0.9477
vn -0.3709 0.2486 -0.8948
vn -0.2110 -0.9584 -0.1924
vn -0.2154 -0.9590 -0.1840
vn 0.8563 0.2669 -0.4421
vn 0.9175 -0.2565 0.3040
vn 0.9140 -0.1680 -0.3692
vn 0.1877 -0.2112 0.9593
vn 0.2752 -0.2323 0.9329
vn 0.1163 0.2840 0.9518
vn 0.9422 -0.3321 -0.0439
vn 0.9199 0.0907 -0.3816
vn 0.8444 0.2175 0.4896
vn 0.6609 0.5823 -0.4734
vn 0.7377 -0.0305 -0.6744
vn 0.0618 0.2190 -0.9738
vn -0.7401 -0.2057 0.6403
vn -0.0039 -0.2689 0.9632
vn -0.6854 0.1673 0.7087
vn 0.1484 -0.9729 -0.1774
vn 0.1458 -0.9753 -0.1661
vn 0.1390 -0.9745 -0.1763
vn 0.1550 0.2353 0.9595
vn -0.4736 -0.2923 0.8308
vn 0.1841 -0.4335 0.8821
vn 0.2925 -0.9444 -0.1504
vn 0.2914 -0.9468 -0.1365
vn 0.2841 -0.9477 -0.1455
vn 0.2405 -0.9614 -0.1336
vn -0.6058 -0.7855 0.1266
vn -0.3080 -0.9134 -0.2661
vn -0.9043 -0.1614 -0.3952
vn -0.7728 -0.5644 0.2902
vn -0.8767 0.3422 0.3382
vn 0.9002 -0.0233 0.4348
vn 0.9193 -0.1751 -0.3526
vn 0.7272 0.6812 0.0842
vn -0.0358 0.7743 0.6319
vn 0.1055 0.9576 0.2680
vn -0.0814 0.9931 -0.0847
vn -0.0456 -0.9354 -0.3505
vn -0.2008 -0.9658 0.1643
vn -0.4116 -0.8932 -0.1811
vn -0.8705 0.2514 0.4230
vn -0.8998 -0.0785 -0.4292
vn -0.7954 -0.5125 0.3235
vn 0.1095 0.9350 0.3373
vn 0.1356 0.9448 0.2984
vn 0.0636 0.9465 0.3164
vn 0.2183 0.9371 0.2724
vn 0.0691 0.9290 0.3636
vn 0.0927 0.9298 0.3563
vn -0.1644 0.9810 0.1032
vn -0.5200 0.8176 0.2475
vn 0.1021 0.8145 0.5712
vn -0.1386 0.9620 0.2352
vn 0.9403 -0.3336 0.0672
vn 0.9222 0.1206 -0.3674
vn 0.8295 0.4808 0.2841
vn -0.4787 0.6016 -0.6395
vn 0.1325 0.0249 -0.9909
vn -0.6250 0.2010 -0.7543
vn 0.8646 0.3887 0.3185
vn 0.9189 -0.3536 0.1749
vn 0.9247 0.0548 -0.3768
vn 0.3229 -0.3399 0.8833
vn 0.3668 -0.3634 0.8564
vn 0.7054 0.0418 0.7076
vn 0.3668 0.6380 -0.6770
vn 0.2823 -0.1230 -0.9514
vn -0.3370 0.3213 -0.8850
vn 0.8557 0.3059 -0.4174
vn 0.9183 -0.2812 0.2788
vn 0.9130 -0.1369 -0.3843
vn 0.1995 -0.2897 0.9361
vn 0.2725 -0.3070 0.9119
vn 0.1255 0.1967 0.9724
vn -0.3350 -0.7659 -0.5488
vn 0.0451 -0.9622 -0.2686
vn -0.0834 -0.9683 0.2353
vn 0.6766 0.6081 -0.4153
vn 0.7368 0.0350 -0.6752
vn 0.0590 0.3092 -0.9492
vn 0.2096 -0.9554 -0.2083
vn -0.5835 -0.8052 0.1052
vn -0.2943 -0.8917 -0.3438
vn -0.7265 -0.3669 0.5811
vn -0.1190 -0.6438 0.7559
vn -0.3484 0.2432 0.9052
vn 0.8979 -0.0508 0.4373
vn 0.9239 -0.1345 -0.3581
vn 0.7184 0.6831 0.1316
vn -0.5021 0.6987 -0.5096
vn 0.0086 0.1978 -0.9802
vn -0.7191 -0.1266 -0.6833
vn -0.0542 -0.8995 -0.4335
vn -0.2099 -0.9729 0.0969
vn -0.4073 -0.8755 -0.2600
vn 0.0611 -0.6740 0.7362
vn 0.3906 -0.4161 0.8211
vn 0.2013 0.0871 0.9757
vn 0.2129 0.9169 0.3375
vn 0.0890 0.8996 0.4276
vn 0.0943 0.9001 0.4254
vn 0.0880 0.9041 0.4182
vn -0.4004 0.7926 0.4599
vn 0.1407 0.7107 0.6893
vn -0.0242 0.9241 0.3815
vn -0.1383 0.7280 0.6715
vn -0.0256 0.9318 0.3620
vn -0.0566 0.9344 0.3516
vn 0.4157 0.7903 -0.4501
vn 0.6351 -0.0171 -0.7723
vn -0.1616 0.2412 -0.9569
vn -0.1477 0.1663 0.9749
vn -0.5013 -0.5231 0.6892
vn 0.1713 -0.3558 0.9187
vn 0.8645 0.3572 0.3536
vn 0.9205 -0.3633 0.1436
vn 0.9229 0.0864 -0.3752
vn -0.8966 0.2315 -0.3775
vn -0.9198 -0.3743 0.1174
vn -0.8483 0.3441 0.4026
vn 0.0392 0.7912 -0.6103
vn 0.3586 0.0469 -0.9323
vn -0.3687 0.3490 -0.8616
vn 0.2186 -0.3147 0.9237
vn 0.2786 -0.3332 0.9008
vn 0.4437 0.1453 0.8843
vn 0.5219 0.7399 -0.4244
vn 0.7265 0.0678 -0.6838
vn 0.0914 0.3515 -0.9317
vn -0.7512 -0.3042 0.5859
vn -0.0023 -0.4255 0.9049
vn -0.6701 0.0657 0.7393
vn 0.1876 -0.9204 -0.3430
vn 0.6470 -0.7445 0.1647
vn 0.0882 -0.9829 0.1617
vn 0.1552 -0.7040 -0.6931
vn 0.9222 -0.1166 0.3688
vn 0.9015 0.1560 -0.4036
vn 0.7964 0.5773 0.1804
vn 0.1807 0.0422 0.9826
vn -0.4758 -0.4329 0.7657
vn 0.1624 -0.6029 0.7811
vn -0.1647 0.8100 -0.5629
vn 0.0980 0.3733 -0.9225
vn -0.7461 0.2643 -0.6112
vn -0.9013 -0.0927 -0.4231
vn -0.7813 -0.5996 0.1735
vn -0.8633 0.2439 0.4418
vn 0.1350 -0.5939 -0.7932
vn 0.2601 -0.9522 0.1602
vn 0.0754 -0.9371 -0.3408
vn -0.0496 -0.8526 -0.5202
vn -0.2077 -0.9782 -0.0036
vn -0.4050 -0.8453 -0.3485
vn 0.1100 0.9095 0.4008
vn 0.1318 0.9219 0.3644
vn -0.3117 0.8777 0.3639
vn -0.8682 0.1501 0.4730
vn -0.9014 -0.0083 -0.4330
vn -0.7942 -0.5548 0.2479
vn -0.2712 0.7759 -0.5695
vn 0.1134 0.1978 -0.9737
vn -0.6692 -0.0178 -0.7428
vn -0.0614 0.8973 0.4371
vn -0.0561 0.8890 0.4544
vn 0.3464 0.8903 0.2958
vn 0.2185 0.8759 0.4303
vn 0.8187 0.2223 0.5294
vn 0.8307 -0.5461 0.1085
vn 0.9121 0.0744 -0.4032
vn -0.0403 0.8856 0.4626
vn 0.2217 0.6586 0.7191
vn 0.3188 0.9193 0.2306
vn -0.0338 0.7853 -0.6182
vn 0.6028 0.2784 -0.7478
vn -0.1420 0.2456 -0.9589
vn 0.2023 -0.1738 0.9638
vn -0.5852 -0.4474 0.6763
vn 0.0773 -0.6452 0.7601
vn -0.9394 -0.0095 -0.3426
vn -0.8575 -0.1132 0.5018
vn -0.8246 0.5425 0.1605
vn -0.3193 0.7923 -0.5199
vn 0.0994 0.1549 -0.9829
vn -0.6243 0.3639 -0.6912
vn -0.2442 -0.8655 -0.4373
vn -0.9113 0.1620 -0.3785
vn -0.9046 -0.2900 0.3125
vn -0.8687 0.4656 -0.1692
vn -0.8530 0.5070 0.1241
vn -0.8950 0.2458 -0.3723
vn -0.9124 -0.2538 0.3212
vn 0.8835 0.3957 0.2507
vn 0.9049 -0.4148 0.0951
vn 0.9261 0.0406 -0.3752
vn 0.2054 -0.4047 0.8911
vn 0.2813 -0.4264 0.8597
vn 0.4435 0.0633 0.8940
vn -0.7507 -0.3550 0.5572
vn -0.0022 -0.5024 0.8646
vn -0.6745 -0.0016 0.7382
vn -0.3077 0.0375 0.9508
vn -0.4779 -0.5132 0.7129
vn 0.2726 -0.4377 0.8568
vn 0.2924 -0.8694 -0.3984
vn -0.3404 -0.8107 -0.4763
vn 0.1781 -0.9419 -0.2847
vn -0.6390 -0.7686 -0.0296
vn 0.3264 -0.5359 -0.7787
vn 0.4935 -0.8684 -0.0471
vn 0.0879 -0.8945 -0.4383
vn 0.8990 -0.1406 0.4148
vn 0.9213 -0.0909 -0.3781
vn 0.7346 0.6657 0.1310
vn -0.0331 0.5924 0.8050
vn 0.1069 0.8559 0.5060
vn -0.0711 0.9790 0.1911
vn -0.2242 -0.6213 -0.7508
vn -0.2242 -0.9679 -0.1140
vn -0.4060 -0.8084 -0.4262
vn 0.3131 -0.4815 0.8186
vn 0.7037 -0.5763 0.4155
vn 0.6138 0.0813 0.7853
vn 0.9121 -0.2547 0.3212
vn 0.8607 -0.1120 -0.4967
vn 0.7705 0.6372 -0.0164
vn 0.0537 -0.7880 0.6133
vn 0.3802 -0.5450 0.7473
vn 0.1982 -0.0725 0.9775
vn -0.6639 -0.6829 0.3049
vn 0.0038 -0.6853 0.7283
vn -0.4956 -0.0346 0.8679
vn -0.8716 -0.2072 -0.4443
vn -0.9153 -0.3301 0.2309
vn -0.8493 0.5216 -0.0812
vn -0.0597 0.8564 0.5128
vn -0.0528 0.8466 0.5296
vn 0.3385 0.8631 0.3749
vn 0.2226 0.8273 0.5157
vn 0.1795 0.8249 0.5360
vn 0.1713 0.8223 0.5426
vn 0.1809 0.8228 0.5387
vn -0.0328 0.8410 0.5400
vn 0.2170 0.5988 0.7709
vn 0.3309 0.8955 0.2976
vn -0.5568 0.7006 0.4462
vn 0.1035 0.6296 0.7700
vn -0.1409 0.8642 0.4830
vn 0.5205 0.6768 -0.5206
vn 0.4259 -0.0256 -0.9044
vn -0.2969 0.4233 -0.8559
vn 0.3844 0.7716 0.5068
vn 0.7201 0.4350 0.5406
vn 0.4001 0.9165 -0.0013
vn -0.3042 0.8293 0.4688
vn -0.2911 0.8338 0.4690
vn -0.2980 0.8354 0.4620
vn -0.1467 0.0014 0.9892
vn -0.5135 -0.6277 0.5851
vn 0.1837 -0.4993 0.8467
vn 0.2065 -0.4731 0.8565
vn 0.2825 -0.4919 0.8235
vn 0.4426 -0.0060 0.8967
vn 0.0619 0.8118 -0.5806
vn 0.7812 0.3035 -0.5455
vn 0.1252 0.4167 -0.9004
vn 0.1453 -0.8553 -0.4973
vn 0.1596 -0.8559 -0.4918
vn 0.1411 -0.8554 -0.4984
vn 0.6594 -0.7518 -0.0039
vn 0.0590 -0.9981 -0.0172
vn 0.1181 -0.5904 -0.7984
vn 0.1753 -0.1191 0.9773
vn -0.4816 -0.5514 0.6812
vn 0.1561 -0.7245 0.6713
vn -0.8517 0.2071 0.4814
vn -0.8959 0.2353 -0.3767
vn -0.8933 -0.2523 0.3720
vn -0.3388 -0.5330 -0.7754
vn -0.2078 -0.9639 -0.1668
vn -0.4045 -0.7808 -0.4761
vn 0.1975 -0.8671 -0.4573
vn -0.5612 -0.8243 -0.0748
vn -0.3011 -0.7738 -0.5573
vn -0.8900 0.1489 0.4310
vn -0.9036 -0.0344 -0.4270
vn -0.7621 -0.6427 0.0786
vn 0.8990 -0.1662 0.4051
vn 0.9219 -0.0403 -0.3854
vn 0.7230 0.6202 0.3043
vn -0.4453 0.8342 -0.3253
vn -0.0085 0.4357 -0.9001
vn -0.7135 0.0400 -0.6995
vn -0.1801 -0.8212 -0.5415
vn -0.1807 -0.8187 -0.5450
vn 0.3278 -0.7082 -0.6253
vn -0.0874 -0.8131 -0.5755
vn -0.2423 -0.9679 -0.0673
vn -0.5362 -0.4791 -0.6949
vn -0.2343 -0.8168 -0.5272
vn -0.2248 -0.8215 -0.5240
vn -0.0768 -0.9964 -0.0354
vn -0.6250 -0.0156 0.7805
vn -0.6732 -0.7153 0.1871
vn -0.0224 -0.7524 0.6584
vn 0.2173 0.7861 0.5787
vn 0.3764 0.7485 0.5460
vn 0.3781 0.7403 0.5559
vn 0.4109 0.7429 0.5285
vn 0.0706 0.7570 0.6495
vn 0.0923 0.7578 0.6459
vn -0.1683 0.8933 0.4167
vn 0.6199 0.7785 -0.0985
vn 0.7350 0.0170 -0.6778
vn 0.0863 0.5301 -0.8435
vn -0.1431 0.5259 0.8385
vn -0.0311 0.8043 0.5934
vn -0.0595 0.8085 0.5854
vn -0.1409 0.7973 0.5869
vn 0.2465 0.6284 0.7378
vn 0.0538 0.9506 0.3057
vn -0.2914 0.7871 0.5437
vn -0.2865 0.7901 0.5419
vn -0.2861 0.7968 0.5322
vn -0.0282 -0.6037 0.7967
vn 0.0354 -0.6279 0.7775
vn -0.2011 -0.1959 0.9598
vn -0.2100 -0.0902 0.9735
vn -0.4930 -0.7049 0.5100
vn 0.1839 -0.5795 0.7939
vn -0.5929 0.7023 -0.3941
vn 0.1835 0.4852 -0.8549
vn -0.6071 0.4268 -0.6703
vn -0.0861 -0.7645 -0.6389
vn -0.0931 -0.7648 -0.6375
vn -0.0934 -0.7645 -0.6378
vn 0.8560 0.2703 0.4406
vn 0.9199 -0.3884 0.0532
vn 0.9203 0.1884 -0.3429
vn -0.0162 0.9299 -0.3675
vn 0.3854 0.2941 -0.8746
vn -0.3292 0.5503 -0.7674
vn 0.8876 0.3669 0.2785
vn 0.9031 -0.4285 0.0281
vn 0.9247 0.0971 -0.3680
vn 0.1888 -0.5970 0.7797
vn 0.2760 -0.6053 0.7466
vn 0.1355 -0.1403 0.9808
vn 0.1794 -0.8013 -0.5707
vn 0.1805 -0.8023 -0.5690
vn 0.1418 -0.8234 -0.5495
vn 0.1356 -0.8283 -0.5436
vn 0.1336 -0.8245 -0.5499
vn -0.9094 0.0515 -0.4126
vn -0.8923 -0.4228 0.1583
vn -0.9009 0.2370 0.3635
vn 0.1626 -0.1913 0.9680
vn -0.4891 -0.6071 0.6263
vn 0.1856 -0.7680 0.6130
vn -0.4473 0.8618 -0.2392
vn -0.0111 0.5162 -0.8564
vn -0.7185 0.0989 -0.6885
vn -0.0312 -0.6959 -0.7174
vn -0.3313 -0.9171 -0.2216
vn -0.4198 -0.7178 -0.5554
vn 0.3212 -0.5963 0.7357
vn 0.7142 -0.6253 0.3145
vn 0.6181 -0.0548 0.7842
vn -0.8675 0.0179 0.4970
vn -0.9032 0.1060 -0.4159
vn -0.7947 -0.6001 0.0911
vn -0.4095 0.7349 0.5406
vn 0.3193 0.3092 0.8958
vn 0.0719 0.9622 0.2628
vn -0.7819 0.6230 0.0221
vn -0.8772 0.3110 -0.3657
vn -0.8697 -0.2111 0.4461
vn -0.0609 0.7540 0.6540
vn -0.0519 0.7440 0.6662
vn 0.3464 0.7835 0.5159
vn -0.8879 0.4188 -0.1902
vn -0.8647 0.0015 -0.5024
vn -0.8942 -0.4302 0.1237
vn -0.9132 0.2137 -0.3469
vn -0.8997 -0.3368 -0.2775
vn -0.8580 0.0184 0.5133
vn 0.6302 0.7764 -0.0037
vn 0.7475 0.1085 -0.6553
vn 0.0659 0.6249 -0.7779
vn -0.0385 0.7321 0.6801
vn 0.2754 0.4806 0.8326
vn 0.1327 0.9322 0.3367
vn -0.1432 0.7609 0.6328
vn -0.1418 0.7479 0.6485
vn -0.1332 0.7666 0.6282
vn -0.2814 0.3822 0.8802
vn -0.2824 0.7477 0.6010
vn -0.2965 0.7516 0.5893
vn -0.3055 0.7452 0.5927
vn -0.2957 0.7435 0.5998
vn -0.2910 0.7513 0.5923
vn -0.2272 -0.1774 0.9576
vn -0.4892 -0.7524 0.4411
vn 0.1907 -0.6439 0.7410
vn -0.9384 0.0782 -0.3366
vn -0.8580 -0.2364 0.4561
vn -0.8243 0.4852 0.2917
vn 0.2592 -0.6226 0.7384
vn 0.3048 -0.6288 0.7153
vn 0.4796 -0.1795 0.8589
vn -0.0061 0.9566 -0.2913
vn 0.4032 0.3584 -0.8420
vn -0.3299 0.6173 -0.7142
vn 0.0260 -0.7191 -0.6945
vn 0.0304 -0.7382 -0.6739
vn 0.0198 -0.7295 -0.6837
vn -0.8704 0.2150 0.4429
vn -0.9078 0.1595 -0.3878
vn -0.8973 -0.4140 0.1531
vn -0.7481 -0.4797 0.4586
vn 0.0041 -0.7024 0.7118
vn -0.6767 -0.1912 0.7110
vn 0.6760 -0.7246 -0.1339
vn 0.0663 -0.9792 -0.1917
vn 0.0958 -0.4492 -0.8883
vn 0.1488 -0.2606 0.9539
vn -0.4851 -0.6540 0.5805
vn 0.1917 -0.8100 0.5542
vn 0.2829 -0.7480 -0.6004
vn 0.2823 -0.7490 -0.5994
vn 0.2584 -0.3077 -0.9157
vn 0.5553 -0.7796 -0.2895
vn 0.1162 -0.7562 -0.6439
vn 0.8970 -0.2350 0.3743
vn 0.9230 0.0300 -0.3836
vn 0.7194 0.5699 0.3970
vn -0.4506 0.8773 -0.1654
vn -0.0051 0.5881 -0.8088
vn -0.7162 0.1601 -0.6793
vn -0.2298 -0.4048 -0.8850
vn -0.2086 -0.9036 -0.3740
vn -0.4119 -0.6693 -0.6184
vn 0.1057 0.7158 0.6903
vn 0.1209 0.7347 0.6675
vn -0.3152 0.6993 0.6416
vn -0.5278 0.8140 -0.2425
vn 0.0205 0.4812 -0.8763
vn -0.6924 0.1829 -0.6979
vn -0.0772 -0.6991 -0.7109
vn -0.2474 -0.9380 -0.2426
vn -0.5266 -0.3464 -0.7763
vn 0.0572 -0.9257 0.3740
vn 0.3744 -0.7257 0.5772
vn 0.1958 -0.3338 0.9221
vn -0.6702 -0.7345 0.1065
vn 0.0114 -0.8538 0.5204
vn -0.5229 -0.2519 0.8143
vn 0.2156 0.6877 0.6933
vn 0.0341 0.8717 0.4889
vn 0.1678 0.3485 0.9222
vn 0.2052 0.6515 0.7303
vn -0.5087 0.5864 0.6303
vn 0.0920 0.4231 0.9014
vn -0.1387 0.7104 0.6900
vn -0.2811 0.3014 0.9111
vn -0.2807 0.6898 0.6674
vn -0.2988 0.6944 0.6546
vn -0.0421 -0.6885 0.7240
vn 0.0213 -0.9606 0.2772
vn 0.2581 -0.3147 0.9135
vn 0.9204 -0.3352 0.2012
vn 0.9274 0.2039 -0.3137
vn 0.8364 0.5454 0.0549
vn 0.2955 0.9343 -0.1993
vn 0.5291 0.4514 -0.7185
vn -0.1556 0.6225 -0.7670
vn -0.2271 -0.2541 0.9401
vn -0.5039 -0.7809 0.3692
vn 0.1821 -0.7022 0.6883
vn -0.3692 -0.6330 -0.6805
vn -0.3812 -0.6437 -0.6636
vn -0.3789 -0.6356 -0.6726
vn 0.0011 0.9672 -0.2541
vn 0.3240 0.4225 -0.8465
vn -0.3681 0.6675 -0.6473
vn 0.1990 -0.7194 0.6655
vn 0.2658 -0.7213 0.6396
vn 0.1223 -0.3166 0.9406
vn 0.1498 -0.7015 -0.6968
vn 0.1648 -0.7034 -0.6914
vn 0.1420 -0.7015 -0.6984
vn 0.1572 -0.3620 0.9188
vn -0.4954 -0.7008 0.5132
vn 0.2010 -0.8566 0.4752
vn -0.0869 -0.6371 -0.7659
vn -0.0709 -0.9458 -0.3170
vn -0.4653 -0.2202 -0.8573
vn -0.1914 0.9735 -0.1252
vn 0.0776 0.7375 -0.6709
vn -0.7497 0.5058 -0.4267
vn -0.8979 0.0791 -0.4330
vn -0.7733 -0.6314 -0.0576
vn -0.8685 0.0066 0.4957
vn 0.2900 0.5767 -0.7637
vn -0.3600 0.1742 -0.9165
vn -0.5211 0.7845 -0.3360
vn 0.2917 -0.6880 -0.6645
vn 0.2865 -0.6938 -0.6607
vn 0.0457 -0.4217 -0.9056
vn -0.2687 -0.3268 -0.9061
vn -0.1270 -0.8518 -0.5083
vn -0.4214 -0.6096 -0.6715
vn -0.5658 0.8101 -0.1535
vn 0.0574 0.6339 -0.7713
vn -0.6716 0.3065 -0.6745
vn -0.8224 0.1735 0.5418
vn -0.8911 0.3596 -0.2768
vn -0.9100 -0.4145 0.0076
vn -0.3447 0.8078 0.4782
vn -0.0473 0.6795 0.7322
vn 0.3391 0.5292 0.7778
vn -0.2555 -0.6420 -0.7229
vn -0.2526 -0.6408 -0.7250
vn 0.2719 -0.6276 -0.7295
vn 0.0742 -0.9500 0.3035
vn 0.3855 -0.7720 0.5053
vn 0.2053 -0.4169 0.8855
vn 0.2217 0.6011 0.7678
vn 0.0794 0.5644 0.8217
vn 0.1042 0.5694 0.8154
vn -0.1588 0.7589 0.6315
vn 0.6397 0.7579 0.1279
vn 0.7326 0.2276 -0.6414
vn 0.0751 0.7341 -0.6749
vn -0.0337 0.6010 0.7985
vn 0.2760 0.3276 0.9036
vn 0.1279 0.8471 0.5158
vn -0.1520 0.6336 0.7586
vn -0.1321 0.6305 0.7649
vn -0.1470 0.6355 0.7580
vn -0.6821 0.5263 0.5077
vn -0.2910 0.6128 0.7347
vn -0.2797 0.6311 0.7235
vn 0.5521 0.8047 -0.2184
vn 0.4338 0.3277 -0.8393
vn -0.2921 0.7306 -0.6172
vn -0.2899 0.6112 0.7365
vn -0.2770 0.6195 0.7346
vn -0.2807 0.6223 0.7307
vn -0.0021 -0.7808 0.6248
vn 0.0270 -0.7906 0.6118
vn -0.1523 -0.4148 0.8971
vn -0.1314 -0.3582 0.9244
vn -0.5133 -0.7926 0.3293
vn 0.1764 -0.7687 0.6148
vn -0.9338 0.1409 -0.3289
vn -0.8579 -0.3084 0.4109
vn -0.8425 0.5106 0.1716
vn 0.8525 0.1544 0.4995
vn 0.9201 -0.3889 -0.0470
vn 0.9201 0.2753 -0.2786
vn -0.8963 0.3943 -0.2028
vn -0.9014 -0.3806 0.2064
vn -0.8435 0.4839 0.2330
vn -0.2415 -0.6023 -0.7608
vn -0.2386 -0.6064 -0.7585
vn 0.2199 -0.7332 0.6435
vn 0.2679 -0.7356 0.6222
vn 0.4311 -0.3084 0.8479
vn -0.8998 -0.0390 -0.4346
vn -0.9080 -0.3804 0.1756
vn -0.8728 0.4876 0.0232
vn 0.5618 0.6477 -0.5147
vn -0.0243 0.5244 -0.8511
vn 0.0472 0.9888 -0.1418
vn 0.6525 -0.7059 -0.2758
vn 0.0516 -0.9380 -0.3426
vn 0.1035 -0.2958 -0.9496
vn 0.1663 0.4893 -0.8561
vn -0.4121 0.5647 -0.7151
vn 0.1902 0.9652 -0.1797
vn -0.2033 0.9727 -0.1122
vn 0.1628 0.5668 -0.8076
vn -0.4794 0.6166 -0.6245
vn 0.2793 -0.6336 -0.7215
vn 0.2790 -0.6342 -0.7211
vn -0.0901 -0.5698 -0.8168
vn -0.0881 -0.9145 -0.3950
vn -0.4645 -0.1422 -0.8741
vn -0.1371 0.9854 -0.1014
vn 0.0873 0.7859 -0.6121
vn -0.7415 0.5404 -0.3978
vn -0.7301 -0.6372 0.2467
vn -0.1242 -0.9618 0.2438
vn -0.3635 -0.3193 0.8752
vn -0.1936 -0.5833 -0.7888
vn -0.1921 -0.5717 -0.7977
vn 0.3069 -0.4690 -0.8281
vn 0.1079 0.5840 0.8045
vn 0.1262 0.6108 0.7817
vn -0.3015 0.5768 0.7592
vn 0.9123 -0.4019 0.0788
vn 0.9241 0.0494 -0.3789
vn 0.8671 0.4898 -0.0907
vn -0.5558 0.8285 -0.0678
vn 0.0375 0.6856 -0.7270
vn -0.6802 0.3573 -0.6401
vn 0.0777 -0.9692 0.2337
vn 0.3792 -0.8084 0.4502
vn 0.1926 -0.4900 0.8502
vn -0.4793 -0.4725 0.7396
vn -0.4211 -0.8968 0.1358
vn 0.3028 -0.8555 0.4200
vn 0.5228 0.2810 0.8048
vn 0.2067 0.5416 0.8148
vn 0.1901 0.5124 0.8375
vn -0.0386 0.5279 0.8484
vn 0.2633 0.2544 0.9306
vn 0.1323 0.8160 0.5627
vn 0.8194 0.2974 0.4900
vn 0.9029 -0.4224 0.0798
vn 0.9067 0.3889 -0.1633
vn -0.5140 0.4611 0.7233
vn 0.1048 0.2435 0.9642
vn -0.1358 0.5695 0.8107
vn 0.0253 -0.8227 0.5678
vn 0.0799 -0.8320 0.5491
vn -0.1515 -0.4819 0.8630
vn 0.9242 -0.3815 0.0168
vn 0.9179 0.2099 -0.3367
vn 0.8568 0.5081 0.0879
vn -0.1439 -0.4439 0.8844
vn -0.5120 -0.8243 0.2417
vn 0.1702 -0.8247 0.5393
vn -0.2957 0.9538 -0.0526
vn 0.0811 0.6236 -0.7775
vn -0.6257 0.6613 -0.4136
vn 0.1433 -0.5644 -0.8129
vn 0.1398 -0.5714 -0.8087
vn 0.1362 -0.5668 -0.8125
vn 0.6552 -0.6852 -0.3181
vn 0.0730 -0.9064 -0.4161
vn 0.1091 -0.2090 -0.9718
vn 0.9174 -0.3157 0.2423
vn 0.9060 0.3511 -0.2364
vn 0.7976 0.3731 0.4740
vn 0.8930 -0.2187 -0.3934
vn 0.9184 0.1878 -0.3482
vn 0.8826 0.2282 0.4110
vn 0.2780 -0.5722 -0.7715
vn 0.2773 -0.5733 -0.7710
vn -0.1171 0.9916 -0.0545
vn 0.1356 0.8286 -0.5432
vn -0.7275 0.5822 -0.3630
vn -0.2412 -0.4839 0.8412
vn -0.7070 -0.6777 0.2023
vn -0.1325 -0.9837 0.1217
vn -0.9027 0.1683 -0.3960
vn -0.7812 -0.5963 -0.1849
vn -0.8702 -0.0355 0.4914
vn -0.1949 -0.5162 -0.8340
vn -0.1895 -0.5009 -0.8445
vn 0.3173 -0.3915 -0.8637
vn -0.8104 0.2592 0.5254
vn -0.8669 0.4413 -0.2318
vn -0.9223 -0.3864 0.0066
vn 0.0268 -0.5468 -0.8368
vn 0.0296 -0.5507 -0.8342
vn -0.2869 -0.8023 -0.5235
vn -0.0784 -0.4912 -0.8675
vn -0.2453 -0.8440 -0.4769
vn -0.5285 -0.1398 -0.8373
vn 0.0568 0.5045 0.8615
vn -0.3003 0.5789 0.7581
vn -0.4926 0.1787 0.8517
vn 0.0658 -0.9872 0.1453
vn 0.3770 -0.8498 0.3684
vn 0.2139 -0.5694 0.7938
vn -0.6824 -0.7183 -0.1351
vn -0.0168 -0.9581 0.2861
vn -0.4739 -0.4489 0.7576
vn 0.2196 0.4650 0.8576
vn 0.0591 0.7230 0.6883
vn -0.1654 0.3460 0.9236
vn 0.1967 0.4383 0.8771
vn 0.3713 0.4438 0.8156
vn 0.3781 0.4329 0.8183
vn 0.3702 0.4523 0.8114
vn -0.2778 0.0589 0.9588
vn -0.2797 0.4976 0.8211
vn -0.2940 0.5053 0.8113
vn -0.3050 0.4967 0.8126
vn -0.2951 0.4926 0.8187
vn -0.2904 0.5026 0.8143
vn -0.0093 -0.8824 0.4704
vn 0.0309 -0.8891 0.4567
vn -0.1247 -0.5557 0.8220
vn 0.9196 -0.3781 0.1071
vn 0.9286 0.2736 -0.2509
vn 0.8444 0.5087 0.1678
vn -0.0637 0.9952 -0.0737
vn 0.6000 0.6644 -0.4457
vn -0.1360 0.7474 -0.6503
vn -0.5086 -0.8468 0.1557
vn 0.1777 -0.8660 0.4673
vn -0.1723 -0.4951 0.8516
vn -0.9109 0.3511 -0.2166
vn -0.9045 -0.4167 0.0907
vn -0.8684 0.4795 0.1262
vn 0.8636 0.0643 0.5000
vn 0.9209 -0.3706 -0.1210
vn 0.9255 0.3017 -0.2289
vn -0.4043 0.9146 -0.0050
vn 0.2211 0.7490 -0.6245
vn -0.4872 0.6863 -0.5400
vn 0.3393 0.9406 -0.0149
vn 0.2685 0.5946 -0.7579
vn -0.3220 0.8530 -0.4109
vn 0.2279 -0.8267 0.5144
vn 0.2799 -0.8291 0.4840
vn 0.4654 -0.4567 0.7582
vn 0.2074 -0.4740 -0.8557
vn 0.2090 -0.4775 -0.8534
vn 0.9257 -0.3725 0.0656
vn 0.9207 0.2020 -0.3339
vn 0.8904 0.1865 0.4152
vn 0.2761 -0.5140 -0.8122
vn 0.2750 -0.5149 -0.8120
vn -0.1407 0.9866 0.0823
vn 0.0923 0.8870 -0.4525
vn -0.7430 0.6061 -0.2839
vn 0.2094 -0.5195 -0.8284
vn -0.5477 -0.6840 -0.4819
vn -0.3064 -0.3970 -0.8651
vn 0.3740 0.4550 0.8081
vn 0.4743 -0.0288 0.8799
vn 0.7785 0.4319 0.4554
vn 0.3524 -0.0259 -0.9355
vn 0.4934 -0.6959 -0.5217
vn 0.0868 -0.5001 -0.8616
vn 0.2999 0.7267 -0.6180
vn -0.3605 0.3925 -0.8462
vn -0.4908 0.8612 -0.1323
vn 0.8973 -0.3510 0.2677
vn 0.9236 0.1483 -0.3536
vn 0.7298 0.4960 0.4705
vn 0.2696 0.9578 0.0993
vn 0.7745 0.5119 -0.3717
vn 0.2227 0.6280 -0.7457
vn -0.1798 -0.4443 -0.8776
vn -0.1779 -0.4398 -0.8803
vn 0.3263 -0.3099 -0.8930
vn 0.1068 0.4363 0.8935
vn 0.1239 0.4634 0.8774
vn -0.3101 0.4407 0.8424
vn -0.5385 0.8394 0.0735
vn 0.0482 0.7957 -0.6038
vn -0.6793 0.4930 -0.5436
vn -0.2337 -0.4489 -0.8625
vn -0.2297 -0.4516 -0.8622
vn -0.0856 -0.8414 -0.5335
vn -0.7857 0.5654 0.2510
vn -0.8788 0.4407 -0.1829
vn -0.8709 -0.3787 0.3133
vn 0.6314 0.1922 0.7512
vn 0.3062 0.3514 0.8847
vn 0.2929 0.3307 0.8971
vn -0.0416 0.3815 0.9234
vn -0.0276 0.3768 0.9259
vn -0.0258 0.3836 0.9232
vn -0.5095 0.3363 0.7920
vn 0.0983 0.0826 0.9917
vn -0.1368 0.4319 0.8915
vn -0.2623 -0.0259 0.9646
vn -0.2795 0.4326 0.8571
vn -0.2973 0.4266 0.8542
vn 0.3409 0.3765 0.8614
vn 0.5406 -0.1255 0.8319
vn 0.4844 0.6984 0.5268
vn -0.6310 0.7752 0.0311
vn 0.0503 0.8154 -0.5767
vn -0.6623 0.6501 -0.3725
vn -0.5915 -0.7702 0.2388
vn 0.0739 -0.9813 0.1776
vn 0.2063 -0.7414 0.6385
vn 0.2587 -0.8953 0.3627
vn 0.2870 -0.8884 0.3584
vn -0.0263 -0.6887 0.7246
vn -0.8683 -0.2494 0.4288
vn -0.9106 0.2946 -0.2898
vn -0.9036 -0.4261 -0.0439
vn 0.9413 -0.1449 -0.3050
vn 0.9248 0.3531 -0.1414
vn 0.8433 -0.2813 0.4579
vn -0.7632 -0.6090 0.2162
vn 0.0171 -0.9364 0.3506
vn -0.5995 -0.4798 0.6406
vn 0.6768 -0.6117 -0.4095
vn 0.0810 -0.7952 -0.6009
vn 0.1211 -0.0031 -0.9926
vn 0.9171 -0.3566 0.1780
vn 0.9070 0.3816 -0.1781
vn 0.8018 0.2899 0.5226
vn -0.2333 -0.5561 0.7977
vn -0.4805 -0.8419 0.2456
vn 0.2962 -0.8718 0.3902
vn -0.0429 0.9958 0.0810
vn 0.2121 0.6942 -0.6878
vn -0.4566 0.7930 -0.4034
vn -0.0840 -0.3399 -0.9367
vn -0.0808 -0.7818 -0.6183
vn -0.4664 0.0794 -0.8810
vn -0.1723 0.9652 0.1970
vn 0.0914 0.9216 -0.3773
vn -0.7459 0.6256 -0.2287
vn 0.9155 -0.4014 -0.0260
vn 0.9190 0.1745 -0.3536
vn 0.8491 0.5230 0.0736
vn -0.9030 0.2197 -0.3692
vn -0.7799 -0.5620 -0.2755
vn -0.8701 -0.1258 0.4765
vn 0.2453 0.9530 0.1779
vn 0.7691 0.5503 -0.3251
vn 0.2219 0.6912 -0.6877
vn -0.3377 0.0625 -0.9392
vn -0.2636 -0.6625 -0.7011
vn -0.4191 -0.3509 -0.8374
vn 0.0992 0.3537 0.9301
vn 0.1139 0.3654 0.9238
vn -0.2533 0.5226 0.8141
vn -0.2325 -0.3570 -0.9047
vn -0.2196 -0.3521 -0.9099
vn 0.3125 -0.3116 -0.8974
vn 0.0584 0.3465 0.9362
vn -0.3015 0.4418 0.8449
vn -0.5045 0.0366 0.8626
vn 0.6160 0.6892 0.3815
vn 0.7341 0.4272 -0.5278
vn 0.0786 0.9209 -0.3818
vn -0.5540 0.2462 0.7953
vn 0.0983 -0.0099 0.9951
vn -0.1245 0.3306 0.9355
vn -0.1514 0.3241 0.9338
vn -0.1292 0.3310 0.9347
vn -0.1402 0.3531 0.9250
vn -0.2790 -0.1087 0.9541
vn -0.2811 0.3474 0.8946
vn -0.2952 0.3567 0.8864
vn -0.2781 0.3677 0.8874
vn -0.2682 0.3625 0.8925
vn -0.2613 0.3720 0.8907
vn 0.9146 -0.4018 0.0452
vn 0.9290 0.3177 -0.1897
vn 0.8377 0.4811 0.2585
vn -0.4868 0.8653 0.1192
vn 0.1083 0.8265 -0.5524
vn -0.6126 0.7400 -0.2779
vn -0.9127 0.3790 -0.1529
vn -0.9048 -0.4256 0.0159
vn -0.8738 0.3873 0.2942
vn 0.8638 -0.0184 0.5036
vn 0.9209 -0.3449 -0.1816
vn 0.9255 0.3360 -0.1747
vn 0.3250 0.9346 0.1444
vn 0.2733 0.7087 -0.6504
vn -0.3041 0.9140 -0.2687
vn 0.8829 0.1005 0.4588
vn 0.9045 -0.3623 -0.2249
vn 0.9268 0.2935 -0.2342
vn 0.2017 -0.9342 0.2941
vn 0.2638 -0.9261 0.2696
vn 0.1363 -0.6842 0.7164
vn 0.6445 -0.5805 -0.4976
vn 0.0510 -0.7649 -0.6422
vn 0.1158 0.0508 -0.9920
vn 0.2901 -0.3367 -0.8958
vn 0.2858 -0.3458 -0.8937
vn 0.2066 -0.3657 -0.9075
vn -0.5641 -0.5851 -0.5827
vn -0.3061 -0.2425 -0.9206
vn -0.8996 0.2657 -0.3467
vn -0.7838 -0.5212 -0.3377
vn -0.8630 -0.1998 0.4639
vn 0.8974 -0.3898 0.2068
vn 0.9226 0.2032 -0.3278
vn 0.7313 0.4265 0.5323
vn -0.4425 0.8491 0.2884
vn -0.0134 0.9122 -0.4095
vn -0.7161 0.4823 -0.5046
vn 0.3227 -0.9170 0.2344
vn 0.6967 -0.7073 -0.1196
vn 0.6441 -0.4903 0.5872
vn -0.5968 -0.7936 0.1181
vn 0.0504 -0.9984 -0.0274
vn -0.2639 -0.5819 0.7692
vn -0.2178 -0.3096 -0.9256
vn -0.2148 -0.3105 -0.9260
vn 0.1620 -0.6508 -0.7418
vn -0.7780 0.5114 0.3649
vn -0.8886 0.4476 -0.0998
vn -0.8643 -0.4393 0.2450
vn 0.1107 0.1927 0.9750
vn 0.1381 0.2221 0.9652
vn 0.0944 0.2066 0.9739
vn 0.2181 0.2309 0.9482
vn 0.7495 0.4717 -0.4644
vn 0.0611 0.9594 -0.2752
vn 0.6760 0.6681 0.3110
vn -0.0429 0.2106 0.9766
vn 0.2709 -0.0813 0.9592
vn 0.1285 0.5707 0.8110
vn 0.8197 0.1296 0.5580
vn 0.9091 -0.4098 -0.0741
vn 0.9077 0.4182 -0.0349
vn -0.3965 0.3726 0.8390
vn -0.0499 0.2178 0.9747
vn -0.0261 0.2214 0.9748
vn -0.5152 0.1842 0.8371
vn 0.1034 -0.0942 0.9902
vn -0.1335 0.2707 0.9534
vn 0.9141 -0.4009 -0.0609
vn 0.8539 0.5179 0.0510
vn 0.8064 0.0305 0.5906
vn -0.3026 0.2607 0.9168
vn -0.2925 0.2555 0.9215
vn -0.2886 0.2665 0.9196
vn 0.0114 -0.9715 0.2369
vn 0.0271 -0.9730 0.2291
vn -0.0271 -0.7381 0.6741
vn -0.4716 0.8556 0.2134
vn 0.0980 0.8723 -0.4790
vn -0.6184 0.7593 -0.2027
vn -0.0793 -0.1718 -0.9819
vn -0.0900 -0.1718 -0.9810
vn -0.0871 -0.1703 -0.9815
vn 0.8638 -0.0612 0.5000
vn 0.9209 -0.3274 -0.2115
vn 0.9255 0.3508 -0.1429
vn 0.3360 -0.9293 0.1535
vn 0.3547 -0.9275 0.1177
vn 0.6846 -0.6176 0.3871
vn 0.3134 0.9222 0.2265
vn 0.2653 0.7722 -0.5773
vn -0.3256 0.9282 -0.1801
vn -0.8790 0.0242 0.4762
vn -0.9057 0.3553 -0.2315
vn -0.8991 -0.4226 -0.1144
vn 0.2008 0.8111 -0.5493
vn -0.4033 0.8200 -0.4061
vn 0.1682 0.9478 0.2707
vn 0.0907 -0.7576 0.6464
vn -0.4788 -0.8738 0.0850
vn 0.2210 -0.9748 0.0287
vn 0.9092 -0.3638 -0.2026
vn 0.8982 0.1322 -0.4193
vn 0.8544 0.5159 0.0621
vn 0.2078 -0.2922 -0.9335
vn -0.5694 -0.5277 -0.6304
vn -0.3029 -0.1646 -0.9387
vn -0.7309 -0.6816 -0.0350
vn -0.1138 -0.9768 -0.1814
vn -0.3627 -0.6555 0.6624
vn -0.9031 0.2836 -0.3225
vn -0.7829 -0.4997 -0.3706
vn -0.8690 -0.2079 0.4490
vn -0.4418 0.8226 0.3579
vn -0.0103 0.9431 -0.3323
vn -0.7152 0.5226 -0.4641
vn 0.4753 0.2111 0.8541
vn 0.0827 0.1824 0.9797
vn -0.1466 -0.1190 0.9820
vn -0.0381 -0.0813 -0.9960
vn -0.2683 -0.5825 -0.7672
vn -0.4012 -0.2076 -0.8921
vn -0.2159 -0.2326 -0.9483
vn -0.2133 -0.2333 -0.9487
vn 0.1746 -0.5773 -0.7977
vn -0.3863 -0.1142 0.9153
vn -0.2661 0.2637 0.9272
vn -0.4858 0.5602 0.6710
vn -0.7794 0.4582 0.4272
vn -0.8844 0.4652 -0.0379
vn -0.8601 -0.4610 0.2184
vn -0.4556 -0.7384 0.4972
vn -0.4318 -0.8662 -0.2516
vn 0.3117 -0.9487 0.0525
vn 0.1045 0.0945 0.9900
vn 0.1291 0.1316 0.9829
vn 0.0652 0.1186 0.9908
vn -0.0600 0.1603 0.9852
vn -0.0546 0.1469 0.9877
vn 0.3447 0.2717 0.8986
vn 0.3717 0.1483 0.9164
vn 0.3719 0.1443 0.9170
vn 0.4018 0.1588 0.9019
vn 0.0621 0.0671 0.9958
vn 0.0973 0.0853 0.9916
vn 0.0760 0.0844 0.9935
vn 0.0283 0.4418 0.8967
vn 0.1686 -0.2329 0.9578
vn 0.2038 0.1260 0.9709
vn -0.0383 0.1240 0.9915
vn 0.2627 -0.1584 0.9518
vn 0.1282 0.4870 0.8639
vn -0.4960 0.1129 0.8610
vn 0.0970 -0.1712 0.9804
vn -0.1330 0.1862 0.9735
vn 0.9166 -0.3884 -0.0948
vn 0.8531 0.5134 0.0927
vn 0.8065 -0.0042 0.5912
vn -0.6883 0.1836 0.7018
vn -0.2871 0.1587 0.9447
vn -0.2902 0.1802 0.9398
vn -0.0101 -0.9894 0.1447
vn 0.0516 -0.9918 0.1172
vn -0.1950 -0.8088 0.5548
vn 0.9239 -0.3825 -0.0129
vn 0.9199 0.3643 -0.1452
vn 0.8558 0.4007 0.3272
vn 0.0346 -0.1220 -0.9919
vn 0.1623 -0.6014 -0.7823
vn -0.3901 -0.3730 -0.8418
vn 0.2547 -0.9561 0.1449
vn 0.2971 -0.9442 0.1425
vn 0.1883 -0.7707 0.6088
vn 0.8544 -0.1065 0.5087
vn 0.9209 -0.3124 -0.2329
vn 0.9174 0.3839 -0.1050
vn 0.3208 -0.9446 0.0696
vn 0.3567 -0.9335 0.0376
vn 0.6952 -0.6364 0.3342
vn -0.8506 0.4000 0.3413
vn -0.8980 0.4397 0.0171
vn -0.9062 -0.4227 -0.0125
vn -0.8702 -0.3461 0.3507
vn -0.9094 0.3609 -0.2066
vn -0.9037 -0.4001 -0.1526
vn 0.5114 0.7372 0.4416
vn 0.7319 0.6260 -0.2691
vn 0.0976 0.9837 -0.1508
vn 0.1954 0.8654 -0.4614
vn -0.3953 0.8530 -0.3408
vn 0.1746 0.9284 0.3280
vn 0.8879 -0.0569 -0.4565
vn 0.9188 0.3096 -0.2449
vn 0.8879 0.0520 0.4572
vn 0.2879 -0.1744 -0.9416
vn 0.2877 -0.1810 -0.9405
vn 0.1428 0.2573 -0.9557
vn 0.3347 -0.1922 -0.9225
vn 0.2505 -0.6005 -0.7593
vn -0.0880 -0.0879 -0.9922
vn -0.0855 -0.5962 -0.7983
vn -0.4660 0.3080 -0.8295
vn -0.1614 -0.6392 -0.7519
vn -0.1710 -0.1037 -0.9798
vn -0.1692 -0.1038 -0.9801
vn -0.9025 0.3167 -0.2918
vn -0.7808 -0.4768 -0.4037
vn -0.8624 -0.2904 0.4146
vn -0.2126 -0.1631 -0.9634
vn -0.2111 -0.1627 -0.9638
vn 0.2127 -0.4705 -0.8564
vn -0.3809 -0.1709 0.9087
vn -0.2647 0.1839 0.9466
vn -0.4884 0.4983 0.7163
vn -0.7820 0.4262 0.4549
vn -0.8793 0.4755 -0.0265
vn -0.8684 -0.4664 0.1682
vn -0.0462 0.0516 0.9976
vn -0.0354 0.0668 0.9971
vn -0.3503 0.3257 0.8782
vn 0.2340 0.0573 0.9706
vn -0.4994 0.0451 0.8652
vn 0.0943 -0.2553 0.9623
vn -0.1362 0.1009 0.9855
vn -0.2625 -0.3581 0.8960
vn -0.2798 0.1137 0.9533
vn -0.2976 0.1090 0.9484
vn 0.3792 0.0424 0.9244
vn 0.7391 -0.1806 0.6489
vn 0.4041 0.5126 0.7576
vn 0.0130 -0.9968 0.0792
vn 0.0539 -0.9970 0.0560
vn -0.1914 -0.8569 0.4785
vn 0.2877 0.8454 0.4501
vn 0.5314 0.8061 -0.2605
vn -0.1453 0.9720 -0.1850
vn -0.0248 -0.8350 0.5497
vn -0.6028 -0.7973 -0.0302
vn 0.0923 -0.9818 -0.1659
vn 0.4338 -0.9010 0.0026
vn 0.4441 -0.8960 0.0028
vn 0.2856 -0.8255 0.4869
vn -0.9123 0.4064 -0.0503
vn -0.9049 -0.4152 -0.0937
vn -0.8734 0.3048 0.3798
vn 0.8550 0.3855 0.3470
vn 0.9270 -0.3562 -0.1173
vn 0.9214 0.3433 -0.1820
vn -0.8425 -0.2373 0.4837
vn -0.9004 0.4335 -0.0366
vn -0.9107 -0.4025 -0.0934
vn -0.2280 0.8649 0.4471
vn 0.1697 0.9305 -0.3245
vn -0.4964 0.8586 -0.1279
vn 0.0681 0.9381 0.3395
vn 0.7814 0.6209 -0.0625
vn 0.1246 0.9770 -0.1731
vn 0.1550 -0.0768 -0.9849
vn 0.1458 -0.0816 -0.9859
vn 0.9660 -0.0498 -0.2537
vn 0.8798 0.4651 0.0981
vn 0.8462 -0.3348 0.4146
vn -0.3000 -0.8110 0.5022
vn -0.4697 -0.8785 -0.0873
vn 0.2852 -0.9576 0.0397
vn 0.8829 -0.1355 0.4496
vn 0.8885 -0.0171 -0.4587
vn 0.9176 0.3379 -0.2094
vn -0.7211 -0.6731 -0.1642
vn -0.1232 -0.9255 -0.3582
vn -0.3513 -0.7711 0.5310
vn -0.9004 0.3313 -0.2819
vn -0.7805 -0.4411 -0.4431
vn -0.8637 -0.3292 0.3817
vn -0.3503 -0.0149 -0.9365
vn 0.1827 -0.2047 -0.9616
vn -0.5788 -0.4361 -0.6890
vn 0.2705 0.9368 -0.2219
vn -0.3467 0.7211 -0.5998
vn -0.5321 0.8229 0.1993
vn -0.2069 0.3099 -0.9280
vn -0.2011 -0.4018 -0.8934
vn -0.3901 -0.0400 -0.9199
vn 0.3278 -0.9447 0.0041
vn 0.6940 -0.6541 -0.3009
vn 0.6088 -0.6456 0.4611
vn 0.2871 0.4000 -0.8704
vn 0.1783 -0.5327 -0.8273
vn 0.0150 -0.0370 -0.9992
vn -0.5497 0.7293 0.4073
vn 0.0248 0.9741 -0.2246
vn -0.6786 0.6597 -0.3229
vn -0.2169 -0.0611 -0.9743
vn -0.2129 -0.0602 -0.9752
vn 0.2490 -0.3255 -0.9122
vn 0.0544 0.0057 0.9985
vn -0.2971 0.1230 0.9469
vn -0.5003 -0.2676 0.8234
vn 0.2139 -0.0065 0.9768
vn 0.1829 -0.0514 0.9818
vn 0.1856 -0.0768 0.9796
vn 0.1868 -0.0609 0.9805
vn 0.8421 -0.4177 0.3411
vn 0.8146 -0.3547 -0.4590
vn 0.9012 0.3477 -0.2585
vn 0.1066 -0.0831 0.9908
vn 0.1177 -0.0653 0.9909
vn 0.0993 -0.0689 0.9927
vn -0.0374 -0.0488 0.9981
vn 0.2151 -0.3697 0.9039
vn 0.3286 0.1894 0.9253
vn -0.1464 -0.0012 0.9892
vn -0.1449 -0.0199 0.9893
vn -0.1332 0.0009 0.9911
vn -0.0148 -0.9989 -0.0455
vn 0.0279 -0.9976 -0.0639
vn -0.2406 -0.9040 0.3535
vn -0.6315 0.7117 0.3077
vn 0.1073 0.9832 -0.1478
vn -0.6408 0.7650 -0.0642
vn 0.9623 -0.1558 -0.2231
vn 0.8808 0.4548 0.1314
vn 0.8012 -0.1034 0.5894
vn -0.1716 -0.8624 0.4763
vn -0.5275 -0.8031 -0.2772
vn 0.1877 -0.9821 0.0182
vn 0.8641 -0.1858 0.4678
vn 0.9207 -0.2632 -0.2882
vn 0.9230 0.3818 -0.0481
vn 0.3342 -0.9383 -0.0886
vn 0.3522 -0.9291 -0.1128
vn 0.6944 -0.6903 0.2033
vn -0.0294 0.8519 0.5228
vn 0.3435 0.8984 -0.2737
vn -0.3331 0.9428 0.0127
vn 0.1920 -0.9806 -0.0395
vn 0.2732 -0.9599 -0.0621
vn 0.1386 -0.8821 0.4502
vn -0.8849 0.2572 -0.3884
vn -0.9076 -0.3937 -0.1461
vn -0.8948 0.0895 0.4375
vn 0.2901 -0.0304 -0.9565
vn 0.2886 -0.0342 -0.9568
vn -0.0853 0.0840 -0.9928
vn -0.0694 -0.4505 -0.8901
vn -0.4724 0.4366 -0.7657
vn 0.3766 -0.0097 0.9263
vn 0.4741 -0.4470 0.7586
vn 0.7810 0.1585 0.6041
vn -0.7245 -0.6546 -0.2159
vn -0.1190 -0.8995 -0.4203
vn -0.3649 -0.8010 0.4746
vn 0.1335 0.0292 -0.9906
vn 0.5323 -0.2655 -0.8039
vn -0.3873 -0.1149 -0.9148
vn 0.4716 -0.0157 0.8817
vn 0.0911 -0.0702 0.9934
vn -0.1380 -0.3645 0.9209
vn 0.2625 0.7821 0.5651
vn 0.7718 0.6328 -0.0625
vn 0.2347 0.9156 -0.3263
vn -0.7817 0.2994 0.5471
vn -0.8807 0.4727 0.0294
vn -0.8809 -0.4686 0.0663
vn 0.1072 -0.1579 0.9816
vn 0.1324 -0.1298 0.9827
vn 0.0700 -0.1453 0.9869
vn -0.4012 -0.2368 0.8849
vn 0.1345 -0.4790 0.8675
vn -0.0313 -0.1270 0.9914
vn -0.1526 -0.0985 0.9834
vn -0.1563 -0.0912 0.9835
vn -0.2671 -0.0433 0.9627
vn -0.2577 -0.0547 0.9647
vn 0.1315 0.1319 0.9825
vn 0.0255 -0.9949 -0.0977
vn 0.0442 -0.9935 -0.1048
vn -0.0452 -0.9240 0.3796
vn -0.6288 0.6787 0.3794
vn 0.1075 0.9914 -0.0747
vn -0.6368 0.7710 0.0046
vn 0.8555 0.3239 0.4041
vn 0.9283 -0.3258 -0.1795
vn 0.9179 0.3783 -0.1195
vn -0.8424 -0.2398 0.4826
vn -0.9017 0.4305 0.0409
vn -0.9152 -0.3699 -0.1602
vn -0.0186 0.8101 0.5860
vn 0.3239 0.9228 -0.2088
vn -0.3673 0.9257 0.0903
vn 0.9168 -0.3381 -0.2127
vn 0.9231 0.3415 -0.1767
vn 0.8809 0.0770 0.4670
vn 0.0642 0.8646 0.4984
vn 0.7766 0.6281 0.0489
vn 0.1211 0.9926 -0.0025
vn 0.1369 0.0823 -0.9872
vn 0.1406 0.0786 -0.9869
vn -0.9040 0.3924 -0.1695
vn -0.8977 -0.3418 -0.2780
vn -0.8784 -0.3991 0.2630
vn 0.9187 -0.3943 -0.0208
vn 0.9050 0.4226 0.0484
vn 0.7969 -0.0281 0.6035
vn 0.0673 -0.9323 0.3553
vn -0.5206 -0.8325 -0.1895
vn 0.2476 -0.9455 -0.2116
vn 0.2829 0.0740 -0.9563
vn 0.2784 0.0649 -0.9583
vn 0.7454 -0.0478 -0.6649
vn -0.2347 -0.1613 -0.9586
vn 0.2929 0.0745 -0.9532
vn -0.2508 -0.9096 0.3312
vn -0.7382 -0.6193 -0.2675
vn -0.1268 -0.8603 -0.4939
vn -0.2201 0.4953 -0.8404
vn -0.2477 -0.2383 -0.9391
vn -0.4002 0.1177 -0.9088
vn -0.8871 0.4471 0.1144
vn -0.9171 -0.2729 -0.2906
vn -0.7023 -0.3007 0.6452
vn -0.6100 -0.7385 -0.2871
vn 0.0499 -0.8801 -0.4722
vn -0.2594 -0.8707 0.4179
vn 0.1034 -0.2531 0.9619
vn 0.1298 -0.2136 0.9683
vn 0.0615 -0.2299 0.9713
vn -0.8905 0.3710 0.2636
vn -0.8641 0.4340 -0.2548
vn -0.8900 -0.3288 -0.3161
vn -0.1878 -0.1888 0.9639
vn 0.0726 -0.5611 0.8246
vn 0.1578 -0.2082 0.9653
vn 0.0724 -0.4999 0.8630
vn 0.6378 -0.4005 0.6579
vn 0.3316 -0.2204 0.9173
vn -0.5024 -0.1790 0.8459
vn 0.0980 -0.4908 0.8658
vn -0.1415 -0.1606 0.9768
vn -0.2775 -0.5711 0.7726
vn -0.2789 -0.1473 0.9490
vn -0.2922 -0.1343 0.9469
vn 0.3635 -0.2021 0.9094
vn 0.5122 -0.6022 0.6124
vn 0.4978 0.2831 0.8198
vn 0.2935 0.6984 0.6528
vn 0.5328 0.8450 -0.0448
vn -0.1454 0.9867 0.0729
vn 0.8552 0.2812 0.4353
vn 0.9270 -0.3134 -0.2062
vn 0.9214 0.3789 -0.0866
vn 0.3187 -0.9088 -0.2694
vn 0.3595 -0.8849 -0.2964
vn 0.6998 -0.7082 0.0939
vn 0.0043 0.7579 0.6523
vn 0.3308 0.9344 -0.1323
vn -0.3640 0.9136 0.1813
vn 0.8542 0.4426 0.2728
vn 0.9194 -0.3010 -0.2531
vn 0.9132 0.3723 -0.1655
vn 0.5325 0.5343 0.6565
vn 0.7266 0.6861 -0.0372
vn 0.0951 0.9757 0.1972
vn -0.7662 -0.6181 -0.1761
vn 0.0238 -0.9705 -0.2397
vn -0.5400 -0.7924 0.2836
vn 0.2930 0.1542 -0.9436
vn 0.2925 0.1531 -0.9439
vn 0.7463 0.0060 -0.6655
vn -0.2326 -0.0787 -0.9694
vn 0.2956 0.1550 -0.9426
vn 0.4163 0.2279 -0.8802
vn -0.4544 -0.0659 -0.8884
vn -0.0916 0.2788 -0.9560
vn 0.2777 0.9601 0.0338
vn -0.3457 0.8563 -0.3837
vn -0.5253 0.7411 0.4181
vn 0.8969 -0.4420 -0.0158
vn 0.9240 0.3407 -0.1736
vn 0.7203 -0.0461 0.6921
vn -0.4388 0.5900 0.6777
vn -0.0182 0.9941 0.1072
vn -0.7172 0.6695 -0.1933
vn -0.3560 0.5750 -0.7367
vn -0.2556 -0.1522 -0.9547
vn -0.4277 0.1944 -0.8827
vn -0.8650 -0.4476 0.2267
vn -0.9044 0.4176 -0.0880
vn -0.7875 -0.3368 -0.5162
vn -0.5725 0.6244 0.5313
vn 0.0618 0.9979 0.0177
vn -0.6730 0.7167 -0.1827
vn 0.9023 -0.3967 -0.1688
vn 0.8627 0.4393 -0.2505
vn 0.7640 0.2089 0.6104
vn 0.0502 -0.7974 -0.6014
vn 0.3662 -0.8713 -0.3267
vn 0.2114 -0.9580 0.1936
vn -0.6850 -0.4012 -0.6080
vn -0.0102 -0.8787 -0.4772
vn -0.6921 -0.7135 0.1094
vn -0.7881 0.1024 0.6070
vn -0.8806 0.3713 -0.2945
vn -0.9118 -0.3091 -0.2702
vn -0.0629 -0.2730 0.9600
vn -0.0576 -0.2915 0.9548
vn 0.3558 -0.1307 0.9254
vn -0.8895 0.3654 0.2745
vn -0.8497 0.4729 -0.2331
vn -0.8891 -0.2865 -0.3568
vn 0.2373 -0.2638 0.9349
vn 0.3299 -0.3120 0.8910
vn 0.3473 -0.3066 0.8862
vn 0.3414 -0.2803 0.8971
vn 0.1865 -0.2847 0.9403
vn 0.1747 -0.3091 0.9348
vn 0.2086 -0.2948 0.9325
vn 0.0845 -0.8387 -0.5381
vn 0.3619 -0.8836 -0.2971
vn 0.0927 -0.9874 0.1282
vn -0.0360 -0.3096 0.9502
vn 0.2776 -0.5575 0.7824
vn 0.1219 0.0567 0.9909
vn -0.1479 -0.2554 0.9555
vn -0.1385 -0.2742 0.9517
vn -0.1217 -0.2459 0.9616
vn -0.5007 -0.5434 0.6738
vn -0.2664 -0.2339 0.9350
vn -0.2799 -0.2229 0.9338
vn -0.0056 -0.9559 -0.2936
vn 0.0244 -0.9525 -0.3035
vn -0.1654 -0.9734 0.1589
vn -0.6286 0.5678 0.5315
vn 0.0985 0.9811 0.1668
vn -0.6292 0.7535 0.1909
vn 0.9249 -0.3319 -0.1853
vn 0.9252 0.3793 0.0157
vn 0.8447 0.2503 0.4731
vn 0.2848 0.6421 0.7117
vn 0.5394 0.8417 0.0258
vn -0.1544 0.9761 0.1530
vn -0.5221 -0.7033 -0.4825
vn 0.1969 -0.9514 -0.2367
vn -0.6245 -0.7801 0.0383
vn -0.1006 0.3417 -0.9344
vn -0.1094 0.3334 -0.9364
vn -0.1208 0.3356 -0.9342
vn 0.8639 -0.3030 0.4024
vn 0.9209 -0.1770 -0.3474
vn 0.9254 0.3757 0.0499
vn -0.1173 0.6999 0.7046
vn 0.3570 0.9340 -0.0151
vn -0.3488 0.9079 0.2323
vn 0.9208 -0.2740 -0.2776
vn 0.9113 0.3887 -0.1358
vn 0.8871 0.0334 0.4605
vn 0.0659 0.7631 0.6429
vn 0.7757 0.6107 0.1591
vn 0.1215 0.9773 0.1735
vn 0.2782 0.2337 -0.9317
vn 0.2725 0.2236 -0.9358
vn 0.7471 0.0637 -0.6617
vn -0.2325 0.0059 -0.9726
vn 0.2957 0.2369 -0.9255
vn -0.1378 0.6231 0.7699
vn 0.0830 0.9442 0.3189
vn -0.7403 0.6274 0.2413
vn 0.3749 -0.2510 0.8925
vn 0.4706 -0.6496 0.5971
vn 0.7856 -0.0252 0.6182
vn 0.2734 0.9553 0.1122
vn -0.3546 0.8825 -0.3089
vn -0.5268 0.7051 0.4746
vn 0.8946 -0.4434 -0.0552
vn 0.9229 0.3534 -0.1532
vn 0.7300 0.0426 0.6822
vn -0.2237 0.6324 -0.7416
vn -0.2330 -0.0629 -0.9705
vn -0.4013 0.2717 -0.8747
vn 0.1098 -0.3177 0.9418
vn 0.1164 -0.2989 0.9471
vn -0.3066 -0.2801 0.9097
vn -0.2342 0.2833 -0.9300
vn -0.2304 0.2841 -0.9307
vn 0.1612 -0.0785 -0.9838
vn -0.7893 0.1385 0.5982
vn -0.8568 0.4791 0.1907
vn -0.8834 -0.4680 -0.0247
vn 0.0522 -0.7526 -0.6564
vn 0.3590 -0.8469 -0.3923
vn -0.0315 -0.9985 -0.0448
vn -0.8694 0.4131 -0.2712
vn -0.9205 -0.2858 -0.2663
vn -0.8373 -0.0508 0.5444
vn 0.2368 -0.3423 0.9093
vn -0.2044 -0.3284 0.9222
vn 0.0733 -0.6595 0.7481
vn 0.1848 -0.3706 0.9102
vn 0.0767 -0.4319 0.8987
vn 0.1003 -0.4273 0.8986
vn -0.1644 -0.1700 0.9716
vn 0.0620 -0.6302 0.7740
vn 0.6318 -0.5158 0.5786
vn 0.3376 -0.3718 0.8648
vn 0.0440 -0.7580 -0.6508
vn 0.3631 -0.8341 -0.4152
vn 0.2423 -0.9649 0.1011
vn 0.6264 0.2824 0.7265
vn 0.7360 0.6648 -0.1280
vn 0.0837 0.9512 0.2971
vn 0.8282 -0.5447 0.1321
vn 0.9109 -0.2970 -0.2863
vn 0.9046 0.3652 0.2199
vn -0.1512 -0.3474 0.9255
vn 0.1227 -0.5867 0.8005
vn 0.2544 -0.1448 0.9562
vn -0.0111 -0.9436 -0.3308
vn 0.0220 -0.6537 -0.7564
vn 0.2531 -0.9595 0.1237
vn 0.3761 -0.3390 0.8623
vn 0.5013 -0.6862 0.5270
vn 0.5074 0.1626 0.8462
vn -0.3002 -0.3133 0.9010
vn -0.2953 -0.3107 0.9034
vn -0.2943 -0.2997 0.9075
vn 0.5333 0.8389 0.1090
vn -0.1520 0.9572 0.2463
vn 0.2751 0.5710 0.7734
vn -0.2235 -0.9617 0.1587
vn -0.4876 -0.6716 -0.5579
vn 0.1952 -0.9155 -0.3518
vn 0.8636 -0.3397 0.3726
vn 0.9211 -0.1461 -0.3609
vn 0.9255 0.3694 0.0840
vn -0.2383 0.3556 -0.9037
vn -0.2390 0.3541 -0.9042
vn 0.9205 -0.2613 -0.2904
vn 0.9170 0.3891 -0.0875
vn 0.8818 -0.0235 0.4710
vn -0.7624 -0.5834 -0.2799
vn 0.0182 -0.9101 -0.4141
vn -0.5443 -0.8258 0.1474
vn 0.1405 0.3406 -0.9296
vn 0.1452 0.3360 -0.9306
vn 0.6492 -0.1406 -0.7475
vn 0.0509 -0.1612 -0.9856
vn 0.1247 0.6804 -0.7221
vn 0.1492 -0.9858 0.0770
vn -0.4904 -0.7609 -0.4249
vn 0.1896 -0.7976 -0.5725
vn 0.2848 0.3070 -0.9081
vn 0.2840 0.3058 -0.9087
vn 0.0882 0.7333 -0.6741
vn -0.0953 0.3572 -0.9291
vn -0.5363 0.4720 -0.6997
vn -0.3365 -0.6623 0.6694
vn -0.3003 -0.2992 0.9057
vn -0.3238 0.0894 0.9419
vn -0.0762 0.4147 -0.9068
vn -0.0615 -0.1240 -0.9904
vn -0.4656 0.6711 -0.5769
vn -0.3329 0.3985 -0.8546
vn 0.2134 0.2337 -0.9486
vn -0.6229 -0.0491 -0.7808
vn 0.8980 -0.4285 -0.0996
vn 0.9204 0.3719 -0.1210
vn 0.7358 -0.0450 0.6757
vn -0.4370 0.4631 0.7711
vn -0.0161 0.9608 0.2768
vn -0.7172 0.6931 -0.0725
vn -0.2119 0.6742 -0.7075
vn -0.2218 0.0160 -0.9750
vn -0.4041 0.3509 -0.8447
vn 0.1086 -0.4039 0.9083
vn 0.1108 -0.3919 0.9133
vn -0.3068 -0.3578 0.8820
vn -0.5967 0.4894 0.6360
vn 0.0807 0.9631 0.2568
vn -0.6659 0.7460 0.0057
vn 0.2272 -0.4283 0.8746
vn 0.2283 -0.4244 0.8762
vn 0.2269 -0.4260 0.8758
vn -0.1570 -0.4224 0.8927
vn 0.0710 -0.7534 0.6538
vn 0.1893 -0.4530 0.8712
vn 0.0072 -0.6353 0.7723
vn 0.5602 -0.6260 0.5425
vn 0.3479 -0.4303 0.8330
vn -0.0443 -0.4614 0.8861
vn -0.0277 -0.4702 0.8821
vn -0.0215 -0.4601 0.8876
vn 0.3795 0.3914 0.8384
vn 0.6277 0.7780 0.0270
vn -0.1284 0.9440 0.3039
vn -0.1110 -0.4438 0.8892
vn 0.2692 -0.6297 0.7287
vn 0.0312 -0.1109 0.9933
vn 0.0188 -0.9011 -0.4332
vn 0.0477 -0.8936 -0.4464
vn -0.1378 -0.9904 0.0119
vn 0.9189 -0.3069 -0.2478
vn 0.9296 0.3600 0.0791
vn 0.8447 0.1573 0.5116
vn 0.8555 0.1595 0.4927
vn 0.9245 -0.2522 -0.2857
vn 0.9186 0.3947 0.0197
vn -0.8967 0.3512 0.2696
vn -0.9012 -0.3471 -0.2594
vn -0.8441 -0.0094 0.5360
vn -0.0003 0.5605 0.8281
vn 0.3244 0.9391 0.1135
vn -0.3688 0.8354 0.4075
vn -0.1732 0.4604 -0.8707
vn -0.1655 0.4595 -0.8726
vn 0.8546 0.3543 0.3797
vn 0.9193 -0.2272 -0.3214
vn 0.9141 0.4011 -0.0596
vn 0.4632 0.8523 0.2429
vn -0.2734 0.9450 0.1796
vn -0.2501 0.6842 0.6850
vn -0.9044 0.4265 -0.0139
vn -0.8906 -0.2335 -0.3902
vn -0.8751 -0.4824 0.0376
vn 0.6517 -0.0618 -0.7559
vn 0.0800 -0.1085 -0.9909
vn 0.1039 0.7338 -0.6714
vn 0.2873 0.3950 -0.8726
vn 0.2815 0.3841 -0.8793
vn 0.9000 -0.4159 -0.1300
vn 0.9217 0.3783 -0.0859
vn 0.7286 -0.0745 0.6808
vn 0.1113 -0.4759 0.8724
vn 0.1227 -0.4527 0.8832
vn -0.3100 -0.4375 0.8441
vn -0.8102 -0.3781 0.4480
vn -0.8805 0.3980 0.2577
vn -0.9149 -0.1659 -0.3681
vn -0.2527 0.4501 -0.8565
vn -0.2508 0.4544 -0.8548
vn 0.2749 0.4570 -0.8459
vn -0.1498 -0.4861 0.8610
vn -0.1492 -0.4837 0.8624
vn -0.2867 -0.0885 0.9539
vn 0.3601 -0.4926 0.7922
vn 0.3672 -0.5002 0.7842
vn 0.3593 -0.4847 0.7974
vn -0.0288 -0.5404 0.8409
vn 0.2920 -0.7380 0.6084
vn 0.1379 -0.1759 0.9747
vn 0.0250 -0.8671 -0.4975
vn 0.0402 -0.8605 -0.5079
vn -0.0020 -0.9997 -0.0254
vn 0.9206 -0.2799 -0.2724
vn 0.9222 0.3705 0.1107
vn 0.8446 0.1132 0.5233
vn -0.0304 -0.9989 -0.0362
vn -0.6137 -0.6279 -0.4786
vn 0.1580 -0.8174 -0.5540
vn -0.4284 0.4536 0.7815
vn 0.1218 0.9551 0.2701
vn -0.6187 0.6732 0.4051
vn 0.8634 -0.3972 0.3110
vn 0.9202 -0.0811 -0.3829
vn 0.9228 0.3543 0.1513
vn -0.8523 -0.4879 0.1884
vn -0.8981 0.3822 0.2176
vn -0.9130 -0.2721 -0.3041
vn 0.3276 0.4926 0.8063
vn 0.2682 0.9543 0.1319
vn -0.3072 0.7925 0.5268
vn -0.2177 0.5050 -0.8352
vn -0.2147 0.5031 -0.8371
vn 0.9200 -0.2067 -0.3330
vn 0.9180 0.3963 -0.0159
vn 0.8819 -0.1030 0.4600
vn -0.7565 -0.5266 -0.3879
vn 0.0243 -0.8219 -0.5692
vn -0.6536 -0.7540 -0.0658
vn 0.5582 0.7137 0.4230
vn -0.0283 0.9785 0.2042
vn 0.0770 0.4668 0.8810
vn 0.1329 0.5165 -0.8459
vn 0.1385 0.4963 -0.8570
vn 0.1299 0.5062 -0.8526
vn -0.9044 0.4256 0.0285
vn -0.8977 -0.2028 -0.3912
vn -0.8780 -0.4743 0.0645
vn 0.6603 0.0143 -0.7509
vn 0.0814 -0.0238 -0.9964
vn 0.0953 0.7880 -0.6083
vn 0.1509 0.9725 0.1772
vn -0.4070 0.8664 0.2893
vn 0.2004 0.5001 0.8425
vn 0.2886 0.4716 -0.8332
vn 0.2843 0.4601 -0.8411
vn -0.0897 0.5745 -0.8135
vn -0.0736 0.0618 -0.9954
vn -0.4693 0.7684 -0.4352
vn -0.1247 0.7368 -0.6645
vn -0.3248 0.1178 -0.9384
vn -0.4231 0.4746 -0.7718
vn -0.1448 0.4240 0.8940
vn 0.0937 0.8390 0.5360
vn -0.7349 0.5676 0.3712
vn 0.3720 -0.4725 0.7989
vn 0.4797 -0.7738 0.4137
vn 0.7881 -0.1798 0.5887
vn 0.8942 -0.4113 -0.1765
vn 0.9229 0.3802 -0.0599
vn 0.7314 -0.1331 0.6689
vn -0.7898 -0.0060 0.6133
vn -0.8623 0.4026 0.3072
vn -0.8764 -0.4561 -0.1549
vn 0.0523 -0.5663 -0.8226
vn 0.3514 -0.7213 -0.5969
vn -0.0126 -0.9568 -0.2904
vn -0.1414 -0.5749 0.8059
vn -0.1194 -0.5710 0.8122
vn -0.4290 -0.2998 0.8521
vn 0.2169 -0.5658 0.7955
vn 0.0713 -0.6558 0.7516
vn 0.0961 -0.6486 0.7550
vn -0.1665 -0.4216 0.8914
vn 0.1780 -0.6076 0.7741
vn 0.1764 -0.6210 0.7637
vn 0.2034 -0.6102 0.7657
vn -0.0256 -0.6141 0.7888
vn 0.2898 -0.7924 0.5368
vn 0.1392 -0.2620 0.9550
vn -0.2611 -0.5179 0.8146
vn -0.2525 -0.5294 0.8099
vn 0.1121 -0.3646 0.9244
vn 0.0052 -0.8081 -0.5891
vn 0.0273 -0.7981 -0.6020
vn -0.1710 -0.9693 -0.1765
vn -0.6353 0.3556 0.6856
vn 0.0787 0.8749 0.4780
vn -0.6416 0.6422 0.4195
vn 0.9137 -0.2679 -0.3055
vn 0.9249 0.3482 0.1527
vn 0.8399 0.0702 0.5382
vn 0.8471 0.0739 0.5262
vn 0.9240 -0.2007 -0.3254
vn 0.9153 0.3934 0.0865
vn 0.3070 0.4483 0.8395
vn 0.2302 0.9478 0.2205
vn -0.3574 0.7262 0.5873
vn 0.8881 -0.2883 0.3581
vn 0.8988 -0.0340 -0.4370
vn 0.9289 0.3584 0.0934
vn 0.6698 0.0353 -0.7417
vn 0.0792 0.1153 -0.9902
vn 0.1528 0.8519 -0.5009
vn 0.2368 0.9261 0.2937
vn -0.3896 0.8579 0.3350
vn 0.1312 0.4300 0.8933
vn 0.1890 -0.7823 -0.5936
vn 0.2145 -0.7694 -0.6017
vn 0.5654 -0.7974 -0.2110
vn 0.1953 0.5114 -0.8368
vn -0.5181 0.1325 -0.8450
vn -0.3100 0.6144 -0.7255
vn -0.8961 0.4439 0.0007
vn -0.7856 -0.0493 -0.6167
vn -0.8622 -0.4980 0.0922
vn 0.1089 -0.6222 0.7752
vn 0.1090 -0.6152 0.7808
vn -0.3064 -0.5699 0.7625
vn -0.8650 0.3921 0.3132
vn -0.9175 -0.1491 -0.3688
vn -0.6854 -0.6179 0.3854
vn 0.5173 0.6602 -0.5446
vn 0.1491 0.5453 -0.8249
vn 0.1309 0.5557 -0.8210
vn 0.0238 0.5976 -0.8014
vn 0.0248 0.5952 -0.8032
vn -0.2849 0.2112 -0.9350
vn -0.6040 -0.5420 -0.5843
vn 0.0443 -0.5513 -0.8332
vn -0.2556 -0.9663 -0.0317
vn 0.0530 -0.4785 -0.8765
vn 0.3606 -0.6593 -0.6597
vn 0.2105 -0.9502 -0.2296
vn -0.0480 -0.6646 0.7457
vn -0.0430 -0.6563 0.7533
vn -0.3757 -0.3604 0.8538
vn 0.2944 -0.6510 0.6996
vn 0.2963 -0.6480 0.7016
vn 0.2952 -0.6493 0.7009
vn -0.0918 -0.4447 0.8910
vn -0.0596 -0.8355 0.5462
vn 0.1858 -0.6666 0.7218
vn 0.0616 -0.7134 0.6980
vn 0.0892 -0.7054 0.7032
vn 0.0828 -0.7021 0.7073
vn 0.0998 -0.6896 0.7173
vn 0.1087 -0.6781 0.7269
vn 0.0991 -0.6858 0.7211
vn 0.0333 -0.5561 -0.8305
vn 0.3588 -0.6952 -0.6228
vn 0.2106 -0.9622 -0.1727
vn -0.5033 -0.5831 0.6377
vn 0.0970 -0.8595 0.5019
vn -0.1335 -0.6240 0.7700
vn 0.3741 -0.6130 0.6959
vn 0.5257 -0.8104 0.2586
vn 0.6290 -0.1569 0.7614
vn -0.2842 -0.6147 0.7358
vn -0.2762 -0.6119 0.7411
vn -0.2753 -0.6043 0.7477
vn 0.9153 -0.2492 -0.3165
vn 0.9211 0.3378 0.1937
vn 0.8443 0.0416 0.5342
vn 0.2881 0.2806 0.9156
vn 0.5315 0.7543 0.3855
vn -0.1512 0.8215 0.5498
vn -0.1237 -0.9768 -0.1747
vn -0.5178 -0.4722 -0.7134
vn 0.1929 -0.7422 -0.6418
vn -0.8303 -0.2109 0.5158
vn -0.9301 0.3598 0.0741
vn -0.8620 -0.4555 -0.2225
vn -0.9112 0.3242 0.2540
vn -0.8997 -0.2338 -0.3687
vn -0.8710 0.0437 0.4893
vn 0.8637 -0.4471 0.2324
vn 0.9211 -0.0136 -0.3891
vn 0.9229 0.3240 0.2082
vn -0.0057 0.3325 0.9431
vn 0.3094 0.8822 0.3550
vn -0.3681 0.7068 0.6041
vn -0.2706 -0.0625 -0.9607
vn -0.2178 -0.0530 -0.9746
vn -0.6039 -0.3227 -0.7288
vn 0.1554 0.6468 -0.7467
vn 0.1705 0.6411 -0.7482
vn 0.1481 0.6482 -0.7469
vn -0.8989 -0.3994 0.1801
vn -0.9056 0.4187 0.0683
vn -0.8904 -0.1138 -0.4407
vn 0.2619 0.8847 0.3856
vn -0.3805 0.8236 0.4207
vn 0.1146 0.3372 0.9344
vn 0.1804 -0.9393 -0.2918
vn -0.4926 -0.5627 -0.6639
vn 0.1573 -0.5220 -0.8383
vn 0.2863 0.5925 -0.7530
vn 0.2854 0.5917 -0.7539
vn 0.2789 0.5953 -0.7536
vn -0.0867 0.7031 -0.7058
vn -0.0705 0.2277 -0.9712
vn -0.4694 0.8294 -0.3029
vn -0.1474 0.1635 -0.9755
vn -0.1683 0.6820 -0.7117
vn -0.1667 0.6820 -0.7121
vn -0.1316 0.2819 0.9504
vn 0.0901 0.7479 0.6576
vn -0.7326 0.5030 0.4585
vn -0.7336 -0.3555 -0.5792
vn -0.1186 -0.4047 -0.9067
vn -0.3517 -0.9212 -0.1667
vn 0.8934 -0.3893 -0.2242
vn 0.9158 0.4010 0.0238
vn 0.7373 -0.2488 0.6280
vn 0.3156 0.5950 -0.7392
vn 0.1465 0.2778 -0.9494
vn 0.2711 0.8787 -0.3928
vn -0.5595 0.2307 0.7961
vn 0.0683 0.8200 0.5682
vn -0.6649 0.6982 0.2654
vn -0.2510 0.6620 -0.7062
vn -0.2501 0.6636 -0.7051
vn 0.2754 0.6665 -0.6927
vn 0.2765 -0.7424 0.6102
vn 0.2678 -0.7405 0.6164
vn 0.7477 0.6470 0.1494
vn 0.0722 0.7235 0.6865
vn 0.6443 0.0545 0.7628
vn 0.8147 -0.4223 0.3974
vn 0.9111 -0.1448 -0.3860
vn 0.9076 0.2328 0.3493
vn -0.1403 -0.7058 0.6944
vn -0.1335 -0.7086 0.6929
vn -0.1370 -0.7036 0.6973
vn -0.2990 -0.6691 0.6803
vn -0.3005 -0.6667 0.6820
vn -0.0490 0.3349 0.9410
vn 0.5889 0.6274 0.5095
vn -0.1299 0.8251 0.5499
vn -0.6348 -0.6679 -0.3887
vn -0.5379 -0.4761 -0.6957
vn 0.2361 -0.7145 -0.6585
vn 0.3192 -0.6431 -0.6961
vn 0.3206 -0.6413 -0.6971
vn 0.4132 -0.8741 -0.2554
vn -0.1773 0.7259 -0.6646
vn -0.1726 0.7221 -0.6699
vn 0.1700 -0.6672 -0.7252
vn 0.1767 -0.6635 -0.7270
vn -0.1127 -0.9127 -0.3927
vn -0.8777 -0.4046 0.2568
vn -0.9048 0.3798 0.1925
vn -0.8977 -0.1131 -0.4258
vn -0.7597 -0.4196 -0.4969
vn 0.0261 -0.6501 -0.7594
vn -0.5823 -0.7800 -0.2289
vn 0.1663 0.6953 -0.6992
vn 0.1721 0.6882 -0.7048
vn -0.8729 -0.4649 -0.1478
vn -0.9055 0.4048 0.1276
vn -0.8901 -0.0802 -0.4486
vn 0.9647 0.1779 -0.1943
vn 0.8772 0.2230 0.4253
vn 0.8464 -0.5325 0.0017
vn 0.7117 0.4804 -0.5125
vn 0.3030 0.6486 -0.6982
vn 0.2868 0.6639 -0.6907
vn 0.1945 0.6724 -0.7142
vn -0.5727 0.2755 -0.7721
vn -0.3020 0.7369 -0.6048
vn 0.9150 -0.1064 -0.3891
vn 0.9174 0.3967 0.0315
vn 0.8606 -0.3824 0.3364
vn 0.9040 -0.0703 -0.4218
vn 0.9007 0.4339 -0.0230
vn 0.8664 0.1801 0.4657
vn -0.2888 0.1021 0.9519
vn 0.0599 0.7721 0.6327
vn -0.6831 0.6532 0.3268
vn 0.1839 -0.7710 0.6097
vn 0.0460 -0.9699 0.2393
vn 0.5885 -0.6223 0.5161
vn 0.0506 -0.3256 -0.9441
vn 0.3582 -0.5384 -0.7628
vn -0.0304 -0.8441 -0.5353
vn 0.2141 -0.7524 0.6229
vn 0.0786 -0.8297 0.5527
vn 0.0962 -0.8276 0.5530
vn -0.1692 -0.6438 0.7462
vn 0.8142 -0.5790 -0.0423
vn 0.8367 0.1358 -0.5306
vn 0.9134 0.3268 0.2425
vn -0.0016 -0.9025 0.4307
vn 0.5566 -0.7936 0.2458
vn 0.3428 -0.7263 0.5958
vn 0.6175 -0.1140 0.7783
vn 0.7333 0.6473 0.2082
vn 0.0701 0.6834 0.7267
vn -0.5089 -0.6840 0.5226
vn 0.1125 -0.9385 0.3263
vn -0.1313 -0.7463 0.6525
vn -0.0209 -0.6686 -0.7433
vn 0.0018 -0.2047 -0.9788
vn 0.2467 -0.8959 -0.3695
vn -0.6358 0.2249 0.7383
vn 0.1148 0.7499 0.6516
vn -0.6416 0.5367 0.5480
vn 0.0438 0.1747 0.9836
vn 0.5941 0.5659 0.5716
vn -0.1420 0.7752 0.6156
vn 0.1006 -0.9152 -0.3903
vn -0.5242 -0.4219 -0.7398
vn 0.2372 -0.6546 -0.7178
vn -0.0793 0.8181 -0.5695
vn -0.0904 0.8172 -0.5692
vn -0.0888 0.8177 -0.5687
vn 0.0059 0.1583 0.9874
vn 0.3500 0.7906 0.5024
vn -0.3458 0.5857 0.7331
vn 0.2357 -0.6400 -0.7313
vn 0.2584 -0.6289 -0.7333
vn 0.4455 -0.8367 -0.3186
vn -0.8712 -0.0237 0.4904
vn -0.8950 0.4445 -0.0376
vn -0.9012 -0.1921 -0.3886
vn 0.1721 0.7479 -0.6411
vn 0.1871 0.7423 -0.6434
vn 0.1706 0.7392 -0.6515
vn 0.1528 0.7426 -0.6521
vn 0.1487 0.7400 -0.6560
vn -0.8770 -0.4565 -0.1501
vn -0.9049 0.3938 0.1615
vn -0.8914 -0.0446 -0.4510
vn 0.6356 0.3107 -0.7068
vn 0.0154 0.3162 -0.9486
vn 0.1480 0.9398 -0.3081
vn 0.2455 0.8144 0.5258
vn -0.4010 0.7198 0.5666
vn 0.1057 0.1375 0.9848
vn 0.2920 0.7273 -0.6211
vn 0.2877 0.7221 -0.6291
vn 0.2857 0.7230 -0.6290
vn -0.1548 0.9295 -0.3347
vn -0.3184 0.4441 -0.8375
vn -0.4254 0.7145 -0.5554
vn -0.1607 0.0864 0.9832
vn 0.0813 0.6190 0.7812
vn -0.7350 0.4120 0.5385
vn -0.7273 -0.2586 -0.6357
vn -0.1168 -0.2393 -0.9639
vn -0.3479 -0.8787 -0.3269
vn 0.1110 -0.8056 0.5820
vn 0.1133 -0.7978 0.5922
vn -0.3045 -0.7535 0.5826
vn -0.8823 0.2544 0.3960
vn -0.9177 0.0149 -0.3970
vn -0.7022 -0.6728 0.2330
vn -0.3870 -0.8768 0.2854
vn -0.2643 -0.7272 0.6335
vn -0.4896 -0.3558 0.7961
vn 0.0944 -0.8447 0.5269
vn 0.1074 -0.8477 0.5196
vn 0.1156 -0.8342 0.5391
vn 0.3406 -0.7957 0.5009
vn 0.3477 -0.7991 0.4904
vn 0.3419 -0.7902 0.5086
vn 0.6211 -0.1815 0.7624
vn 0.7359 0.6236 0.2638
vn 0.0744 0.6144 0.7855
vn -0.0369 -0.8423 0.5378
vn 0.2271 -0.9512 0.2090
vn 0.3164 -0.6598 0.6816
vn 0.3983 -0.0617 0.9152
vn 0.6115 0.6781 0.4077
vn -0.1604 0.6482 0.7444
vn -0.1293 -0.8178 0.5608
vn 0.1740 -0.9501 0.2587
vn 0.2093 -0.6889 0.6940
vn -0.2579 -0.7657 0.5892
vn -0.2456 -0.7739 0.5837
vn 0.1241 -0.6484 0.7512
vn 0.0343 -0.5778 -0.8155
vn 0.0598 -0.5673 -0.8213
vn -0.0348 -0.8967 -0.4413
vn 0.4783 -0.4424 -0.7586
vn 0.4899 -0.4301 -0.7583
vn 0.4206 -0.8049 -0.4186
vn 0.8653 -0.4909 0.1015
vn 0.9209 0.0861 -0.3802
vn 0.9227 0.2591 0.2856
vn -0.8440 -0.5338 0.0519
vn -0.8987 0.2551 0.3566
vn -0.9103 -0.1270 -0.3939
vn 0.3185 0.1236 0.9398
vn 0.2428 0.8141 0.5276
vn -0.3423 0.4851 0.8047
vn -0.9146 0.3102 0.2593
vn -0.8976 -0.0702 -0.4352
vn -0.8832 0.0102 0.4688
vn 0.1304 0.8250 -0.5499
vn 0.1331 0.8107 -0.5701
vn 0.0998 0.8165 -0.5687
vn 0.2961 0.7584 0.5807
vn -0.3853 0.6779 0.6261
vn 0.1433 0.0692 0.9873
vn -0.4530 -0.7754 -0.4400
vn -0.5206 -0.4073 -0.7504
vn 0.2740 -0.4820 -0.8322
vn 0.1841 -0.5269 -0.8298
vn 0.2030 -0.5216 -0.8287
vn 0.5617 -0.6524 -0.5087
vn -0.0791 0.8602 -0.5037
vn -0.0636 0.4680 -0.8814
vn -0.4694 0.8786 -0.0882
vn -0.1284 0.9480 -0.2913
vn -0.3257 0.5011 -0.8018
vn -0.4253 0.7539 -0.5007
vn 0.2408 0.7721 -0.5881
vn -0.6746 0.4959 -0.5468
vn -0.3087 0.8339 -0.4575
vn 0.3059 0.7758 -0.5518
vn 0.3034 0.7709 -0.5600
vn 0.0440 0.9635 -0.2640
vn 0.3472 -0.4882 -0.8007
vn 0.6974 -0.0788 -0.7123
vn 0.6433 -0.7005 -0.3091
vn -0.2906 -0.0588 0.9550
vn 0.0991 0.6358 0.7655
vn -0.6585 0.6143 0.4348
vn 0.9108 -0.1633 -0.3791
vn 0.8559 0.4970 0.1429
vn 0.7708 -0.3237 0.5487
vn -0.6050 -0.2774 -0.7464
vn 0.0570 -0.2052 -0.9771
vn -0.2675 -0.8850 -0.3812
vn -0.7832 -0.2328 0.5765
vn -0.8777 0.2080 0.4317
vn -0.8652 -0.3609 -0.3481
vn 0.0511 -0.1425 -0.9885
vn 0.3681 -0.3877 -0.8451
vn 0.1759 -0.8149 -0.5523
vn -0.8005 -0.3875 0.4573
vn -0.8697 0.4892 0.0654
vn -0.9168 -0.0471 -0.3966
vn 0.1672 -0.8730 0.4581
vn 0.1655 -0.8787 0.4477
vn 0.1699 -0.8738 0.4557
vn 0.0438 -0.9897 0.1364
vn 0.6330 -0.7621 0.1362
vn 0.3225 -0.8434 0.4298
vn -0.0430 -0.8828 0.4678
vn -0.0442 -0.8854 0.4627
vn -0.0335 -0.8860 0.4625
vn 0.6160 -0.2487 0.7475
vn 0.7454 0.5873 0.3154
vn 0.0680 0.5193 0.8519
vn -0.0393 -0.8874 0.4593
vn 0.2742 -0.9473 0.1655
vn 0.1260 -0.6402 0.7578
vn -0.5211 -0.7568 0.3946
vn 0.1169 -0.9804 0.1585
vn -0.1366 -0.8468 0.5141
vn 0.6946 -0.6979 0.1745
vn 0.9102 -0.0319 -0.4130
vn 0.8532 0.0956 0.5128
vn 0.3628 -0.8219 0.4392
vn 0.5352 -0.8410 -0.0800
vn 0.4976 -0.4503 0.7414
vn -0.3066 -0.8198 0.4837
vn -0.2964 -0.8257 0.4800
vn -0.2930 -0.8209 0.4903
vn -0.0008 -0.8328 -0.5536
vn -0.6023 -0.2854 -0.7455
vn 0.1022 -0.2352 -0.9666
vn 0.3380 -0.4023 -0.8508
vn 0.3409 -0.3972 -0.8521
vn 0.4852 -0.7227 -0.4923
vn 0.8636 -0.5006 0.0599
vn 0.9209 0.1206 -0.3707
vn 0.9256 0.2288 0.3016
vn 0.0745 -0.0220 0.9970
vn 0.3385 0.6930 0.6366
vn -0.3909 0.4307 0.8134
vn -0.3822 0.8181 -0.4297
vn -0.3906 0.8024 -0.4513
vn -0.3907 0.8100 -0.4373
vn 0.0511 0.8786 -0.4749
vn 0.0274 0.8688 -0.4943
vn 0.0335 0.8819 -0.4702
vn -0.8684 -0.4931 0.0527
vn -0.9112 0.2991 0.2833
vn -0.8985 -0.0077 -0.4388
vn 0.1340 0.8757 -0.4639
vn 0.1390 0.8613 -0.4886
vn 0.1162 0.8695 -0.4801
vn 0.2131 0.7397 0.6383
vn -0.4133 0.6133 0.6731
vn 0.1365 -0.0157 0.9905
vn 0.0463 -0.8276 -0.5595
vn -0.5077 -0.2974 -0.8086
vn 0.2349 -0.3045 -0.9231
vn 0.2910 0.8306 -0.4747
vn 0.2905 0.8220 -0.4898
vn 0.2853 0.8210 -0.4945
vn -0.0827 0.9035 -0.4205
vn -0.0673 0.5480 -0.8338
vn -0.4672 0.8841 0.0018
vn -0.2521 0.9642 -0.0827
vn -0.2759 0.6190 -0.7353
vn -0.4278 0.7957 -0.4288
vn 0.1098 -0.8903 0.4419
vn 0.1172 -0.8802 0.4598
vn -0.3066 -0.8400 0.4477
vn -0.5715 -0.0159 0.8205
vn 0.0642 0.6270 0.7763
vn -0.6660 0.6184 0.4172
vn 0.1832 -0.9097 0.3728
vn 0.0414 -0.9986 -0.0329
vn 0.5775 -0.7481 0.3269
vn 0.0542 -0.0820 -0.9952
vn 0.3534 -0.3310 -0.8750
vn -0.0102 -0.6884 -0.7253
vn -0.8893 -0.0157 0.4571
vn -0.8636 0.4552 0.2167
vn -0.8904 0.0610 -0.4511
vn 0.3151 -0.8830 0.3480
vn 0.2947 -0.8890 0.3504
vn 0.1161 -0.9257 0.3600
vn 0.1067 -0.9237 0.3680
vn 0.1038 -0.9235 0.3694
vn -0.1419 -0.8960 0.4207
vn -0.1404 -0.9047 0.4023
vn -0.1319 -0.8941 0.4279
vn 0.7195 -0.6826 0.1281
vn 0.8867 0.0194 -0.4619
vn 0.8717 0.0649 0.4856
vn -0.0107 -0.4761 -0.8793
vn 0.0298 0.0456 -0.9985
vn 0.2166 -0.7899 -0.5737
vn -0.6283 0.0066 0.7780
vn 0.0813 0.5900 0.8033
vn -0.6539 0.3842 0.6517
vn 0.9331 0.2260 -0.2796
vn 0.9142 0.1525 0.3754
vn 0.8300 -0.5394 0.1421
vn 0.4725 -0.0834 0.8774
vn 0.5500 0.5176 0.6554
vn -0.1885 0.4986 0.8461
vn -0.1609 -0.8122 -0.5608
vn -0.5098 -0.1060 -0.8537
vn 0.2042 -0.4113 -0.8884
vn -0.8713 -0.3501 0.3439
vn -0.9206 0.1930 0.3395
vn -0.9040 -0.0442 -0.4252
vn -0.8426 -0.5373 -0.0365
vn -0.8991 0.1845 0.3969
vn -0.9107 -0.0509 -0.4099
vn 0.8558 0.0130 0.5172
vn 0.9189 0.0170 -0.3942
vn 0.9211 0.3251 0.2141
vn 0.2500 -0.4483 -0.8582
vn 0.2571 -0.4441 -0.8583
vn 0.0890 -0.8204 -0.5648
vn 0.0216 0.9287 -0.3703
vn 0.0256 0.9223 -0.3857
vn 0.0128 0.9266 -0.3759
vn 0.5265 -0.2228 0.8204
vn 0.7231 0.4322 0.5388
vn 0.0847 0.4080 0.9091
vn 0.1482 0.8983 -0.4137
vn 0.1774 0.8895 -0.4211
vn 0.1444 0.8877 -0.4372
vn -0.0306 -0.8133 -0.5810
vn -0.4941 -0.2482 -0.8332
vn 0.1831 -0.1389 -0.9732
vn -0.0109 -0.0830 0.9965
vn 0.2356 0.6796 0.6947
vn -0.4466 0.4257 0.7870
vn 0.2930 0.8629 -0.4118
vn 0.2918 0.8611 -0.4165
vn -0.1286 -0.7305 -0.6707
vn -0.7384 -0.0899 -0.6684
vn -0.1127 0.0011 -0.9936
vn 0.3058 0.5255 0.7939
vn -0.3691 0.8063 0.4622
vn -0.5207 0.0614 0.8515
vn -0.0299 -0.9979 -0.0583
vn 0.1078 -0.9366 0.3334
vn -0.0710 -0.7738 0.6294
vn -0.2571 0.9663 -0.0123
vn -0.1743 0.7337 -0.6567
vn -0.4223 0.8341 -0.3548
vn -0.7970 -0.6017 0.0531
vn -0.8707 0.1163 0.4779
vn -0.9363 0.0934 -0.3385
vn 0.0536 0.0003 -0.9986
vn 0.3543 -0.2546 -0.8998
vn -0.0206 -0.6141 -0.7890
vn -0.6838 0.2490 -0.6858
vn -0.0047 -0.1268 -0.9919
vn -0.6947 -0.4994 -0.5178
vn 0.0829 -0.9696 0.2302
vn 0.0934 -0.9669 0.2375
vn -0.1725 -0.8595 0.4811
vn 0.8192 -0.5385 -0.1975
vn 0.8290 0.3133 -0.4632
vn 0.9132 0.2219 0.3419
vn -0.1465 -0.9887 -0.0319
vn -0.0340 -0.9440 0.3282
vn -0.0571 -0.9410 0.3336
vn 0.4105 -0.2825 0.8670
vn 0.6281 0.5380 0.5622
vn -0.1638 0.4265 0.8895
vn -0.1304 -0.9353 0.3291
vn 0.1745 -0.9846 0.0027
vn 0.2026 -0.8409 0.5019
vn 0.3981 -0.8758 0.2728
vn 0.7572 -0.6510 -0.0542
vn 0.4082 -0.6051 0.6836
vn -0.2730 -0.9078 0.3185
vn -0.2543 -0.9126 0.3202
vn -0.2662 -0.9068 0.3269
vn 0.0534 -0.3607 -0.9311
vn 0.0740 -0.3437 -0.9361
vn 0.0627 -0.7602 -0.6467
vn 0.9235 -0.0524 -0.3800
vn 0.9207 0.2076 0.3304
vn 0.8527 -0.2316 0.4682
vn 0.2748 -0.2965 -0.9147
vn 0.2965 -0.2871 -0.9109
vn -0.0131 -0.6690 -0.7431
vn -0.9111 0.1529 0.3828
vn -0.9012 -0.0201 -0.4330
vn -0.8707 -0.2077 0.4458
vn -0.2125 0.9264 -0.3109
vn -0.2218 0.9203 -0.3222
vn -0.9163 0.2275 0.3296
vn -0.8762 0.2432 -0.4160
vn -0.8969 -0.4417 -0.0196
vn 0.6542 0.4997 -0.5677
vn 0.0447 0.6473 -0.7609
vn 0.1239 0.9910 0.0509
vn 0.9189 -0.1551 -0.3627
vn 0.9043 0.1370 0.4042
vn 0.7941 -0.5594 0.2378
vn 0.3253 0.5645 0.7586
vn -0.3790 0.5196 0.7657
vn 0.1336 -0.1641 0.9774
vn -0.8904 0.1071 0.4425
vn -0.8827 -0.1329 -0.4507
vn -0.8639 -0.4515 -0.2233
vn 0.1534 -0.2135 0.9648
vn -0.0186 0.6196 0.7847
vn -0.4866 0.2431 0.8391
vn 0.2903 0.8961 -0.3357
vn 0.2830 0.8926 -0.3509
vn 0.2823 0.8929 -0.3506
vn -0.1188 0.9925 -0.0299
vn -0.3192 0.7042 -0.6342
vn -0.4229 0.8632 -0.2759
vn -0.1435 -0.2383 0.9605
vn 0.1061 0.2872 0.9520
vn -0.7529 0.1851 0.6316
vn 0.2664 -0.2530 0.9301
vn 0.7735 0.2811 0.5680
vn 0.2341 0.6216 0.7475
vn 0.1108 -0.9546 0.2765
vn 0.1110 -0.9516 0.2865
vn -0.3046 -0.9052 0.2965
vn -0.0622 0.9637 -0.2595
vn -0.2503 0.6784 -0.6908
vn -0.5219 0.8491 0.0815
vn 0.0521 0.0986 -0.9938
vn 0.3531 -0.1677 -0.9204
vn -0.0271 -0.5354 -0.8442
vn 0.0628 -0.9857 0.1565
vn 0.0905 -0.9821 0.1654
vn 0.0842 -0.9812 0.1735
vn -0.0829 -0.8986 0.4309
vn 0.1575 -0.9718 -0.1756
vn 0.1774 -0.9612 0.2112
vn 0.6094 -0.4368 0.6617
vn 0.7473 0.4854 0.4538
vn 0.0731 0.2829 0.9564
vn -0.0275 -0.9779 0.2075
vn 0.2790 -0.9562 -0.0885
vn 0.1288 -0.8256 0.5494
vn 0.9313 0.0046 -0.3641
vn 0.8159 -0.0914 0.5710
vn 0.7693 -0.6380 0.0341
vn -0.2970 -0.9090 0.2923
vn -0.2984 -0.9130 0.2783
vn -0.2967 -0.9118 0.2840
vn 0.0332 -0.2631 -0.9642
vn 0.0495 -0.2478 -0.9675
vn 0.0633 -0.6903 -0.7207
vn -0.4937 -0.5852 -0.6432
vn -0.5293 0.0461 -0.8472
vn 0.2017 -0.2550 -0.9457
vn -0.2619 0.9385 -0.2251
vn -0.2255 0.9475 -0.2266
vn -0.2394 0.9437 -0.2284
vn 0.3368 -0.1761 -0.9250
vn 0.3472 -0.1779 -0.9208
vn 0.4453 -0.6013 -0.6634
vn 0.8554 -0.2775 0.4375
vn 0.9271 0.0543 -0.3709
vn 0.9188 0.2392 0.3140
vn -0.8964 0.0190 0.4429
vn -0.9010 -0.0265 -0.4331
vn -0.8443 -0.4117 0.3432
vn 0.0296 0.9793 -0.2000
vn 0.0330 0.9730 -0.2285
vn 0.0117 0.9772 -0.2119
vn -0.9103 0.2356 0.3405
vn -0.8998 0.1240 -0.4182
vn -0.8782 -0.4685 -0.0967
vn 0.3826 -0.1202 0.9161
vn 0.5397 0.3320 0.7736
vn -0.2354 0.5041 0.8310
vn 0.0362 -0.6735 -0.7383
vn -0.5104 -0.0857 -0.8557
vn 0.1899 0.0529 -0.9804
vn -0.8871 0.0485 0.4591
vn -0.8845 -0.1207 -0.4506
vn -0.8511 -0.4729 -0.2281
vn 0.8823 -0.4626 -0.0872
vn 0.8908 0.4466 -0.0839
vn 0.9188 0.2629 0.2943
vn -0.1737 -0.2730 0.9462
vn 0.3135 0.4644 0.8283
vn -0.4119 0.3671 0.8340
vn 0.6212 0.7819 0.0521
vn 0.2871 0.9109 -0.2964
vn 0.2625 0.9250 -0.2747
vn -0.3546 0.9087 0.2202
vn -0.3288 0.7670 -0.5511
vn -0.4157 0.8888 -0.1928
vn -0.3448 0.9271 -0.1466
vn 0.1441 0.8849 -0.4429
vn -0.6877 0.5976 -0.4123
vn 0.3246 0.9093 -0.2603
vn 0.1020 0.7888 -0.6061
vn 0.2759 0.9441 0.1803
vn -0.4561 -0.3640 0.8121
vn -0.0044 0.3288 0.9444
vn -0.7088 0.4766 0.5200
vn 0.1094 -0.9745 0.1960
vn 0.1060 -0.9738 0.2014
vn -0.3094 -0.9260 0.2165
vn -0.5141 -0.3077 0.8006
vn 0.0720 0.3701 0.9262
vn -0.6810 0.4239 0.5971
vn 0.9026 -0.0121 -0.4302
vn 0.8628 0.4089 0.2974
vn 0.7619 -0.4757 0.4394
vn -0.4891 -0.8723 -0.0000
vn 0.2805 -0.9539 -0.1065
vn -0.0392 -0.9906 0.1311
vn -0.4092 -0.8563 -0.3150
vn -0.2967 -0.9511 0.0860
vn -0.4900 -0.7438 0.4546
vn 0.0851 -0.8955 -0.4369
vn -0.1242 -0.6528 -0.7473
vn 0.5085 -0.6401 -0.5759
vn -0.0476 0.1123 -0.9925
vn 0.0846 -0.3233 -0.9425
vn -0.0812 -0.6253 -0.7761
vn -0.0485 0.2716 -0.9612
vn 0.0836 -0.1528 -0.9847
vn -0.0790 -0.4684 -0.8800
vn 0.4765 0.4565 -0.7514
vn 0.0843 0.5666 -0.8197
vn -0.1335 0.7730 -0.6202
vn 0.4778 0.8332 -0.2784
vn 0.0797 0.9644 -0.2522
vn -0.1496 0.9879 0.0406
vn -0.4720 0.7922 0.3868
vn 0.2823 0.5824 0.7623
vn -0.0248 0.9991 0.0340
vn 0.0936 0.5214 0.8481
vn 0.1089 0.5393 0.8350
vn -0.2962 0.5144 0.8047
vn 0.3801 0.3088 0.8719
vn 0.4791 -0.1762 0.8599
vn 0.7811 0.3492 0.5176
vn 0.3772 0.2301 0.8971
vn 0.4781 -0.2584 0.8395
vn 0.7818 0.2922 0.5509
vn 0.3739 -0.7651 0.5242
vn 0.4812 -0.8755 0.0430
vn 0.7781 -0.4150 0.4716
vn 0.1963 -0.0451 -0.9795
vn 0.1963 -0.0454 -0.9795
vn 0.0410 -0.0986 -0.9943
vn 0.0529 -0.0950 -0.9941
vn 0.0454 -0.1086 -0.9931
vn -0.2674 -0.0546 -0.9620
vn -0.2703 -0.0507 -0.9614
vn -0.2686 -0.0453 -0.9622
vn -0.0862 -0.1258 -0.9883
vn -0.0834 -0.1307 -0.9879
vn -0.0818 -0.1325 -0.9878
vn -0.0890 -0.1346 -0.9869
vn 0.9701 -0.2358 0.0569
vn 0.9638 -0.1405 -0.2265
vn 0.9654 0.0540 -0.2551
vn -0.2402 -0.2689 -0.9327
vn -0.2378 -0.2644 -0.9346
vn -0.2361 -0.2737 -0.9324
vn -0.2402 -0.2710 -0.9321
vn -0.2162 -0.1556 -0.9639
vn -0.2167 -0.1543 -0.9640
vn -0.2165 -0.1518 -0.9644
vn -0.1658 -0.1515 -0.9745
vn -0.1697 -0.1547 -0.9733
vn -0.1712 -0.1511 -0.9736
vn 0.1110 -0.2529 -0.9611
vn 0.0247 -0.2508 -0.9677
vn 0.0203 -0.2396 -0.9707
vn 0.0261 -0.2289 -0.9731
vn -0.1161 -0.2625 -0.9579
vn -0.1149 -0.2547 -0.9602
vn -0.1108 -0.2584 -0.9597
vn -0.1108 -0.2606 -0.9591
vn -0.0843 -0.3819 -0.9203
vn -0.0821 -0.3860 -0.9188
vn -0.0807 -0.3875 -0.9183
vn -0.0861 -0.3880 -0.9176
vn -0.0993 -0.3636 -0.9262
vn -0.1036 -0.3678 -0.9241
vn -0.1044 -0.3605 -0.9269
vn 0.0584 -0.3678 -0.9281
vn 0.0488 -0.3607 -0.9314
vn -0.1618 -0.5725 -0.8038
vn -0.1592 -0.5735 -0.8036
vn -0.1605 -0.5746 -0.8026
vn -0.2279 -0.3828 -0.8953
vn -0.2279 -0.3818 -0.8957
vn -0.2265 -0.3800 -0.8968
vn 0.0975 -0.4703 -0.8771
vn 0.0759 -0.4777 -0.8752
vn 0.0635 -0.4775 -0.8763
vn -0.1447 -0.4891 -0.8602
vn -0.1465 -0.4899 -0.8594
vn -0.1491 -0.4890 -0.8594
vn 0.9876 0.0244 -0.1548
vn 0.9623 -0.1255 0.2415
vn 0.9877 -0.1461 -0.0566
vn -0.1002 -0.5869 -0.8034
vn -0.1061 -0.5850 -0.8041
vn -0.0984 -0.5855 -0.8047
vn 0.0101 -0.5804 -0.8143
vn 0.0195 -0.5738 -0.8187
vn 0.0138 -0.5900 -0.8073
vn 0.1272 -0.5898 -0.7975
vn -0.1165 -0.7631 -0.6357
vn -0.1096 -0.7637 -0.6362
vn -0.1107 -0.7650 -0.6344
vn -0.1163 -0.7687 -0.6290
vn 0.0730 -0.6963 -0.7140
vn 0.0622 -0.6925 -0.7187
vn -0.2246 -0.6812 -0.6967
vn -0.2278 -0.6788 -0.6981
vn -0.2252 -0.6758 -0.7018
vn 0.2005 -0.7135 -0.6714
vn 0.0197 -0.7325 -0.6804
vn 0.0173 -0.7242 -0.6894
vn 0.0275 -0.7192 -0.6943
vn 0.0336 -0.8100 -0.5855
vn 0.0431 -0.8051 -0.5916
vn 0.0392 -0.8163 -0.5763
vn 0.9681 -0.0713 0.2402
vn 0.9807 -0.1924 -0.0344
vn 0.9808 -0.0646 -0.1839
vn 0.1294 -0.8065 -0.5769
vn -0.1218 -0.8679 -0.4815
vn -0.1229 -0.8641 -0.4882
vn -0.1171 -0.8664 -0.4854
vn -0.1152 -0.8670 -0.4847
vn -0.2026 -0.7926 -0.5751
vn -0.2041 -0.7916 -0.5760
vn -0.2048 -0.7899 -0.5781
vn -0.2216 -0.7997 -0.5579
vn -0.2268 -0.7943 -0.5636
vn -0.2215 -0.7915 -0.5696
vn -0.2350 -0.8649 -0.4436
vn -0.2338 -0.8633 -0.4473
vn -0.2286 -0.8674 -0.4421
vn -0.2352 -0.8657 -0.4419
vn 0.0282 -0.9544 -0.2972
vn 0.0361 -0.9513 -0.3061
vn 0.0341 -0.9575 -0.2865
vn 0.9870 -0.0803 -0.1393
vn 0.9629 0.0417 0.2665
vn 0.9870 -0.1548 0.0427
vn -0.0934 -0.9066 -0.4116
vn -0.0980 -0.9087 -0.4058
vn -0.0998 -0.9039 -0.4158
vn -0.1004 -0.9137 -0.3937
vn -0.1077 -0.9123 -0.3952
vn -0.1017 -0.9130 -0.3951
vn -0.1809 -0.9182 -0.3525
vn -0.1808 -0.9175 -0.3543
vn -0.1786 -0.9174 -0.3555
vn 0.1898 -0.9440 -0.2699
vn -0.1783 -0.9466 -0.2686
vn -0.1758 -0.9463 -0.2712
vn -0.1736 -0.9474 -0.2688
vn -0.1762 -0.9470 -0.2687
vn 0.0936 -0.9533 -0.2870
vn -0.0839 -0.4299 -0.8990
vn 0.0987 -0.9497 -0.2973
vn -0.0296 -0.9753 0.2191
vn -0.1985 0.4723 -0.8588
vn 0.2410 -0.9705 0.0056
vn 0.2493 -0.9683 0.0186
vn -0.4366 -0.7274 -0.5294
vn -0.4373 -0.7294 -0.5261
vn -0.4430 -0.7204 -0.5336
vn -0.1780 -0.9451 -0.2739
vn -0.1798 -0.9453 -0.2723
vn 0.1324 -0.9673 -0.2163
vn 0.0722 -0.9727 -0.2205
vn 0.0599 -0.9733 -0.2217
vn 0.6611 -0.6084 -0.4391
vn 0.3138 -0.6666 -0.6762
vn 0.6658 -0.5977 -0.4466
vn 0.1581 -0.9823 -0.1004
vn 0.0226 -0.9949 -0.0984
vn 0.0332 -0.9939 -0.1049
vn 0.0264 -0.9959 -0.0866
vn -0.0895 -0.9903 -0.1061
vn -0.0889 -0.9893 -0.1154
vn -0.0866 -0.9899 -0.1121
vn -0.0852 -0.9903 -0.1101
vn -0.2211 -0.9701 -0.0995
vn -0.2163 -0.9706 -0.1055
vn -0.2134 -0.9722 -0.0963
vn -0.2199 -0.9706 -0.0975
vn -0.2280 -0.9674 -0.1105
vn -0.2282 -0.9671 -0.1124
vn -0.2275 -0.9670 -0.1149
vn 0.1714 -0.9840 0.0482
vn -0.1882 -0.9815 0.0358
vn -0.1960 -0.9799 0.0381
vn -0.1959 -0.9800 0.0363
vn -0.1183 -0.9927 0.0234
vn -0.1176 -0.9928 0.0206
vn -0.1168 -0.9929 0.0216
vn -0.1143 -0.9932 0.0216
vn 0.0611 -0.9971 0.0463
vn 0.0571 -0.9974 0.0439
vn -0.1190 -0.9538 0.2759
vn -0.1171 -0.9548 0.2733
vn -0.1165 -0.9547 0.2737
vn -0.1160 -0.9547 0.2741
vn -0.0770 -0.9898 0.1195
vn -0.0779 -0.9897 0.1199
vn -0.0795 -0.9902 0.1150
vn -0.2359 -0.9674 0.0925
vn -0.2412 -0.9667 0.0856
vn -0.2385 -0.9680 0.0786
vn 0.9709 0.0816 0.2251
vn 0.9709 -0.2014 0.1295
vn 0.9713 -0.2288 -0.0653
vn 0.1945 -0.9646 0.1781
vn 0.0748 -0.9782 0.1936
vn 0.0671 -0.9793 0.1908
vn -0.2020 -0.9666 0.1579
vn -0.2583 -0.9336 0.2483
vn -0.2618 -0.9339 0.2433
vn -0.2613 -0.9347 0.2410
vn -0.2016 -0.9359 0.2888
vn -0.2022 -0.9356 0.2894
vn 0.0291 -0.8797 0.4747
vn 0.0405 -0.8818 0.4699
vn 0.0331 -0.8739 0.4849
vn 0.0738 -0.9346 0.3479
vn 0.0629 -0.9352 0.3484
vn -0.0782 -0.9241 0.3739
vn -0.0784 -0.9240 0.3743
vn -0.0787 -0.9244 0.3732
vn -0.2047 -0.8896 0.4083
vn -0.1963 -0.8907 0.4099
vn -0.2005 -0.8903 0.4089
vn -0.2006 -0.8906 0.4083
vn 0.1220 -0.8700 0.4777
vn -0.1165 -0.8547 0.5058
vn -0.1168 -0.8561 0.5035
vn -0.1151 -0.8554 0.5049
vn -0.1148 -0.8553 0.5052
vn 0.1737 -0.8357 0.5211
vn 0.0210 -0.7779 0.6280
vn 0.0233 -0.7791 0.6265
vn 0.0232 -0.7741 0.6326
vn -0.0853 -0.7953 0.6002
vn -0.0869 -0.7941 0.6015
vn -0.0876 -0.7975 0.5969
vn 0.9667 0.2467 0.0685
vn 0.9867 -0.0435 0.1563
vn 0.9856 -0.1689 0.0062
vn 0.1309 -0.7674 0.6276
vn -0.1598 -0.5881 0.7928
vn -0.1589 -0.5879 0.7932
vn -0.1593 -0.5872 0.7936
vn -0.1600 -0.5877 0.7931
vn 0.0627 -0.6793 0.7312
vn 0.0526 -0.6826 0.7289
vn -0.0951 -0.7070 0.7008
vn -0.0966 -0.7051 0.7024
vn -0.0956 -0.7075 0.7002
vn -0.1460 -0.5980 0.7881
vn -0.1469 -0.5980 0.7880
vn -0.1475 -0.5983 0.7876
vn -0.1175 -0.4784 0.8703
vn -0.1154 -0.4822 0.8684
vn -0.1128 -0.4792 0.8704
vn -0.1126 -0.4787 0.8707
vn -0.0674 -0.5345 0.8425
vn -0.0696 -0.5320 0.8439
vn -0.0706 -0.5378 0.8401
vn 0.1624 -0.5101 0.8447
vn 0.0083 -0.5080 0.8613
vn 0.0057 -0.5171 0.8559
vn 0.0114 -0.5234 0.8520
vn 0.1332 -0.4625 0.8766
vn 0.0677 -0.4631 0.8837
vn 0.0568 -0.4638 0.8841
vn 0.0306 -0.3562 0.9339
vn 0.0393 -0.3593 0.9324
vn 0.0339 -0.3466 0.9374
vn -0.2115 -0.4555 0.8647
vn -0.2124 -0.4525 0.8661
vn -0.2125 -0.4529 0.8658
vn 0.9739 0.2157 -0.0701
vn 0.9830 0.0267 0.1814
vn 0.9786 -0.1590 0.1306
vn -0.0792 -0.3938 0.9158
vn -0.0818 -0.3906 0.9169
vn -0.0824 -0.3988 0.9133
vn -0.2029 -0.3628 0.9095
vn -0.2090 -0.3627 0.9081
vn 0.0451 -0.2191 0.9747
vn 0.0528 -0.2203 0.9740
vn 0.0486 -0.2107 0.9764
vn -0.1819 -0.2952 0.9380
vn -0.1894 -0.2930 0.9372
vn -0.1888 -0.2945 0.9368
vn 0.1926 -0.2591 0.9465
vn 0.1520 -0.0428 0.9874
vn 0.1520 -0.0423 0.9875
vn 0.1923 -0.1960 0.9616
vn -0.0279 0.5921 0.8054
vn -0.0048 -0.8460 0.5332
vn -0.0977 -0.2666 0.9588
vn -0.1005 -0.2635 0.9594
vn -0.0988 -0.2672 0.9586
vn 0.1242 -0.2110 0.9696
vn -0.0847 -0.1478 0.9854
vn -0.7763 -0.2806 0.5644
vn -0.0839 -0.1492 0.9852
vn -0.1708 -0.1512 0.9736
vn -0.1719 -0.1500 0.9736
vn -0.1733 -0.1517 0.9731
vn -0.9916 0.1099 0.0685
vn -0.9557 0.0930 -0.2792
vn -0.9914 -0.1236 0.0438
vn 0.9603 0.2776 -0.0269
vn 0.9745 0.0695 0.2135
vn 0.9820 -0.1110 0.1529
vn 0.0166 -0.0785 0.9968
vn 0.0146 -0.0845 0.9963
vn 0.0171 -0.0885 0.9959
vn -0.1886 -0.0787 0.9789
vn -0.1890 -0.0786 0.9788
vn -0.1038 0.0304 0.9941
vn -0.1025 0.0301 0.9943
vn -0.1019 0.0311 0.9943
vn -0.1039 0.0335 0.9940
vn 0.0647 0.0287 0.9975
vn -0.2295 -0.6690 0.7070
vn 0.0654 0.0244 0.9976
vn -0.0733 0.1561 0.9850
vn -0.0738 0.1549 0.9852
vn -0.0728 0.1549 0.9852
vn -0.0726 0.1561 0.9851
vn -0.2240 0.0642 0.9725
vn -0.2292 0.0585 0.9716
vn -0.2273 0.0509 0.9725
vn 0.0052 0.0901 0.9959
vn 0.1224 0.1507 0.9810
vn -0.2138 0.2128 0.9534
vn -0.2110 0.2059 0.9556
vn -0.2066 0.2158 0.9543
vn -0.2143 0.2130 0.9533
vn -0.2147 0.3630 0.9067
vn -0.2124 0.3563 0.9099
vn -0.2075 0.3660 0.9072
vn 0.1849 0.2498 0.9505
vn 0.1849 0.2502 0.9504
vn 0.0160 0.2301 0.9730
vn -0.0759 0.2962 0.9521
vn -0.0774 0.2970 0.9517
vn -0.0774 0.2945 0.9525
vn 0.1189 0.3884 0.9138
vn 0.1187 0.3886 0.9137
vn 0.0114 0.3645 0.9311
vn -0.1249 0.3469 0.9295
vn -0.1264 0.3459 0.9297
vn -0.1252 0.3461 0.9298
vn -0.0876 0.4674 0.8797
vn -0.0874 0.4660 0.8804
vn -0.0860 0.4665 0.8803
vn -0.0862 0.4675 0.8798
vn -0.0927 0.3915 0.9155
vn -0.0935 0.3926 0.9150
vn -0.0931 0.3916 0.9154
vn 0.2190 0.4677 0.8563
vn 0.0334 0.5193 0.8540
vn 0.0370 0.5176 0.8548
vn 0.0337 0.5198 0.8536
vn -0.1265 0.5240 0.8423
vn -0.1259 0.5247 0.8419
vn -0.1272 0.5240 0.8422
vn 0.0438 0.6372 0.7695
vn 0.0499 0.6361 0.7700
vn 0.0471 0.6428 0.7646
vn -0.2088 0.5347 0.8189
vn -0.2166 0.5315 0.8189
vn -0.2159 0.5315 0.8190
vn -0.0717 0.6018 0.7954
vn -0.2291 0.6714 0.7048
vn -0.2273 0.6664 0.7101
vn -0.2216 0.6735 0.7052
vn 0.1622 0.7675 0.6202
vn 0.1883 0.6610 0.7264
vn 0.1871 0.6626 0.7252
vn 0.1882 0.6601 0.7273
vn -0.1006 0.7060 0.7010
vn 0.0145 0.7400 0.6725
vn 0.0141 0.7391 0.6734
vn -0.0955 0.7784 0.6205
vn 0.1816 0.8291 0.5288
vn -0.1734 0.7601 0.6263
vn -0.1806 0.7607 0.6235
vn 0.9721 0.0579 -0.2274
vn 0.9769 0.2110 0.0351
vn 0.9768 0.0948 0.1921
vn 0.0197 0.8493 0.5276
vn 0.0200 0.8497 0.5269
vn -0.2420 0.8207 0.5176
vn -0.2396 0.8172 0.5242
vn -0.2366 0.8247 0.5136
vn -0.1233 0.8458 0.5191
vn -0.1243 0.9183 0.3758
vn -0.1238 0.9186 0.3753
vn -0.0805 0.8808 0.4666
vn -0.0811 0.8809 0.4663
vn 0.0565 0.8993 0.4336
vn 0.0551 0.8992 0.4340
vn -0.2638 0.9093 0.3218
vn -0.2639 0.9090 0.3227
vn -0.2619 0.9069 0.3299
vn -0.2604 0.9120 0.3171
vn -0.1872 0.8950 0.4048
vn -0.1946 0.8941 0.4034
vn -0.1951 0.8933 0.4049
vn 0.9796 -0.1218 -0.1600
vn 0.9817 0.1877 -0.0316
vn 0.9754 0.1604 0.1514
vn 0.0057 0.9345 0.3560
vn 0.0049 0.9334 0.3588
vn 0.0060 0.9329 0.3601
vn -0.1176 0.9614 0.2487
vn -0.1176 0.9613 0.2490
vn 0.1261 0.9468 0.2960
vn 0.1252 0.9467 0.2967
vn 0.0102 0.9770 0.2132
vn 0.0146 0.9992 0.0382
vn 0.0170 0.9990 0.0403
vn -0.1713 0.9597 0.2226
vn -0.1784 0.9590 0.2204
vn -0.1792 0.9587 0.2208
vn -0.0851 0.9871 0.1358
vn -0.0855 0.9871 0.1357
vn -0.2091 0.9667 0.1478
vn -0.2148 0.9647 0.1521
vn -0.2150 0.9646 0.1527
vn -0.2055 0.9774 0.0487
vn -0.2112 0.9765 0.0437
vn -0.2118 0.9763 0.0445
vn 0.1274 0.9917 0.0185
vn -0.1072 0.9942 -0.0093
vn -0.1045 0.9945 -0.0091
vn -0.1046 0.9945 -0.0098
vn -0.1059 0.9943 -0.0110
vn 0.0873 0.9957 -0.0302
vn 0.0581 0.6479 -0.7595
vn 0.0559 0.6857 0.7257
vn -0.2237 0.9739 -0.0397
vn -0.2214 0.9746 -0.0340
vn -0.2168 0.9753 -0.0422
vn -0.2230 0.9740 -0.0394
vn -0.0778 0.9868 -0.1419
vn -0.0767 0.9868 -0.1423
vn -0.0768 0.9867 -0.1431
vn -0.0778 0.9864 -0.1446
vn 0.0559 0.9934 -0.1001
vn 0.0518 0.9938 -0.0982
vn -0.1940 0.9731 -0.1240
vn -0.1991 0.9718 -0.1260
vn -0.1992 0.9721 -0.1241
vn -0.1723 0.9191 -0.3543
vn -0.1693 0.9196 -0.3545
vn -0.1704 0.9189 -0.3558
vn -0.1625 0.9667 -0.1978
vn -0.1626 0.9668 -0.1970
vn -0.1623 0.9671 -0.1961
vn -0.2032 0.9599 -0.1934
vn -0.2094 0.9590 -0.1912
vn -0.2086 0.9592 -0.1907
vn -0.2356 0.9469 -0.2187
vn -0.2383 0.9474 -0.2136
vn -0.2365 0.9489 -0.2089
vn 0.9652 -0.1664 -0.2020
vn 0.9846 0.1220 -0.1253
vn 0.9845 0.1617 0.0672
vn 0.0885 0.9665 -0.2410
vn 0.0672 0.9675 -0.2438
vn 0.0639 0.9680 -0.2426
vn -0.1027 0.9704 -0.2187
vn -0.1041 0.9703 -0.2182
vn -0.1029 0.9705 -0.2180
vn -0.0839 0.9532 -0.2905
vn -0.0843 0.9529 -0.2914
vn -0.0849 0.9535 -0.2891
vn -0.2114 0.9340 -0.2880
vn -0.2155 0.9332 -0.2875
vn -0.2150 0.9334 -0.2873
vn 0.1959 0.9169 -0.3476
vn 0.0514 0.9270 -0.3716
vn 0.0429 0.9291 -0.3672
vn -0.1047 0.6211 -0.7767
vn -0.1049 0.6233 -0.7750
vn -0.1034 0.6230 -0.7754
vn -0.1035 0.6221 -0.7761
vn 0.0999 0.8771 -0.4698
vn 0.0566 0.8752 -0.4805
vn 0.0532 0.8759 -0.4796
vn -0.1257 0.8631 -0.4891
vn -0.1263 0.8628 -0.4894
vn -0.1251 0.8644 -0.4870
vn -0.0923 0.8454 -0.5261
vn -0.0923 0.8450 -0.5268
vn -0.0953 0.8461 -0.5244
vn 0.9882 0.1518 0.0185
vn 0.9615 -0.2452 -0.1238
vn 0.9877 0.0517 -0.1479
vn 0.1651 0.8377 -0.5206
vn 0.1629 0.8388 -0.5195
vn -0.1859 0.7726 -0.6071
vn -0.1863 0.7725 -0.6071
vn 0.0199 0.7662 -0.6423
vn 0.0182 0.7701 -0.6377
vn 0.0207 0.7717 -0.6357
vn 0.1037 0.7175 -0.6888
vn -0.0984 0.6934 -0.7138
vn -0.1018 0.6908 -0.7158
vn -0.0990 0.6941 -0.7131
vn -0.0013 0.6724 -0.7402
vn -0.0023 0.6753 -0.7375
vn 0.0045 0.6805 -0.7327
vn 0.1822 0.6153 -0.7669
vn 0.1823 0.6150 -0.7671
vn -0.1183 0.4780 -0.8703
vn -0.1184 0.4800 -0.8693
vn -0.1163 0.4802 -0.8694
vn -0.1157 0.4790 -0.8702
vn -0.1092 0.5628 -0.8193
vn -0.1131 0.5627 -0.8189
vn -0.1099 0.5629 -0.8192
vn 0.0721 0.5842 -0.8084
vn 0.0649 0.5867 -0.8072
vn 0.1951 0.5188 -0.8323
vn 0.0159 0.5285 -0.8488
vn 0.0142 0.5349 -0.8448
vn 0.0195 0.5396 -0.8417
vn 0.1126 0.4615 -0.8799
vn -0.1641 0.4721 -0.8661
vn -0.1638 0.4716 -0.8665
vn -0.1634 0.4713 -0.8667
vn -0.1645 0.4709 -0.8667
vn -0.0718 0.3617 -0.9295
vn -0.0713 0.3608 -0.9299
vn -0.0695 0.3603 -0.9303
vn -0.0721 0.3598 -0.9302
vn -0.2297 0.4496 -0.8632
vn -0.2305 0.4464 -0.8646
vn -0.2306 0.4469 -0.8644
vn 0.1291 0.3864 -0.9133
vn 0.0036 0.4007 -0.9162
vn 0.0013 0.4090 -0.9125
vn 0.0054 0.4139 -0.9103
vn -0.0926 0.4144 -0.9054
vn -0.0946 0.4119 -0.9063
vn -0.0953 0.4139 -0.9053
vn -0.2110 0.3960 -0.8937
vn -0.2171 0.3947 -0.8928
vn -0.2187 0.3953 -0.8921
vn -0.1163 0.1691 -0.9787
vn -0.1158 0.1736 -0.9780
vn -0.1126 0.1735 -0.9784
vn -0.1143 0.1725 -0.9784
vn -0.2301 0.3265 -0.9168
vn -0.2374 0.3275 -0.9145
vn -0.2342 0.3365 -0.9121
vn 0.0214 0.2852 -0.9582
vn 0.0202 0.2887 -0.9572
vn 0.0242 0.2937 -0.9556
vn 0.0864 0.2227 -0.9710
vn -0.0938 0.2568 -0.9619
vn -0.0973 0.2539 -0.9623
vn -0.0971 0.2597 -0.9608
vn -0.1998 0.2177 -0.9553
vn -0.2082 0.2179 -0.9535
vn -0.2071 0.2195 -0.9534
vn 0.1783 0.1489 -0.9726
vn 0.0099 0.1509 -0.9885
vn 0.0084 0.1584 -0.9873
vn 0.0136 0.1619 -0.9867
vn -0.1092 0.1126 -0.9876
vn -0.1085 0.1120 -0.9878
vn -0.1070 0.1108 -0.9881
vn -0.1102 0.1106 -0.9877
vn -0.2607 0.1467 -0.9542
vn -0.2669 0.1520 -0.9517
vn -0.2643 0.1604 -0.9510
vn -0.1723 0.0979 -0.9802
vn -0.1723 0.0997 -0.9800
vn -0.1704 0.1015 -0.9801
vn 0.9721 0.1325 -0.1934
vn 0.9728 -0.2300 0.0273
vn 0.9726 -0.0646 -0.2232
vn 0.0400 0.0343 -0.9986
vn 0.0465 0.0410 -0.9981
vn 0.0436 0.0273 -0.9987
vn -0.3614 -0.0384 -0.9316
vn -0.0261 -0.0055 -0.9996
vn -0.0247 -0.1348 -0.9906
vn -0.3587 -0.0476 -0.9322
vn 0.2649 -0.0242 -0.9640
vn -0.0860 -0.0053 -0.9963
vn 0.2646 -0.0238 -0.9641
vn -0.2691 0.0542 0.9616
vn 0.6035 0.2238 0.7653
vn 0.0588 0.1080 0.9924
vn 0.5708 0.0939 0.8157
vn -0.4276 -0.4907 -0.7592
vn -0.4647 -0.1680 -0.8694
vn -0.4331 0.1781 -0.8836
vn 0.2382 0.1412 0.9609
vn -0.0647 0.2076 0.9761
vn -0.3613 -0.2750 -0.8910
vn -0.2059 0.0096 -0.9785
vn -0.1672 0.0128 -0.9858
vn -0.3560 -0.2801 -0.8915
vn 0.0898 0.2889 0.9531
vn -0.9952 0.0057 0.0977
vn -0.9940 0.0090 0.1092
vn -0.2780 0.2667 0.9228
vn 0.2801 0.2832 0.9173
vn -0.0799 -0.3538 -0.9319
vn 0.1382 -0.0897 -0.9863
vn 0.2711 -0.3901 -0.8799
vn 0.2795 0.4545 0.8458
vn -0.0473 0.3617 0.9311
vn 0.0627 0.4228 0.9041
vn -0.0706 -0.2015 -0.9769
vn -0.3302 -0.4015 -0.8543
vn -0.3306 -0.3966 -0.8564
vn -0.2652 -0.7145 -0.6474
vn -0.4574 -0.4454 -0.7697
vn -0.3509 -0.1565 -0.9232
vn -0.2681 0.4536 0.8500
vn 0.1190 -0.2924 -0.9489
vn 0.2844 -0.5542 -0.7823
vn -0.0525 -0.6510 -0.7572
vn 0.5698 0.3908 0.7230
vn -0.3995 -0.6293 -0.6667
vn -0.3590 -0.3510 -0.8648
vn -0.3685 -0.8422 -0.3936
vn -0.3980 -0.6335 -0.6636
vn 0.9960 -0.0893 0.0078
vn -0.0689 0.5204 0.8511
vn 0.0493 0.5699 0.8202
vn -0.2605 0.6177 0.7420
vn 0.2226 0.6190 0.7532
vn -0.0238 0.6883 0.7250
vn -0.9938 -0.0236 0.1088
vn -0.9950 -0.0250 0.0969
vn -0.0244 0.8125 0.5824
vn 0.5742 0.5493 0.6071
vn -0.9959 0.0753 -0.0504
vn -0.9947 0.0843 -0.0584
vn 0.0958 0.7523 0.6518
vn 0.2106 0.7273 0.6532
vn 0.2968 -0.7836 -0.5458
vn 0.1966 -0.9476 -0.2518
vn 0.1318 -0.5957 -0.7924
vn -0.2648 0.7564 0.5981
vn 0.5927 0.6530 0.4714
vn 0.0395 0.8206 0.5701
vn -0.4314 -0.7390 -0.5174
vn -0.4351 -0.7347 -0.5205
vn -0.2972 -0.5495 -0.7809
vn -0.2036 -0.9209 -0.3323
vn 0.2798 0.8960 0.3448
vn 0.3176 -0.8426 -0.4348
vn 0.0116 -0.9531 -0.3023
vn 0.2685 -0.6416 -0.7185
vn -0.0628 -0.7367 -0.6733
vn -0.2802 -0.8621 -0.4223
vn -0.2802 -0.8572 -0.4322
vn -0.0514 0.8923 0.4485
vn 0.1921 0.8518 0.4873
vn -0.2904 0.8730 0.3919
vn 0.0596 0.9052 0.4207
vn -0.3398 -0.9405 -0.0061
vn -0.5035 -0.8136 -0.2907
vn -0.4069 -0.6910 -0.5974
vn 0.1111 -0.8188 -0.5632
vn 0.2998 -0.9134 -0.2754
vn 0.0571 -0.9974 -0.0432
vn 0.5590 0.7685 0.3114
vn 0.6007 0.7786 0.1818
vn -0.9963 0.0329 -0.0795
vn 0.0639 0.9538 0.2936
vn 0.2289 -0.8731 -0.4306
vn 0.3356 -0.9366 -0.1010
vn 0.0717 -0.9898 0.1231
vn -0.0476 0.9646 0.2595
vn -0.2589 0.9517 0.1650
vn 0.0927 0.9818 0.1660
vn 0.2287 0.9606 0.1580
vn -0.4362 -0.8963 -0.0796
vn -0.3077 -0.8658 -0.3946
vn -0.0976 -0.9952 -0.0038
vn -0.4325 -0.8984 -0.0765
vn 0.2655 0.9640 -0.0163
vn 0.0219 0.9946 0.1017
vn -0.2128 0.9762 -0.0409
vn 0.5706 0.8212 -0.0099
vn 0.2781 0.9460 -0.1663
vn -0.0526 0.9979 -0.0390
vn 0.0958 0.9952 -0.0201
vn 0.0284 0.9961 -0.0830
vn -0.4059 -0.8909 0.2037
vn -0.4028 -0.8938 0.1974
vn -0.1754 -0.8580 0.4827
vn -0.2982 -0.8115 0.5025
vn 0.5743 0.8057 -0.1448
vn 0.3111 0.8698 -0.3830
vn -0.2454 0.9474 -0.2054
vn 0.0248 0.9802 -0.1964
vn 0.1995 0.9326 -0.3008
vn 0.3436 -0.8689 0.3564
vn 0.0229 -0.8634 0.5040
vn 0.3037 -0.9526 0.0194
vn -0.0452 0.9551 -0.2928
vn 0.2770 -0.8824 0.3804
vn 0.0903 -0.9907 0.1018
vn 0.2769 -0.8825 0.3801
vn -0.2504 -0.7610 0.5985
vn -0.4682 -0.8170 0.3366
vn -0.4384 -0.8988 0.0023
vn -0.2489 0.9043 -0.3469
vn 0.0284 0.9065 -0.4213
vn 0.5901 0.7383 -0.3265
vn 0.6049 0.6457 -0.4661
vn -0.0597 0.8802 -0.4708
vn 0.0718 0.8917 -0.4468
vn 0.3876 -0.7499 0.5362
vn 0.2659 -0.5454 0.7949
vn 0.3265 -0.9160 0.2331
vn -0.2704 0.8146 -0.5131
vn 0.2326 0.8126 -0.5344
vn 0.1095 0.8292 -0.5482
vn -0.0434 0.7680 -0.6390
vn -0.2767 -0.9168 0.2880
vn -0.3968 -0.7232 0.5653
vn -0.4002 -0.7258 0.5596
vn 0.2501 0.6725 -0.6966
vn 0.0532 0.7715 -0.6340
vn 0.3313 -0.6611 0.6732
vn 0.0958 -0.4735 0.8756
vn 0.2446 -0.8747 0.4185
vn -0.2608 0.6934 -0.6717
vn 0.2561 0.5516 -0.7938
vn 0.5821 0.5595 -0.5900
vn 0.2505 -0.6196 0.7439
vn -0.0820 -0.7378 0.6701
vn 0.2493 -0.6244 0.7403
vn -0.0211 -0.8126 0.5825
vn -0.3135 -0.6500 0.6923
vn -0.3142 -0.6574 0.6850
vn -0.3123 -0.3191 0.8948
vn -0.4744 -0.5478 0.6891
vn -0.3798 -0.7982 0.4676
vn 0.9960 -0.0815 -0.0371
vn 0.0217 0.6438 -0.7649
vn -0.0951 -0.7369 0.6693
vn -0.3596 -0.5294 0.7684
vn -0.3646 -0.5352 0.7620
vn 0.1083 0.5612 -0.8206
vn -0.0424 0.4257 -0.9039
vn 0.5817 0.4617 -0.6697
vn 0.0578 0.5214 -0.8514
vn -0.3206 0.5053 -0.8012
vn -0.2939 -0.0859 0.9520
vn -0.4623 -0.3587 0.8109
vn -0.3596 -0.6531 0.6664
vn 0.1409 -0.5610 0.8157
vn 0.3142 -0.2634 0.9121
vn 0.0928 -0.0103 0.9956
vn 0.0769 0.4079 -0.9098
vn 0.5785 0.3437 -0.7397
vn -0.2256 0.2809 -0.9328
vn 0.2166 0.3701 -0.9034
vn 0.0696 0.2922 -0.9538
vn 0.5748 0.2296 -0.7854
vn -0.2541 0.0601 0.9653
vn -0.4266 -0.2241 0.8762
vn -0.3359 -0.5459 0.7675
vn -0.0410 0.2764 -0.9602
vn 0.1649 -0.3745 0.9124
vn 0.3114 -0.0535 0.9488
vn 0.3115 -0.0536 0.9487
vn 0.0191 0.1319 0.9911
vn 0.2251 0.2122 -0.9509
vn -0.2028 -0.5145 0.8332
vn -0.3337 -0.1964 0.9220
vn -0.3375 -0.2066 0.9184
vn 0.0832 0.1890 -0.9784
vn -0.2589 0.0790 -0.9627
vn 0.5741 0.0782 -0.8151
vn -0.4366 -0.0350 0.8990
vn -0.3170 -0.3613 0.8769
vn -0.2306 0.2470 0.9412
vn -0.4329 -0.0310 0.9009
vn 0.2087 0.0393 -0.9772
vn 0.1069 0.0460 -0.9932
vn -0.0583 0.0594 -0.9965
vn 0.0097 0.2384 0.9711
vn 0.2678 -0.2326 0.9350
vn 0.3409 0.1063 0.9341
vn 0.3408 0.1068 0.9341
vn 0.0650 -0.0243 -0.9976
vn 0.6000 -0.0703 -0.7969
vn 0.0112 0.0103 0.9999
vn -0.3294 0.0556 0.9426
vn -0.3318 0.0413 0.9424
vn -0.0390 -0.0941 -0.9948
vn 0.1104 -0.1660 -0.9799
vn -0.2505 -0.1370 -0.9584
vn -0.4401 0.1980 0.8758
vn -0.4431 0.1907 0.8759
vn -0.2425 -0.0851 0.9664
vn -0.2857 0.4945 0.8209
vn 0.1950 -0.1619 -0.9674
vn 0.1880 0.2500 0.9498
vn -0.1278 0.0971 0.9870
vn 0.1880 0.2492 0.9500
vn -0.2075 -0.2898 -0.9343
vn -0.0361 -0.2688 -0.9625
vn 0.5865 -0.2321 -0.7760
vn 0.4373 0.3269 0.8378
vn 0.3151 0.6314 0.7086
vn 0.3806 -0.0070 0.9247
vn 0.2454 -0.3947 -0.8854
vn 0.0554 -0.3436 -0.9375
vn -0.3661 0.6583 0.6577
vn -0.4464 0.3613 0.8186
vn -0.1937 0.1694 0.9663
vn -0.0478 -0.4307 -0.9012
vn -0.0413 -0.5832 -0.8113
vn 0.5856 -0.3461 -0.7330
vn 0.1378 0.4754 0.8689
vn -0.1536 0.2929 0.9437
vn 0.1377 0.4748 0.8692
vn 0.0405 -0.4766 -0.8782
vn 0.2313 -0.5276 -0.8174
vn 0.4415 0.5285 0.7251
vn 0.3238 0.7912 0.5188
vn 0.3795 0.2307 0.8960
vn -0.1505 0.7036 0.6945
vn -0.4200 0.4983 0.7585
vn -0.3470 0.1922 0.9180
vn -0.2632 -0.4971 -0.8268
vn -0.3894 0.6432 0.6593
vn -0.3902 0.6336 0.6681
vn -0.0760 0.5748 0.8148
vn -0.1787 0.8497 0.4960
vn 0.0714 -0.5795 -0.8118
vn 0.5583 -0.4851 -0.6730
vn 0.9962 -0.0555 -0.0678
vn -0.2462 -0.6256 -0.7403
vn 0.2116 0.6595 0.7213
vn -0.0688 0.4953 0.8660
vn 0.2122 0.6571 0.7234
vn -0.3946 0.8614 0.3197
vn -0.3960 0.8566 0.3307
vn -0.0725 0.8778 0.4734
vn -0.2088 0.9758 0.0654
vn 0.0886 -0.6686 -0.7383
vn 0.2166 -0.6638 -0.7159
vn 0.0148 -0.7200 -0.6938
vn 0.5605 -0.6129 -0.5570
vn -0.9946 -0.0584 0.0863
vn -0.9957 -0.0555 0.0746
vn -0.2367 -0.7427 -0.6264
vn 0.2367 -0.7541 -0.6127
vn -0.2950 0.9166 0.2700
vn -0.4688 0.7288 0.4991
vn -0.3959 0.5090 0.7643
vn 0.0194 -0.8109 -0.5849
vn 0.2952 0.8207 0.4892
vn 0.2056 0.9622 0.1784
vn 0.1145 0.6606 0.7420
vn -0.0168 0.7694 0.6385
vn -0.3353 0.7994 0.4985
vn -0.3400 0.7908 0.5090
vn -0.2317 -0.8310 -0.5057
vn 0.0892 -0.8556 -0.5099
vn 0.2368 -0.8274 -0.5092
vn 0.5781 -0.7157 -0.3919
vn 0.3456 0.8644 0.3652
vn 0.0649 0.9806 0.1850
vn 0.3010 0.6860 0.6624
vn -0.0317 -0.8874 -0.4599
vn -0.9960 -0.0030 -0.0895
vn 0.0673 -0.9139 -0.4003
vn -0.2215 -0.9141 -0.3397
vn 0.6202 -0.7504 -0.2286
vn -0.0579 -0.9376 -0.3430
vn 0.2056 -0.9131 -0.3522
vn 0.2668 0.9407 0.2093
vn -0.0743 0.9881 0.1346
vn -0.2070 -0.9649 -0.1613
vn 0.0536 -0.9709 -0.2336
vn -0.2573 0.9544 -0.1515
vn -0.4500 0.8843 0.1244
vn -0.3791 0.8032 0.4594
vn 0.2568 -0.9538 -0.1557
vn -0.0598 -0.9838 -0.1691
vn 0.1139 0.9343 0.3378
vn 0.2783 0.9600 0.0296
vn -0.0719 0.9970 0.0272
vn 0.5650 -0.8155 -0.1255
vn 0.0528 -0.9949 -0.0854
vn 0.2706 -0.9622 0.0292
vn -0.0678 -0.9973 0.0265
vn -0.1798 -0.9833 0.0295
vn 0.5717 -0.8198 0.0332
vn -0.0124 0.9986 0.0515
vn -0.3442 0.9375 -0.0522
vn -0.3433 0.9384 -0.0403
vn -0.2101 -0.9606 0.1819
vn -0.3494 0.8390 -0.4172
vn -0.4895 0.8663 -0.0997
vn -0.3834 0.8948 0.2289
vn 0.0294 -0.9963 0.0804
vn -0.2126 -0.9147 0.3438
vn 0.2314 -0.9591 0.1629
vn 0.5604 -0.8046 0.1964
vn -0.9941 0.0298 -0.1039
vn -0.9953 0.0279 -0.0932
vn 0.0236 -0.9780 0.2071
vn 0.2346 -0.9294 0.2849
vn 0.2188 0.9123 -0.3461
vn -0.0800 0.9814 -0.1747
vn 0.9958 -0.0290 -0.0868
vn -0.4263 0.8452 -0.3224
vn -0.3863 0.9223 0.0110
vn -0.3941 0.6752 -0.6235
vn -0.4241 0.8450 -0.3256
vn 0.0114 -0.9374 0.3480
vn 0.3346 0.8499 -0.4071
vn 0.1712 0.7088 -0.6844
vn 0.2538 0.9635 -0.0847
vn -0.4045 0.7792 -0.4788
vn -0.2332 0.9447 -0.2305
vn -0.1089 0.7305 -0.6742
vn -0.4003 0.7773 -0.4854
vn 0.2444 -0.8816 0.4037
vn 0.0293 -0.8849 0.4649
vn 0.5482 -0.7392 0.3912
vn 0.1909 -0.8186 0.5418
vn 0.3701 0.7518 -0.5457
vn 0.2199 0.5499 -0.8058
vn 0.3083 0.9171 -0.2525
vn -0.1799 -0.8414 0.5096
vn -0.0235 -0.7286 0.6846
vn -0.0650 -0.8512 0.5208
vn 0.0688 -0.8081 0.5850
vn 0.2397 0.7406 -0.6278
vn -0.0486 0.8848 -0.4635
vn 0.2395 0.7443 -0.6234
vn -0.0843 0.8964 -0.4352
vn -0.3620 0.7330 -0.5759
vn -0.3635 0.7368 -0.5700
vn -0.2504 -0.7402 0.6241
vn 0.3655 0.6312 -0.6841
vn 0.1706 0.4219 -0.8904
vn 0.3167 0.8518 -0.4173
vn -0.1553 0.5398 -0.8273
vn -0.4320 0.6411 -0.6343
vn -0.3497 0.8564 -0.3799
vn -0.2300 -0.6091 0.7590
vn 0.0724 -0.7176 0.6926
vn 0.5617 -0.6067 0.5625
vn 0.2110 -0.6801 0.7021
vn -0.0244 0.7727 -0.6342
vn -0.3456 0.6417 -0.6846
vn -0.3507 0.6458 -0.6782
vn 0.5863 -0.4630 0.6648
vn -0.0521 -0.6199 0.7830
vn 0.0561 -0.5868 0.8078
vn -0.0289 -0.4737 0.8802
vn 0.2107 0.5127 -0.8323
vn -0.0010 0.7418 -0.6706
vn 0.2502 -0.5256 0.8131
vn -0.0208 -0.3412 0.9398
vn 0.0662 -0.4679 0.8813
vn 0.3601 0.3750 -0.8542
vn 0.1724 0.1056 -0.9794
vn 0.3021 0.6722 -0.6759
vn 0.9959 -0.0039 -0.0907
vn -0.2553 -0.4236 0.8691
vn 0.2439 -0.3797 0.8924
vn 0.0416 -0.3379 0.9402
vn 0.5855 -0.3055 0.7509
vn -0.0802 0.1334 -0.9878
vn -0.3559 0.3096 -0.8817
vn -0.3556 0.3223 -0.8773
vn -0.3584 0.1366 -0.9235
vn -0.1203 0.3827 -0.9160
vn -0.0225 0.0363 -0.9991
vn -0.3524 0.1269 -0.9272
vn -0.2502 -0.2774 0.9276
vn 0.3497 0.2007 -0.9151
vn 0.1269 -0.0609 -0.9900
vn 0.2971 0.5271 -0.7962
vn -0.3976 -0.0714 -0.9148
vn -0.4798 0.2546 -0.8396
vn -0.3415 0.5647 -0.7513
vn 0.5824 -0.1771 0.7934
vn 0.2188 0.1494 -0.9643
vn -0.0667 0.3520 -0.9336
vn -0.9955 -0.0422 -0.0844
vn -0.0232 -0.1735 0.9846
vn 0.0970 -0.1782 0.9792
vn -0.0417 -0.0195 0.9989
vn 0.2190 -0.1812 0.9587
vn -0.2514 -0.1115 0.9614
vn 0.0938 -0.0263 0.9952
vn 0.2722 -0.0334 0.9617
vn 0.9909 -0.0694 -0.1150
vn 0.9977 0.0165 -0.0651
vn 0.9946 -0.1018 -0.0212
vn 0.9911 -0.0705 -0.1131
vn 0.5762 -0.0402 0.8163
vn -0.9926 0.0758 -0.0952
vn -0.9917 0.0877 -0.0938
vn 0.9875 -0.1181 -0.1045
vn 0.9896 -0.0268 -0.1414
vn 0.9940 0.0593 -0.0917
vn -0.9997 0.0231 -0.0065
vn -0.9932 -0.0328 -0.1119
vn -0.9931 -0.0549 -0.1035
vn 0.9917 -0.0770 0.1025
vn 0.9975 -0.0703 0.0064
vn 0.9981 0.0082 0.0616
vn 0.9917 -0.0750 0.1042
vn 0.9875 -0.1573 -0.0127
vn 0.9865 -0.1254 -0.1051
vn 0.9861 -0.0426 -0.1607
vn -0.9955 0.0133 -0.0943
vn -0.9910 -0.1045 -0.0837
vn -0.9917 -0.1110 -0.0644
vn 0.9869 -0.1563 0.0399
vn 0.9884 -0.1408 -0.0572
vn 0.9915 -0.0599 -0.1152
vn 0.9960 -0.0680 0.0571
vn 0.9904 -0.1377 -0.0130
vn 0.9892 -0.1012 -0.1058
vn -0.9923 -0.1234 -0.0137
vn -0.9991 0.0005 -0.0424
vn -0.9924 -0.1179 -0.0342
vn 0.9873 -0.1568 0.0242
vn 0.9897 -0.1243 -0.0704
vn 0.9867 -0.1166 0.1137
vn -0.9984 -0.0199 -0.0530
vn -0.9934 -0.1124 0.0248
vn -0.9931 -0.1077 0.0469
vn 0.9967 -0.0336 0.0738
vn 0.9905 -0.1255 0.0559
vn 0.9895 -0.1389 -0.0412
vn 0.9867 -0.0472 0.1553
vn 0.9871 -0.1266 0.0980
vn 0.9875 -0.1575 0.0046
vn -0.9893 -0.0329 0.1420
vn -0.9892 -0.0135 0.1458
vn -0.9996 0.0143 0.0246
vn -0.9862 -0.1324 0.0992
vn -0.9962 -0.0834 -0.0240
vn -0.9923 -0.0841 0.0908
vn -0.9928 -0.0634 0.1012
vn 0.9887 -0.0623 0.1360
vn 0.9856 -0.1453 0.0870
vn 0.9919 0.0346 0.1219
vn 0.9980 -0.0387 0.0509
vn 0.9975 0.0589 0.0393
vn 0.9915 0.0201 0.1285
vn 0.9915 0.0184 0.1289
vn 0.9849 0.0840 0.1512
vn 0.9879 -0.0126 0.1546
vn 0.9910 -0.0916 0.0981
vn -0.9913 0.0143 0.1310
vn -0.9910 0.0357 0.1290
vn -0.9999 0.0074 0.0086
vn -0.9908 -0.0898 0.1014
vn 0.9911 0.1081 0.0774
vn 0.9982 0.0120 0.0594
vn 0.9950 0.0980 -0.0213
vn 0.9912 0.1083 0.0754
vn 0.9893 0.1243 0.0759
vn 0.9882 0.0580 0.1419
vn 0.9893 -0.0398 0.1407
vn 0.9895 0.0829 0.1183
vn 0.9936 -0.0118 0.1124
vn 0.9889 0.1429 0.0415
vn -0.9995 -0.0216 0.0222
vn -0.9925 0.0544 0.1097
vn -0.9920 0.0758 0.1006
vn -0.9919 0.0552 0.1140
vn -0.9909 0.1319 0.0280
vn -0.9910 0.1336 0.0122
vn -1.0000 0.0087 -0.0014
vn -0.9968 -0.0139 0.0788
vn -0.9921 0.0985 0.0780
vn -0.9919 0.1121 0.0593
vn 0.9875 0.1460 0.0592
vn 0.9861 0.0951 0.1360
vn 0.9895 0.1399 -0.0369
vn 0.9936 0.1133 0.0039
vn 0.9995 0.0179 0.0259
vn 0.9982 0.0305 -0.0514
vn 0.9935 0.1136 0.0018
vn 0.9917 0.1103 -0.0657
vn 0.9974 0.0685 0.0203
vn 0.9979 0.0106 -0.0646
vn 0.9917 0.1091 -0.0676
vn 0.9861 0.1624 -0.0344
vn 0.9871 0.1465 0.0640
vn 0.9856 0.1175 -0.1213
vn -0.9990 0.0223 0.0400
vn -0.9924 0.1214 -0.0217
vn -0.9918 0.1197 -0.0443
vn 0.8435 -0.0932 0.5290
vn -0.9989 0.0377 0.0294
vn -0.9925 0.1006 -0.0690
vn -0.9922 0.0887 -0.0879
vn 0.9883 0.1044 -0.1113
vn 0.9857 0.1645 -0.0377
vn 0.9916 0.0108 -0.1292
vn 0.9915 0.0497 -0.1201
vn 0.9987 0.0444 -0.0236
vn 0.9871 -0.0422 -0.1545
vn -0.9918 0.0456 -0.1197
vn -0.9980 0.0622 0.0081
vn -0.9921 0.0647 -0.1072
vn 0.9873 -0.0713 -0.1418
vn 0.9862 0.0292 -0.1630
vn 0.9883 0.1107 -0.1052
vn -1.0000 0.0039 -0.0045
vn -0.9925 0.0221 -0.1203
vn -0.9914 0.0030 -0.1311
vn 0.8463 -0.4301 0.3144
vn 0.7765 -0.2540 0.5767
vn 0.8293 -0.3217 0.4570
vn 0.7895 -0.4245 0.4433
vn 0.8254 -0.1307 -0.5492
vn 0.7901 -0.5626 0.2433
vn 0.8006 -0.5902 0.1037
vn 0.7930 -0.6088 -0.0225
vn 0.7776 -0.6034 -0.1769
vn 0.8151 -0.4948 -0.3014
vn 0.8083 -0.4038 -0.4285
vn 0.7964 -0.2868 -0.5324
vn 0.8415 0.4936 -0.2196
vn 0.7974 -0.0441 -0.6019
vn 0.7978 0.0931 -0.5956
vn 0.7954 0.2167 -0.5660
vn 0.8266 0.2954 -0.4791
vn 0.7857 0.4051 -0.4674
vn 0.8030 0.4806 -0.3524
vn -0.6093 -0.0800 0.7889
vn 0.7838 0.6024 -0.1510
vn 0.8323 0.5522 -0.0482
vn 0.7953 0.6038 0.0543
vn 0.8047 0.5739 0.1519
vn 0.7947 0.5407 0.2758
vn 0.7974 0.4810 0.3643
vn 0.7839 0.3969 0.4774
vn 0.8263 0.2466 0.5064
vn 0.7940 0.1632 0.5855
vn 0.7908 0.0227 0.6117
vn -0.6036 -0.6098 0.5137
vn -0.6316 -0.2741 0.7252
vn -0.6310 -0.4500 0.6319
vn -0.5968 -0.8021 0.0230
vn -0.6265 -0.6892 0.3641
vn -0.6257 -0.7570 0.1884
vn -0.5864 -0.7993 -0.1311
vn -0.5795 -0.7639 -0.2842
vn -0.6036 -0.6098 -0.5137
vn -0.6084 -0.6939 -0.3853
vn -0.5681 0.2493 -0.7843
vn -0.6292 -0.4509 -0.6331
vn -0.6208 -0.2943 -0.7266
vn -0.6080 -0.1738 -0.7747
vn -0.6297 -0.0235 -0.7765
vn -0.6100 0.1183 -0.7835
vn -0.5894 0.5889 -0.5530
vn -0.6184 0.3593 -0.6989
vn -0.6090 0.4670 -0.6411
vn -0.5958 0.7811 -0.1871
vn -0.6343 0.6808 -0.3664
vn -0.5798 0.8046 0.1286
vn -0.6073 0.7925 -0.0560
vn -0.5793 0.6346 0.5116
vn -0.6229 0.7466 0.2335
vn -0.6136 0.6974 0.3704
vn -0.6036 0.4977 0.6229
vn -0.8192 -0.5057 0.2705
vn -0.6352 0.2885 0.7165
vn -0.6389 0.1164 0.7605
vn -0.8543 -0.1142 0.5071
vn -0.8569 -0.2463 0.4529
vn -0.8499 -0.3828 0.3620
vn -0.8331 -0.5530 0.0136
vn -0.8337 -0.5314 0.1500
vn -0.8369 -0.4243 -0.3458
vn -0.8570 -0.4920 -0.1532
vn -0.8196 -0.3324 -0.4668
vn -0.8257 -0.2078 -0.5245
vn -0.8379 0.0812 -0.5397
vn -0.8446 -0.0738 -0.5304
vn -0.8267 0.3309 -0.4550
vn -0.8402 0.2143 -0.4981
vn -0.8395 0.5190 0.1609
vn -0.8591 0.4007 -0.3185
vn -0.8595 0.4880 -0.1520
vn -0.8536 0.5209 0.0081
vn -0.8140 0.3650 0.4519
vn -0.8481 0.4330 0.3055
vn 0.9952 0.0928 -0.0304
vn -0.8552 0.2333 0.4628
vn -0.8576 0.0595 0.5109
vn -0.9943 0.1065 -0.0094
vn -0.9952 0.0965 -0.0162
vn -0.9960 -0.0657 -0.0602
vn -0.9961 -0.0838 -0.0293
vn -0.9931 -0.1041 -0.0542
vn -0.9944 -0.0922 -0.0524
vn 0.9964 0.0309 -0.0783
vn -0.9947 -0.1011 0.0200
vn -0.9937 -0.1112 0.0136
vn -0.9962 -0.0858 0.0117
vn 0.9936 -0.1009 0.0512
vn 0.9937 -0.0999 0.0517
vn -0.9952 -0.0851 0.0484
vn -0.9940 -0.0940 0.0565
vn 0.9960 0.0689 -0.0576
vn -0.9932 0.0866 0.0781
vn -0.9939 0.0879 0.0661
vn -0.9959 -0.0798 0.0416
vn -0.9958 -0.0664 0.0633
vn -0.9172 -0.2404 0.3176
vn -0.8731 -0.4835 -0.0632
vn -0.8265 -0.4989 0.2608
vn -0.8280 -0.4960 0.2615
vn 0.9557 0.0160 0.2939
vn 0.9549 0.0288 0.2957
vn 0.9539 0.0048 0.3001
vn 0.9796 -0.1887 -0.0683
vn 0.9951 0.0187 -0.0975
vn 0.9782 0.2074 -0.0091
vn 0.9933 0.0616 0.0975
vn 0.9076 -0.4052 0.1100
vn 0.9925 -0.1223 -0.0093
vn 0.9935 0.0663 0.0921
vn -0.8365 0.1123 -0.5363
vn -0.8647 -0.2085 -0.4569
vn -0.8924 0.2975 -0.3392
vn -0.8364 0.1134 -0.5363
vn -0.9415 0.2532 0.2224
vn -0.9399 0.2597 0.2216
vn -0.9418 0.2537 0.2204
vn 0.9554 -0.1018 0.2772
vn 0.9563 -0.0920 0.2776
vn 0.9554 -0.0825 0.2836
vn 0.9816 -0.0994 -0.1633
vn 0.9258 0.3253 -0.1928
vn 0.9930 -0.1044 0.0543
vn 0.9930 -0.1086 0.0463
vn -0.8729 0.4244 0.2408
vn -0.9112 0.0504 0.4088
vn -0.8237 0.2989 0.4819
vn 0.9848 0.1587 0.0708
vn 0.9326 0.0115 0.3607
vn 0.9931 0.0392 -0.1109
vn 0.9931 0.0456 -0.1077
vn 0.9322 -0.2159 0.2904
vn 0.9317 -0.2230 0.2869
vn 0.9341 -0.2209 0.2804
vn -0.9502 0.2888 0.1171
vn -0.8195 0.1969 0.5382
vn -0.8977 0.3192 0.3038
vn -0.9083 -0.0324 0.4171
vn -0.8911 0.3595 -0.2770
vn -0.8316 0.2209 -0.5096
vn -0.8231 -0.1271 -0.5534
vn 0.9458 -0.2664 0.1858
vn 0.9452 -0.2602 0.1972
vn 0.9424 -0.2772 0.1874
vn -0.8963 -0.4383 0.0677
vn -0.8323 -0.5374 0.1358
vn -0.8335 -0.4190 0.3601
vn -0.8206 0.2994 -0.4867
vn -0.9301 0.0145 -0.3669
vn -0.8800 0.4110 -0.2381
vn -0.8202 0.3006 -0.4868
vn -0.9572 0.2877 -0.0322
vn -0.9576 0.2870 -0.0266
vn -0.9575 0.2872 -0.0258
vn 0.9895 0.0861 -0.1157
vn 0.9959 0.0275 0.0862
vn 0.8936 -0.4080 0.1871
vn -0.8124 -0.5810 0.0495
vn -0.9324 -0.2911 0.2143
vn -0.9120 -0.3905 -0.1257
vn -0.8123 -0.5813 0.0485
vn 0.9553 -0.2808 0.0931
vn 0.9546 -0.2795 0.1027
vn 0.9534 -0.2893 0.0858
vn 0.9934 -0.1143 0.0089
vn 0.9192 0.0157 -0.3935
vn 0.9943 0.0981 0.0416
vn 0.9935 -0.1130 0.0158
vn 0.9948 0.0559 -0.0845
vn 0.9746 0.2166 0.0576
vn 0.9032 -0.4291 0.0004
vn 0.9183 -0.3938 0.0411
vn 0.9179 -0.3954 0.0347
vn 0.9204 -0.3898 0.0320
vn -0.8243 0.0601 0.5629
vn -0.9026 0.2311 0.3633
vn -0.8873 -0.1714 0.4281
vn -0.9587 0.2438 -0.1468
vn -0.9586 0.2441 -0.1464
vn 0.9557 -0.2907 -0.0464
vn 0.9552 -0.2931 -0.0404
vn 0.9544 -0.2936 -0.0540
vn -0.8466 0.3678 -0.3846
vn -0.8431 0.1280 -0.5223
vn -0.8741 0.4779 -0.0866
vn 0.9794 -0.1203 -0.1623
vn 0.9953 0.0661 -0.0702
vn 0.9792 0.1700 0.1106
vn 0.9860 0.0340 -0.1633
vn 0.9949 0.0925 0.0399
vn 0.9938 -0.1104 -0.0126
vn 0.9370 -0.3256 -0.1268
vn 0.9368 -0.3284 -0.1211
vn 0.9347 -0.3315 -0.1278
vn -0.8391 -0.5377 -0.0822
vn -0.9108 -0.3634 0.1960
vn -0.8658 -0.3337 -0.3728
vn -0.8375 -0.5394 -0.0873
vn -0.9600 0.1662 -0.2253
vn -0.9601 0.1665 -0.2248
vn -0.9601 0.1671 -0.2244
vn -0.9352 0.1257 -0.3311
vn -0.9350 0.1260 -0.3316
vn 0.9537 -0.2455 -0.1739
vn 0.9531 -0.2504 -0.1697
vn 0.9528 -0.2444 -0.1802
vn 0.9822 0.1212 0.1434
vn 0.9949 -0.0674 0.0752
vn 0.9940 0.0890 -0.0629
vn 0.9291 -0.2395 -0.2817
vn 0.9281 -0.2380 -0.2863
vn 0.9300 -0.2346 -0.2828
vn 0.9922 -0.1129 -0.0524
vn 0.9873 0.0777 -0.1384
vn 0.9936 0.0964 -0.0582
vn 0.9957 -0.0890 -0.0262
vn 0.9766 -0.0009 -0.2150
vn 0.9842 -0.0308 0.1744
vn -0.8566 0.5153 -0.0247
vn -0.8420 0.4524 -0.2940
vn -0.8374 0.2004 -0.5085
vn 0.9525 -0.1369 -0.2720
vn 0.9520 -0.1464 -0.2688
vn 0.9514 -0.1349 -0.2768
vn 0.9938 0.1039 -0.0387
vn 0.9822 0.0862 0.1671
vn 0.9935 -0.1079 -0.0359
vn 0.9941 0.1010 -0.0397
vn 0.9510 -0.0416 -0.3065
vn 0.9518 -0.0455 -0.3034
vn 0.9516 -0.0478 -0.3035
vn -0.8254 -0.5003 -0.2616
vn -0.8878 -0.4576 0.0498
vn -0.8655 -0.4820 -0.1365
vn -0.8256 -0.4991 -0.2631
vn 0.9939 -0.0174 -0.1091
vn 0.9939 -0.0186 -0.1086
vn 0.9939 -0.0199 -0.1084
vn -0.8378 0.5384 0.0900
vn -0.8410 0.5077 -0.1871
vn -0.8662 0.2563 -0.4290
vn -0.9443 -0.0202 -0.3284
vn -0.8487 -0.4218 -0.3190
vn -0.7982 -0.6017 -0.0273
vn -0.8396 -0.1475 -0.5229
vn -0.9514 -0.1167 -0.2851
vn -0.9959 0.0684 -0.0597
vn 0.9960 -0.0775 0.0455
vn -0.9945 -0.0177 -0.1036
vn -0.9934 -0.0118 -0.1141
vn -0.9932 -0.0231 -0.1143
vn -0.9958 0.0860 -0.0326
vn -0.9935 0.0565 0.0992
vn -0.9945 0.0455 0.0943
vn 0.9962 -0.0535 0.0690
vn 0.9955 0.0729 -0.0611
vn 0.9954 0.0729 -0.0624
vn -0.9955 0.0947 -0.0020
vn 0.9931 0.1169 0.0027
vn 0.9931 0.1169 0.0016
vn 0.9931 0.1171 0.0038
vn 0.9921 -0.0572 0.1118
vn 0.9921 -0.0563 0.1120
vn 0.9921 -0.0554 0.1125
vn 0.9952 0.0148 -0.0972
vn 0.9952 0.0155 -0.0966
vn 0.9956 -0.0912 -0.0235
vn 0.9957 -0.0900 -0.0237
vn 0.9960 -0.0176 0.0878
vn -0.9953 0.0753 0.0617
vn -0.9955 0.0889 0.0320
vn 0.9953 0.0442 0.0864
vn 0.9954 0.0433 0.0858
vn 0.9952 0.0472 -0.0856
vn 0.9951 0.0468 -0.0866
vn 0.9956 0.0140 0.0929
vn 0.9954 0.0418 0.0862
vn -0.9957 -0.0381 0.0849
vn 0.9953 0.0913 -0.0329
vn 0.9952 0.0924 -0.0335
vn 0.9955 -0.0683 0.0664
vn 0.9955 -0.0684 0.0654
vn -0.9963 0.0360 0.0779
vn 0.9951 -0.0586 -0.0801
vn 0.9951 -0.0579 -0.0803
vn 0.9963 0.0660 0.0547
vn 0.9957 0.0714 0.0592
vn 0.9956 0.0725 0.0593
vn -0.9963 -0.0022 0.0855
vn -0.9932 -0.1117 -0.0321
vn -0.9941 -0.1067 -0.0211
vn 0.9959 0.0863 0.0267
vn -0.9951 -0.0586 -0.0794
vn -0.9938 -0.0660 -0.0890
vn -0.9937 0.1053 0.0375
vn -0.9947 0.0994 0.0270
vn 0.9952 0.0935 0.0301
vn 0.9952 0.0929 0.0305
vn 0.8442 -0.2407 -0.4789
vn 0.3235 -0.5809 -0.7470
vn 0.4618 0.2627 -0.8472
vn 0.8398 -0.2356 -0.4892
vn 0.9956 -0.0931 0.0129
vn 0.9955 -0.0935 0.0142
vn 0.9935 -0.0954 -0.0619
vn 0.9935 -0.0964 -0.0611
vn 0.9951 -0.0046 0.0984
vn 0.9956 -0.0023 0.0933
vn 0.9956 0.0933 -0.0019
vn 0.2548 0.1879 -0.9486
vn 0.4904 0.4656 -0.7367
vn 0.8073 -0.0936 -0.5827
vn 0.8062 -0.1004 -0.5830
vn 0.4683 -0.6044 -0.6445
vn -0.4058 -0.6664 -0.6255
vn -0.0908 -0.1913 -0.9773
vn 0.2119 0.8916 0.4002
vn -0.3104 0.8963 -0.3168
vn -0.2715 0.8360 0.4768
vn -0.0993 -0.8430 0.5286
vn -0.0765 -0.4000 0.9133
vn -0.2111 0.3951 0.8940
vn 0.0017 -0.3356 -0.9420
vn -0.3023 -0.9131 -0.2735
vn -0.2757 0.1901 -0.9423
vn 0.0005 0.9301 0.3672
vn -0.1020 0.9324 -0.3466
vn -0.4168 0.4654 0.7808
vn -0.0515 0.8941 0.4449
vn 0.3754 -0.5997 0.7067
vn -0.1859 0.0134 0.9825
vn -0.1621 -0.7200 0.6748
vn 0.2745 0.7335 0.6217
vn -0.1685 0.9771 -0.1302
vn -0.2179 0.7137 0.6657
vn 0.2487 -0.0192 -0.9684
vn -0.1504 -0.7508 -0.6432
vn -0.3051 -0.0719 -0.9496
vn -0.9990 -0.0129 -0.0433
vn -0.8425 0.4514 -0.2940
vn -0.8450 -0.5339 0.0288
vn -0.9982 -0.0419 -0.0428
vn -0.8164 -0.4695 -0.3363
vn -0.8272 -0.5614 0.0221
vn -0.0428 -0.6001 0.7988
vn -0.1713 0.1821 0.9682
vn -0.2017 -0.9298 0.3080
vn -0.9991 -0.0222 -0.0365
vn -0.8380 0.2586 -0.4806
vn -0.8455 -0.4974 0.1941
vn 0.1596 -0.7228 -0.6723
vn -0.3688 -0.4478 -0.8145
vn -0.0435 0.1278 -0.9908
vn -0.2445 -0.7961 0.5536
vn 0.2965 -0.8023 0.5180
vn -0.1223 -0.1574 0.9799
vn -0.3003 -0.5037 0.8100
vn -0.3737 -0.7316 0.5701
vn 0.1471 -0.9515 0.2701
vn 0.3881 -0.2520 0.8865
vn -0.3128 0.4825 -0.8181
vn -0.2194 -0.1443 -0.9649
vn -0.3080 -0.7831 -0.5402
vn -0.1060 -0.0153 -0.9942
vn -0.1023 -0.0185 -0.9946
vn -0.1026 -0.0209 -0.9945
vn -0.1046 -0.0198 -0.9943
vn 0.5912 0.7473 -0.3034
vn 0.8678 0.1411 -0.4765
vn 0.4206 -0.2271 -0.8784
vn -0.3601 0.4309 0.8274
vn 0.1168 0.5868 0.8013
vn -0.2904 0.9561 0.0398
vn -0.2081 -0.3947 -0.8950
vn -0.3795 0.2501 -0.8908
vn 0.1549 0.4992 -0.8526
vn 0.4929 0.0301 -0.8696
vn -0.8307 -0.5442 0.1177
vn -0.9990 -0.0397 -0.0198
vn -0.8478 0.1762 -0.5001
vn -0.0863 -0.7573 0.6473
vn -0.2322 -0.0303 0.9722
vn -0.1684 -0.9815 0.0907
vn 0.8810 0.2435 -0.4057
vn 0.5105 -0.1564 -0.8456
vn 0.6008 0.7950 -0.0835
vn -0.9991 -0.0417 -0.0098
vn -0.8456 0.0038 -0.5338
vn -0.8423 -0.2825 0.4591
vn -0.2768 0.7387 0.6146
vn -0.2654 0.5528 0.7900
vn 0.4011 0.2668 0.8763
vn 0.1640 0.9622 0.2175
vn 0.6056 0.7901 0.0944
vn 0.8772 0.3358 -0.3432
vn 0.4812 0.0827 -0.8727
vn -0.1551 0.7125 0.6843
vn -0.1968 0.9792 -0.0490
vn -0.3674 0.1441 0.9188
vn 0.4028 -0.8130 0.4205
vn -0.2552 -0.4556 0.8528
vn -0.1601 -0.9549 0.2501
vn -0.8440 -0.0243 0.5358
vn -0.9986 -0.0518 0.0036
vn -0.8243 -0.5296 0.2003
vn 0.8875 0.4023 -0.2246
vn 0.5366 0.2662 -0.8008
vn 0.6408 0.6657 0.3823
vn -0.2071 0.1725 -0.9630
vn -0.2385 -0.5848 -0.7753
vn -0.3215 0.7048 -0.6324
vn -0.9991 -0.0401 0.0122
vn -0.8415 -0.3274 -0.4298
vn -0.8437 0.0171 0.5365
vn 0.8141 0.5540 -0.1741
vn 0.3114 0.7832 -0.5382
vn 0.3709 0.8708 0.3226
vn 0.8114 0.5617 -0.1620
vn 0.0580 -0.9055 0.4204
vn -0.2819 -0.3605 0.8891
vn -0.3690 -0.9201 -0.1316
vn 0.0994 -0.9765 0.1915
vn -0.1000 -0.0742 0.9922
vn -0.0191 0.5568 0.8304
vn -0.2971 0.9309 0.2125
vn -0.8437 0.2119 0.4932
vn -0.9989 -0.0395 0.0238
vn -0.8300 -0.5576 0.0098
vn 0.4320 0.8183 0.3791
vn 0.8711 0.4900 -0.0340
vn 0.5760 0.4558 -0.6786
vn 0.4639 0.1271 -0.8767
vn -0.3067 -0.1277 -0.9432
vn -0.1040 0.5837 -0.8053
vn -0.9983 -0.0442 0.0382
vn -0.8298 -0.0644 0.5544
vn -0.8281 0.0919 0.5531
vn -0.9984 -0.0378 0.0429
vn 0.2369 0.8240 0.5147
vn -0.2752 0.8005 0.5324
vn -0.1707 0.0908 0.9811
vn -0.9322 0.1550 0.3270
vn -0.9339 0.1503 0.3243
vn -0.9345 0.1511 0.3224
vn -0.2147 -0.9767 -0.0013
vn 0.2851 -0.9442 0.1650
vn -0.2261 -0.5647 0.7937
vn 0.8912 0.4474 0.0745
vn 0.6059 0.5747 -0.5501
vn 0.5562 0.4676 0.6870
vn -0.1797 0.7098 -0.6811
vn 0.3318 0.6261 -0.7056
vn -0.1465 -0.1002 -0.9841
vn -0.1533 -0.2898 0.9447
vn -0.0466 0.3723 0.9269
vn -0.2801 0.8733 0.3987
vn 0.2201 0.3151 -0.9232
vn -0.2033 -0.3546 -0.9126
vn -0.1898 0.8568 -0.4793
vn -0.8438 0.4145 0.3409
vn -0.9995 -0.0148 0.0284
vn -0.8458 -0.5304 -0.0583
vn 0.6094 0.1621 0.7761
vn 0.8965 0.4022 0.1855
vn 0.5978 0.7191 -0.3542
vn 0.0530 -0.9656 0.2545
vn -0.5062 -0.5846 0.6340
vn -0.1211 -0.8883 -0.4431
vn -0.8220 -0.4382 0.3637
vn -0.9980 -0.0145 0.0623
vn -0.8470 -0.5264 -0.0737
vn -0.1563 0.9297 -0.3335
vn 0.0409 0.5313 -0.8462
vn -0.2352 -0.1817 -0.9548
vn 0.9961 0.0627 0.0618
vn 0.9748 -0.0880 0.2051
vn 0.9842 0.1056 -0.1425
vn -0.9425 -0.2200 0.2516
vn -0.9452 -0.3165 0.0798
vn -0.8211 -0.4425 0.3605
vn -0.8214 -0.4418 0.3607
vn 0.9954 -0.0756 0.0595
vn 0.9796 -0.1490 -0.1351
vn 0.9802 0.1015 0.1701
vn 0.9839 -0.1743 0.0400
vn 0.9960 -0.0003 -0.0892
vn 0.8910 0.4540 -0.0068
vn -0.9569 0.0376 0.2879
vn -0.9556 0.0351 0.2927
vn -0.9568 0.0385 0.2882
vn -0.8505 -0.3684 -0.3754
vn -0.8841 0.2612 -0.3875
vn -0.8507 -0.0569 -0.5226
vn -0.8512 -0.0600 -0.5213
vn 0.9466 0.1468 0.2871
vn 0.9465 0.1584 0.2813
vn 0.9424 0.1541 0.2969
vn 0.9875 0.1405 0.0716
vn 0.9951 -0.0689 0.0715
vn 0.8915 -0.3167 -0.3239
vn 0.8902 0.2045 -0.4072
vn 0.9957 0.0755 0.0539
vn 0.8741 -0.2639 0.4079
vn -0.9423 -0.1645 0.2915
vn -0.9456 -0.2936 0.1404
vn -0.8210 -0.3638 0.4399
vn -0.8215 -0.3628 0.4399
vn -0.9623 -0.0724 0.2623
vn -0.9621 -0.0741 0.2624
vn -0.9621 -0.0705 0.2633
vn 0.9459 0.2421 0.2158
vn 0.9459 0.2506 0.2061
vn 0.9452 0.2349 0.2266
vn -0.8357 0.2596 0.4840
vn -0.8495 0.4457 0.2823
vn -0.8833 0.4686 0.0106
vn 0.9431 0.3165 0.1017
vn 0.9403 0.3269 0.0946
vn 0.9396 0.3232 0.1123
vn 0.9949 -0.0270 -0.0975
vn 0.9730 0.1740 -0.1519
vn 0.9921 0.1098 0.0610
vn 0.9943 -0.0560 0.0906
vn 0.9730 -0.2298 -0.0221
vn 0.9855 -0.1347 -0.1029
vn -0.9483 -0.2230 0.2258
vn -0.9476 -0.2273 0.2245
vn -0.9473 -0.2239 0.2290
vn -0.9438 -0.1578 0.2904
vn -0.9448 -0.2609 0.1983
vn -0.8177 -0.2746 0.5060
vn -0.8179 -0.2735 0.5062
vn -0.8341 0.3604 0.4176
vn -0.8482 0.4981 0.1801
vn -0.8812 0.4639 -0.0906
vn 0.9841 0.0357 -0.1742
vn 0.9954 0.0912 0.0278
vn 0.9016 -0.1448 0.4077
vn 0.9389 0.3440 -0.0131
vn 0.9391 0.3437 0.0014
vn 0.9416 0.3366 -0.0049
vn -0.9474 -0.2856 0.1447
vn -0.9472 -0.2864 0.1443
vn 0.9394 0.3244 -0.1104
vn 0.9403 0.3252 -0.1000
vn 0.9418 0.3204 -0.1015
vn 0.9957 -0.0393 0.0838
vn 0.9736 -0.2283 -0.0017
vn 0.9833 0.1688 0.0679
vn -0.8572 -0.2061 -0.4718
vn -0.8298 -0.4843 -0.2772
vn -0.8325 0.1017 -0.5447
vn 0.9955 -0.0397 -0.0865
vn 0.9733 0.1488 -0.1745
vn 0.9819 -0.1752 0.0724
vn -0.9456 0.3247 -0.0221
vn -0.8282 0.4622 0.3170
vn -0.8282 0.5575 0.0570
vn -0.8463 -0.4009 0.3508
vn -0.8339 -0.1832 0.5206
vn -0.8075 0.1408 0.5728
vn 0.9946 0.1034 0.0117
vn 0.9729 0.0801 0.2168
vn 0.9930 -0.0851 -0.0825
vn -0.9587 -0.2842 0.0106
vn 0.9911 -0.0349 0.1281
vn 0.9952 -0.0577 -0.0796
vn 0.9737 0.1144 -0.1969
vn 0.9453 0.2656 -0.1892
vn 0.9433 0.2673 -0.1969
vn 0.9447 0.2726 -0.1825
vn -0.9384 -0.3243 -0.1191
vn 0.9890 0.1431 -0.0380
vn 0.9940 -0.0195 0.1076
vn 0.9041 -0.4177 -0.0900
vn 0.9530 0.2007 -0.2270
vn 0.9547 0.1911 -0.2281
vn 0.9538 0.1857 -0.2360
vn -0.8425 -0.4310 -0.3231
vn -0.8884 -0.0099 -0.4589
vn -0.8314 -0.3496 -0.4319
vn -0.8317 -0.3501 -0.4309
vn 0.9720 0.0723 -0.2238
vn 0.9812 0.1158 -0.1547
vn 0.9935 -0.0795 -0.0811
vn 0.9935 -0.0793 -0.0814
vn -0.8425 -0.3307 0.4253
vn -0.8408 -0.0774 0.5358
vn -0.8455 0.2465 0.4736
vn 0.9719 0.1401 0.1891
vn 0.9953 -0.0912 0.0311
vn 0.9933 0.1143 -0.0176
vn 0.9936 0.1117 -0.0163
vn 0.9415 0.1523 -0.3006
vn 0.9419 0.1473 -0.3020
vn 0.9390 0.1457 -0.3116
vn -0.9185 0.3424 -0.1977
vn -0.8464 0.4657 0.2582
vn -0.8250 0.5623 -0.0560
vn -0.8251 0.5621 -0.0568
vn 0.9539 0.0672 -0.2926
vn 0.9548 0.0608 -0.2909
vn 0.9542 0.0535 -0.2944
vn -0.6529 0.4682 -0.5954
vn -0.0908 0.9841 0.1527
vn -0.0864 0.9106 -0.4041
vn 0.1543 0.6922 -0.7050
vn -0.9530 -0.2109 -0.2174
vn 0.9963 -0.0700 -0.0502
vn 0.9745 0.0519 -0.2182
vn 0.9817 -0.1113 0.1544
vn 0.9111 0.3707 -0.1804
vn 0.9952 0.0030 0.0976
vn 0.8797 -0.4659 0.0954
vn -0.1393 0.3087 0.9409
vn -0.3115 0.7679 0.5597
vn -0.1656 -0.4737 0.8650
vn 0.9476 0.1827 0.2619
vn -0.9241 0.2981 0.2389
vn -0.9400 0.3096 0.1434
vn -0.9222 0.3756 0.0921
vn -0.9420 0.3343 0.0292
vn -0.1845 0.9670 0.1757
vn -0.3522 0.7239 -0.5932
vn -0.2808 0.6829 0.6743
vn -0.2573 0.8513 0.4573
vn 0.0303 0.9729 -0.2293
vn -0.2692 0.5357 -0.8004
vn 0.0494 0.7562 -0.6525
vn -0.3350 0.0943 -0.9375
vn -0.3005 0.9437 -0.1381
vn 0.1770 0.8214 -0.5422
vn -0.3786 -0.8579 0.3473
vn -0.5408 -0.7412 -0.3977
vn 0.2055 -0.8623 -0.4628
vn 0.2355 -0.9629 0.1315
vn 0.9439 0.1198 -0.3078
vn 0.9421 0.0302 -0.3338
vn -0.9430 0.0142 -0.3324
vn -0.9230 -0.0468 -0.3818
vn -0.9412 -0.1123 -0.3185
vn -0.9374 -0.1679 -0.3052
vn -0.0654 -0.5689 -0.8198
vn -0.2596 -0.9657 -0.0109
vn -0.2605 -0.0805 -0.9621
vn -0.1913 -0.3958 -0.8982
vn 0.1416 -0.9414 -0.3062
vn -0.2747 -0.9225 0.2713
vn -0.3122 -0.6878 0.6553
vn -0.2247 -0.8085 -0.5439
vn -0.0363 -0.9976 -0.0595
vn 0.2414 -0.9289 0.2809
vn 0.9250 0.3559 -0.1331
vn 0.9414 -0.3068 0.1398
vn -0.9430 -0.2566 0.2118
vn -0.9255 -0.2395 0.2934
vn -0.9397 -0.1611 0.3018
vn -0.9318 -0.1044 0.3476
vn 0.4224 0.0143 0.9063
vn -0.2216 0.4658 0.8567
vn -0.1788 -0.4330 0.8835
vn 0.9519 0.0769 0.2965
vn -0.9330 0.1865 0.3078
vn -0.9449 0.2103 0.2508
vn -0.8431 0.3728 0.3876
vn -0.8568 0.4957 0.1421
vn -0.8290 0.1447 0.5402
vn 0.9323 0.2888 0.2178
vn 0.9417 0.3077 0.1363
vn 0.9437 0.3272 0.0497
vn -0.9295 0.3669 -0.0371
vn -0.9202 -0.3420 0.1904
vn 0.9389 0.2803 -0.1997
vn 0.9477 0.2004 -0.2484
vn -0.9307 0.1327 -0.3408
vn -0.9307 0.0792 -0.3571
vn 0.9362 -0.0801 -0.3422
vn 0.9397 -0.1737 -0.2945
vn -0.9222 -0.2423 -0.3014
vn -0.9429 -0.2481 -0.2223
vn 0.9464 -0.2925 -0.1373
vn 0.9474 -0.3177 -0.0386
vn 0.9295 -0.3660 0.0455
vn -0.9357 -0.3378 0.1022
vn 0.9312 -0.2673 0.2477
vn 0.8336 -0.3514 -0.4262
vn 0.2939 -0.6914 -0.6600
vn 0.6141 0.2501 -0.7486
vn 0.8313 -0.3487 -0.4327
vn 0.9433 -0.1835 0.2768
vn 0.9483 -0.0827 0.3065
vn -0.9369 -0.0338 0.3481
vn 0.6533 -0.5880 0.4769
vn 0.4135 -0.5889 -0.6945
vn 0.8635 -0.4695 -0.1843
vn 0.8649 -0.4694 -0.1780
vn 0.6161 0.6522 -0.4417
vn 0.8872 0.0174 -0.4610
vn 0.5841 -0.6118 -0.5333
vn -0.0155 0.3625 0.9319
vn -0.2998 0.2265 0.9267
vn -0.1762 -0.5894 0.7884
vn 0.9463 -0.2291 -0.2283
vn 0.5671 -0.0302 -0.8231
vn 0.8764 -0.3736 -0.3039
vn 0.6547 -0.7079 0.2650
vn -0.8407 -0.4966 -0.2158
vn -0.9991 0.0006 -0.0423
vn -0.8469 0.5285 -0.0581
vn -0.2035 -0.3563 -0.9119
vn 0.3699 -0.3274 -0.8695
vn -0.0906 -0.9154 -0.3922
vn -0.8450 -0.4702 -0.2549
vn -0.9990 0.0121 -0.0435
vn -0.8374 0.5305 -0.1314
vn 0.9461 0.3207 -0.0451
vn -0.1398 -0.1756 0.9745
vn -0.2793 0.6065 0.7444
vn -0.2083 -0.6766 0.7063
vn -0.9990 0.0201 -0.0390
vn -0.8458 0.5122 0.1494
vn -0.8416 -0.3435 -0.4168
vn 0.2673 0.8190 -0.5077
vn -0.2897 0.8124 -0.5060
vn -0.1416 0.9563 0.2557
vn -0.9200 -0.3412 -0.1928
vn -0.8306 -0.0078 -0.5568
vn -0.9990 0.0290 -0.0331
vn -0.8494 0.4359 0.2975
vn -0.1844 -0.4974 -0.8477
vn 0.1178 -0.4565 -0.8819
vn -0.3026 -0.9317 -0.2011
vn -0.9381 0.3311 -0.1016
vn 0.6618 -0.3427 -0.6668
vn 0.8870 -0.4610 -0.0251
vn 0.6550 -0.4094 0.6351
vn -0.8294 0.5204 0.2034
vn -0.8208 0.5709 0.0190
vn -0.9979 0.0543 -0.0341
vn -0.9980 0.0543 -0.0334
vn 0.5683 -0.7407 -0.3582
vn -0.3279 -0.9078 -0.2615
vn -0.1897 -0.7001 -0.6884
vn 0.0536 -0.5243 -0.8498
vn 0.8794 -0.4625 0.1132
vn 0.5248 -0.4764 0.7054
vn 0.5906 -0.6312 -0.5028
vn -0.1622 0.9854 0.0513
vn 0.2452 0.7023 -0.6683
vn -0.2933 0.6817 -0.6703
vn -0.8336 0.1545 -0.5303
vn -0.9992 0.0371 -0.0158
vn -0.8494 0.2692 0.4540
vn -0.9211 0.3206 -0.2209
vn -0.9376 0.3082 -0.1611
vn -0.9983 0.0587 -0.0051
vn -0.8250 0.4381 0.3571
vn -0.8492 0.0143 -0.5278
vn -0.9364 -0.3297 -0.1206
vn 0.8818 -0.4034 0.2443
vn 0.4419 -0.4123 0.7967
vn 0.6441 -0.6845 -0.3413
vn -0.8225 0.4213 -0.3821
vn -0.9993 0.0362 -0.0074
vn -0.8546 0.1391 0.5003
vn -0.3699 -0.8778 -0.3044
vn -0.1317 -0.7767 -0.6159
vn 0.0258 -0.6786 -0.7341
vn 0.2489 -0.9384 0.2396
vn 0.6249 -0.7701 -0.1280
vn 0.8756 -0.3319 0.3510
vn 0.4606 -0.1269 0.8785
vn -0.9980 0.0588 0.0253
vn -0.8482 -0.1868 0.4956
vn -0.8154 0.5683 0.1100
vn -0.8411 0.3155 -0.4393
vn -0.9991 0.0409 0.0107
vn -0.8303 0.3526 0.4317
vn -0.9306 -0.3617 -0.0555
vn 0.2866 0.5170 -0.8066
vn -0.2636 0.5055 -0.8215
vn -0.1369 0.9713 -0.1945
vn 0.8864 -0.2230 0.4056
vn 0.5697 0.2868 0.7701
vn 0.5639 -0.8015 0.1990
vn -0.9229 0.2440 -0.2980
vn 0.5822 -0.7753 0.2449
vn 0.8337 -0.1776 0.5229
vn 0.2709 -0.2533 0.9287
vn -0.9347 0.0380 0.3533
vn -0.9988 0.0420 0.0267
vn -0.8334 -0.2742 0.4798
vn -0.8337 0.5144 0.2007
vn 0.4277 -0.8527 -0.2999
vn -0.1322 -0.9494 0.2847
vn -0.1548 -0.8643 -0.4786
vn 0.5757 -0.6592 0.4838
vn 0.8963 -0.0452 0.4412
vn 0.6067 0.5876 0.5354
vn 0.1497 0.2010 -0.9681
vn -0.4097 0.7073 -0.5761
vn -0.0180 0.9183 -0.3956
vn -0.3012 0.5568 0.7742
vn -0.4393 0.2699 0.8568
vn 0.3739 -0.1255 0.9189
vn 0.2590 0.6698 0.6959
vn -0.9995 0.0154 0.0288
vn -0.8280 -0.3620 0.4282
vn -0.8595 0.4712 -0.1981
vn 0.9067 0.0856 0.4130
vn 0.6439 0.7209 0.2564
vn 0.5843 -0.4652 0.6650
vn -0.9400 -0.3401 0.0290
vn -0.9389 0.1794 -0.2937
vn -0.8265 0.5600 0.0579
vn -0.9992 0.0042 0.0392
vn -0.8526 -0.3897 0.3480
vn 0.3663 -0.9303 0.0179
vn -0.2006 -0.8461 0.4939
vn -0.2874 -0.9056 -0.3118
vn -0.2575 0.8258 -0.5018
vn 0.3243 0.3838 -0.8646
vn -0.2025 0.0717 -0.9767
vn 0.4544 -0.0539 0.8892
vn 0.8697 0.2423 0.4299
vn 0.6200 0.7829 0.0519
vn -0.9351 0.1216 0.3328
vn 0.8280 0.4198 0.3718
vn 0.2624 0.6819 0.6828
vn 0.2646 0.8362 0.4804
vn 0.8234 0.4126 0.3895
vn -0.9991 0.0012 0.0413
vn -0.8433 -0.5301 0.0884
vn -0.8405 0.4567 0.2915
vn 0.9100 -0.0104 0.4146
vn 0.8617 0.5022 0.0722
vn 0.8603 -0.5098 -0.0006
vn 0.6360 0.3386 -0.6935
vn 0.6322 0.2667 -0.7274
vn 0.3482 0.0444 -0.9364
vn 0.2558 -0.2958 -0.9203
vn 0.2646 0.3829 -0.8851
vn 0.0428 -0.0386 -0.9983
vn -0.0489 -0.7647 -0.6425
vn -0.1178 0.7109 -0.6933
vn 0.0319 0.3138 0.9490
vn 0.0207 0.9128 0.4078
vn -0.4012 -0.3734 0.8364
vn 0.0570 -0.3025 -0.9514
vn -0.1218 0.4919 -0.8621
vn 0.0632 -0.2959 -0.9531
vn 0.0724 -0.8903 -0.4495
vn -0.0011 -0.2577 -0.9662
vn 0.0802 -0.8872 -0.4543
vn 0.0171 0.2195 -0.9755
vn -0.0711 0.8677 -0.4919
vn 0.0214 0.2237 -0.9744
vn 0.0418 -0.7340 -0.6779
vn -0.1465 -0.9859 0.0809
vn -0.0530 0.0148 -0.9985
vn 0.0511 0.4755 -0.8782
vn -0.2208 0.9411 -0.2559
vn 0.0532 0.4780 -0.8767
vn 0.0982 -0.6741 0.7321
vn 0.0200 0.0905 0.9957
vn -0.0802 -0.9968 -0.0010
vn 0.0462 -0.5382 -0.8415
vn -0.0516 0.2733 -0.9606
vn 0.0558 -0.5313 -0.8454
vn 0.8588 0.5110 -0.0358
vn 0.8582 -0.4186 0.2971
vn 0.6363 -0.7078 -0.3068
vn 0.6380 -0.4081 -0.6530
vn 0.8587 0.3867 -0.3363
vn 0.8576 -0.0289 0.5136
vn 0.6335 -0.4391 0.6371
vn 0.6373 -0.7702 0.0275
vn 0.6346 -0.7507 0.1837
vn 0.8592 0.4667 -0.2098
vn 0.8588 -0.4063 0.3120
vn 0.6347 -0.6738 0.3782
vn 0.8593 0.3989 -0.3201
vn 0.8586 -0.2752 0.4325
vn 0.8563 0.0790 -0.5104
vn 0.8561 0.4881 -0.1700
vn 0.6232 -0.0593 0.7798
vn 0.6378 -0.4613 -0.6168
vn 0.6354 -0.5753 0.5150
vn 0.8589 0.2509 -0.4465
vn 0.8588 -0.1036 0.5018
vn 0.6340 -0.7687 0.0849
vn 0.8563 0.1047 -0.5058
vn 0.8625 0.0989 0.4962
vn 0.8530 0.1297 -0.5056
vn 0.8557 0.5094 -0.0912
vn 0.6257 0.0074 0.7801
vn 0.6404 -0.5585 -0.5272
vn 0.8570 -0.1830 -0.4817
vn 0.8548 0.5107 0.0922
vn 0.6406 -0.7675 0.0253
vn 0.6409 -0.3946 0.6585
vn 0.6395 -0.7369 0.2189
vn 0.8612 -0.1883 -0.4721
vn 0.8557 0.4683 0.2202
vn 0.8581 -0.3620 -0.3643
vn 0.8555 0.4169 -0.3070
vn 0.6323 0.1689 0.7561
vn 0.6440 -0.5918 0.4848
vn 0.6380 0.5782 0.5087
vn 0.8580 -0.4751 0.1951
vn 0.8556 -0.3451 -0.3858
vn 0.6250 0.7324 -0.2702
vn 0.8594 0.5055 0.0770
vn 0.6384 -0.2965 0.7103
vn 0.8606 -0.4426 -0.2519
vn 0.8583 0.4119 -0.3060
vn 0.6339 0.5340 0.5595
vn 0.8585 -0.4983 0.1211
vn 0.6361 0.3080 0.7075
vn 0.8563 -0.4626 0.2299
vn 0.8572 -0.0709 -0.5100
vn 0.6294 0.4032 -0.6643
vn 0.8576 0.2581 -0.4448
vn 0.6252 0.6601 -0.4163
vn 0.8610 -0.3881 0.3287
vn 0.6335 0.7557 0.1659
vn 0.8580 -0.3005 0.4165
vn 0.8576 -0.1667 -0.4866
vn 0.6296 0.1620 -0.7598
vn 0.8589 -0.1161 -0.4988
vn 0.6327 0.4780 -0.6092
vn 0.8580 -0.2425 0.4528
vn 0.8571 0.1541 0.4916
vn 0.8547 -0.5173 0.0440
vn 0.6403 -0.1286 -0.7573
vn 0.6359 0.7255 -0.2634
vn 0.6394 0.7517 -0.1614
vn 0.8576 0.2444 0.4525
vn 0.8561 -0.4715 0.2117
vn 0.6190 -0.5671 -0.5434
vn 0.8592 0.4031 0.3151
vn 0.8527 -0.3797 0.3588
vn 0.6326 -0.2312 -0.7392
vn 0.6390 0.5166 -0.5699
vn 0.8586 0.4693 0.2064
vn 0.8581 -0.5100 0.0606
vn 0.6353 0.0231 -0.7720
vn 0.6406 0.3495 -0.6837
vn -0.6639 -0.6488 -0.3718
vn -0.8718 -0.4653 0.1532
vn -0.8701 0.4918 0.0336
vn -0.6630 -0.2865 -0.6916
vn -0.6639 -0.5390 -0.5183
vn -0.8714 -0.4905 -0.0021
vn -0.8709 0.1379 0.4718
vn -0.6621 0.3561 -0.6594
vn 0.6272 -0.7702 0.1159
vn 0.8594 -0.4166 -0.2963
vn 0.8567 0.4765 -0.1977
vn 0.6376 0.1342 0.7586
vn 0.6359 0.7683 0.0723
vn 0.8585 -0.1602 0.4872
vn 0.8555 -0.4410 -0.2714
vn 0.6304 0.3429 -0.6964
vn -0.8709 0.3922 0.2961
vn -0.6634 0.6269 -0.4084
vn -0.8709 -0.4705 -0.1418
vn -0.8726 0.3373 0.3534
vn -0.6670 0.7096 -0.2271
vn -0.8682 -0.4324 -0.2433
vn -0.8711 0.2693 0.4107
vn -0.6625 0.4959 -0.5614
vn -0.8714 -0.3781 -0.3125
vn -0.8707 0.1392 0.4717
vn -0.6642 0.6198 -0.4179
vn -0.8709 -0.3181 -0.3745
vn -0.6710 -0.2479 -0.6988
vn -0.8693 -0.3086 -0.3862
vn -0.8723 -0.0215 0.4884
vn -0.6623 0.3108 0.6817
vn 0.6332 -0.5114 0.5810
vn 0.8575 -0.4549 -0.2404
vn 0.8573 0.2369 -0.4571
vn 0.6330 0.2265 0.7403
vn 0.6373 -0.7214 0.2711
vn 0.8590 0.1628 -0.4854
vn 0.8584 0.0214 0.5126
vn 0.8547 -0.0709 0.5142
vn 0.8579 -0.5136 -0.0174
vn 0.6283 0.1231 -0.7682
vn 0.6391 0.7682 -0.0379
vn -0.8709 0.0192 0.4911
vn -0.6650 0.5135 0.5423
vn -0.8698 -0.1733 -0.4619
vn -0.6649 0.3464 -0.6618
vn -0.8695 -0.0740 -0.4883
vn -0.8708 -0.1493 0.4683
vn -0.6664 0.1313 0.7339
vn -0.8695 0.0236 -0.4934
vn -0.8709 -0.1803 0.4573
vn -0.6615 0.4839 0.5729
vn -0.8696 0.1076 -0.4819
vn -0.8701 -0.2179 0.4421
vn -0.6612 0.4580 0.5943
vn -0.8700 0.1841 -0.4574
vn -0.8698 -0.2871 0.4012
vn 0.6337 -0.1882 0.7504
vn 0.8578 -0.4913 -0.1509
vn 0.8558 0.2100 -0.4727
vn 0.6323 0.7323 0.2531
vn -0.6610 0.6045 0.4446
vn -0.8707 0.2104 -0.4444
vn -0.8698 -0.3682 0.3284
vn -0.8703 0.3209 -0.3737
vn -0.8734 -0.3896 -0.2921
vn -0.6662 -0.4052 0.6261
vn -0.6625 0.0659 0.7461
vn 0.6432 0.6146 0.4567
vn 0.8572 0.0652 0.5108
vn 0.8560 -0.5129 0.0646
vn 0.6221 0.0197 -0.7827
vn -0.6659 -0.5420 0.5127
vn -0.8695 0.4378 -0.2286
vn -0.8703 -0.4796 0.1117
vn -0.6666 -0.6748 0.3168
vn -0.8690 0.4802 -0.1192
vn -0.8707 -0.4917 -0.0131
vn 0.6342 0.3782 0.6744
vn 0.8584 -0.4983 0.1218
vn 0.8575 0.1034 -0.5040
vn 0.6306 0.7650 0.1308
vn -0.6602 0.0467 0.7497
vn -0.8709 0.4909 -0.0217
vn -0.8713 -0.4842 -0.0801
vn -0.8717 0.4576 0.1756
vn -0.8700 -0.1315 -0.4751
vn -0.6639 -0.7390 -0.1148
vn -0.6616 -0.2410 0.7101
vn -0.6649 0.5505 0.5048
vn -0.8713 0.4856 0.0712
vn -0.8702 -0.4492 -0.2026
vn -0.8717 -0.3824 -0.3064
vn -0.6705 0.1218 0.7319
vn -0.8683 0.4531 0.2016
vn -0.6646 0.1306 0.7357
vn -0.8701 0.4301 0.2407
vn -0.8718 0.1844 -0.4539
vn -0.6604 -0.6748 0.3293
vn -0.6691 0.2455 0.7015
vn -0.8691 0.4048 0.2842
vn -0.8712 0.2027 -0.4472
vn -0.6642 -0.2530 -0.7035
vn -0.6628 -0.7488 0.0008
vn -0.8710 -0.0541 0.4883
vn -0.8711 0.4701 0.1422
vn -0.6642 -0.2311 -0.7110
vn 0.8593 -0.3616 -0.3619
vn 0.6371 0.7704 0.0242
vn 0.8592 0.2006 0.4707
vn -0.6651 -0.7461 0.0326
vn -0.8714 0.1233 0.4749
vn -0.8705 0.1259 -0.4758
vn -0.8691 0.0770 -0.4886
vn -0.6657 -0.4933 -0.5600
vn -0.8696 0.0932 0.4850
vn -0.6643 -0.7399 0.1062
vn -0.8708 -0.3045 0.3859
vn -0.8706 0.4910 -0.0302
vn -0.6646 -0.5618 -0.4928
vn -0.8707 0.3028 -0.3875
vn -0.6635 -0.7327 0.1514
vn -0.8707 -0.1558 0.4666
vn -0.8705 0.3812 -0.3113
vn -0.6620 -0.7492 -0.0203
vn -0.8709 -0.2285 0.4352
vn -0.6646 -0.7400 -0.1037
vn -0.8707 -0.3929 0.2957
vn -0.8705 0.4884 -0.0610
vn -0.6649 -0.5880 -0.4606
vn -0.6655 -0.6180 -0.4185
vn -0.8704 -0.3942 0.2950
vn -0.8708 0.4868 0.0684
vn -0.6629 0.0160 -0.7486
vn -0.6655 -0.2703 -0.6958
vn -0.8707 -0.4777 0.1166
vn -0.8704 0.2347 0.4329
vn -0.6646 0.4536 -0.5938
vn -0.3009 0.0888 -0.9495
vn -0.0893 0.8687 -0.4873
vn 0.3509 0.7779 -0.5212
vn 0.1880 0.0915 -0.9779
vn 0.3348 -0.1400 -0.9318
vn -0.6259 0.0710 -0.7767
vn -0.0628 0.5397 -0.8395
vn -0.0596 -0.2841 -0.9569
vn -0.5767 0.3818 -0.7222
vn 0.0777 0.6383 -0.7658
vn 0.6115 0.4956 -0.6168
vn 0.2036 -0.2575 -0.9446
vn 0.1828 0.7199 -0.6696
vn -0.1202 -0.0957 -0.9881
vn -0.5962 -0.0123 -0.8028
vn -0.1977 0.7866 -0.5849
vn -0.3448 0.7395 0.5781
vn -0.5698 0.4576 0.6826
vn 0.0023 -0.0890 0.9960
vn 0.2363 0.7096 0.6638
vn 0.4574 0.8124 -0.3617
vn 0.0945 0.1915 -0.9769
vn -0.0649 0.9392 -0.3372
vn -0.0398 0.2887 -0.9566
vn -0.5148 0.3022 -0.8022
vn -0.1386 0.9565 -0.2569
vn 0.4696 0.8333 -0.2919
vn 0.0781 0.3341 -0.9393
vn -0.0482 0.9843 -0.1698
vn -0.0523 0.4306 -0.9010
vn -0.2838 0.3714 -0.8840
vn -0.1423 0.9841 -0.1061
vn 0.5092 0.8566 -0.0839
vn 0.1284 0.4986 -0.8573
vn 0.0355 0.9993 0.0141
vn -0.0576 0.5959 -0.8010
vn -0.5407 0.5422 -0.6431
vn -0.1642 0.9826 0.0873
vn 0.4786 0.8760 0.0601
vn 0.0783 0.6543 -0.7522
vn -0.0244 0.9806 0.1944
vn -0.0328 0.7259 -0.6870
vn -0.5319 0.6690 -0.5192
vn -0.1215 0.9583 0.2585
vn 0.4712 0.8643 0.1761
vn 0.0536 0.7557 -0.6527
vn -0.0291 0.9400 0.3401
vn -0.0561 0.8216 -0.5672
vn -0.5614 0.7242 -0.4005
vn -0.1428 0.9032 0.4048
vn 0.5096 0.7815 0.3598
vn 0.1341 0.8616 -0.4896
vn 0.0391 0.8533 0.5199
vn -0.0617 0.9170 -0.3942
vn -0.5518 0.7832 -0.2866
vn -0.1768 0.8033 0.5687
vn -0.0654 0.9754 -0.2103
vn -0.5453 0.8295 -0.1204
vn -0.1652 0.6774 0.7169
vn 0.4998 0.6126 0.6123
vn 0.0940 0.9873 -0.1283
vn 0.0015 0.6017 0.7987
vn 0.5487 0.5341 0.6432
vn 0.0748 0.9968 0.0279
vn 0.0639 0.4549 0.8883
vn -0.1783 0.9619 0.2072
vn -0.6485 0.7053 0.2865
vn -0.1794 0.3014 0.9365
vn 0.5742 0.3495 0.7404
vn 0.1186 0.9607 0.2510
vn 0.1117 0.2381 0.9648
vn -0.1478 0.9032 0.4030
vn -0.6198 0.6566 0.4298
vn -0.1668 0.1060 0.9803
vn 0.5542 0.3143 0.7708
vn -0.0001 0.8925 0.4511
vn 0.0274 0.0428 0.9987
vn -0.4436 0.5705 0.6912
vn -0.4921 -0.1019 0.8645
vn 0.1637 -0.2332 0.9586
vn -0.0059 0.6573 0.7536
vn 0.2836 -0.5283 -0.8003
vn -0.3509 -0.4491 -0.8217
vn -0.0390 -0.1601 -0.9863
vn 0.0213 0.3574 -0.9337
vn 0.4799 0.1112 0.8703
vn -0.1720 0.4029 0.8989
vn -0.0314 -0.5713 0.8202
vn -0.0482 0.2172 0.9749
vn -0.5332 0.1495 0.8327
vn -0.1752 -0.7013 0.6910
vn 0.4814 -0.6508 0.5871
vn 0.1208 0.1060 0.9870
vn -0.0072 -0.8064 0.5913
vn -0.1276 0.0136 0.9917
vn -0.5894 -0.0157 0.8077
vn -0.2344 -0.8278 0.5098
vn 0.5237 -0.7562 0.3922
vn 0.1598 -0.1156 0.9804
vn 0.0537 -0.9216 0.3843
vn -0.1287 -0.2183 0.9674
vn -0.5934 -0.2138 0.7760
vn -0.2281 -0.9268 0.2984
vn 0.5144 -0.8247 0.2350
vn 0.1432 -0.3260 0.9345
vn 0.0472 -0.9844 0.1697
vn -0.1754 -0.4197 0.8905
vn -0.6292 -0.3608 0.6885
vn -0.2621 -0.9616 0.0817
vn 0.5548 -0.8309 0.0413
vn 0.1731 -0.5342 0.8274
vn 0.0912 -0.9937 -0.0652
vn 0.4962 -0.8682 -0.0084
vn 0.0240 -0.6714 0.7407
vn -0.0038 -0.9742 -0.2255
vn -0.0938 -0.7663 0.6356
vn -0.5943 -0.6993 0.3973
vn -0.1273 -0.9373 -0.3244
vn 0.4969 -0.8516 -0.1670
vn 0.0379 -0.7901 0.6119
vn 0.0047 -0.9199 -0.3922
vn -0.0729 -0.8561 0.5117
vn -0.5631 -0.7676 0.3061
vn -0.1045 -0.8762 -0.4704
vn 0.5226 -0.8016 -0.2904
vn 0.0597 -0.8752 0.4800
vn 0.0297 -0.8469 -0.5309
vn 0.4843 -0.8748 -0.0118
vn -0.1704 -0.9445 0.2810
vn -0.0239 -0.7338 -0.6790
vn 0.4228 -0.8189 -0.3882
vn -0.2217 -0.9677 0.1204
vn -0.0535 -0.6104 -0.7903
vn -0.1135 -0.9924 -0.0471
vn -0.6619 -0.6596 -0.3562
vn -0.0490 -0.4874 -0.8718
vn 0.5661 -0.3654 -0.7389
vn 0.0844 -0.9555 -0.2827
vn 0.0909 -0.2092 -0.9737
vn 0.5902 -0.1657 -0.7901
vn 0.1096 -0.8558 -0.5056
vn 0.1252 0.0391 -0.9914
vn 0.5798 0.1291 -0.8044
vn 0.1885 -0.6942 -0.6946
vn 0.1557 0.2936 -0.9432
vn 0.5403 0.3764 -0.7526
vn 0.1523 -0.4836 -0.8619
vn 0.1004 0.5161 -0.8506
vn 0.1378 0.2365 -0.9618
vn 0.7684 -0.0608 -0.6371
vn -0.1975 -0.1609 -0.9670
vn -0.5551 -0.2878 -0.7804
vn -0.3572 0.1835 -0.9158
vn 0.2718 -0.4625 -0.8439
vn 0.8150 -0.3380 -0.4707
vn 0.9050 0.3445 -0.2497
vn 0.8549 0.0064 0.5188
vn -0.0887 -0.9815 -0.1696
vn 0.1908 -0.9760 0.1052
vn 0.1642 -0.9794 0.1177
vn 0.1313 0.3112 -0.9412
vn 0.7725 -0.1783 -0.6095
vn 0.3359 -0.5415 -0.7707
vn 0.2217 -0.9637 0.1486
vn -0.0431 -0.9921 0.1176
vn 0.2576 -0.8771 0.4053
vn -0.0510 -0.9902 0.1303
vn -0.1500 -0.9768 0.1531
vn -0.1299 -0.9761 0.1742
vn -0.1411 -0.9743 0.1755
vn 0.6565 -0.0401 0.7533
vn 0.2105 0.5121 0.8327
vn -0.2599 -0.2614 0.9296
vn -0.0087 0.4509 0.8925
vn -0.0887 -0.3420 0.9355
vn 0.4332 -0.3484 0.8313
vn 0.5380 0.3082 0.7846
vn -0.0609 -0.3924 0.9178
vn -0.3357 0.4374 0.8342
vn -0.6551 -0.2824 0.7008
vn 0.9272 0.1605 0.3384
vn 0.8503 -0.2290 0.4739
vn 0.8896 -0.2833 -0.3584
vn -0.9111 0.0587 -0.4081
vn -0.8491 -0.4400 -0.2923
vn -0.8510 -0.3506 0.3909
vn -0.9122 0.2424 0.3303
vn -0.6831 0.6817 -0.2619
vn -0.1717 0.9802 -0.0983
vn -0.3212 0.7492 -0.5793
vn -0.4505 0.8113 -0.3727
vn -0.4320 0.8366 0.3368
vn -0.0871 0.9935 -0.0727
vn 0.0317 -0.2375 0.9709
vn -0.2711 0.4584 0.8464
vn -0.7419 -0.1724 0.6480
vn 0.0289 0.9902 -0.1368
vn 0.0287 0.9909 -0.1315
vn 0.0430 0.9924 -0.1150
vn 0.0432 0.9874 -0.1523
vn 0.1553 -0.0975 -0.9830
vn 0.6023 -0.0852 -0.7937
vn -0.2845 -0.3345 -0.8984
vn -0.8967 0.1464 -0.4177
vn -0.8628 -0.3056 -0.4029
vn -0.8667 -0.1064 0.4874
vn -0.8960 0.4017 0.1893
vn -0.8792 0.3104 -0.3614
vn -0.8610 -0.1834 -0.4743
vn -0.8767 -0.1048 0.4695
vn -0.9161 0.1679 0.3640
vn 0.8504 -0.3168 -0.4201
vn 0.9355 0.2458 0.2537
vn 0.8204 -0.5567 0.1304
vn 0.7646 -0.2946 0.5732
vn 0.5517 0.4486 0.7031
vn 0.0026 -0.0752 0.9972
vn -0.6416 0.0194 0.7668
vn 0.2430 -0.2482 0.9377
vn 0.1249 0.4971 0.8586
vn -0.3783 0.6280 0.6800
vn 0.6258 0.7278 -0.2805
vn 0.1126 0.9643 -0.2396
vn -0.2231 0.9692 0.1039
vn -0.8854 -0.2012 0.4189
vn -0.9189 0.0791 -0.3864
vn -0.8834 -0.3098 -0.3516
vn 0.3865 -0.2124 0.8975
vn -0.0048 0.4862 0.8738
vn -0.5316 -0.0898 0.8422
vn -0.1170 0.9865 -0.1143
vn -0.6308 0.7537 -0.1845
vn -0.1128 0.9885 -0.1003
vn 0.0152 0.9892 -0.1456
vn -0.3895 0.9096 -0.1447
vn -0.3991 0.9082 -0.1261
vn 0.4879 -0.8381 0.2440
vn 0.0666 -0.9908 0.1174
vn 0.0903 -0.9915 0.0941
vn -0.0671 0.1614 -0.9846
vn -0.3467 -0.5893 -0.7298
vn -0.7868 -0.2090 -0.5807
vn 0.9045 0.3468 0.2484
vn 0.8592 -0.1915 0.4745
vn 0.8131 -0.3060 -0.4953
vn 0.8285 0.4272 -0.3621
vn 0.3148 0.9276 -0.2010
vn -0.1303 0.9597 -0.2492
vn 0.3036 0.9344 -0.1863
vn 0.3169 0.9323 -0.1743
vn 0.0318 0.8505 -0.5250
vn -0.0924 0.9945 -0.0484
vn 0.0853 -0.9921 0.0922
vn -0.1415 -0.8881 0.4373
vn -0.0315 -0.9678 -0.2496
vn 0.9011 0.3670 0.2310
vn 0.8309 0.1237 0.5425
vn 0.8498 -0.0572 -0.5241
vn 0.1313 0.0759 -0.9884
vn -0.2319 -0.6185 -0.7508
vn -0.6917 -0.0655 -0.7192
vn 0.1864 -0.9824 0.0131
vn 0.6198 -0.7835 0.0446
vn 0.1901 -0.9815 0.0230
vn 0.2344 0.3539 0.9054
vn 0.0435 -0.2952 0.9544
vn 0.7293 -0.4441 0.5206
vn 0.7453 0.4155 0.5215
vn 0.5022 -0.8647 -0.0124
vn 0.0838 -0.9964 -0.0097
vn -0.0405 -0.9034 -0.4269
vn -0.6456 0.0668 0.7607
vn -0.6363 -0.2920 0.7141
vn 0.1430 -0.3461 0.9272
vn -0.2427 0.4046 0.8817
vn -0.0489 -0.9980 0.0396
vn 0.0993 -0.9266 -0.3628
vn -0.0375 -0.9987 0.0350
vn -0.1353 -0.9880 0.0742
vn -0.1340 -0.9870 0.0884
vn -0.1453 -0.9855 0.0875
vn 0.5148 -0.4942 0.7006
vn 0.4943 0.3024 0.8150
vn -0.2578 -0.0492 0.9650
vn -0.0086 -0.0352 -0.9993
vn 0.3014 -0.4211 -0.8555
vn -0.3711 -0.3494 -0.8604
vn -0.7219 0.1090 0.6834
vn -0.5000 -0.4841 0.7181
vn 0.0257 -0.3099 0.9504
vn -0.1294 0.3337 0.9337
vn 0.9221 0.2443 0.3000
vn 0.8077 -0.5741 0.1342
vn 0.8781 -0.1290 -0.4608
vn -0.5992 -0.1849 -0.7790
vn -0.0604 0.3857 -0.9206
vn 0.3089 -0.1673 -0.9363
vn -0.4346 0.8492 -0.2999
vn -0.4200 0.8141 0.4011
vn -0.0777 0.9969 0.0085
vn -0.0980 0.9941 -0.0473
vn -0.1401 0.9895 -0.0357
vn -0.1108 0.9938 -0.0090
vn 0.3587 -0.0139 -0.9334
vn 0.4432 -0.4985 -0.7450
vn -0.1580 -0.1306 -0.9788
vn -0.8905 -0.3987 -0.2191
vn -0.8800 -0.1470 0.4516
vn -0.9133 0.1427 0.3814
vn -0.8782 0.3447 -0.3315
vn -0.8658 -0.1695 0.4709
vn -0.9203 0.2314 -0.3153
vn -0.8501 -0.4120 -0.3280
vn 0.3886 -0.3917 0.8340
vn 0.0571 0.3895 0.9193
vn -0.4419 -0.2237 0.8688
vn -0.0075 -0.3356 -0.9420
vn -0.7493 -0.2636 -0.6075
vn -0.7650 -0.0047 -0.6440
vn 0.0103 0.1079 -0.9941
vn 0.6295 -0.2209 -0.7449
vn 0.0570 -0.4757 -0.8778
vn 0.1952 -0.0129 -0.9807
vn 0.2155 -0.0112 -0.9764
vn 0.5974 -0.0832 0.7976
vn -0.0552 0.3849 0.9213
vn -0.4291 -0.0339 0.9026
vn 0.1373 0.9863 -0.0911
vn 0.1236 0.9871 -0.1022
vn 0.1135 0.9886 -0.0987
vn 0.9104 0.0476 0.4110
vn 0.7961 -0.5980 0.0929
vn 0.8642 -0.3451 -0.3661
vn -0.9228 0.1093 -0.3695
vn -0.8176 -0.5539 -0.1573
vn -0.8857 -0.2307 0.4028
vn 0.8800 -0.4061 -0.2462
vn 0.8949 0.3851 -0.2256
vn 0.8321 0.1054 0.5446
vn 0.2792 -0.3659 -0.8878
vn -0.2432 -0.3912 -0.8876
vn -0.0307 0.0191 -0.9993
vn 0.0065 0.5275 -0.8496
vn -0.3501 0.8636 0.3628
vn -0.3818 0.9224 -0.0584
vn -0.3969 0.9169 -0.0413
vn 0.5385 0.8425 0.0139
vn 0.0484 0.9912 -0.1233
vn -0.1492 0.9286 0.3398
vn -0.3224 0.9466 -0.0075
vn -0.5961 0.7104 -0.3743
vn -0.3366 0.9416 0.0045
vn 0.2640 0.7859 -0.5592
vn 0.0779 0.9944 -0.0719
vn 0.0957 0.9940 -0.0528
vn -0.2788 0.4397 0.8538
vn -0.6359 -0.0760 0.7680
vn 0.3199 -0.2832 0.9041
vn -0.8658 -0.1131 0.4874
vn -0.7812 0.5210 -0.3438
vn -0.8170 -0.3840 -0.4301
vn 0.5318 0.8009 0.2751
vn 0.2365 0.9590 -0.1559
vn -0.2186 0.9745 -0.0504
vn 0.0854 0.2179 -0.9722
vn -0.2337 -0.5469 -0.8039
vn -0.7045 -0.0173 -0.7095
vn -0.0492 -0.9987 -0.0103
vn 0.3730 -0.9189 0.1281
vn -0.0479 -0.8986 0.4362
vn 0.0856 -0.9913 -0.1000
vn 0.0847 -0.9920 -0.0934
vn 0.4861 -0.7769 -0.4003
vn 0.3665 -0.9297 -0.0364
vn 0.1225 0.4414 -0.8889
vn 0.7402 -0.1020 -0.6646
vn 0.3259 -0.4256 -0.8442
vn -0.0242 -0.9983 -0.0528
vn 0.1342 -0.9368 0.3231
vn -0.0276 -0.9985 -0.0480
vn 0.8235 -0.5662 -0.0357
vn 0.9314 0.3639 -0.0012
vn 0.8740 -0.1411 0.4649
vn 0.7021 -0.6375 -0.3171
vn 0.9632 0.2688 0.0078
vn 0.8807 -0.2576 0.3976
vn 0.7059 -0.1760 0.6861
vn 0.2438 0.3257 0.9135
vn -0.2503 -0.3982 0.8825
vn 0.9209 0.1469 0.3611
vn 0.8478 -0.1743 0.5008
vn 0.8665 -0.4965 -0.0517
vn 0.9143 0.3923 -0.1011
vn -0.9181 0.3060 -0.2517
vn -0.8471 -0.3884 -0.3626
vn -0.8567 -0.3586 0.3707
vn -0.8953 -0.0957 0.4350
vn 0.0245 0.9996 0.0162
vn -0.0031 0.8689 -0.4949
vn -0.1656 0.8693 0.4658
vn 0.5304 -0.4575 0.7137
vn 0.4863 0.1856 0.8539
vn -0.3173 -0.1790 0.9313
vn -0.6139 -0.1795 -0.7687
vn -0.3836 0.4297 -0.8174
vn 0.2486 -0.1135 -0.9619
vn -0.8633 -0.2713 0.4255
vn -0.8951 0.4026 0.1913
vn -0.8606 0.0076 -0.5093
vn 0.3758 0.0766 -0.9235
vn 0.4840 -0.4225 -0.7663
vn -0.1415 -0.0491 -0.9887
vn -0.0041 -0.4268 0.9043
vn -0.2799 0.3064 0.9098
vn -0.7503 -0.2894 0.5944
vn -0.8785 0.3720 -0.2998
vn -0.8899 -0.3718 -0.2641
vn -0.8779 -0.1856 0.4415
vn -0.9096 0.1151 0.3993
vn 0.3738 -0.3406 0.8627
vn -0.2436 0.1879 0.9515
vn -0.5996 -0.3269 0.7305
vn 0.0575 0.9963 0.0641
vn 0.0557 0.9978 0.0364
vn 0.0517 0.9973 0.0513
vn -0.8127 -0.5437 -0.2096
vn -0.8629 -0.3657 0.3489
vn -0.9511 0.2442 0.1891
vn -0.8904 0.0123 -0.4551
vn 0.1669 0.9857 -0.0241
vn 0.1480 0.9884 -0.0329
vn 0.1287 0.9913 -0.0274
vn -0.5679 0.0860 -0.8186
vn 0.1776 0.3366 -0.9247
vn 0.0996 -0.4162 -0.9038
vn -0.6069 -0.1870 0.7725
vn 0.3332 -0.3740 0.8655
vn -0.0041 0.3639 0.9314
vn -0.3622 0.4831 0.7971
vn 0.9033 0.3199 -0.2858
vn 0.8141 0.0917 0.5735
vn 0.9000 -0.3889 -0.1969
vn 0.2945 0.9556 0.0017
vn 0.2887 0.9573 -0.0183
vn 0.2711 0.9625 -0.0115
vn 0.1798 0.0567 -0.9821
vn 0.5832 -0.1660 -0.7952
vn -0.2970 -0.1233 -0.9469
vn -0.3385 -0.8457 -0.4126
vn 0.1309 -0.9911 0.0220
vn -0.5445 -0.6814 0.4890
vn 0.4090 0.9105 0.0611
vn -0.0998 0.9902 0.0976
vn -0.1064 0.9874 0.1169
vn -0.0585 0.3403 -0.9385
vn -0.3633 -0.4616 -0.8093
vn -0.7811 -0.1099 -0.6146
vn -0.1641 -0.9708 -0.1751
vn 0.5556 -0.8306 -0.0377
vn 0.1759 -0.9819 -0.0706
vn 0.2936 0.8275 -0.4786
vn 0.0969 0.9949 0.0269
vn 0.1230 0.9915 0.0425
vn 0.2987 0.9500 0.0909
vn -0.4466 0.8100 -0.3801
vn -0.2265 0.9708 0.0785
vn -0.2313 0.9697 0.0790
vn 0.8402 -0.2409 0.4858
vn 0.2871 0.3881 0.8758
vn 0.0077 -0.0681 0.9976
vn 0.1216 0.9216 -0.3685
vn -0.1440 0.9883 0.0500
vn 0.2094 0.8885 0.4084
vn -0.1287 -0.9879 -0.0868
vn -0.1400 -0.9863 -0.0873
vn -0.5492 0.6528 -0.5218
vn 0.0811 -0.0336 -0.9961
vn -0.6780 -0.2839 -0.6780
vn -0.0501 -0.9940 -0.0971
vn 0.3689 -0.9283 0.0469
vn -0.0485 -0.9346 0.3523
vn 0.1248 0.4814 -0.8676
vn 0.7482 -0.0638 -0.6603
vn 0.3331 -0.3873 -0.8597
vn 0.8197 -0.5673 -0.0786
vn 0.9340 0.3555 0.0349
vn 0.8700 -0.1904 0.4549
vn 0.5689 0.1737 -0.8039
vn -0.1325 -0.2544 -0.9580
vn 0.1180 0.1935 -0.9740
vn -0.3314 -0.7965 -0.5057
vn -0.3025 -0.9509 -0.0651
vn -0.6621 -0.7331 0.1557
vn -0.2591 -0.6404 0.7230
vn -0.1448 0.2404 0.9598
vn -0.6812 -0.3543 0.6407
vn 0.0243 0.9941 0.1059
vn -0.0011 0.9104 -0.4137
vn -0.1711 0.8234 0.5411
vn 0.5278 -0.4811 0.7000
vn 0.4846 0.1586 0.8602
vn -0.3110 -0.2108 0.9267
vn -0.6230 -0.0732 -0.7788
vn -0.3580 0.5219 -0.7742
vn 0.2499 -0.0166 -0.9681
vn -0.9021 0.1689 0.3971
vn -0.8564 -0.0751 -0.5108
vn -0.8787 -0.4202 0.2267
vn 0.1114 -0.2843 0.9522
vn -0.2670 0.2476 0.9313
vn -0.7762 -0.2374 0.5841
vn -0.8659 -0.2500 0.4333
vn -0.9169 0.2904 -0.2738
vn -0.8479 -0.3837 -0.3658
vn -0.2253 0.9660 0.1270
vn -0.2127 0.9690 0.1258
vn -0.2229 0.9676 0.1187
vn -0.1773 0.9738 0.1421
vn -0.1621 0.9769 0.1395
vn -0.1932 0.9730 0.1265
vn 0.8901 -0.4502 -0.0707
vn 0.8855 0.4638 -0.0276
vn 0.8483 -0.1592 0.5050
vn 0.8429 -0.0660 0.5339
vn 0.8759 -0.4112 -0.2524
vn 0.9058 0.4174 -0.0733
vn 0.9145 0.2280 0.3341
vn 0.0569 0.9862 0.1553
vn 0.0529 0.9908 0.1247
vn 0.0482 0.9888 0.1415
vn -0.8762 -0.2262 0.4255
vn -0.8711 0.4412 0.2156
vn -0.8484 0.0928 -0.5211
vn 0.1686 0.9832 0.0697
vn 0.1564 0.9856 0.0644
vn 0.1476 0.9866 0.0698
vn 0.1460 0.9843 0.0994
vn 0.1150 0.9885 0.0978
vn 0.1374 0.9850 0.1045
vn -0.5909 0.1967 -0.7824
vn 0.1856 0.4087 -0.8936
vn 0.2987 -0.0917 -0.9499
vn 0.5159 -0.1577 0.8420
vn -0.2713 0.1279 0.9540
vn -0.4660 -0.3716 0.8030
vn -0.0950 0.9793 0.1790
vn -0.2133 0.9030 -0.3730
vn -0.0990 0.9780 0.1837
vn -0.1880 0.8731 0.4498
vn -0.3897 0.9162 0.0932
vn -0.4166 0.9034 0.1012
vn -0.4517 0.6937 0.5610
vn -0.1712 0.9754 0.1389
vn -0.1428 0.8890 -0.4350
vn 0.7098 -0.2380 -0.6629
vn -0.1543 0.0496 -0.9868
vn 0.3365 0.1627 -0.9275
vn 0.7038 0.4115 -0.5790
vn -0.2490 0.9576 -0.1448
vn -0.6984 0.7059 -0.1176
vn 0.1900 0.9801 0.0579
vn -0.2752 0.2651 0.9241
vn -0.5933 -0.2125 0.7764
vn 0.3983 -0.3819 0.8340
vn 0.9241 0.0986 0.3691
vn 0.7542 -0.6021 0.2620
vn 0.8676 -0.3020 -0.3952
vn 0.8380 -0.2901 0.4621
vn 0.2900 0.3099 0.9055
vn 0.0091 -0.1575 0.9875
vn 0.9036 0.2707 0.3321
vn 0.8602 -0.3085 0.4060
vn 0.8186 -0.2154 -0.5325
vn 0.8257 0.5078 -0.2455
vn -0.8912 -0.2043 0.4051
vn -0.8933 0.4146 -0.1738
vn -0.7866 -0.5481 -0.2842
vn 0.1473 0.5261 -0.8376
vn 0.7636 0.1558 -0.6266
vn -0.2062 0.1511 -0.9668
vn -0.5818 0.0687 -0.8104
vn -0.3019 0.5555 -0.7748
vn 0.3261 -0.0031 -0.9453
vn -0.0469 -0.9817 -0.1846
vn 0.3719 -0.9276 -0.0361
vn -0.0444 -0.9615 0.2713
vn -0.1819 -0.9773 -0.1085
vn 0.2615 -0.9622 -0.0758
vn -0.4819 -0.8562 0.1863
vn 0.3564 -0.9094 -0.2143
vn 0.3465 -0.9118 -0.2203
vn 0.0528 -0.8466 -0.5295
vn 0.5661 -0.6665 -0.4851
vn -0.0855 -0.8652 -0.4940
vn 0.1889 -0.9526 -0.2384
vn 0.1812 -0.9554 -0.2330
vn 0.2232 0.1137 0.9681
vn 0.1628 -0.6340 0.7560
vn 0.7636 -0.5369 0.3588
vn 0.7516 0.2444 0.6126
vn 0.1211 0.5908 -0.7977
vn 0.7457 0.0334 -0.6654
vn 0.3033 -0.2728 -0.9130
vn -0.8637 -0.0055 -0.5040
vn -0.8719 -0.4307 0.2331
vn -0.9146 -0.0509 0.4012
vn -0.8945 0.3598 -0.2654
vn -0.0043 0.2316 -0.9728
vn 0.2880 -0.2090 -0.9345
vn -0.4042 -0.0499 -0.9133
vn -0.3443 -0.6850 0.6421
vn -0.1005 0.1420 0.9848
vn -0.7119 -0.3084 0.6310
vn 0.9332 0.3576 -0.0356
vn 0.8654 -0.1746 0.4697
vn 0.8666 0.0295 -0.4981
vn 0.4929 0.0294 0.8696
vn -0.3302 -0.3294 0.8846
vn 0.3374 -0.6950 0.6350
vn -0.4684 -0.2792 -0.8382
vn -0.5313 0.3654 -0.7643
vn 0.2582 -0.0163 -0.9659
vn -0.4660 0.8818 -0.0722
vn -0.4341 0.6584 0.6149
vn -0.0778 0.9600 0.2688
vn -0.9112 0.1980 -0.3612
vn -0.8475 -0.3520 -0.3973
vn -0.8513 -0.4632 0.2464
vn -0.9121 0.1187 0.3924
vn 0.1366 -0.2840 0.9490
vn -0.6556 0.0638 0.7524
vn -0.4784 -0.6531 0.5871
vn -0.1694 0.9604 0.2213
vn -0.1824 0.9592 0.2158
vn -0.1792 0.9584 0.2220
vn -0.2308 0.9501 0.2101
vn -0.2139 0.9532 0.2138
vn -0.2384 0.9510 0.1969
vn 0.0142 -0.0487 -0.9987
vn -0.7791 -0.0288 -0.6262
vn -0.7718 0.1737 -0.6117
vn 0.0059 0.3544 -0.9351
vn 0.8905 -0.4427 -0.1055
vn 0.8852 0.4651 0.0110
vn 0.8484 -0.2011 0.4897
vn 0.1623 0.2274 -0.9602
vn 0.6101 0.1816 -0.7713
vn -0.2742 -0.0291 -0.9612
vn -0.8611 -0.0866 0.5009
vn -0.8700 0.4725 -0.1407
vn -0.8886 -0.3201 -0.3285
vn -0.6422 -0.1905 0.7425
vn 0.3415 -0.4691 0.8145
vn 0.0518 0.1899 0.9804
vn -0.3686 0.3519 0.8604
vn 0.1652 0.9740 0.1550
vn 0.1539 0.9766 0.1503
vn 0.1374 0.9784 0.1546
vn 0.5001 0.7848 -0.3659
vn -0.0024 0.9892 -0.1463
vn 0.3020 0.9402 0.1575
vn 0.9114 -0.0722 0.4051
vn 0.7981 -0.5956 -0.0905
vn 0.8567 -0.2494 -0.4515
vn 0.5099 -0.2847 0.8117
vn -0.2462 0.0282 0.9688
vn -0.3452 -0.6404 0.6860
vn -0.1187 0.9654 0.2322
vn -0.6341 0.7670 0.0984
vn -0.1145 0.9624 0.2461
vn -0.7325 -0.5444 -0.4087
vn -0.8661 -0.4018 0.2975
vn -0.9448 0.2161 0.2463
vn -0.9043 0.3276 -0.2736
vn 0.4185 0.8949 -0.1553
vn -0.0053 0.9728 0.2315
vn 0.0187 0.9713 0.2370
vn 0.8583 -0.2861 0.4260
vn 0.8435 -0.4782 0.2448
vn 0.7063 -0.5599 -0.4332
vn 0.8385 0.0422 -0.5433
vn 0.0761 0.9799 0.1845
vn -0.3868 0.9148 -0.1162
vn -0.3541 0.8367 0.4177
vn 0.1315 0.6002 -0.7890
vn 0.7621 0.0888 -0.6413
vn -0.1784 0.2235 -0.9582
vn -0.2396 -0.1551 -0.9584
vn -0.3278 0.5606 -0.7605
vn 0.3841 0.1079 -0.9170
vn -0.0474 -0.9619 -0.2694
vn 0.3675 -0.9224 -0.1188
vn -0.0452 -0.9830 0.1780
vn 0.0876 -0.9333 -0.3484
vn -0.2027 -0.9778 -0.0523
vn -0.1499 -0.7869 -0.5986
vn 0.1201 0.6584 -0.7430
vn 0.7437 0.0900 -0.6624
vn 0.3013 -0.1918 -0.9341
vn -0.1550 -0.9566 -0.2470
vn 0.2624 -0.1227 -0.9571
vn -0.2304 -0.1554 -0.9606
vn -0.0097 0.2867 -0.9580
vn 0.0150 0.7365 -0.6762
vn 0.6368 -0.3692 0.6769
vn 0.2279 0.1086 0.9676
vn -0.3290 -0.5701 0.7528
vn 0.9133 0.0456 0.4047
vn 0.8541 -0.5010 -0.1397
vn 0.8763 -0.3125 -0.3667
vn 0.9166 0.3584 -0.1773
vn 0.5588 -0.5801 0.5926
vn 0.4963 -0.0064 0.8681
vn -0.3066 -0.3871 0.8696
vn 0.0486 0.6089 -0.7917
vn 0.2666 0.2274 -0.9366
vn -0.6611 0.1590 -0.7332
vn 0.1920 -0.7074 0.6802
vn -0.3350 -0.0510 0.9408
vn -0.6676 -0.4442 0.5974
vn -0.9114 0.2261 -0.3439
vn -0.8474 -0.3262 -0.4189
vn -0.8507 -0.4813 0.2114
vn -0.9121 0.0842 0.4013
vn -0.0784 0.9560 0.2826
vn -0.5573 0.6751 0.4834
vn 0.2786 0.7685 0.5759
vn 0.1093 -0.4360 0.8933
vn -0.2686 0.0876 0.9593
vn -0.7824 -0.3150 0.5372
vn -0.8903 -0.3021 -0.3407
vn -0.8776 -0.2768 0.3914
vn -0.9152 0.0019 0.4031
vn -0.8774 0.4368 -0.1984
vn -0.1706 0.9376 0.3030
vn -0.1632 0.9361 0.3116
vn -0.1727 0.9406 0.2923
vn 0.1727 0.3045 -0.9367
vn 0.5586 0.0083 -0.8294
vn -0.2677 0.0729 -0.9607
vn 0.0658 0.9532 0.2953
vn 0.0378 0.9585 0.2825
vn 0.0430 0.9523 0.3022
vn -0.8608 -0.1802 0.4760
vn -0.8919 0.4052 -0.2008
vn -0.8604 -0.0087 -0.5096
vn 0.8241 -0.1577 -0.5441
vn 0.9301 0.3667 -0.0199
vn 0.8685 -0.3917 0.3039
vn -0.6355 -0.3332 0.6965
vn 0.3319 -0.5590 0.7599
vn 0.0320 0.1007 0.9944
vn -0.0616 0.3050 0.9504
vn 0.1519 0.9594 0.2377
vn 0.1340 0.9618 0.2387
vn 0.1256 0.9622 0.2417
vn 0.9056 0.3662 -0.2138
vn 0.8244 -0.0775 0.5606
vn 0.8869 -0.3150 -0.3379
vn -0.0759 0.5666 -0.8205
vn -0.3206 -0.2126 -0.9230
vn -0.7965 0.0878 -0.5982
vn -0.2045 0.9225 0.3273
vn 0.3505 0.8501 0.3931
vn -0.4224 0.8978 -0.1249
vn 0.0435 0.9449 0.3244
vn 0.1696 0.9621 -0.2137
vn 0.0246 0.9508 0.3090
vn -0.3654 0.8836 0.2929
vn -0.4271 0.8640 -0.2667
vn -0.3814 0.8815 0.2785
vn 0.2892 0.9223 -0.2562
vn 0.0912 0.9568 0.2762
vn 0.1207 0.9494 0.2900
vn 0.9011 0.2060 0.3815
vn 0.8624 -0.3701 0.3453
vn 0.8095 -0.0669 -0.5833
vn 0.8312 0.5302 -0.1674
vn 0.8480 -0.2586 0.4626
vn 0.2932 0.1262 0.9477
vn -0.0309 -0.3321 0.9427
vn -0.9215 0.2319 -0.3117
vn -0.7184 -0.4934 -0.4903
vn -0.8876 -0.3565 0.2917
vn -0.5908 0.1658 -0.7896
vn -0.3212 0.6481 -0.6905
vn 0.3153 0.1286 -0.9402
vn 0.6526 -0.0185 -0.7574
vn 0.3538 -0.1364 -0.9253
vn 0.0526 0.6456 -0.7618
vn 0.3541 0.4060 -0.8425
vn 0.2433 -0.0732 0.9672
vn 0.0394 -0.6979 0.7152
vn 0.7027 -0.6409 0.3090
vn 0.7442 0.1930 0.6395
vn 0.9032 -0.2002 0.3796
vn 0.8645 -0.4054 0.2973
vn 0.8217 -0.5115 -0.2515
vn 0.9064 0.3077 -0.2895
vn 0.4552 0.1158 -0.8828
vn -0.1772 -0.0838 -0.9806
vn 0.0209 0.3593 -0.9330
vn 0.0246 0.3749 -0.9267
vn -0.1440 -0.9281 -0.3432
vn -0.1416 -0.9301 -0.3389
vn -0.2919 -0.9068 -0.3040
vn 0.1103 -0.9776 -0.1794
vn -0.3137 -0.9416 0.1224
vn -0.6409 -0.2279 0.7330
vn -0.6631 -0.5251 0.5335
vn -0.3087 -0.7783 0.5468
vn -0.0542 -0.0272 0.9982
vn 0.4434 -0.1401 -0.8853
vn -0.1163 0.1752 -0.9776
vn 0.3560 0.3776 -0.8548
vn 0.3730 0.3773 -0.8477
vn -0.3277 0.7174 -0.6148
vn 0.2554 0.2190 -0.9417
vn -0.6275 0.1530 -0.7635
vn -0.4491 0.8905 0.0727
vn -0.4285 0.5622 0.7074
vn -0.0803 0.9016 0.4251
vn -0.0975 0.9207 0.3780
vn -0.1396 0.9116 0.3867
vn -0.1103 0.9042 0.4127
vn -0.3372 -0.3183 0.8860
vn -0.3936 -0.6544 0.6456
vn 0.3684 -0.7045 0.6066
vn 0.2637 -0.0339 0.9640
vn 0.1302 -0.4576 0.8795
vn -0.6502 -0.0605 0.7573
vn -0.4972 -0.7281 0.4718
vn -0.8660 -0.3523 0.3550
vn -0.9167 0.3524 -0.1884
vn -0.8502 -0.2486 -0.4641
vn -0.8760 0.4522 -0.1677
vn -0.8956 -0.2795 -0.3461
vn -0.8773 -0.3105 0.3660
vn -0.9096 -0.0244 0.4148
vn -0.8666 -0.3356 0.3693
vn -0.8896 0.3691 0.2689
vn -0.8547 0.1562 -0.4950
vn 0.2812 -0.1038 -0.9540
vn -0.2074 0.0288 -0.9778
vn 0.1716 0.3708 -0.9127
vn 0.1785 0.3825 -0.9065
vn 0.6320 -0.4535 0.6284
vn 0.0400 -0.0422 0.9983
vn -0.3136 -0.6304 0.7100
vn 0.9684 0.2331 0.0889
vn 0.8509 -0.4635 0.2473
vn 0.8035 -0.4617 -0.3757
vn 0.9070 0.3792 -0.1829
vn 0.8256 -0.1334 0.5482
vn 0.8832 -0.2698 -0.3837
vn 0.3072 0.8917 0.3324
vn 0.4295 0.8586 -0.2798
vn 0.2913 0.9041 0.3125
vn -0.6510 -0.3389 0.6792
vn 0.2834 -0.6371 0.7168
vn 0.1685 -0.0396 0.9849
vn -0.3636 0.1975 0.9104
vn -0.1247 0.7633 0.6339
vn -0.3826 0.8630 0.3300
vn -0.4087 0.8454 0.3437
vn -0.6017 0.5570 0.5725
vn -0.1664 0.9061 0.3889
vn -0.3408 0.9255 -0.1652
vn -0.0667 0.6378 -0.7673
vn -0.3243 -0.1430 -0.9351
vn -0.7867 0.1267 -0.6042
vn -0.3142 0.8638 0.3938
vn -0.6345 0.7729 -0.0038
vn -0.3305 0.8534 0.4032
vn 0.1664 -0.9860 -0.0108
vn -0.0386 -0.9238 -0.3810
vn -0.4187 -0.7800 -0.4651
vn 0.3044 -0.5515 -0.7767
vn 0.2184 0.9176 0.3322
vn 0.0130 0.9830 -0.1834
vn 0.1891 0.9148 0.3569
vn -0.8916 -0.3495 0.2880
vn -0.9125 0.3994 -0.0890
vn -0.7428 -0.4637 -0.4829
vn 0.3514 -0.8219 -0.4483
vn 0.0553 -0.6783 -0.7327
vn 0.5732 -0.5119 -0.6398
vn 0.1711 -0.8610 -0.4790
vn 0.6022 -0.7178 -0.3494
vn 0.1805 -0.8664 -0.4656
vn -0.5912 0.2485 -0.7673
vn -0.3428 0.6957 -0.6313
vn 0.3200 0.2249 -0.9203
vn 0.0982 -0.8653 -0.4916
vn 0.0746 -0.8809 -0.4673
vn 0.0869 -0.8687 -0.4876
vn -0.0498 -0.9014 -0.4302
vn 0.3659 -0.8884 -0.2771
vn -0.0443 -0.9989 0.0155
vn -0.8757 0.4673 -0.1216
vn -0.8967 -0.2506 -0.3649
vn -0.8692 -0.3104 0.3850
vn -0.9114 -0.0722 0.4052
vn 0.1338 0.7756 -0.6169
vn 0.7445 0.1920 -0.6394
vn 0.2923 -0.0292 -0.9559
vn 0.2661 -0.6852 -0.6780
vn -0.0235 -0.8831 -0.4686
vn -0.1493 -0.9105 -0.3857
vn -0.3247 -0.5690 -0.7555
vn -0.2961 -0.8745 -0.3842
vn -0.6377 -0.7617 -0.1144
vn -0.3135 -0.8389 0.4449
vn -0.1236 -0.1198 0.9851
vn -0.7147 -0.4643 0.5231
vn 0.9328 0.3571 0.0475
vn 0.8704 -0.2903 0.3977
vn 0.8618 0.1624 -0.4805
vn 0.1510 -0.1123 0.9821
vn -0.2350 -0.7544 0.6128
vn 0.6169 -0.5768 0.5355
vn -0.6862 0.3497 -0.6379
vn 0.1515 0.6472 -0.7471
vn 0.2160 0.2981 -0.9298
vn 0.8658 -0.2579 -0.4289
vn 0.9117 0.3925 0.1211
vn 0.8411 -0.2440 0.4827
vn -0.9277 0.3734 -0.0030
vn -0.8474 -0.2390 -0.4742
vn -0.8645 -0.3853 0.3227
vn -0.2247 0.8641 0.4504
vn -0.2065 0.8691 0.4494
vn -0.2317 0.8666 0.4419
vn -0.1780 0.8671 0.4652
vn -0.1710 0.8687 0.4648
vn -0.1832 0.8687 0.4602
vn 0.0882 0.5383 -0.8381
vn 0.5518 0.4764 -0.6845
vn -0.3303 0.2718 -0.9039
vn 0.0724 0.9009 0.4280
vn 0.0488 0.9019 0.4293
vn 0.0332 0.8963 0.4423
vn -0.8658 -0.3654 0.3419
vn -0.8895 0.3450 0.2995
vn -0.8554 0.1959 -0.4794
vn -0.0540 0.1267 -0.9905
vn -0.7793 0.1275 -0.6135
vn -0.7693 0.3299 -0.5471
vn 0.0049 0.5846 -0.8113
vn 0.2434 -0.0711 0.9673
vn 0.3556 -0.8161 0.4556
vn 0.8257 -0.4421 0.3504
vn 0.5869 -0.0415 0.8086
vn 0.1529 0.8996 0.4091
vn 0.1382 0.9035 0.4057
vn 0.1271 0.9005 0.4158
vn 0.9073 0.3939 -0.1471
vn 0.8240 -0.1740 0.5392
vn 0.8863 -0.2367 -0.3980
vn 0.5150 -0.4534 0.7274
vn -0.2564 -0.2149 0.9424
vn -0.3635 -0.7704 0.5238
vn 0.2858 0.8727 0.3960
vn 0.2848 0.8762 0.3889
vn 0.2801 0.8793 0.3852
vn 0.6327 0.5160 0.5775
vn 0.2264 0.9713 -0.0727
vn 0.0726 0.6737 0.7355
vn -0.1793 0.6694 0.7209
vn -0.3875 0.8287 0.4039
vn -0.4119 0.8143 0.4090
vn 0.5025 -0.8248 -0.2594
vn 0.0818 -0.8814 -0.4653
vn 0.1003 -0.8708 -0.4814
vn -0.2513 0.9456 0.2067
vn -0.6991 0.7001 0.1455
vn 0.1875 0.8941 0.4067
vn -0.2936 -0.0401 0.9551
vn -0.6283 -0.4611 0.6266
vn 0.3635 -0.6338 0.6828
vn 0.9261 -0.0484 0.3741
vn 0.7385 -0.6740 -0.0167
vn 0.8679 -0.1480 -0.4741
vn 0.1304 -0.6312 0.7646
vn -0.6118 0.0753 0.7874
vn -0.5840 -0.7515 0.3068
vn 0.7089 0.0016 -0.7053
vn -0.1558 0.3835 -0.9103
vn 0.3358 0.4682 -0.8173
vn 0.7036 0.5839 -0.4051
vn 0.2277 -0.2315 0.9458
vn 0.1072 -0.8457 0.5228
vn 0.7260 -0.6646 0.1766
vn 0.7469 0.0395 0.6637
vn -0.8924 -0.3312 0.3064
vn -0.8961 0.4430 -0.0288
vn -0.7810 -0.4050 -0.4754
vn -0.5704 0.3188 -0.7569
vn -0.3430 0.7544 -0.5597
vn 0.2557 0.1924 -0.9474
vn 0.1071 -0.8260 -0.5533
vn 0.1085 -0.8354 -0.5388
vn 0.1054 -0.8330 -0.5431
vn 0.2131 -0.8380 -0.5023
vn 0.1204 0.8418 -0.5261
vn 0.7686 0.2623 -0.5835
vn 0.3273 0.0797 -0.9416
vn 0.2711 -0.9331 -0.2362
vn -0.0396 -0.8429 -0.5365
vn -0.0414 -0.8433 -0.5359
vn 0.2665 -0.6246 -0.7341
vn 0.0666 0.0989 -0.9929
vn -0.2741 0.0302 -0.9612
vn -0.4870 0.6890 -0.5367
vn 0.0792 0.7247 -0.6845
vn 0.8361 -0.4438 -0.3226
vn 0.9334 0.3067 0.1861
vn 0.8624 -0.3721 0.3433
vn -0.1512 -0.8731 -0.4636
vn 0.7258 -0.4274 -0.5390
vn 0.9696 0.1979 0.1436
vn 0.8687 -0.4277 0.2500
vn 0.6818 -0.4890 0.5441
vn 0.2247 -0.1343 0.9651
vn -0.2757 -0.7553 0.5945
vn -0.8974 0.3808 -0.2230
vn -0.8629 0.0245 -0.5048
vn -0.8662 -0.3962 0.3046
vn -0.8948 0.1866 0.4055
vn -0.6734 0.6986 0.2420
vn -0.1558 0.8202 0.5505
vn -0.3183 0.9473 0.0363
vn -0.0927 0.8407 0.5335
vn -0.1351 0.8305 0.5404
vn -0.1056 0.8185 0.5647
vn 0.8536 0.1697 -0.4925
vn 0.9167 0.0790 0.3916
vn 0.8404 -0.2918 0.4567
vn 0.3605 0.5266 -0.7699
vn 0.4432 0.0186 -0.8962
vn -0.1554 0.4535 -0.8776
vn 0.1134 -0.5995 0.7923
vn -0.6624 -0.1991 0.7222
vn -0.7375 -0.5651 0.3697
vn -0.9281 0.3713 0.0290
vn -0.8467 -0.1986 -0.4936
vn -0.8643 -0.4124 0.2881
vn 0.3903 -0.6722 0.6291
vn -0.1982 -0.3275 0.9238
vn -0.5673 -0.7243 0.3919
vn 0.0876 0.6104 -0.7873
vn 0.5518 0.5315 -0.6427
vn -0.3333 0.3532 -0.8742
vn -0.8155 -0.3773 -0.4388
vn -0.8648 -0.4894 0.1126
vn -0.9504 0.1379 0.2787
vn -0.8865 0.2452 -0.3924
vn -0.8535 -0.2285 0.4683
vn -0.8651 0.5012 0.0217
vn -0.9011 -0.2198 -0.3738
vn -0.3395 0.8239 -0.4538
vn 0.0184 0.2974 -0.9546
vn -0.7974 0.2891 -0.5296
vn 0.6346 -0.5751 0.5162
vn 0.1387 -0.2244 0.9646
vn -0.3312 -0.7164 0.6141
vn -0.4298 0.7608 0.4863
vn -0.4299 0.7622 0.4840
vn -0.1168 0.6578 0.7441
vn -0.2575 0.9503 0.1747
vn -0.1620 -0.7565 -0.6336
vn 0.5734 -0.6964 -0.4317
vn 0.1796 -0.8146 -0.5515
vn -0.2535 0.9267 0.2774
vn -0.7009 0.6876 0.1899
vn 0.1859 0.8620 0.4716
vn -0.3085 -0.1156 0.9442
vn -0.6739 -0.4691 0.5709
vn 0.2925 -0.7490 0.5944
vn 0.1949 0.9426 0.2713
vn -0.5970 0.7811 0.1829
vn -0.2149 0.7892 0.5753
vn -0.2287 0.7881 0.5714
vn 0.9005 0.1332 0.4139
vn 0.8282 -0.2555 0.4988
vn 0.8526 0.2842 -0.4385
vn 0.9060 -0.2870 0.3112
vn 0.8630 -0.4679 0.1907
vn 0.8188 -0.4583 -0.3456
vn 0.9093 0.3626 -0.2042
vn -0.5574 0.3455 -0.7549
vn -0.3481 0.7877 -0.5083
vn 0.2587 0.2622 -0.9297
vn 0.2134 -0.7903 -0.5744
vn 0.0896 -0.7592 -0.6446
vn -0.1756 -0.8980 -0.4034
vn -0.1550 -0.5232 -0.8380
vn -0.0470 -0.7977 -0.6012
vn -0.0444 -0.7999 -0.5985
vn 0.0246 -0.2937 0.9556
vn -0.1581 -0.8748 0.4580
vn 0.5198 -0.7750 0.3593
vn 0.5492 -0.3342 0.7659
vn -0.2889 -0.7962 -0.5316
vn -0.2847 -0.7961 -0.5340
vn -0.2803 -0.7994 -0.5314
vn 0.0377 0.6215 -0.7825
vn 0.5107 0.5576 -0.6544
vn -0.1992 0.2246 -0.9539
vn 0.1864 -0.7615 0.6207
vn -0.1105 -0.2856 0.9520
vn -0.6820 -0.6246 0.3805
vn 0.9308 -0.1156 0.3468
vn 0.8704 -0.4605 0.1741
vn 0.8480 -0.0775 -0.5243
vn -0.1525 0.1224 -0.9807
vn -0.6222 0.2514 -0.7414
vn -0.4783 0.7538 -0.4506
vn 0.1833 0.6673 -0.7219
vn 0.9141 -0.0870 0.3960
vn 0.8481 -0.3322 0.4128
vn 0.8587 -0.1905 -0.4757
vn 0.9194 0.3911 -0.0414
vn -0.2293 0.7683 0.5976
vn -0.2070 0.7834 0.5861
vn -0.0923 0.7919 0.6036
vn -0.1345 0.7810 0.6098
vn -0.1051 0.7671 0.6329
vn 0.0234 0.7956 0.6054
vn 0.0272 0.7939 0.6075
vn 0.0374 0.7819 0.6223
vn 0.0377 0.8048 0.5923
vn 0.3543 0.5873 -0.7277
vn 0.4405 0.0958 -0.8926
vn -0.1606 0.5296 -0.8329
vn 0.0966 -0.7603 0.6424
vn -0.2672 -0.2556 0.9291
vn -0.7769 -0.4918 0.3932
vn -0.8658 -0.4326 0.2514
vn -0.9171 0.3871 -0.0955
vn -0.8493 -0.1241 -0.5132
vn -0.1777 0.7669 0.6166
vn -0.1590 0.7693 0.6188
vn -0.1888 0.7772 0.6003
vn -0.8962 0.4019 -0.1876
vn -0.8639 0.0652 -0.4995
vn -0.8661 -0.4188 0.2729
vn -0.8940 0.1531 0.4211
vn -0.8758 0.4813 -0.0368
vn -0.8968 -0.1790 -0.4047
vn -0.8743 -0.3960 0.2805
vn -0.9096 -0.1367 0.3924
vn 0.8652 -0.3935 0.3108
vn 0.1884 -0.3613 0.9132
vn 0.2330 -0.8933 0.3844
vn 0.0176 0.3767 -0.9262
vn -0.7760 0.2391 -0.5836
vn -0.7712 0.4133 -0.4842
vn 0.0076 0.7190 -0.6950
vn -0.6151 -0.5574 0.5577
vn 0.2311 -0.8544 0.4654
vn 0.1983 -0.2806 0.9391
vn -0.3516 -0.0459 0.9350
vn 0.1446 0.8069 0.5728
vn 0.1562 0.8291 0.5368
vn 0.1373 0.8163 0.5610
vn 0.8811 -0.1438 -0.4506
vn 0.8934 0.4432 0.0740
vn 0.8317 -0.2649 0.4880
vn 0.5210 -0.5608 0.6434
vn -0.2489 -0.3827 0.8897
vn -0.4472 -0.7626 0.4674
vn 0.2171 0.6124 -0.7602
vn 0.5766 0.2699 -0.7711
vn -0.2716 0.4825 -0.8327
vn -0.1517 0.5497 0.8214
vn -0.3767 0.7509 0.5424
vn -0.4039 0.7308 0.5504
vn 0.3498 -0.6769 -0.6476
vn 0.0492 -0.4584 -0.8874
vn 0.5740 -0.3205 -0.7535
vn -0.9169 0.3504 -0.1913
vn -0.7447 -0.3083 -0.5920
vn -0.8949 -0.3991 0.1998
vn -0.8802 0.2038 0.4285
vn -0.8614 0.1299 -0.4910
vn -0.7953 -0.6050 -0.0377
vn -0.0470 -0.7580 -0.6506
vn 0.3672 -0.7870 -0.4958
vn -0.0433 -0.9684 -0.2456
vn -0.1806 -0.7956 -0.5782
vn 0.2610 -0.8010 -0.5387
vn -0.4915 -0.8259 -0.2764
vn 0.0857 -0.6901 -0.7186
vn 0.0732 -0.6940 -0.7163
vn 0.0652 -0.6884 -0.7224
vn 0.2262 -0.3993 0.8885
vn 0.1078 -0.9246 0.3653
vn 0.7255 -0.6858 0.0570
vn 0.7454 -0.0749 0.6624
vn 0.1141 0.9239 -0.3651
vn 0.7352 0.3949 -0.5510
vn 0.3113 0.2553 -0.9154
vn 0.0443 0.2456 -0.9684
vn -0.4392 0.1678 -0.8826
vn -0.5651 0.6566 -0.4995
vn 0.1119 0.8137 -0.5703
vn 0.8286 -0.3821 -0.4092
vn 0.9272 0.2824 0.2462
vn 0.8757 -0.4007 0.2694
vn 0.5371 -0.8270 0.1660
vn 0.5168 -0.3612 0.7762
vn -0.2739 -0.7113 0.6474
vn 0.6585 -0.6000 0.4543
vn 0.2178 -0.2958 0.9301
vn -0.2602 -0.8760 0.4062
vn 0.1258 -0.7042 -0.6987
vn -0.2879 -0.7406 -0.6071
vn -0.3953 -0.3915 -0.8309
vn 0.8589 0.1797 -0.4796
vn 0.9124 0.0190 0.4089
vn 0.8485 -0.4590 0.2633
vn -0.0433 0.3903 -0.9197
vn -0.7719 0.2872 -0.5672
vn -0.7670 0.4666 -0.4405
vn 0.0089 0.7800 -0.6257
vn -0.9451 0.0318 0.3252
vn -0.8686 0.0198 -0.4951
vn -0.8383 -0.5296 -0.1292
vn -0.0932 0.7328 0.6741
vn -0.1079 0.7214 0.6841
vn -0.1016 0.7078 0.6991
vn 0.3301 0.6940 -0.6398
vn 0.7858 0.4436 -0.4309
vn 0.1554 0.2620 -0.9525
vn 0.3923 -0.7854 0.4788
vn -0.1855 -0.4867 0.8537
vn -0.5643 -0.7839 0.2591
vn -0.1685 0.7237 0.6692
vn -0.1556 0.7144 0.6823
vn -0.1716 0.7342 0.6569
vn 0.0844 0.7394 -0.6680
vn 0.5571 0.6297 -0.5414
vn -0.3230 0.4946 -0.8069
vn -0.8616 -0.3684 0.3492
vn -0.8920 0.4519 -0.0122
vn -0.8626 0.1157 -0.4925
vn -0.8594 -0.3224 0.3970
vn -0.8684 0.4831 0.1117
vn -0.8922 -0.1225 -0.4347
vn -0.4186 0.6811 0.6007
vn -0.4321 0.6692 0.6045
vn -0.2294 0.4250 0.8756
vn -0.2525 0.9063 0.3389
vn 0.1546 0.7790 0.6077
vn 0.1452 0.7830 0.6048
vn 0.1334 0.7826 0.6081
vn 0.9112 -0.2670 0.3137
vn 0.7957 -0.4741 -0.3769
vn 0.8563 0.0197 -0.5160
vn -0.5680 0.6113 -0.5510
vn -0.2196 0.9018 -0.3723
vn 0.2885 0.4208 -0.8601
vn 0.8913 -0.1433 -0.4302
vn 0.8933 0.4324 0.1225
vn 0.8203 -0.3036 0.4847
vn 0.3006 0.7252 0.6195
vn 0.2975 0.7371 0.6068
vn 0.2800 0.7370 0.6151
vn -0.6785 -0.3411 0.6506
vn -0.4541 -0.8749 0.1682
vn -0.0889 -0.9393 0.3315
vn 0.1165 -0.6731 0.7303
vn 0.5056 -0.7321 -0.4564
vn 0.0655 -0.7393 -0.6701
vn 0.1055 -0.7195 -0.6865
vn 0.3543 -0.6199 -0.7001
vn 0.0656 -0.3742 -0.9250
vn 0.5785 -0.2541 -0.7751
vn 0.2813 0.9451 0.1664
vn 0.0882 0.7460 0.6601
vn 0.1130 0.7330 0.6708
vn -0.2625 0.8391 0.4765
vn -0.7078 0.6088 0.3583
vn 0.1675 0.7213 0.6720
vn -0.2743 -0.3467 0.8970
vn -0.5606 -0.6629 0.4963
vn 0.4323 -0.7756 0.4599
vn -0.2098 0.6741 0.7082
vn 0.2113 0.8581 0.4679
vn -0.6646 0.6291 0.4031
vn -0.5677 0.4726 -0.6741
vn -0.3570 0.8605 -0.3634
vn 0.2447 0.4238 -0.8721
vn -0.8801 0.1646 0.4453
vn -0.8619 0.1728 -0.4767
vn -0.7950 -0.5999 -0.0895
vn -0.8651 -0.3443 0.3648
vn -0.8885 -0.0457 0.4567
vn -0.8600 0.3020 -0.4113
vn 0.9041 -0.3448 0.2523
vn 0.8536 -0.5189 0.0464
vn 0.8262 -0.3623 -0.4315
vn 0.8992 0.4136 -0.1429
vn 0.3523 0.3563 -0.8654
vn -0.3664 0.4788 -0.7978
vn -0.0236 0.7233 -0.6901
vn 0.0277 0.9657 -0.2582
vn -0.1444 -0.7111 -0.6881
vn 0.6550 -0.6401 0.4015
vn 0.2169 -0.3789 0.8997
vn -0.2682 -0.9057 0.3284
vn 0.0061 0.8304 -0.5571
vn -0.1617 0.3762 -0.9123
vn -0.7812 0.3242 -0.5334
vn -0.7622 0.5042 -0.4059
vn -0.2988 -0.6804 -0.6691
vn -0.2947 -0.6798 -0.6716
vn -0.2904 -0.6837 -0.6695
vn 0.1250 -0.6440 -0.7548
vn -0.2957 -0.6831 -0.6678
vn -0.4048 -0.3025 -0.8629
vn 0.8464 0.1967 -0.4949
vn 0.9004 0.3461 0.2636
vn 0.8595 -0.4093 0.3061
vn 0.9272 -0.1820 0.3275
vn 0.8516 -0.5161 0.0920
vn 0.8915 0.1324 -0.4333
vn 0.0271 0.6953 0.7182
vn -0.0240 0.9622 0.2713
vn -0.1491 0.2845 0.9470
vn 0.5669 -0.7884 0.2389
vn 0.4908 -0.4478 0.7474
vn -0.3196 -0.7591 0.5671
vn -0.6799 0.4939 -0.5420
vn 0.1445 0.8704 -0.4706
vn 0.2023 0.5857 -0.7849
vn 0.3303 0.7694 -0.5467
vn 0.7503 0.4130 -0.5162
vn 0.1733 0.3978 -0.9009
vn -0.0931 0.6723 0.7344
vn -0.1127 0.6579 0.7446
vn -0.1014 0.6452 0.7573
vn 0.3310 0.7475 -0.5760
vn 0.7855 0.4801 -0.3904
vn 0.1528 0.3467 -0.9254
vn 0.1134 -0.7888 0.6041
vn -0.6626 -0.3844 0.6428
vn -0.7332 -0.6497 0.2007
vn 0.3831 -0.8257 0.4140
vn -0.1745 -0.5413 0.8225
vn -0.5738 -0.7917 0.2099
vn -0.1603 0.6596 0.7343
vn -0.1467 0.6476 0.7478
vn -0.1642 0.6753 0.7191
vn 0.0643 0.6518 0.7557
vn 0.0588 0.6792 0.7315
vn 0.0532 0.6653 0.7447
vn -0.8613 -0.3951 0.3196
vn -0.8909 0.4534 0.0278
vn -0.8636 0.1555 -0.4796
vn -0.8118 -0.2987 -0.5017
vn -0.8630 -0.5048 -0.0211
vn -0.9498 0.0473 0.3094
vn -0.8875 0.3390 -0.3122
vn 0.1447 0.7265 0.6717
vn 0.1293 0.7285 0.6728
vn 0.1243 0.7280 0.6742
vn 0.2190 -0.3974 0.8911
vn -0.0073 -0.7734 0.6339
vn 0.5506 -0.8337 0.0423
vn 0.5835 -0.3197 0.7466
vn 0.9070 0.4204 0.0233
vn 0.8174 -0.3453 0.4612
vn 0.8956 -0.1105 -0.4310
vn 0.1699 0.7564 -0.6316
vn 0.5856 0.4535 -0.6719
vn -0.2443 0.5322 -0.8106
vn 0.5032 -0.6855 -0.5262
vn 0.0610 -0.6733 -0.7368
vn 0.0990 -0.6613 -0.7436
vn 0.1996 0.9480 0.2479
vn 0.0533 0.6991 0.7130
vn 0.0759 0.6830 0.7265
vn -0.2871 -0.3734 0.8822
vn -0.6219 -0.6497 0.4371
vn 0.3410 -0.8627 0.3734
vn 0.3212 0.6792 0.6600
vn 0.0480 0.9209 0.3869
vn -0.0832 0.6103 0.7878
vn -0.4105 0.6303 0.6590
vn -0.4241 0.6046 0.6743
vn -0.0430 0.5444 0.8377
vn -0.2947 0.8699 0.3956
vn 0.1950 0.8409 0.5048
vn -0.5907 0.7177 0.3689
vn -0.2214 0.6154 0.7565
vn -0.2084 0.6307 0.7475
vn 0.7778 0.4394 -0.4494
vn 0.3050 0.3766 -0.8747
vn 0.0745 0.9551 -0.2868
vn 0.3818 0.7814 -0.4936
vn 0.1845 -0.5761 -0.7963
vn 0.6147 -0.4917 -0.6168
vn 0.1882 -0.5835 -0.7900
vn -0.1470 -0.6501 -0.7455
vn -0.1554 -0.6448 -0.7484
vn -0.1518 -0.6431 -0.7506
vn -0.0437 -0.6266 -0.7781
vn 0.3587 -0.6829 -0.6364
vn -0.0463 -0.8971 -0.4395
vn 0.3633 -0.5514 -0.7510
vn 0.3652 -0.5565 -0.7463
vn 0.8429 0.1566 -0.5147
vn 0.9016 0.3922 0.1823
vn 0.8477 -0.4992 0.1792
vn 0.2210 -0.6199 -0.7529
vn 0.2155 -0.6132 -0.7600
vn 0.2212 -0.6084 -0.7622
vn 0.2319 0.4296 -0.8727
vn -0.1512 0.3884 -0.9090
vn 0.0056 0.7787 -0.6274
vn 0.0265 0.8025 -0.5960
vn -0.3199 -0.6035 -0.7304
vn -0.3157 -0.6028 -0.7327
vn -0.3118 -0.6072 -0.7308
vn 0.1242 -0.5735 -0.8097
vn -0.2958 -0.6218 -0.7252
vn -0.4096 -0.2226 -0.8847
vn -0.6440 -0.5552 0.5263
vn -0.3750 -0.9248 0.0633
vn -0.4676 -0.8769 0.1111
vn 0.0275 -0.5636 0.8256
vn -0.9105 0.3832 -0.1554
vn -0.8460 -0.0199 -0.5328
vn -0.8507 -0.5144 -0.1084
vn -0.9127 -0.1635 0.3744
vn 0.9281 0.3042 0.2148
vn 0.8391 -0.5345 0.1010
vn 0.8771 0.3125 -0.3648
vn 0.4827 -0.8676 0.1191
vn 0.4893 -0.5071 0.7095
vn -0.3211 -0.8028 0.5025
vn -0.2486 0.8340 0.4925
vn -0.2560 0.0752 0.9637
vn -0.0542 0.5583 0.8279
vn -0.1189 0.6044 0.7877
vn -0.5853 0.6256 0.5159
vn 0.0359 0.1319 0.9906
vn -0.8924 0.4497 -0.0367
vn -0.8763 0.1928 -0.4415
vn -0.8780 -0.4630 0.1214
vn -0.8889 -0.0538 0.4549
vn -0.2146 0.6037 0.7678
vn -0.1978 0.6027 0.7731
vn -0.2218 0.6132 0.7581
vn -0.1777 0.5750 0.7986
vn -0.1645 0.5763 0.8006
vn -0.1868 0.5861 0.7884
vn -0.8625 -0.4247 0.2753
vn -0.8914 0.4477 0.0703
vn -0.8624 0.2011 -0.4646
vn 0.1440 0.6752 0.7235
vn 0.1339 0.6805 0.7204
vn 0.1224 0.6795 0.7234
vn -0.0724 0.8661 -0.4945
vn -0.0701 0.9351 0.3475
vn 0.5639 0.8236 -0.0606
vn 0.1283 0.9811 -0.1452
vn 0.8908 -0.3570 0.2812
vn 0.7767 -0.5647 -0.2789
vn 0.8627 0.0596 -0.5023
vn 0.8827 -0.0331 -0.4687
vn 0.8922 0.4092 0.1912
vn 0.8321 -0.3832 0.4009
vn 0.5210 -0.7547 0.3987
vn -0.1790 -0.6153 0.7677
vn -0.3810 -0.9151 0.1317
vn 0.2945 0.6098 0.7358
vn 0.2774 0.6199 0.7340
vn 0.2958 0.6014 0.7422
vn 0.6335 0.4790 -0.6077
vn 0.0569 0.4523 -0.8901
vn 0.1845 0.8012 -0.5693
vn 0.2171 0.7968 -0.5639
vn 0.2166 -0.4880 0.8455
vn -0.0045 -0.8318 0.5551
vn 0.5688 -0.8222 -0.0212
vn 0.5912 -0.3665 0.7184
vn -0.0964 -0.9788 0.1809
vn -0.2061 -0.5118 0.8340
vn -0.7463 -0.6444 0.1667
vn -0.0761 0.9396 -0.3338
vn -0.3316 0.3544 -0.8743
vn -0.7984 0.4603 -0.3883
vn -0.2968 -0.4384 0.8484
vn -0.6378 -0.6742 0.3724
vn 0.3183 -0.9014 0.2934
vn 0.3207 0.6110 0.7238
vn 0.2027 0.8991 0.3880
vn 0.0096 0.4131 0.9106
vn -0.2662 -0.7066 -0.6557
vn -0.0241 -0.2548 -0.9667
vn 0.0912 -0.5837 -0.8068
vn 0.1117 -0.6058 -0.7877
vn -0.1081 0.9813 -0.1595
vn -0.5540 0.8321 0.0246
vn 0.3287 0.9406 0.0854
vn -0.0960 0.9838 -0.1511
vn 0.7598 0.4743 -0.4448
vn 0.3296 0.4106 -0.8502
vn 0.0868 0.9650 -0.2473
vn 0.3828 0.8163 -0.4326
vn 0.0710 0.6295 0.7738
vn -0.4026 0.7824 0.4752
vn -0.0492 0.2288 0.9722
vn -0.8134 -0.5813 -0.0196
vn -0.9434 -0.0453 0.3284
vn -0.8782 0.1165 -0.4638
vn 0.3547 -0.4894 -0.7967
vn 0.3507 -0.4897 -0.7983
vn 0.0510 -0.2176 -0.9747
vn 0.5742 -0.1186 -0.8101
vn -0.7496 0.2873 -0.5962
vn -0.6984 0.7029 -0.1348
vn 0.0662 0.8072 -0.5866
vn -0.5618 0.6355 -0.5296
vn -0.3060 0.9381 -0.1621
vn 0.2363 0.5804 -0.7793
vn 0.1105 -0.5186 -0.8479
vn 0.1352 -0.5463 -0.8266
vn 0.1041 -0.5219 -0.8466
vn 0.0909 -0.4836 -0.8705
vn -0.1623 -0.6822 -0.7129
vn -0.1639 -0.1855 -0.9689
vn 0.1186 0.9407 -0.3179
vn 0.2520 0.7235 -0.6426
vn -0.6671 0.5373 -0.5160
vn -0.5379 0.7817 -0.3156
vn 0.8225 -0.2391 -0.5160
vn 0.9311 0.2007 0.3045
vn 0.8776 -0.4601 0.1347
vn -0.3781 -0.9256 -0.0164
vn -0.0976 -0.5948 0.7979
vn -0.7223 -0.6567 0.2166
vn 0.8585 0.3005 -0.4156
vn 0.9155 -0.0838 0.3934
vn 0.8489 -0.5159 0.1147
vn 0.9673 0.2229 0.1212
vn 0.8762 -0.4774 0.0661
vn 0.8818 0.2168 -0.4189
vn 0.0558 0.5495 0.8336
vn -0.0304 0.8744 0.4842
vn -0.1543 0.0719 0.9854
vn -0.8959 0.4422 -0.0417
vn -0.8629 0.2419 -0.4437
vn -0.8664 -0.4870 0.1104
vn -0.8940 -0.0041 0.4480
vn -0.2341 0.5223 0.8200
vn -0.2152 0.5289 0.8209
vn 0.3252 0.8460 -0.4225
vn 0.7539 0.5073 -0.4175
vn 0.1828 0.5309 -0.8275
vn -0.8661 -0.4928 0.0838
vn -0.9165 0.3974 0.0461
vn -0.8476 0.0302 -0.5298
vn -0.1738 0.5171 0.8381
vn -0.1627 0.5177 0.8400
vn -0.1796 0.5250 0.8319
vn 0.0810 0.8871 -0.4544
vn 0.5453 0.7582 -0.3575
vn -0.3372 0.6872 -0.6435
vn 0.0595 0.5090 0.8587
vn 0.0562 0.5487 0.8341
vn 0.0495 0.5254 0.8494
vn -0.8940 -0.0278 -0.4472
vn -0.8834 -0.4569 0.1043
vn -0.9143 -0.2534 0.3158
vn -0.8749 0.4672 0.1273
vn -0.4489 -0.8856 0.1190
vn 0.1041 -0.9925 0.0646
vn 0.1241 -0.5687 0.8131
vn -0.3771 -0.6088 0.6980
vn 0.1599 0.5963 0.7867
vn 0.1509 0.6010 0.7849
vn 0.1419 0.5978 0.7890
vn 0.6704 -0.6727 0.3130
vn -0.0144 -0.5869 0.8095
vn -0.1521 -0.9756 0.1582
vn -0.6273 0.3448 0.6983
vn -0.0969 0.5046 0.8579
vn -0.0863 0.8790 0.4689
vn -0.9518 0.0552 0.3016
vn -0.8656 0.1186 -0.4864
vn -0.8640 -0.4942 -0.0958
vn 0.9068 0.4159 0.0689
vn 0.8257 -0.4239 0.3722
vn 0.8832 0.0034 -0.4690
vn 0.5160 -0.7484 0.4167
vn -0.2377 -0.6712 0.7021
vn -0.3592 -0.9322 0.0437
vn -0.1352 0.6011 0.7876
vn -0.0914 0.4404 0.8932
vn 0.3048 0.5436 0.7821
vn 0.3034 0.5554 0.7742
vn -0.0909 -0.9917 0.0914
vn -0.2049 -0.5877 0.7827
vn -0.7417 -0.6622 0.1063
vn -0.0485 -0.5629 -0.8251
vn 0.4196 -0.4830 -0.7685
vn -0.3686 -0.7329 -0.5719
vn -0.2520 0.7117 0.6557
vn -0.6990 0.5235 0.4871
vn 0.1893 0.5714 0.7986
vn 0.2137 -0.5714 0.7923
vn -0.0194 -0.8844 0.4664
vn 0.5512 -0.8285 -0.0987
vn 0.5873 -0.4385 0.6803
vn 0.9037 -0.0909 0.4183
vn 0.8585 -0.5127 0.0025
vn 0.8196 0.2572 -0.5120
vn 0.8261 0.5145 0.2298
vn 0.1381 0.9864 -0.0892
vn 0.7812 0.5656 -0.2642
vn 0.2807 0.5142 -0.8104
vn -0.5658 0.6357 -0.5251
vn -0.3701 0.9196 -0.1320
vn 0.2643 0.6442 -0.7178
vn 0.3504 -0.4154 -0.8394
vn 0.0504 -0.1341 -0.9897
vn 0.5790 -0.0365 -0.8145
vn 0.3366 0.5703 -0.7493
vn -0.3536 0.6567 -0.6662
vn -0.0110 0.8771 -0.4801
vn 0.0225 0.9997 0.0108
vn 0.1209 0.9921 -0.0328
vn 0.7711 0.5172 -0.3714
vn 0.3297 0.5388 -0.7752
vn -0.1566 -0.5010 -0.8512
vn 0.5158 -0.8427 -0.1544
vn 0.4891 -0.6035 0.6298
vn -0.2539 -0.9260 0.2794
vn 0.6900 -0.6825 0.2411
vn 0.2389 -0.5816 0.7776
vn -0.2399 -0.9666 0.0903
vn -0.8120 -0.1886 -0.5523
vn -0.8627 -0.4837 -0.1479
vn -0.9492 -0.0337 0.3128
vn -0.8899 0.4033 -0.2132
vn -0.3051 -0.4940 -0.8142
vn 0.0983 -0.6558 -0.7485
vn -0.3142 -0.8136 -0.4892
vn 0.9690 0.2074 0.1342
vn 0.8814 -0.4723 0.0121
vn 0.8754 0.2575 -0.4091
vn -0.6863 0.6749 -0.2709
vn 0.1093 0.9595 -0.2597
vn 0.2140 0.7786 -0.5899
vn -0.2616 0.7622 0.5921
vn -0.4312 -0.0567 0.9005
vn -0.0698 0.4065 0.9110
vn 0.1235 -0.9126 0.3897
vn -0.6618 -0.5327 0.5275
vn -0.7073 -0.7069 0.0042
vn -0.8668 -0.4966 0.0455
vn -0.9159 0.3926 0.0833
vn -0.8499 0.0708 -0.5222
vn 0.3907 -0.8995 0.1955
vn -0.1875 -0.7479 0.6368
vn -0.5680 -0.8227 -0.0228
vn 0.8546 0.3510 -0.3826
vn 0.9037 -0.0883 0.4189
vn 0.8741 -0.4108 -0.2593
vn 0.1561 0.8950 -0.4179
vn 0.2683 0.5803 -0.7690
vn -0.3063 0.7161 -0.6272
vn -0.8616 -0.4653 0.2028
vn -0.8918 0.4289 0.1443
vn -0.8630 0.2756 -0.4234
vn -0.8562 -0.4385 0.2732
vn -0.8699 0.4104 0.2738
vn -0.8926 0.0328 -0.4496
vn 0.5792 -0.8031 0.1399
vn -0.1029 -0.6795 0.7264
vn -0.0292 -0.9973 -0.0673
vn 0.1460 0.5167 0.8436
vn 0.1301 0.5185 0.8451
vn 0.1238 0.5173 0.8468
vn -0.3322 0.4775 -0.8134
vn -0.7569 0.4743 -0.4495
vn -0.4918 0.8704 0.0210
vn -0.1200 0.9900 -0.0737
vn -0.1157 0.4391 0.8909
vn -0.6260 0.4128 0.6616
vn -0.1142 0.4275 0.8968
vn -0.4522 -0.0625 0.8897
vn -0.1721 0.4466 0.8780
vn -0.1408 0.8668 0.4783
vn -0.6119 -0.7519 0.2456
vn 0.1738 -0.9847 0.0115
vn 0.1192 -0.6388 0.7601
vn -0.3709 -0.4230 0.8267
vn -0.0464 -0.4896 -0.8707
vn 0.4215 -0.4142 -0.8067
vn -0.3636 -0.6797 -0.6370
vn 0.2178 -0.6264 0.7484
vn -0.0078 -0.9225 0.3859
vn 0.5689 -0.8070 -0.1584
vn 0.5918 -0.4801 0.6475
vn -0.4125 0.4386 0.7985
vn -0.4274 0.4101 0.8057
vn -0.0466 0.3094 0.9498
vn -0.3261 0.7367 0.5923
vn 0.7830 -0.5868 -0.2064
vn 0.8410 -0.0900 -0.5335
vn 0.9271 0.3084 0.2128
vn 0.8589 -0.1843 0.4778
vn 0.1778 0.7035 0.6881
vn -0.5976 0.5889 0.5442
vn -0.2185 0.4017 0.8893
vn -0.2313 0.4012 0.8863
vn 0.5389 0.4922 -0.6836
vn 0.3217 0.5770 -0.7507
vn 0.0541 0.9966 -0.0624
vn 0.3677 0.8732 -0.3199
vn 0.2461 -0.7283 0.6395
vn 0.0792 -0.9965 -0.0247
vn 0.7183 -0.6534 -0.2390
vn 0.7483 -0.3266 0.5774
vn -0.8652 -0.4376 0.2450
vn -0.8874 -0.1870 0.4213
vn -0.8618 0.4093 -0.2997
vn 0.8440 -0.5096 -0.1674
vn 0.7327 -0.0584 -0.6780
vn 0.8769 0.4786 0.0449
vn 0.8734 -0.4842 0.0524
vn 0.2305 0.6390 -0.7339
vn -0.4255 0.7210 -0.5469
vn -0.0007 0.9151 -0.4033
vn 0.0227 0.9262 -0.3763
vn 0.1045 -0.3546 -0.9292
vn -0.2902 -0.4113 -0.8641
vn -0.4053 0.0069 -0.9142
vn -0.7356 -0.5867 0.3386
vn -0.7404 -0.6720 -0.0165
vn 0.1033 -0.9697 0.2212
vn -0.1317 -0.7619 0.6342
vn 0.1250 -0.9899 -0.0671
vn -0.2299 -0.7125 0.6629
vn -0.6806 -0.7302 0.0598
vn 0.8587 0.3703 -0.3543
vn 0.9125 -0.1577 0.3775
vn 0.8478 -0.5267 0.0618
vn -0.4783 0.5842 -0.6557
vn -0.1528 0.9863 0.0616
vn 0.2441 0.8615 -0.4452
vn -0.0966 0.3915 0.9151
vn -0.5989 0.4713 0.6474
vn 0.2799 0.0642 0.9579
vn -0.3849 -0.8437 0.3741
vn -0.3175 -0.9482 -0.0106
vn 0.4928 -0.8694 0.0367
vn 0.2646 -0.6900 0.6737
vn -0.8661 -0.4998 0.0033
vn -0.9164 0.3852 0.1084
vn -0.8465 0.1181 -0.5191
vn -0.5446 -0.8355 0.0740
vn -0.0993 -0.9914 -0.0850
vn 0.2327 -0.7140 0.6603
vn -0.3876 -0.6962 0.6042
vn 0.3336 0.6690 0.6642
vn -0.4668 0.3122 0.8274
vn 0.0375 0.3418 0.9390
vn -0.8615 -0.4830 0.1564
vn -0.8925 0.4140 0.1790
vn -0.8622 0.3197 -0.3930
vn 0.8368 0.4297 -0.3392
vn 0.9256 -0.1730 0.3367
vn 0.8455 -0.2170 -0.4878
vn 0.6476 -0.7502 0.1336
vn 0.0657 -0.7232 0.6875
vn -0.2697 -0.9621 0.0416
vn -0.0814 0.7440 0.6632
vn 0.1452 0.0309 0.9889
vn 0.3366 0.4038 0.8507
vn 0.2404 0.9400 -0.2419
vn 0.3379 0.7642 -0.5493
vn -0.3770 0.6058 -0.7006
vn -0.5020 0.8401 -0.2056
vn 0.6397 0.6174 -0.4577
vn 0.0533 0.6664 -0.7437
vn 0.1833 0.9196 -0.3475
vn 0.2167 0.9145 -0.3417
vn -0.8885 -0.4514 -0.0820
vn -0.9207 0.3893 -0.0256
vn -0.8103 -0.1251 -0.5724
vn 0.8819 0.0909 -0.4625
vn 0.8932 0.3458 0.2874
vn 0.8320 -0.4743 0.2877
vn 0.2767 0.4274 0.8607
vn 0.2764 0.4291 0.8600
vn 0.2702 0.4278 0.8626
vn -0.8446 0.0566 -0.5323
vn -0.8019 -0.4961 -0.3328
vn -0.8744 -0.1184 0.4706
vn -0.9227 0.0941 0.3738
vn -0.0773 0.9929 -0.0909
vn -0.3227 0.5668 -0.7580
vn -0.8012 0.5332 -0.2717
vn -0.3166 0.3331 0.8882
vn -0.6289 0.5950 0.5005
vn -0.3417 0.3153 0.8853
vn 0.1151 0.9883 0.0997
vn 0.7827 0.5649 -0.2611
vn 0.3166 0.6505 -0.6904
vn 0.3498 -0.2621 -0.8994
vn 0.0497 0.0422 -0.9979
vn 0.5736 0.0986 -0.8132
vn -0.8710 -0.4495 0.1982
vn -0.8877 -0.2167 0.4062
vn -0.8548 0.4624 -0.2354
vn -0.0377 -0.3053 -0.9515
vn -0.0423 -0.3154 -0.9480
vn -0.0454 -0.3060 -0.9509
vn -0.0525 0.6769 -0.7342
vn -0.2755 0.6539 -0.7047
vn -0.4739 0.8797 0.0400
vn 0.0893 0.9945 -0.0539
vn -0.1532 -0.3518 -0.9235
vn 0.6569 -0.7479 0.0952
vn 0.2176 -0.7217 0.6571
vn -0.2654 -0.9606 -0.0829
vn 0.0167 0.9569 -0.2899
vn 0.3030 0.7092 -0.6366
vn -0.3553 0.7494 -0.5587
vn -0.2985 -0.3359 -0.8933
vn -0.2944 -0.3344 -0.8953
vn -0.2901 -0.3388 -0.8950
vn 0.1216 -0.2629 -0.9571
vn -0.2984 -0.3366 -0.8931
vn -0.4081 0.0890 -0.9086
vn 0.8584 0.3981 -0.3234
vn 0.9125 -0.1894 0.3625
vn 0.8477 -0.5302 0.0164
vn 0.9216 -0.2190 0.3204
vn 0.8176 -0.3972 -0.4169
vn 0.8773 0.4222 -0.2283
vn -0.1212 -0.9864 -0.1107
vn 0.6269 -0.7790 -0.0072
vn 0.5297 -0.7074 0.4680
vn -0.1308 -0.8164 0.5625
vn -0.9451 -0.1620 0.2838
vn -0.8665 0.2554 -0.4289
vn -0.8281 -0.3946 -0.3982
vn 0.1256 -0.9648 0.2309
vn -0.6608 -0.6176 0.4265
vn -0.7021 -0.7014 -0.1230
vn 0.3907 -0.9198 0.0354
vn -0.1868 -0.8471 0.4975
vn -0.5671 -0.8066 -0.1666
vn -0.2179 0.2750 0.9364
vn -0.1956 0.2714 0.9424
vn -0.2223 0.2941 0.9296
vn -0.8620 -0.4928 0.1185
vn -0.8918 0.3993 0.2127
vn -0.8622 0.3490 -0.3670
vn 0.7444 -0.6331 -0.2123
vn 0.5525 -0.6075 0.5706
vn 0.0071 -0.9951 0.0988
vn -0.6773 0.7355 0.0196
vn 0.0670 0.8813 -0.4678
vn -0.5687 0.5498 -0.6118
vn 0.1524 0.3619 0.9197
vn 0.1436 0.3674 0.9189
vn 0.1359 0.3652 0.9209
vn -0.4908 -0.8710 -0.0205
vn 0.4726 -0.8761 0.0954
vn 0.0419 -0.7577 0.6513
vn -0.3808 -0.7684 0.5144
vn 0.2115 0.9750 -0.0674
vn 0.2936 0.8209 -0.4899
vn -0.6126 0.7466 -0.2594
vn -0.4948 0.8584 -0.1351
vn 0.2821 0.6719 -0.6849
vn -0.2158 0.8185 -0.5325
vn 0.1998 0.9411 -0.2728
vn 0.2397 0.9336 -0.2664
vn 0.8916 0.1046 -0.4406
vn 0.8892 0.3235 0.3236
vn 0.8259 -0.4985 0.2633
vn -0.4139 0.2988 0.8599
vn -0.4275 0.2752 0.8611
vn -0.1443 0.0028 0.9895
vn -0.2482 0.6220 0.7427
vn -0.1603 0.9670 0.1979
vn 0.1455 0.7744 -0.6157
vn -0.5547 0.7526 -0.3550
vn -0.4247 0.8772 0.2237
vn 0.2830 0.7308 0.6212
vn 0.0937 0.3244 0.9413
vn 0.1185 0.3070 0.9443
vn 0.9191 -0.3112 0.2417
vn 0.7365 -0.5342 -0.4149
vn 0.8697 0.2165 -0.4435
vn 0.0580 0.3368 0.9398
vn -0.4072 0.5767 0.7082
vn -0.1149 -0.1027 0.9881
vn -0.0802 0.2928 0.9528
vn -0.3815 0.6460 0.6612
vn -0.0834 0.2719 0.9587
vn -0.2068 0.2539 0.9449
vn 0.1913 0.5656 0.8022
vn -0.6395 0.4152 0.6470
vn 0.3505 -0.1849 -0.9181
vn 0.0531 0.1285 -0.9903
vn 0.5748 0.1675 -0.8010
vn -0.1574 -0.2767 -0.9480
vn 0.2635 -0.3065 -0.9147
vn -0.4035 -0.5418 -0.7373
vn -0.0840 0.0817 -0.9931
vn 0.1896 -0.1878 -0.9637
vn 0.1819 -0.1939 -0.9640
vn 0.8511 -0.5092 -0.1280
vn 0.8371 0.0782 -0.5414
vn 0.5538 0.4457 -0.7033
vn 0.9615 -0.1865 0.2018
vn -0.0390 -0.2115 -0.9766
vn 0.2292 0.1434 -0.9628
vn -0.0322 -0.2128 -0.9766
vn -0.1380 -0.2434 -0.9601
vn 0.0318 -0.8282 0.5595
vn -0.1718 -0.9674 -0.1861
vn 0.5179 -0.8282 -0.2143
vn 0.5468 -0.7472 0.3779
vn -0.3493 0.1946 -0.9166
vn -0.3101 -0.2696 -0.9117
vn -0.6706 -0.3993 -0.6251
vn 0.0014 0.9841 -0.1779
vn 0.2759 0.7572 -0.5920
vn -0.4146 0.8125 -0.4099
vn 0.1251 -0.2474 -0.9608
vn -0.2765 -0.2707 -0.9221
vn -0.1397 0.1346 -0.9810
vn -0.1563 -0.9283 -0.3374
vn -0.1049 -0.8290 0.5493
vn -0.7069 -0.7057 -0.0468
vn 0.8590 0.4211 -0.2912
vn 0.9121 -0.2166 0.3480
vn 0.8478 -0.5299 -0.0221
vn -0.8177 -0.0432 -0.5741
vn -0.8639 -0.4320 -0.2590
vn -0.9461 -0.1283 0.2974
vn -0.8865 0.4513 -0.1025
vn 0.1112 -0.9881 0.1062
vn -0.6619 -0.6501 0.3732
vn -0.7320 -0.6645 -0.1504
vn -0.8511 -0.5209 -0.0653
vn -0.9259 0.2427 0.2896
vn -0.8839 0.4288 -0.1865
vn -0.1852 0.1888 0.9644
vn -0.1686 0.1889 0.9674
vn -0.1934 0.2028 0.9599
vn 0.8900 -0.0736 -0.4500
vn 0.8845 0.1983 0.4223
vn 0.8562 -0.5165 0.0145
vn -0.8611 -0.5026 0.0767
vn -0.8934 0.3720 0.2519
vn -0.8641 0.3717 -0.3394
vn 0.8572 0.3961 -0.3292
vn 0.9372 -0.2133 0.2758
vn 0.8275 -0.1600 -0.5382
vn 0.8632 -0.5045 -0.0169
vn 0.1823 -0.8669 0.4639
vn 0.2373 -0.9264 -0.2923
vn -0.8504 -0.4961 0.1753
vn -0.8669 0.3297 0.3738
vn -0.9003 0.1179 -0.4189
vn -0.2340 -0.7053 0.6692
vn -0.6948 -0.7190 -0.0135
vn 0.2910 -0.9510 -0.1044
vn -0.1390 -0.7687 0.6243
vn 0.5157 -0.8516 0.0940
vn -0.2452 -0.8689 0.4300
vn -0.3337 -0.8952 -0.2955
vn 0.2150 0.9659 -0.1439
vn 0.3257 0.7180 -0.6151
vn -0.2413 0.8902 -0.3865
vn -0.0775 0.9939 0.0780
vn -0.3221 0.6861 -0.6523
vn -0.8007 0.5717 -0.1792
vn 0.6046 0.1023 0.7900
vn 0.1188 0.2932 0.9486
vn 0.0972 0.2713 0.9576
vn 0.3195 0.7941 -0.5170
vn -0.3784 0.8412 -0.3863
vn -0.0403 0.9876 -0.1514
vn 0.0232 0.9375 0.3473
vn -0.0370 0.0705 0.9968
vn -0.3927 0.2273 0.8911
vn -0.4195 0.2017 0.8851
vn 0.3504 0.9239 -0.1539
vn 0.7067 0.5464 -0.4494
vn -0.1659 0.9507 -0.2620
vn 0.3286 0.4636 0.8229
vn -0.1375 0.1904 0.9720
vn 0.2018 -0.1406 0.9693
vn 0.1223 0.9915 0.0453
vn -0.1749 0.7378 -0.6520
vn -0.6810 0.7025 -0.2066
vn 0.1793 -0.0975 -0.9790
vn 0.6024 -0.1188 -0.7893
vn 0.1919 -0.1051 -0.9758
vn -0.8774 -0.4547 0.1531
vn -0.8891 -0.2727 0.3675
vn -0.8474 0.5128 -0.1378
vn -0.1639 -0.2007 -0.9658
vn 0.2434 -0.2962 -0.9236
vn -0.4791 -0.3841 -0.7893
vn 0.0900 -0.0784 -0.9929
vn -0.1784 -0.3495 -0.9198
vn -0.1620 0.2338 -0.9587
vn 0.0597 0.2319 -0.9709
vn 0.3416 -0.0988 -0.9346
vn -0.2047 -0.1701 -0.9639
vn -0.1994 -0.1689 -0.9653
vn -0.2075 -0.1752 -0.9624
vn 0.6702 -0.7413 -0.0343
vn 0.2267 -0.8192 0.5268
vn -0.2723 -0.9379 -0.2148
vn -0.9196 0.2956 0.2586
vn -0.8491 0.2947 -0.4383
vn -0.8552 -0.4375 -0.2778
vn -0.8918 -0.4520 -0.0178
vn 0.8832 0.3913 -0.2584
vn 0.9489 -0.1995 0.2444
vn 0.8760 -0.4452 -0.1858
vn 0.6294 -0.7558 -0.1806
vn 0.2813 -0.8553 0.4351
vn -0.3098 -0.9435 -0.1171
vn -0.5186 0.7722 -0.3672
vn -0.2484 0.9150 0.3179
vn 0.3203 0.9293 -0.1839
vn 0.6571 0.7370 -0.1579
vn -0.1996 0.9014 -0.3842
vn 0.2082 0.9737 -0.0921
vn 0.2340 0.9706 -0.0558
vn 0.3837 -0.9131 -0.1375
vn -0.1672 -0.9159 0.3649
vn -0.5736 -0.7699 -0.2797
vn 0.9304 -0.3373 0.1435
vn 0.8245 -0.1133 -0.5544
vn 0.8387 0.1433 -0.5254
vn 0.9338 0.0706 0.3507
vn -0.8671 -0.4870 -0.1046
vn -0.8887 -0.0474 0.4561
vn -0.8547 0.5075 -0.1094
vn 0.1848 0.2319 0.9550
vn 0.1857 0.2310 0.9551
vn 0.7104 -0.6098 -0.3512
vn 0.5483 -0.7005 0.4569
vn 0.0038 -0.9973 -0.0731
vn -0.8102 0.5765 -0.1059
vn -0.0650 0.9842 0.1647
vn -0.1332 0.8456 -0.5169
vn -0.7131 -0.5639 0.4165
vn -0.6608 -0.6300 -0.4078
vn -0.1171 -0.9205 -0.3728
vn -0.2196 -0.8493 0.4800
vn 0.9056 0.3383 0.2559
vn 0.8218 -0.5443 0.1686
vn 0.8931 0.1841 -0.4106
vn 0.0782 0.9742 0.2117
vn 0.9622 0.2565 0.0914
vn 0.2611 0.2313 -0.9372
vn -0.0957 0.0865 0.9916
vn -0.2159 0.5982 0.7717
vn -0.1004 0.0813 0.9916
vn 0.0338 0.1311 0.9908
vn -0.5065 -0.0382 0.8614
vn 0.0243 0.1080 0.9938
vn 0.9069 -0.2510 0.3384
vn 0.8444 -0.5298 0.0791
vn 0.8656 0.4604 -0.1970
vn 0.2184 0.6160 0.7569
vn 0.0654 0.1443 0.9874
vn 0.0877 0.1220 0.9886
vn -0.2819 -0.8440 0.4564
vn -0.6286 -0.7742 -0.0739
vn 0.3323 -0.9126 -0.2383
vn 0.2051 0.3962 0.8950
vn -0.5082 0.4686 0.7226
vn -0.2248 0.0755 0.9715
vn -0.2019 0.0937 0.9749
vn -0.1068 0.4027 0.9091
vn -0.3983 0.1398 0.9065
vn -0.4057 0.1048 0.9080
vn 0.3596 0.9310 -0.0617
vn 0.7115 0.5804 -0.3960
vn -0.1593 0.9735 -0.1638
vn 0.0545 0.1600 0.9856
vn -0.1004 0.6175 0.7802
vn 0.0380 -0.3438 0.9383
vn 0.1306 0.5246 0.8413
vn -0.1390 0.1245 0.9824
vn 0.2254 -0.2348 0.9455
vn 0.2371 -0.9057 0.3514
vn 0.1282 -0.9075 -0.4001
vn 0.7433 -0.5091 -0.4340
vn 0.7495 -0.5098 0.4223
vn -0.8142 -0.4897 -0.3119
vn -0.9478 -0.2011 0.2476
vn -0.8743 0.3392 -0.3473
vn 0.1145 0.9297 0.3500
vn 0.7834 0.6129 -0.1035
vn 0.3161 0.8078 -0.4975
vn -0.8709 -0.4835 0.0884
vn -0.8949 -0.3197 0.3113
vn -0.8540 0.5045 -0.1271
vn 0.1871 -0.0587 -0.9806
vn 0.1941 -0.0565 -0.9793
vn -0.0741 0.2359 -0.9690
vn 0.1781 -0.0286 -0.9836
vn 0.1711 -0.0347 -0.9846
vn 0.0944 0.3383 -0.9363
vn 0.3382 -0.0253 -0.9408
vn 0.1239 0.9262 0.3561
vn 0.7821 0.6227 -0.0238
vn 0.3291 0.7966 -0.5070
vn -0.3070 -0.1136 -0.9449
vn -0.3102 -0.1099 -0.9443
vn -0.1571 -0.0861 -0.9838
vn 0.6802 -0.7285 -0.0817
vn 0.2329 -0.8574 0.4590
vn -0.2383 -0.9124 -0.3329
vn 0.4810 0.8280 -0.2881
vn -0.3547 0.8839 -0.3047
vn 0.0121 0.9972 -0.0734
vn 0.0432 0.9977 -0.0519
vn -0.8980 0.3999 0.1837
vn -0.8650 0.4197 -0.2750
vn -0.8652 -0.4785 -0.1502
vn -0.8938 -0.2299 0.3852
vn 0.8578 0.4668 -0.2153
vn 0.9158 -0.2708 0.2966
vn 0.8473 -0.5168 -0.1221
vn 0.6008 -0.7243 -0.3382
vn 0.4863 -0.8085 0.3313
vn -0.2362 -0.9550 -0.1793
vn -0.6775 0.7275 -0.1081
vn 0.1488 0.9689 0.1976
vn 0.2077 0.9521 -0.2244
vn -0.9483 -0.2182 0.2303
vn -0.8674 0.3569 -0.3467
vn -0.8285 -0.2849 -0.4820
vn -0.6614 0.1879 0.7261
vn -0.1601 0.0290 0.9867
vn -0.3105 0.5300 0.7892
vn -0.0742 0.0434 0.9963
vn -0.0916 0.0189 0.9956
vn -0.0890 0.0031 0.9960
vn 0.1206 -0.9878 -0.0984
vn -0.2622 -0.8767 0.4034
vn -0.7732 -0.6199 -0.1335
vn -0.8677 -0.4821 -0.1216
vn -0.9226 0.1903 0.3354
vn -0.8577 0.3880 -0.3375
vn 0.3774 -0.9022 -0.2087
vn -0.1815 -0.9401 0.2885
vn -0.5836 -0.7408 -0.3328
vn 0.1924 0.9610 0.1985
vn 0.3070 0.9164 -0.2567
vn -0.6062 0.7913 -0.0796
vn -0.4945 0.8648 0.0867
vn -0.7964 0.5821 -0.1643
vn -0.0805 0.9657 0.2470
vn -0.1970 0.8616 -0.4679
vn 0.5820 -0.7946 -0.1726
vn -0.1476 -0.9177 0.3689
vn 0.0718 -0.8752 -0.4783
vn 0.1471 0.1098 0.9830
vn 0.1316 0.1108 0.9851
vn 0.1266 0.1095 0.9859
vn 0.9636 -0.2154 0.1585
vn 0.8437 -0.3727 -0.3864
vn 0.8103 0.3426 -0.4755
vn 0.7753 -0.4461 -0.4471
vn 0.8431 0.1278 -0.5223
vn 0.9281 0.1880 0.3213
vn 0.8598 -0.3588 0.3633
vn 0.1537 0.9873 0.0409
vn 0.4421 0.8283 -0.3441
vn -0.3082 0.9319 -0.1913
vn -0.1135 0.0033 0.9935
vn -0.6388 -0.0060 0.7694
vn -0.1040 -0.0064 0.9946
vn 0.5447 0.1525 0.8247
vn 0.0453 0.1031 0.9936
vn -0.3072 -0.2311 0.9232
vn 0.2554 0.5532 0.7929
vn 0.0716 0.0788 0.9943
vn 0.0933 0.0565 0.9940
vn -0.3931 0.0901 0.9151
vn -0.4582 -0.4314 0.7771
vn 0.0061 -0.1692 0.9856
vn 0.8931 -0.2560 0.3699
vn 0.8267 -0.5556 0.0883
vn 0.8527 0.5224 -0.0029
vn 0.0503 -0.9473 0.3165
vn -0.1763 -0.8884 -0.4238
vn 0.5235 -0.7396 -0.4230
vn 0.5518 -0.8159 0.1730
vn -0.1545 0.3216 -0.9342
vn 0.3498 0.0958 -0.9319
vn -0.3620 -0.5579 -0.7468
vn -0.2079 -0.0119 0.9781
vn 0.2951 0.1332 0.9461
vn -0.5719 0.3277 0.7521
vn -0.8804 -0.1987 0.4306
vn -0.8617 0.4602 -0.2136
vn -0.7950 -0.3599 -0.4883
vn -0.8652 -0.5004 0.0324
vn -0.8908 -0.3518 0.2876
vn -0.8600 0.5027 -0.0879
vn 0.1101 0.8504 0.5145
vn 0.7624 0.6470 -0.0084
vn 0.3110 0.8796 -0.3599
vn -0.0500 0.0322 -0.9982
vn -0.0401 0.0237 -0.9989
vn -0.0541 0.0174 -0.9984
vn -0.1578 -0.0455 -0.9864
vn -0.1524 -0.0473 -0.9872
vn -0.1616 -0.0479 -0.9857
vn 0.6828 -0.7153 -0.1489
vn 0.2315 -0.8933 0.3852
vn -0.2331 -0.8811 -0.4116
vn 0.0100 0.9988 0.0479
vn 0.2964 0.8848 -0.3596
vn -0.3611 0.8921 -0.2717
vn -0.4019 0.4098 -0.8188
vn -0.2736 0.0053 -0.9618
vn -0.2878 -0.0006 -0.9577
vn 0.8584 0.4827 -0.1737
vn 0.9127 -0.3005 0.2768
vn 0.8486 -0.4962 -0.1834
vn 0.9525 -0.2606 0.1578
vn 0.8635 -0.4299 -0.2637
vn 0.8821 0.4093 -0.2330
vn 0.5129 0.1926 0.8365
vn 0.0228 0.0257 0.9994
vn -0.1643 -0.4158 0.8945
vn -0.8168 0.1933 -0.5436
vn -0.8309 -0.2367 -0.5036
vn -0.9316 -0.3257 0.1612
vn -0.8884 0.4590 0.0131
vn 0.0386 0.9269 0.3734
vn 0.2285 0.9619 -0.1499
vn -0.6640 0.7468 -0.0369
vn -0.8997 0.3785 0.2173
vn -0.8658 0.4405 -0.2373
vn -0.8644 -0.4662 -0.1883
vn -0.8934 -0.2611 0.3656
vn -0.0939 -0.0463 0.9945
vn -0.1084 -0.0614 0.9922
vn -0.1022 -0.0816 0.9914
vn 0.3301 0.9363 0.1200
vn 0.7855 0.6157 0.0627
vn 0.1549 0.8978 -0.4122
vn 0.1227 -0.9761 -0.1796
vn -0.2629 -0.9069 0.3291
vn -0.7714 -0.6118 -0.1750
vn 0.3929 -0.8692 -0.3001
vn -0.1830 -0.9684 0.1698
vn -0.5638 -0.7002 -0.4381
vn -0.1668 -0.0515 0.9846
vn -0.1543 -0.0680 0.9857
vn -0.1700 -0.0341 0.9848
vn 0.9018 -0.2522 0.3508
vn 0.8236 -0.5640 0.0598
vn 0.8837 0.2505 -0.3954
vn 0.8878 -0.0052 0.4602
vn 0.2343 0.8487 -0.4740
vn 0.3576 0.8207 -0.4456
vn 0.1735 0.9847 0.0146
vn 0.2148 0.9759 0.0389
vn -0.4112 -0.0127 0.9115
vn -0.4251 -0.0347 0.9045
vn -0.1402 -0.3339 0.9321
vn -0.2476 0.3316 0.9104
vn 0.0038 0.8370 0.5471
vn 0.9310 0.2778 0.2370
vn 0.1413 0.5125 -0.8470
vn 0.4198 0.8853 -0.1999
vn -0.3897 0.9124 -0.1249
vn 0.0165 0.9950 0.0980
vn 0.0321 0.9925 0.1179
vn -0.0696 0.9416 0.3296
vn -0.3295 0.8237 -0.4614
vn -0.7964 0.6040 -0.0290
vn 0.1679 0.4317 -0.8863
vn 0.6009 0.0143 -0.7992
vn 0.1831 0.0538 -0.9816
vn -0.2906 -0.8873 0.3581
vn -0.6191 -0.7671 -0.1681
vn 0.3617 -0.8847 -0.2940
vn 0.3568 0.0381 0.9334
vn 0.0986 0.3922 0.9146
vn -0.0378 -0.1424 0.9891
vn 0.8586 -0.4780 -0.1850
vn 0.3125 -0.8357 0.4517
vn 0.0413 -0.9986 -0.0341
vn 0.9147 -0.3252 0.2400
vn 0.7538 -0.4987 -0.4278
vn 0.8727 0.4180 -0.2523
vn -0.2088 -0.0909 0.9737
vn 0.2133 0.2171 0.9525
vn -0.6406 0.1641 0.7502
vn 0.1828 0.1515 -0.9714
vn 0.6187 0.1305 -0.7748
vn 0.1936 0.1392 -0.9712
vn 0.1515 0.8680 0.4728
vn 0.7743 0.6262 0.0912
vn 0.3120 0.8647 -0.3937
vn -0.5618 0.8233 0.0811
vn -0.3548 0.8291 0.4320
vn 0.3732 0.9271 -0.0355
vn 0.1047 0.1460 -0.9837
vn 0.0641 0.1427 -0.9877
vn 0.1133 0.1519 -0.9819
vn -0.1720 0.0167 -0.9850
vn 0.2439 -0.0256 -0.9695
vn -0.4903 -0.2317 -0.8402
vn 0.0986 0.1750 -0.9796
vn -0.1854 -0.1110 -0.9764
vn -0.0341 0.5378 -0.8424
vn 0.8172 0.1340 -0.5606
vn 0.9386 -0.0335 0.3434
vn 0.8730 -0.4460 -0.1974
vn -0.1514 0.4894 -0.8588
vn -0.0441 0.0993 -0.9941
vn -0.3556 -0.1756 -0.9180
vn 0.6638 -0.7155 -0.2178
vn 0.2296 -0.9290 0.2902
vn -0.2643 -0.8381 -0.4771
vn 0.3729 0.1116 -0.9211
vn 0.5226 0.5503 -0.6513
vn 0.3828 0.1168 -0.9164
vn -0.8171 0.2375 -0.5252
vn -0.8326 -0.2146 -0.5105
vn -0.9350 -0.3297 0.1307
vn -0.8875 0.4576 0.0541
vn 0.8780 0.4427 -0.1818
vn 0.9651 0.0880 0.2466
vn 0.8780 -0.3956 -0.2694
vn 0.0517 -0.1073 0.9929
vn -0.0309 0.3664 0.9299
vn -0.1595 -0.5723 0.8044
vn 0.6534 -0.6953 -0.2994
vn 0.1160 -0.9692 0.2174
vn -0.1997 -0.8282 -0.5237
vn -0.8976 0.3611 0.2529
vn -0.8638 0.4663 -0.1908
vn -0.8659 -0.4455 -0.2276
vn -0.8939 -0.2900 0.3417
vn 0.8805 0.2836 -0.3799
vn 0.9140 0.0108 0.4057
vn 0.8262 -0.5242 -0.2064
vn 0.1316 -0.9592 -0.2504
vn -0.2620 -0.9363 0.2339
vn -0.7676 -0.5975 -0.2319
vn -0.8571 -0.4017 -0.3225
vn -0.9183 -0.3028 0.2549
vn -0.8726 0.4816 -0.0821
vn 0.3741 -0.8479 -0.3756
vn -0.1523 -0.9793 0.1332
vn -0.5850 -0.6783 -0.4447
vn -0.2207 -0.1441 0.9646
vn -0.1992 -0.1368 0.9704
vn -0.2406 -0.1387 0.9607
vn 0.1959 0.9426 0.2703
vn 0.6851 0.7183 0.1210
vn -0.1519 0.9868 -0.0557
vn 0.0653 -0.1603 0.9849
vn 0.0619 -0.1141 0.9915
vn 0.0531 -0.1429 0.9883
vn -0.8812 0.2695 0.3884
vn -0.8662 0.4969 -0.0535
vn -0.8688 -0.4571 -0.1903
vn -0.9111 -0.4045 0.0786
vn 0.0835 -0.0526 0.9951
vn 0.0735 -0.0763 0.9944
vn 0.5776 -0.1879 0.7944
vn 0.4251 0.3370 0.8401
vn -0.1058 -0.1496 0.9831
vn -0.3040 -0.6249 0.7191
vn -0.0936 -0.1717 0.9807
vn -0.0751 0.9078 0.4125
vn -0.3450 0.8585 -0.3795
vn -0.7914 0.6105 -0.0307
vn -0.6665 -0.7386 -0.1017
vn -0.4144 -0.6224 -0.6640
vn -0.3369 -0.6531 -0.6782
vn -0.0704 -0.9880 0.1374
vn -0.3728 -0.0663 0.9255
vn -0.4765 -0.5251 0.7051
vn 0.0564 -0.3012 0.9519
vn -0.2894 -0.9198 0.2649
vn -0.5934 -0.7540 -0.2817
vn 0.3737 -0.8487 -0.3743
vn 0.8171 -0.4886 -0.3060
vn 0.2818 -0.9158 0.2862
vn -0.0197 -0.9783 -0.2062
vn 0.8834 -0.3021 0.3583
vn 0.8333 -0.5523 0.0247
vn 0.8418 0.5254 0.1242
vn 0.0763 0.9335 0.3503
vn -0.2183 0.8915 -0.3971
vn -0.6815 0.7313 0.0266
vn 0.1252 0.8213 0.5567
vn 0.7707 0.6364 0.0318
vn 0.3243 0.8993 -0.2934
vn -0.1505 0.1499 -0.9772
vn 0.2736 0.1086 -0.9557
vn -0.3973 -0.1844 -0.8990
vn 0.2398 0.1999 -0.9500
vn 0.3733 0.2004 -0.9058
vn 0.3755 0.1850 -0.9082
vn 0.3651 0.1872 -0.9120
vn 0.0841 0.2607 -0.9618
vn -0.1875 -0.0167 -0.9821
vn -0.0314 0.5778 -0.8156
vn 0.7599 -0.3612 -0.5405
vn 0.6777 -0.7220 0.1393
vn -0.0120 -0.9143 -0.4049
vn 0.0044 0.9747 0.2234
vn 0.2889 0.9346 -0.2075
vn -0.3707 0.9235 -0.0991
vn -0.3975 0.5414 -0.7408
vn -0.2687 0.1624 -0.9495
vn -0.2854 0.1506 -0.9465
vn 0.8470 -0.4610 -0.2648
vn 0.8671 0.1440 -0.4769
vn 0.9167 0.0287 0.3985
vn 0.9185 -0.3860 0.0862
vn 0.8389 -0.3825 -0.3872
vn 0.8718 0.4898 0.0119
vn 0.9348 0.0941 0.3426
vn 0.9246 -0.3807 0.0135
vn 0.0394 -0.9911 0.1270
vn -0.1611 -0.7811 -0.6032
vn 0.3340 -0.6817 -0.6510
vn 0.5454 -0.8377 0.0285
vn 0.0913 0.8844 0.4578
vn -0.1926 0.9284 -0.3179
vn -0.2689 0.9186 -0.2897
vn -0.4767 0.7419 0.4715
vn -0.8664 0.4644 -0.1835
vn -0.8661 -0.4250 -0.2632
vn -0.8947 -0.3186 0.3131
vn -0.8969 0.3404 0.2822
vn -0.2186 -0.1954 0.9560
vn -0.2117 -0.1955 0.9576
vn -0.0934 -0.2150 0.9721
vn -0.5895 0.0060 0.8077
vn 0.2815 -0.5126 0.8112
vn -0.8661 -0.4097 -0.2862
vn -0.9165 0.2517 0.3109
vn -0.8471 0.3943 -0.3562
vn 0.0241 -0.2454 0.9691
vn 0.0276 -0.2104 0.9772
vn 0.0167 -0.2243 0.9744
vn 0.0632 -0.1869 0.9803
vn 0.0422 -0.1869 0.9815
vn 0.0339 -0.1967 0.9799
vn 0.1964 0.8857 0.4207
vn 0.3413 0.9399 -0.0040
vn -0.3778 0.8997 -0.2188
vn -0.4888 0.8072 0.3309
vn -0.8745 -0.4176 -0.2468
vn -0.8728 -0.2622 0.4117
vn -0.8626 0.5058 0.0129
vn 0.1550 -0.1628 0.9744
vn 0.1431 -0.1584 0.9770
vn 0.1392 -0.1599 0.9773
vn 0.9114 -0.4067 -0.0632
vn 0.8002 0.0784 -0.5945
vn 0.8613 0.4537 -0.2288
vn -0.8876 0.3920 -0.2419
vn -0.8440 -0.3223 -0.4287
vn -0.9559 -0.2318 0.1806
vn -0.8900 0.4460 0.0945
vn 0.8928 -0.2861 0.3479
vn 0.8290 -0.5581 -0.0355
vn 0.8819 0.3436 -0.3229
vn 0.8845 -0.1097 0.4534
vn -0.3257 -0.9453 0.0195
vn -0.3507 -0.7181 -0.6011
vn 0.4240 -0.7674 -0.4809
vn 0.0578 -0.9852 0.1615
vn 0.2999 0.9291 -0.2163
vn -0.2246 0.9741 -0.0267
vn 0.1642 0.9446 0.2842
vn 0.1865 0.9354 0.3003
vn 0.3033 -0.1558 0.9401
vn 0.3033 -0.1533 0.9405
vn 0.2970 -0.1561 0.9420
vn 0.5692 0.7991 -0.1936
vn 0.3274 0.9206 -0.2128
vn 0.0655 0.8091 0.5840
vn 0.3699 0.8743 0.3144
vn -0.1125 -0.4618 0.8798
vn -0.3883 -0.1628 0.9070
vn -0.4114 -0.1783 0.8939
vn -0.5258 -0.5671 0.6339
vn -0.1536 -0.2359 0.9596
vn -0.3452 0.3101 0.8858
vn -0.0751 -0.7885 -0.6104
vn -0.2133 -0.9674 0.1363
vn -0.7515 -0.5362 -0.3844
vn -0.0756 0.8700 0.4873
vn -0.3459 0.8898 -0.2975
vn -0.7885 0.6148 0.0160
vn -0.2866 -0.9399 0.1859
vn -0.6077 -0.7306 -0.3114
vn 0.3495 -0.7972 -0.4923
vn 0.1862 0.2876 -0.9395
vn 0.1835 0.2853 -0.9407
vn 0.1862 0.2949 -0.9372
vn -0.5970 0.7939 0.1156
vn -0.3843 0.7346 0.5592
vn 0.3230 0.9415 0.0957
vn -0.8341 -0.4230 0.3541
vn -0.8563 0.5146 0.0439
vn -0.8682 -0.4855 -0.1023
vn 0.8689 -0.4086 -0.2794
vn 0.8453 -0.2810 -0.4545
vn 0.7143 0.4086 -0.5681
vn 0.8313 0.5529 0.0569
vn 0.3559 0.2731 -0.8938
vn 0.3578 0.2672 -0.8948
vn 0.3519 0.2678 -0.8969
vn 0.6879 0.3288 -0.6471
vn 0.2956 0.3069 -0.9047
vn -0.0428 0.5312 -0.8462
vn 0.1350 0.7699 0.6237
vn 0.7776 0.6130 0.1399
vn 0.3405 0.9127 -0.2257
vn 0.7483 -0.3222 -0.5798
vn 0.6770 -0.7323 0.0735
vn -0.0204 -0.8761 -0.4816
vn -0.1540 0.2368 -0.9593
vn -0.1444 0.2350 -0.9612
vn -0.1575 0.2339 -0.9594
vn -0.5405 0.2564 -0.8013
vn -0.1386 0.2798 -0.9500
vn -0.1364 0.2623 -0.9553
vn 0.8352 -0.3208 -0.4467
vn 0.8738 0.4834 0.0533
vn 0.9308 0.0562 0.3613
vn 0.9222 -0.3858 -0.0267
vn 0.6715 -0.6414 -0.3710
vn 0.2454 -0.9665 0.0757
vn -0.2678 -0.7177 -0.6428
vn -0.3517 -0.5709 -0.7418
vn -0.1378 -0.9891 0.0523
vn -0.6861 -0.5444 -0.4826
vn 0.8592 0.5103 -0.0379
vn 0.9124 -0.3620 0.1911
vn 0.8485 -0.4357 -0.3004
vn -0.0212 -0.9991 0.0369
vn -0.0907 -0.7103 -0.6980
vn 0.5528 -0.6091 -0.5687
vn 0.5482 -0.8351 -0.0456
vn -0.6540 -0.6974 -0.2932
vn 0.2074 -0.7295 -0.6517
vn 0.1192 -0.9890 0.0880
vn -0.0726 -0.9468 0.3134
vn -0.8444 -0.1419 -0.5166
vn -0.9553 -0.1798 0.2347
vn -0.8662 0.4604 -0.1940
vn -0.0968 -0.2938 0.9510
vn -0.5989 -0.0556 0.7989
vn 0.2654 -0.5876 0.7644
vn 0.1238 -0.9207 -0.3701
vn -0.6625 -0.7491 -0.0049
vn -0.7096 -0.5014 -0.4951
vn -0.8663 -0.3934 -0.3078
vn -0.9159 0.2171 0.3376
vn -0.8537 0.4052 -0.3272
vn 0.3978 -0.8260 -0.3993
vn -0.3248 -0.9457 0.0096
vn -0.4794 -0.6066 -0.6342
vn -0.1626 -0.3145 0.9352
vn -0.1458 -0.3157 0.9376
vn -0.1725 -0.2988 0.9386
vn 0.0899 0.8991 0.4284
vn 0.5292 0.8021 0.2769
vn -0.4012 0.8908 0.2135
vn 0.0259 -0.3320 0.9429
vn 0.0294 -0.2979 0.9542
vn 0.0185 -0.3114 0.9501
vn -0.8599 -0.4778 -0.1796
vn -0.8938 0.1948 0.4039
vn -0.8678 0.4797 -0.1300
vn -0.6768 0.5932 0.4359
vn 0.0639 0.9898 0.1276
vn -0.5710 0.8003 -0.1829
vn 0.1690 -0.2605 0.9506
vn 0.1656 -0.2510 0.9537
vn 0.8824 0.3751 -0.2839
vn 0.8962 0.0694 0.4382
vn 0.8263 -0.5566 -0.0859
vn 0.2729 -0.2263 0.9350
vn 0.2750 -0.2081 0.9387
vn 0.2721 -0.2267 0.9352
vn -0.0462 0.2829 -0.9580
vn 0.4320 0.2841 -0.8559
vn -0.3581 -0.0092 -0.9336
vn 0.3491 0.2601 0.9003
vn -0.0402 -0.1033 0.9938
vn -0.0482 -0.1319 0.9901
vn -0.2928 -0.2101 0.9328
vn -0.6127 -0.4579 0.6441
vn 0.2021 -0.3048 0.9307
vn -0.8456 0.4689 -0.2551
vn -0.8499 -0.0833 -0.5204
vn -0.8916 -0.3838 -0.2403
vn -0.9214 0.1193 0.3699
vn 0.5030 0.5159 -0.6934
vn 0.0725 0.3565 -0.9315
vn -0.1408 0.6920 -0.7080
vn 0.0530 -0.2692 0.9616
vn -0.3983 0.0504 0.9158
vn -0.2683 -0.5762 0.7720
vn 0.0894 0.8604 0.5018
vn -0.2138 0.9471 -0.2394
vn -0.6783 0.7183 0.1545
vn 0.0887 0.3135 -0.9455
vn -0.4917 -0.1543 -0.8570
vn -0.7971 0.2993 -0.5245
vn -0.8677 -0.4826 -0.1190
vn -0.8918 -0.4199 0.1684
vn -0.8585 0.5038 0.0954
vn 0.2163 0.3492 -0.9118
vn -0.0798 0.6364 -0.7672
vn 0.1947 0.3948 -0.8979
vn 0.1740 0.3873 -0.9054
vn 0.0838 0.6785 0.7298
vn 0.7297 0.6409 0.2383
vn -0.2424 0.8942 0.3763
vn -0.1924 0.3430 -0.9194
vn -0.1840 0.3386 -0.9227
vn -0.1367 0.3349 -0.9323
vn -0.1291 0.3176 -0.9394
vn -0.1405 0.3164 -0.9382
vn -0.1024 0.3594 -0.9276
vn 0.1659 0.6206 -0.7664
vn -0.0887 0.3472 -0.9336
vn -0.0143 0.9187 0.3946
vn 0.3061 0.9517 -0.0233
vn -0.4129 0.9049 0.1030
vn -0.2923 0.3118 -0.9041
vn 0.1178 0.1724 -0.9779
vn -0.3026 -0.1366 -0.9433
vn 0.0594 -0.6441 -0.7626
vn -0.2226 -0.9746 -0.0252
vn -0.6943 -0.5281 -0.4889
vn 0.9221 -0.3743 0.0981
vn 0.8110 0.0387 -0.5838
vn 0.8780 0.4700 0.0907
vn 0.5745 -0.5512 -0.6050
vn 0.2881 -0.9551 -0.0694
vn -0.3291 -0.7620 -0.5578
vn -0.6111 0.7883 0.0720
vn -0.3784 0.6318 0.6765
vn 0.2103 0.9653 0.1546
vn -0.2616 -0.4062 0.8756
vn -0.2754 -0.4155 0.8669
vn -0.0955 -0.3812 0.9196
vn -0.1188 -0.3929 0.9119
vn -0.1062 -0.4110 0.9054
vn 0.1250 -0.8854 -0.4476
vn -0.6579 -0.7492 -0.0770
vn -0.5875 -0.4425 -0.6775
vn -0.1580 -0.3907 0.9069
vn -0.1869 -0.3773 0.9070
vn -0.1781 -0.3921 0.9025
vn 0.2588 0.8141 0.5199
vn 0.0694 0.9903 -0.1206
vn -0.5755 0.7762 0.2576
vn -0.5043 0.7432 0.4397
vn 0.0655 -0.3461 0.9359
vn 0.0442 -0.3450 0.9376
vn 0.0339 -0.3556 0.9340
vn -0.8575 -0.4611 -0.2282
vn -0.8931 0.1563 0.4219
vn -0.8758 0.4268 -0.2253
vn 0.8677 -0.4061 -0.2868
vn 0.1825 -0.9760 -0.1190
vn 0.2429 -0.5847 -0.7740
vn 0.1606 -0.3166 0.9349
vn 0.1534 -0.3186 0.9354
vn 0.1417 -0.3219 0.9361
vn -0.3694 -0.9132 -0.1720
vn -0.4625 -0.6878 -0.5595
vn 0.4259 -0.6783 -0.5988
vn 0.0541 -0.9985 0.0054
vn -0.9195 0.2834 0.2724
vn -0.8216 0.2943 -0.4883
vn -0.8886 -0.2823 -0.3615
vn 0.8852 -0.1887 0.4253
vn 0.8240 -0.5510 -0.1321
vn 0.8852 0.3874 -0.2577
vn 0.3565 0.9275 -0.1122
vn 0.3409 0.9235 -0.1759
vn 0.1747 0.9247 0.3382
vn 0.1942 0.9104 0.3653
vn -0.3362 0.9278 -0.1618
vn -0.7587 0.6482 0.0655
vn -0.4928 0.5383 0.6837
vn -0.1264 0.6938 0.7090
vn 0.6853 -0.3800 0.6212
vn 0.3025 -0.2781 0.9117
vn 0.1306 -0.7051 0.6970
vn -0.0941 -0.4171 0.9040
vn -0.2088 0.1367 0.9684
vn -0.1005 -0.4232 0.9004
vn 0.0107 -0.4473 0.8943
vn -0.3795 -0.3280 0.8651
vn -0.3927 -0.3423 0.8536
vn 0.5223 0.1846 -0.8325
vn 0.0738 0.3898 -0.9179
vn 0.0969 0.4020 -0.9105
vn 0.8449 -0.4976 -0.1963
vn 0.8756 0.3458 -0.3373
vn 0.9059 -0.0364 0.4220
vn 0.9155 -0.3795 0.1335
vn -0.6239 -0.6704 -0.4016
vn 0.3173 -0.7034 -0.6360
vn 0.0230 -0.9991 0.0352
vn -0.3675 -0.9076 0.2031
vn 0.7361 -0.0812 -0.6719
vn 0.8129 0.3113 -0.4922
vn 0.9565 0.0763 0.2817
vn 0.9253 -0.3591 0.1216
vn 0.7073 0.7042 -0.0625
vn -0.1478 0.9512 0.2707
vn 0.3315 0.8565 0.3957
vn 0.7162 0.4511 0.5324
vn 0.0810 0.4186 -0.9046
vn -0.1367 0.0831 -0.9871
vn -0.0331 0.7170 -0.6963
vn 0.3104 0.9495 0.0467
vn 0.2946 0.9553 0.0248
vn 0.0107 0.8968 0.4423
vn 0.0318 0.8840 0.4664
vn 0.1361 0.6541 0.7441
vn 0.7823 0.5906 0.1980
vn 0.3372 0.9398 -0.0544
vn -0.4059 0.9115 0.0668
vn -0.3115 0.6435 0.6992
vn 0.3645 0.9014 0.2336
vn -0.8520 0.2844 -0.4396
vn -0.7474 0.3051 -0.5902
vn -0.6319 -0.7741 -0.0375
vn 0.1867 0.4352 -0.8808
vn 0.1937 0.4366 -0.8786
vn 0.0707 0.7555 -0.6513
vn 0.3324 0.4540 -0.8266
vn -0.0566 0.4406 -0.8959
vn -0.0438 0.4350 -0.8993
vn -0.0502 0.4190 -0.9066
vn -0.0284 0.4701 -0.8821
vn 0.2299 0.7248 -0.6494
vn -0.0243 0.4694 -0.8827
vn -0.2194 0.3669 -0.9040
vn -0.1551 0.4206 -0.8939
vn -0.1367 0.4312 -0.8918
vn -0.1243 0.4238 -0.8972
vn -0.1425 0.4215 -0.8956
vn -0.8447 0.4893 -0.2170
vn -0.8514 -0.0523 -0.5220
vn -0.8926 -0.3650 -0.2646
vn -0.9209 0.0911 0.3790
vn -0.3880 -0.4501 -0.8043
vn -0.0978 -0.9886 -0.1141
vn -0.7281 -0.5097 -0.4584
vn 0.8589 0.5090 0.0570
vn 0.9149 -0.3839 0.1249
vn 0.8485 -0.3699 -0.3784
vn 0.8600 0.5015 -0.0946
vn 0.9160 -0.3978 -0.0512
vn 0.8609 -0.2196 -0.4589
vn -0.6692 0.4690 0.5765
vn 0.2317 0.4716 0.8509
vn 0.2031 0.7483 0.6315
vn -0.2249 -0.4367 0.8710
vn -0.2111 -0.4376 0.8740
vn -0.0957 -0.4567 0.8844
vn -0.5957 -0.1906 0.7803
vn 0.2660 -0.7133 0.6484
vn 0.1115 -0.8447 -0.5234
vn -0.6682 -0.7333 -0.1258
vn -0.7407 -0.4186 -0.5255
vn -0.2253 -0.6471 -0.7284
vn 0.6013 -0.5431 -0.5860
vn 0.5201 -0.8330 -0.1885
vn -0.0310 -0.9917 -0.1250
vn -0.8510 -0.4481 -0.2739
vn -0.8945 0.1190 0.4310
vn -0.8815 0.4174 -0.2208
vn -0.8567 -0.4322 -0.2816
vn -0.8712 -0.2709 0.4094
vn -0.8575 0.4596 0.2313
vn 0.1418 -0.4153 0.8986
vn 0.1319 -0.3969 0.9083
vn -0.4490 -0.5496 -0.7045
vn -0.0184 -0.5735 -0.8190
vn 0.1799 -0.9799 -0.0867
vn -0.3872 -0.9106 -0.1443
vn 0.1413 -0.4056 0.9030
vn 0.1273 -0.4019 0.9068
vn 0.1223 -0.4033 0.9068
vn -0.3343 0.9393 -0.0770
vn -0.7580 0.6406 0.1229
vn -0.4936 0.4758 0.7280
vn -0.1260 0.6301 0.7662
vn -0.9505 -0.2483 0.1866
vn -0.8589 0.4870 -0.1583
vn -0.8185 0.1148 -0.5629
vn 0.8860 -0.2183 0.4092
vn 0.8302 -0.5263 -0.1838
vn 0.8810 0.4181 -0.2215
vn 0.5153 -0.7257 -0.4558
vn -0.2336 -0.9433 -0.2357
vn -0.3546 -0.4919 -0.7952
vn 0.3037 -0.3883 0.8700
vn 0.2935 -0.3850 0.8750
vn 0.3057 -0.3966 0.8656
vn 0.1889 0.8100 0.5552
vn 0.4556 0.8810 0.1273
vn -0.3000 0.8815 0.3647
vn -0.3447 0.9364 -0.0659
vn -0.2359 0.8851 0.4012
vn 0.1970 0.9109 -0.3625
vn -0.6618 0.7176 -0.2169
vn 0.8361 -0.3575 -0.4160
vn 0.2993 -0.9541 -0.0051
vn 0.0081 -0.8612 -0.5081
vn -0.2252 -0.7441 0.6289
vn -0.3862 -0.3927 0.8346
vn -0.4051 -0.4079 0.8183
vn 0.7830 -0.1938 -0.5911
vn 0.8357 0.3771 -0.3993
vn 0.9319 0.0161 0.3624
vn 0.8615 -0.4920 0.1251
vn 0.1792 0.5312 -0.8281
vn 0.1728 0.5251 -0.8333
vn 0.1782 0.5447 -0.8195
vn -0.5972 0.7412 0.3064
vn -0.3646 0.5634 0.7414
vn 0.3145 0.8947 0.3172
vn -0.8802 -0.3873 0.2742
vn -0.8617 0.5052 0.0462
vn -0.7953 -0.0681 -0.6023
vn 0.2371 -0.9420 -0.2377
vn 0.1248 -0.5103 -0.8509
vn 0.7396 -0.1680 -0.6517
vn 0.7516 -0.6579 0.0481
vn 0.2341 0.5122 -0.8264
vn 0.5015 0.7355 -0.4556
vn 0.3849 0.4824 -0.7868
vn 0.3752 0.4889 -0.7875
vn 0.2781 0.9517 0.1304
vn -0.2496 0.9610 0.1190
vn -0.0325 0.8506 0.5248
vn 0.0016 0.4672 0.8842
vn 0.8263 0.3296 -0.4567
vn 0.9300 -0.1905 0.3142
vn 0.8741 -0.3345 -0.3523
vn -0.1316 0.4899 -0.8618
vn -0.1204 0.4842 -0.8666
vn -0.1317 0.4826 -0.8659
vn -0.1017 0.5104 -0.8539
vn 0.1607 0.7398 -0.6534
vn -0.0946 0.5026 -0.8593
vn 0.7148 -0.5250 -0.4621
vn 0.2518 -0.9550 -0.1566
vn -0.2357 -0.5479 -0.8027
vn -0.6738 -0.6449 -0.3606
vn -0.4244 -0.3419 -0.8384
vn -0.2341 -0.3808 -0.8945
vn -0.1464 -0.9678 -0.2050
vn -0.2850 0.4539 -0.8442
vn 0.1009 0.3596 -0.9277
vn -0.3078 0.0273 -0.9511
vn -0.8975 0.3952 -0.1957
vn -0.8742 -0.3248 -0.3609
vn -0.9109 -0.4007 -0.0988
vn -0.8781 0.0768 0.4723
vn 0.8579 0.5050 0.0944
vn 0.9157 -0.3918 0.0893
vn 0.8491 -0.3264 -0.4154
vn 0.9680 -0.0246 0.2498
vn 0.8751 -0.2641 -0.4054
vn 0.8851 0.4648 0.0246
vn -0.3606 0.4912 0.7929
vn 0.2285 0.9164 0.3288
vn -0.4157 0.9034 0.1053
vn -0.8287 0.0471 -0.5577
vn -0.9557 -0.2519 0.1520
vn -0.8664 0.4927 -0.0809
vn -0.0938 -0.5371 0.8383
vn -0.1084 -0.5490 0.8288
vn -0.1021 -0.5661 0.8180
vn 0.3319 0.7508 0.5711
vn 0.7856 0.5011 0.3631
vn 0.1537 0.9836 0.0943
vn 0.1156 -0.7355 -0.6676
vn -0.2664 -0.9479 -0.1748
vn -0.7258 -0.3737 -0.5775
vn -0.2148 -0.5149 0.8299
vn -0.1980 -0.5200 0.8309
vn -0.2221 -0.5026 0.8355
vn -0.1792 -0.5498 0.8158
vn -0.1660 -0.5511 0.8178
vn -0.1887 -0.5366 0.8225
vn -0.3694 -0.5030 0.7814
vn -0.3813 -0.4863 0.7862
vn -0.3875 -0.4878 0.7822
vn -0.8600 -0.4122 -0.3010
vn -0.8925 0.0888 0.4422
vn -0.8661 0.4996 0.0169
vn -0.3891 -0.8811 -0.2689
vn -0.3549 -0.4857 -0.7988
vn 0.0258 -0.4865 -0.8733
vn 0.2203 -0.9576 -0.1859
vn -0.6718 0.7379 0.0644
vn -0.4473 0.4282 0.7852
vn 0.0533 0.9136 0.4032
vn 0.5556 -0.4376 -0.7070
vn 0.2569 -0.9412 -0.2194
vn -0.3685 -0.6924 -0.6203
vn -0.6365 -0.5894 -0.4975
vn 0.2901 -0.5733 -0.7663
vn 0.0631 -0.9852 -0.1595
vn -0.3792 -0.9249 0.0290
vn 0.3101 -0.4583 0.8329
vn 0.3004 -0.4614 0.8348
vn 0.2969 -0.4697 0.8314
vn 0.1625 0.7428 0.6494
vn 0.6262 0.6899 0.3633
vn -0.2089 0.9156 0.3435
vn -0.3169 -0.1676 0.9335
vn -0.7353 -0.0661 0.6745
vn -0.4163 -0.5087 0.7536
vn -0.1416 0.5640 -0.8136
vn -0.1481 0.5623 -0.8136
vn -0.1435 0.5655 -0.8122
vn -0.1367 0.5684 -0.8113
vn 0.7973 0.4381 0.4152
vn 0.8460 -0.3966 0.3564
vn 0.8575 -0.4998 -0.1219
vn -0.4131 0.5934 -0.6908
vn 0.3079 0.6972 -0.6475
vn -0.0315 0.5330 -0.8455
vn 0.1851 0.6226 -0.7604
vn 0.6211 0.4613 -0.6336
vn 0.1922 0.6111 -0.7678
vn 0.1506 0.5162 0.8431
vn 0.7766 0.4853 0.4018
vn 0.3278 0.9401 0.0943
vn -0.6431 0.7338 0.2191
vn -0.7082 0.3483 0.6141
vn 0.1239 0.6858 0.7172
vn -0.7949 -0.0097 -0.6067
vn -0.9125 -0.3899 -0.1233
vn -0.8607 0.5012 0.0892
vn -0.8722 -0.4322 -0.2291
vn -0.8892 -0.4532 0.0637
vn -0.8519 0.4644 0.2421
vn 0.0980 0.6527 -0.7513
vn 0.0837 0.6430 -0.7613
vn 0.0684 0.6587 -0.7493
vn 0.8184 0.5702 0.0715
vn 0.9088 -0.0580 0.4132
vn 0.8499 -0.3609 -0.3839
vn 0.0665 0.8444 -0.5316
vn 0.3554 0.5848 -0.7292
vn 0.3419 0.5748 -0.7434
vn 0.8513 -0.2301 -0.4715
vn 0.8431 0.4550 -0.2866
vn 0.5444 0.8323 -0.1039
vn 0.9606 -0.2775 -0.0157
vn 0.4969 -0.2012 -0.8442
vn 0.4759 -0.8391 -0.2635
vn -0.2381 -0.7069 -0.6660
vn 0.2843 0.9365 0.2050
vn -0.3912 0.8597 0.3285
vn -0.0384 0.7979 0.6015
vn 0.0181 0.3941 0.9189
vn -0.3007 0.5201 -0.7994
vn -0.3024 0.5174 -0.8005
vn -0.3039 0.5226 -0.7966
vn -0.6330 -0.6346 -0.4434
vn -0.5845 -0.3393 -0.7370
vn 0.1074 -0.4432 -0.8900
vn -0.1843 -0.9469 -0.2635
vn -0.3529 -0.7657 -0.5378
vn -0.3040 -0.4875 -0.8185
vn 0.4426 -0.4234 -0.7904
vn 0.2735 -0.9301 -0.2450
vn -0.3569 0.4145 0.8372
vn 0.2631 0.8630 0.4313
vn -0.3693 0.9100 0.1886
vn 0.3081 0.6805 0.6648
vn 0.7531 0.4922 0.4367
vn 0.1299 0.9668 0.2198
vn -0.4386 -0.3217 0.8391
vn -0.4160 -0.8346 0.3611
vn -0.0716 -0.6490 0.7574
vn -0.1029 -0.6106 0.7853
vn -0.1151 -0.6188 0.7771
vn -0.1088 -0.6349 0.7649
vn 0.1197 -0.6816 -0.7219
vn -0.2660 -0.9279 -0.2612
vn -0.7393 -0.3428 -0.5796
vn -0.2184 -0.9713 -0.0940
vn -0.6775 -0.4656 -0.5694
vn 0.1763 -0.4410 -0.8800
vn 0.0087 -0.9764 -0.2160
vn -0.3647 -0.5923 0.7184
vn -0.3754 -0.5834 0.7202
vn -0.3763 -0.5837 0.7195
vn 0.0608 -0.5967 0.8001
vn 0.0378 -0.5879 0.8080
vn 0.0401 -0.5921 0.8049
vn 0.8747 -0.2782 0.3968
vn 0.8635 -0.4208 -0.2780
vn 0.9056 0.3893 -0.1685
vn 0.8890 -0.3877 -0.2438
vn 0.0737 -0.9017 -0.4260
vn 0.3168 -0.4227 -0.8491
vn 0.1525 -0.5561 0.8170
vn 0.1467 -0.5494 0.8226
vn 0.1390 -0.5521 0.8221
vn 0.6178 -0.5272 -0.5835
vn -0.0342 -0.9671 -0.2522
vn -0.2696 -0.5180 -0.8118
vn -0.5994 0.5726 0.5593
vn 0.1656 0.5532 0.8164
vn 0.3003 0.8528 0.4272
vn -0.8874 -0.1595 -0.4326
vn -0.9212 0.2163 0.3235
vn -0.8131 0.4411 -0.3798
vn 0.8819 0.4446 -0.1569
vn 0.8972 -0.0831 0.4337
vn 0.8263 -0.4942 -0.2701
vn 0.1814 0.7308 0.6581
vn 0.2598 0.9523 0.1603
vn -0.2507 0.8933 0.3731
vn -0.0547 0.5870 -0.8077
vn 0.4168 0.5571 -0.7183
vn -0.3674 0.2904 -0.8836
vn 0.2470 -0.0997 0.9639
vn 0.0727 -0.5814 0.8103
vn 0.0861 -0.5952 0.7990
vn 0.1947 0.9288 0.3155
vn -0.4692 0.7305 0.4961
vn -0.6810 0.3813 0.6251
vn -0.2073 0.3725 0.9046
vn 0.1410 0.4413 0.8862
vn 0.7778 0.4534 0.4353
vn 0.3236 0.9298 0.1751
vn 0.3500 0.6469 -0.6775
vn 0.3441 0.6503 -0.6773
vn 0.0425 0.8838 -0.4659
vn 0.5715 0.7567 -0.3175
vn -0.8614 -0.4112 -0.2983
vn -0.8916 -0.4528 -0.0009
vn -0.8646 0.4407 0.2414
vn -0.1632 0.5996 -0.7835
vn 0.2468 0.5555 -0.7941
vn -0.4344 0.3099 -0.8457
vn 0.2125 0.6400 -0.7384
vn -0.0772 0.8582 -0.5074
vn 0.2050 0.6751 -0.7087
vn 0.1785 0.6717 -0.7190
vn 0.8489 -0.1834 -0.4958
vn 0.8441 0.4767 -0.2455
vn 0.5499 0.8344 -0.0384
vn 0.9578 -0.2857 -0.0315
vn -0.0474 0.6696 -0.7412
vn -0.0445 0.6666 -0.7441
vn -0.0447 0.6635 -0.7468
vn -0.1262 0.6533 -0.7465
vn 0.1479 0.8432 -0.5168
vn -0.1171 0.6485 -0.7522
vn 0.3200 0.9067 0.2748
vn -0.3821 0.8330 0.4002
vn -0.0396 0.7522 0.6577
vn 0.0321 0.3351 0.9417
vn -0.3323 0.8750 -0.3521
vn -0.3249 0.5959 -0.7345
vn -0.7144 0.4938 -0.4957
vn 0.6997 -0.4598 -0.5468
vn 0.2345 -0.9314 -0.2785
vn -0.2404 -0.4332 -0.8687
vn -0.8839 0.4655 0.0460
vn -0.8541 -0.0177 -0.5197
vn -0.9532 -0.2964 0.0604
vn -0.8881 0.3402 0.3090
vn 0.1545 0.6444 -0.7489
vn -0.2714 0.5957 -0.7560
vn -0.1334 0.8801 -0.4556
vn -0.1764 -0.2408 -0.9544
vn -0.1197 -0.9193 -0.3749
vn -0.7075 -0.3637 -0.6059
vn 0.8585 0.4805 0.1792
vn 0.9155 -0.4016 0.0227
vn 0.8488 -0.2455 -0.4682
vn -0.6740 0.5845 0.4519
vn 0.1325 0.5586 0.8188
vn 0.2187 0.8359 0.5035
vn -0.9021 -0.4215 -0.0930
vn -0.8566 0.4597 0.2342
vn -0.8802 0.2038 -0.4287
vn 0.1340 -0.6248 -0.7692
vn -0.2531 -0.9032 -0.3467
vn -0.7309 -0.2859 -0.6198
vn -0.8644 -0.2234 -0.4505
vn -0.9192 0.0461 0.3911
vn -0.8535 0.4873 -0.1846
vn -0.2181 -0.6522 0.7260
vn -0.2014 -0.6576 0.7260
vn -0.2268 -0.6394 0.7346
vn -0.1867 -0.6832 0.7060
vn -0.1700 -0.6856 0.7078
vn -0.1950 -0.6716 0.7148
vn 0.8658 -0.2648 -0.4245
vn 0.1880 -0.8774 -0.4414
vn 0.2512 -0.2890 -0.9238
vn 0.6324 -0.4252 -0.6475
vn 0.1067 -0.9248 -0.3653
vn -0.3363 -0.4985 -0.7990
vn 0.6551 0.6308 0.4158
vn 0.0848 0.9549 0.2845
vn 0.1810 0.6971 0.6938
vn 0.2100 0.6803 0.7022
vn 0.4466 -0.5064 -0.7377
vn -0.2571 -0.8708 -0.4192
vn -0.3933 -0.2727 -0.8781
vn -0.6284 -0.5843 0.5135
vn -0.0989 -0.6968 0.7104
vn -0.0882 -0.2229 0.9708
vn 0.0261 0.3291 0.9439
vn 0.9461 -0.0256 0.3229
vn 0.2166 0.9158 -0.3384
vn -0.3353 0.9258 0.1744
vn -0.7449 0.6164 0.2554
vn -0.4954 0.2714 0.8252
vn -0.1190 0.4057 0.9062
vn -0.0541 -0.8021 0.5948
vn -0.3948 -0.5972 0.6982
vn -0.4116 -0.6101 0.6770
vn -0.2310 -0.9566 -0.1778
vn -0.6771 -0.4143 -0.6082
vn 0.2328 -0.3991 -0.8869
vn -0.1042 -0.9557 -0.2754
vn 0.0612 0.8037 0.5919
vn -0.6494 0.7382 0.1826
vn -0.6669 0.0313 0.7445
vn -0.3270 0.2546 0.9101
vn 0.8915 -0.4371 0.1190
vn 0.8480 -0.4516 -0.2774
vn 0.8236 0.3705 0.4294
vn 0.1331 -0.2256 0.9651
vn -0.0166 -0.6889 0.7247
vn 0.0096 -0.7004 0.7137
vn 0.9147 -0.4027 -0.0354
vn 0.7609 -0.0982 -0.6414
vn 0.8710 0.4847 0.0799
vn 0.1811 0.7473 -0.6393
vn 0.6096 0.5730 -0.5478
vn 0.1860 0.7371 -0.6496
vn 0.3961 0.7615 0.5130
vn -0.3085 0.8014 0.5124
vn -0.7317 0.2196 0.6453
vn -0.2182 0.3323 0.9176
vn 0.2256 0.9061 0.3579
vn -0.4129 0.7571 0.5062
vn -0.0153 0.6725 0.7400
vn 0.0216 0.6434 0.7652
vn -0.8800 -0.4464 0.1623
vn -0.8626 0.4760 0.1715
vn -0.7942 0.0889 -0.6011
vn 0.8258 0.4296 -0.3654
vn 0.9305 -0.2622 0.2560
vn 0.8734 -0.2320 -0.4283
vn -0.4332 0.8266 -0.3593
vn -0.2081 0.7042 -0.6788
vn -0.2209 0.6965 -0.6827
vn -0.1643 0.6735 -0.7208
vn -0.1542 0.6701 -0.7261
vn -0.1747 0.6691 -0.7224
vn 0.9353 0.0138 0.3536
vn 0.8680 -0.1071 -0.4849
vn 0.6836 0.6677 -0.2948
vn -0.2967 0.8988 -0.3227
vn -0.3383 0.6428 -0.6873
vn -0.7314 0.5355 -0.4222
vn 0.6416 -0.4043 -0.6518
vn 0.2286 -0.8973 -0.3777
vn -0.3252 -0.3735 -0.8688
vn -0.8760 0.4201 -0.2368
vn -0.8675 -0.1572 -0.4720
vn -0.9114 -0.2991 -0.2826
vn -0.8941 0.0129 0.4476
vn 0.9162 -0.4006 -0.0125
vn 0.8481 -0.2243 -0.4799
vn 0.8589 0.4619 0.2211
vn 0.2005 -0.2348 -0.9511
vn -0.3263 -0.8017 -0.5008
vn -0.6540 -0.3011 -0.6939
vn -0.3783 -0.6746 0.6338
vn -0.3808 -0.6743 0.6327
vn -0.3753 -0.6832 0.6264
vn -0.3720 -0.6737 0.6386
vn -0.0949 -0.7355 0.6709
vn -0.1070 -0.7424 0.6614
vn -0.1007 -0.7562 0.6466
vn 0.3299 0.5764 0.7476
vn 0.7853 0.3903 0.4806
vn 0.1555 0.9258 0.3446
vn -0.2176 -0.7214 0.6575
vn -0.2029 -0.7264 0.6567
vn -0.2161 -0.7125 0.6676
vn -0.6854 -0.6184 -0.3845
vn -0.4282 -0.1109 -0.8969
vn -0.1929 -0.1420 -0.9709
vn 0.0952 -0.6767 -0.7300
vn 0.0528 -0.7306 0.6808
vn 0.0331 -0.7228 0.6902
vn 0.0368 -0.7272 0.6855
vn 0.8534 -0.2331 -0.4661
vn 0.1747 -0.8316 -0.5273
vn 0.2410 -0.1909 -0.9516
vn -0.8621 -0.2237 -0.4547
vn -0.8800 -0.4465 0.1621
vn -0.8589 0.3481 0.3755
vn 0.6061 -0.5104 0.6100
vn 0.1194 -0.6706 0.7322
vn -0.3485 -0.7550 0.5555
vn 0.2769 -0.8414 -0.4640
vn -0.3563 -0.4225 -0.8334
vn 0.5557 -0.2463 -0.7941
vn 0.2399 0.6155 0.7507
vn 0.2189 0.9283 0.3005
vn -0.2266 0.7907 0.5687
vn 0.0222 0.3157 0.9486
vn 0.9639 0.0605 0.2593
vn 0.2226 0.9165 -0.3324
vn -0.9210 0.1553 0.3574
vn -0.8800 0.4693 0.0734
vn -0.8115 -0.0307 -0.5835
vn -0.8757 -0.3035 -0.3755
vn -0.2170 -0.7431 0.6330
vn 0.3327 -0.7716 0.5422
vn -0.2377 -0.3224 0.9163
vn -0.3045 -0.8468 -0.4362
vn -0.6817 -0.4093 -0.6065
vn 0.3317 -0.3882 -0.8598
vn 0.8905 -0.4470 0.0855
vn 0.8464 -0.4274 -0.3176
vn 0.8244 0.3289 0.4607
vn 0.0762 -0.2863 0.9551
vn -0.0035 -0.7486 0.6631
vn 0.0213 -0.7582 0.6517
vn 0.1331 0.4670 0.8742
vn -0.1924 0.9331 0.3037
vn -0.6722 0.5263 0.5207
vn 0.0552 0.7970 -0.6014
vn 0.0882 0.8137 -0.5746
vn 0.0992 0.8192 -0.5648
vn 0.1213 0.7949 -0.5945
vn 0.1576 0.2674 0.9506
vn 0.7768 0.3620 0.5153
vn 0.3285 0.8823 0.3372
vn -0.5679 0.4160 0.7102
vn -0.3416 0.3127 0.8863
vn 0.3546 0.7168 0.6003
vn -0.8784 -0.4625 0.1206
vn -0.8621 0.4576 0.2175
vn -0.7946 0.1472 -0.5890
vn 0.3499 0.7545 -0.5552
vn 0.0633 0.9505 -0.3042
vn 0.5723 0.7967 -0.1942
vn -0.1515 0.7514 -0.6423
vn 0.2630 0.7071 -0.6564
vn -0.3753 0.4591 -0.8052
vn 0.2094 0.7591 -0.6164
vn 0.8116 0.5422 0.2174
vn 0.9030 -0.1663 0.3961
vn 0.8596 -0.2418 -0.4501
vn -0.0814 0.9338 -0.3485
vn 0.1963 0.7901 -0.5807
vn 0.1751 0.7888 -0.5892
vn 0.8536 -0.0899 -0.5132
vn 0.8595 0.3761 0.3460
vn 0.9366 -0.1532 0.3153
vn 0.9296 -0.2955 -0.2203
vn -0.0529 0.7804 -0.6230
vn -0.0450 0.7795 -0.6248
vn -0.0496 0.7740 -0.6313
vn 0.7416 0.0617 -0.6680
vn 0.6703 -0.6467 -0.3641
vn -0.0236 -0.4561 -0.8896
vn -0.1446 0.7662 -0.6262
vn -0.1365 0.7657 -0.6285
vn 0.6852 -0.3553 -0.6358
vn 0.2328 -0.8623 -0.4496
vn -0.2717 -0.2944 -0.9163
vn 0.0023 0.5804 0.8144
vn 0.3874 0.7827 0.4871
vn -0.4105 0.7088 0.5736
vn 0.1272 0.8064 -0.5775
vn -0.2889 0.7294 -0.6201
vn -0.4012 0.8863 -0.2313
vn -0.1759 -0.2108 -0.9616
vn 0.3215 -0.0970 -0.9419
vn 0.5409 -0.6560 -0.5263
vn 0.0355 -0.8426 -0.5373
vn -0.8944 -0.0212 0.4468
vn -0.8646 0.3961 0.3090
vn -0.8626 -0.1174 -0.4921
vn -0.9141 -0.2785 -0.2948
vn -0.4408 -0.5235 0.7291
vn -0.4192 -0.8993 0.1248
vn -0.0782 -0.8257 0.5586
vn -0.8170 0.5420 -0.1969
vn -0.8668 0.0524 -0.4959
vn -0.9483 -0.3171 0.0099
vn -0.8879 0.2806 0.3646
vn -0.1004 -0.7904 0.6043
vn -0.1150 -0.7982 0.5912
vn -0.1088 -0.8107 0.5753
vn 0.1106 -0.4812 -0.8696
vn -0.6556 -0.6039 -0.4532
vn -0.4996 -0.0045 -0.8662
vn 0.3513 -0.2043 -0.9137
vn -0.1939 -0.7478 -0.6349
vn -0.6041 -0.2000 -0.7714
vn -0.8479 -0.3780 -0.3717
vn -0.8654 -0.2053 0.4571
vn -0.9007 0.4329 -0.0358
vn -0.6835 0.2229 0.6951
vn 0.0623 0.7354 0.6748
vn -0.5571 0.7697 0.3118
vn 0.6041 -0.5593 0.5677
vn 0.1164 -0.7296 0.6739
vn -0.3496 -0.8000 0.4876
vn 0.9121 -0.2712 -0.3073
vn 0.8039 0.4437 -0.3960
vn 0.8626 0.4925 0.1159
vn -0.4009 -0.7167 0.5706
vn -0.4161 -0.7242 0.5500
vn -0.0288 -0.8719 0.4888
vn -0.2448 -0.4927 0.8350
vn 0.2842 -0.7217 0.6312
vn 0.2847 -0.7209 0.6319
vn 0.2119 0.5202 0.8273
vn 0.3589 0.8406 0.4056
vn -0.2472 0.7246 0.6432
vn -0.2943 -0.8435 -0.4493
vn -0.6388 -0.3675 -0.6759
vn 0.3536 -0.3410 -0.8710
vn 0.3053 -0.7916 0.5293
vn -0.2541 -0.3687 0.8941
vn -0.2315 -0.7850 0.5745
vn -0.2181 -0.7892 0.5740
vn 0.7935 0.2695 0.5456
vn 0.8501 -0.4986 0.1696
vn 0.8599 -0.4229 -0.2859
vn 0.4210 -0.4558 0.7842
vn -0.0029 -0.8026 0.5966
vn 0.0223 -0.8089 0.5875
vn 0.0455 -0.7755 0.6297
vn -0.3895 -0.4976 0.7750
vn -0.3272 -0.8910 0.3149
vn 0.1040 0.4095 0.9064
vn -0.1946 0.9081 0.3707
vn -0.6727 0.4908 0.5538
vn 0.2269 -0.7559 -0.6142
vn 0.1473 -0.0762 -0.9862
vn 0.7483 0.1263 -0.6512
vn 0.7495 -0.6115 -0.2538
vn -0.5736 0.4949 0.6528
vn -0.3138 0.2114 0.9257
vn 0.3500 0.6735 0.6511
vn -0.7939 0.1959 -0.5756
vn -0.9125 -0.3242 -0.2495
vn -0.8610 0.4408 0.2537
vn -0.8293 -0.5584 0.0187
vn -0.8577 0.3699 0.3572
vn -0.8682 -0.3122 -0.3857
vn 0.2260 0.8025 -0.5521
vn 0.2187 0.8139 -0.5383
vn 0.2578 0.7917 -0.5539
vn -0.0560 0.8330 -0.5504
vn -0.0400 0.8296 -0.5569
vn -0.0594 0.8262 -0.5603
vn -0.6724 -0.4034 -0.6206
vn -0.3981 0.0740 -0.9144
vn 0.2322 -0.3279 -0.9157
vn -0.3828 -0.7266 -0.5705
vn -0.0254 0.8482 -0.5290
vn 0.1375 0.5667 -0.8124
vn -0.0284 0.8468 -0.5312
vn -0.1234 0.8160 -0.5647
vn 0.3086 0.8263 -0.4712
vn -0.1292 0.8062 -0.5773
vn 0.3588 0.7863 -0.5029
vn 0.7107 0.4156 -0.5676
vn 0.3631 0.7741 -0.5187
vn 0.0028 0.5095 0.8605
vn 0.3201 0.7953 0.5148
vn -0.3994 0.6712 0.6244
vn -0.2838 0.7626 -0.5814
vn -0.2940 0.7595 -0.5803
vn -0.2980 0.7601 -0.5775
vn -0.2832 0.7685 -0.5738
vn 0.1004 0.7226 -0.6839
vn -0.3009 0.4522 -0.8396
vn -0.0082 -0.7796 -0.6263
vn -0.3118 -0.3865 -0.8680
vn 0.3453 -0.0287 -0.9381
vn 0.5447 -0.6184 -0.5665
vn 0.8575 0.4139 0.3056
vn 0.9158 -0.3911 -0.0909
vn 0.8484 -0.1313 -0.5127
vn 0.9420 -0.2090 0.2624
vn 0.8630 -0.1718 -0.4751
vn 0.8578 0.3467 0.3795
vn 0.9608 -0.1525 0.2315
vn 0.8701 -0.0794 -0.4865
vn 0.8947 0.3945 0.2097
vn -0.3373 -0.5470 -0.7662
vn -0.3366 -0.1459 -0.9303
vn 0.4684 -0.1181 -0.8756
vn 0.2934 -0.7688 -0.5682
vn -0.3184 0.1050 0.9421
vn 0.2643 0.5749 0.7744
vn -0.4928 0.7215 0.4864
vn -0.2137 -0.8108 0.5449
vn -0.8664 -0.0895 -0.4912
vn -0.8921 -0.4460 0.0730
vn -0.8626 0.3978 0.3125
vn -0.0935 -0.8404 0.5338
vn -0.1081 -0.8473 0.5201
vn -0.1018 -0.8582 0.5031
vn 0.3750 0.4259 0.8234
vn 0.7765 0.3964 0.4898
vn -0.1241 0.6804 0.7223
vn 0.1159 -0.4635 -0.8785
vn -0.6543 -0.5673 -0.5000
vn -0.7390 -0.0949 -0.6670
vn -0.0122 0.4064 0.9136
vn -0.1314 0.8418 0.5235
vn -0.5643 0.7326 0.3806
vn -0.7489 0.3166 0.5822
vn 0.8500 0.3891 0.3552
vn 0.8964 -0.4429 -0.0182
vn 0.8930 0.2082 -0.3990
vn -0.6248 -0.3273 -0.7089
vn 0.2813 -0.1747 -0.9436
vn 0.1117 -0.8151 -0.5685
vn -0.3621 -0.8559 -0.3693
vn 0.1461 -0.8026 0.5783
vn 0.1269 -0.8036 0.5815
vn 0.1306 -0.8077 0.5749
vn 0.2945 -0.7764 0.5572
vn 0.3070 -0.7653 0.5658
vn 0.2936 -0.7762 0.5579
vn 0.2146 0.4471 0.8684
vn 0.3389 0.8115 0.4760
vn -0.2489 0.6628 0.7062
vn 0.9036 -0.4199 -0.0851
vn 0.8607 -0.0039 -0.5091
vn 0.8185 0.5096 0.2652
vn 0.8218 -0.2440 0.5148
vn 0.3052 -0.7702 0.5600
vn 0.0463 -0.5438 0.8380
vn -0.0807 -0.8958 0.4372
vn 0.0489 -0.8289 0.5573
vn -0.3880 -0.5635 0.7293
vn -0.3267 -0.9155 0.2347
vn -0.8122 0.0794 -0.5779
vn -0.9473 -0.3087 -0.0859
vn -0.8743 0.4591 0.1576
vn 0.1418 0.0903 0.9858
vn 0.7813 0.2593 0.5678
vn 0.3074 0.8060 0.5058
vn -0.4459 0.6842 0.5771
vn -0.3146 0.1402 0.9388
vn 0.3535 0.6165 0.7035
vn -0.8789 -0.4754 0.0403
vn -0.8623 0.4121 0.2942
vn -0.7966 0.2447 -0.5527
vn -0.8652 -0.2944 -0.4059
vn -0.8891 -0.4327 -0.1493
vn -0.8604 0.3401 0.3796
vn 0.2115 0.8565 -0.4709
vn -0.6614 -0.3558 -0.6603
vn -0.6197 0.0131 -0.7847
vn 0.0882 0.0078 -0.9961
vn -0.3293 -0.6948 -0.6393
vn -0.0322 0.8910 -0.4529
vn 0.2307 0.9659 -0.1173
vn -0.0274 0.8905 -0.4542
vn -0.0077 0.4437 0.8962
vn 0.2909 0.7581 0.5837
vn -0.4029 0.6273 0.6665
vn -0.2733 0.8302 -0.4858
vn -0.2688 0.8267 -0.4943
vn -0.2729 0.8197 -0.5035
vn -0.8698 0.4933 0.0116
vn -0.8803 0.3626 -0.3058
vn -0.9093 -0.2209 -0.3527
vn -0.8946 -0.1054 0.4343
vn 0.6198 -0.0922 -0.7793
vn 0.1580 -0.7228 -0.6728
vn -0.2485 -0.0841 -0.9650
vn -0.5616 0.6137 0.5550
vn -0.0677 0.0351 0.9971
vn 0.2510 0.5098 0.8229
vn -0.3038 -0.5981 0.7416
vn -0.4290 -0.9012 -0.0610
vn -0.0745 -0.9127 0.4019
vn -0.8818 0.4387 0.1732
vn -0.8440 0.1650 -0.5104
vn -0.9561 -0.2868 -0.0603
vn -0.8884 0.2235 0.4009
vn 0.1201 -0.3742 -0.9195
vn -0.6589 -0.5195 -0.5441
vn -0.6766 0.0411 -0.7352
vn 0.4437 -0.0065 -0.8961
vn 0.0681 -0.7542 -0.6531
vn -0.4102 -0.1679 -0.8964
vn 0.8545 -0.1365 -0.5013
vn 0.1731 -0.6685 -0.7233
vn -0.0155 -0.2649 -0.9642
vn -0.6735 0.1030 0.7319
vn 0.0620 0.6054 0.7935
vn -0.5571 0.7030 0.4421
vn 0.3637 0.7636 0.5336
vn 0.0745 0.8060 0.5872
vn 0.1704 0.4184 0.8921
vn 0.2026 0.3975 0.8949
vn 0.6187 -0.7771 0.1152
vn 0.0874 -0.6010 0.7945
vn -0.1166 -0.9623 0.2458
vn 0.7704 0.1729 -0.6137
vn 0.8711 0.4610 0.1692
vn 0.9588 -0.1298 0.2528
vn 0.9158 -0.3636 -0.1708
vn -0.1196 -0.8902 0.4395
vn -0.6384 -0.6540 0.4059
vn -0.1193 -0.8909 0.4383
vn 0.5105 0.6798 -0.5266
vn 0.0699 0.8844 -0.4614
vn 0.1081 0.8874 -0.4482
vn -0.1101 0.7495 -0.6528
vn 0.0297 0.9992 -0.0276
vn 0.1875 0.8807 -0.4350
vn -0.0555 0.8801 -0.4716
vn 0.4231 0.8083 -0.4095
vn -0.3546 0.6530 -0.6692
vn 0.5243 -0.7077 0.4736
vn 0.0375 -0.8699 0.4918
vn -0.3392 -0.9276 0.1565
vn -0.2959 -0.7526 -0.5883
vn -0.6436 -0.2558 -0.7214
vn 0.3658 -0.2216 -0.9039
vn 0.7814 0.1675 -0.6011
vn 0.8427 0.5336 -0.0722
vn 0.9274 -0.2190 0.3031
vn 0.8593 -0.4761 -0.1868
vn 0.2960 -0.8169 0.4950
vn -0.1414 -0.8176 0.5581
vn 0.2937 -0.8218 0.4883
vn 0.8863 -0.4620 -0.0324
vn 0.8462 -0.3402 -0.4102
vn 0.8229 0.1917 0.5348
vn -0.1258 0.8560 -0.5015
vn 0.3825 0.7908 -0.4778
vn -0.4261 0.6290 -0.6502
vn 0.7652 0.3388 0.5475
vn 0.3057 0.7522 0.5837
vn 0.0629 0.0394 0.9972
vn 0.3771 0.2685 0.8864
vn 0.1458 0.0964 -0.9846
vn 0.7491 0.2308 -0.6209
vn 0.7474 -0.5557 -0.3641
vn 0.2304 -0.6388 -0.7340
vn -0.5381 0.4901 0.6858
vn -0.3194 0.0540 0.9461
vn 0.3550 0.5472 0.7580
vn -0.8649 -0.2515 -0.4344
vn -0.8951 -0.4030 -0.1908
vn -0.8599 0.2992 0.4135
vn -0.1545 0.8949 -0.4187
vn 0.2573 0.8597 -0.4412
vn -0.3591 0.6531 -0.6667
vn 0.1886 0.8984 -0.3966
vn 0.1985 0.8976 -0.3936
vn 0.3503 0.8719 -0.3420
vn 0.3579 0.8665 -0.3481
vn 0.3521 0.8687 -0.3483
vn 0.0889 0.9365 -0.3391
vn -0.1860 0.7948 -0.5776
vn -0.0294 0.9996 0.0050
vn -0.0490 0.9205 -0.3877
vn -0.0429 0.9176 -0.3953
vn -0.0443 0.9178 -0.3946
vn 0.2964 0.7176 0.6303
vn -0.3323 0.6565 0.6772
vn -0.0255 0.4143 0.9098
vn 0.0286 -0.1000 0.9946
vn -0.6452 -0.3281 -0.6900
vn -0.5829 0.0810 -0.8085
vn -0.0059 0.1383 -0.9904
vn -0.1576 -0.6818 -0.7144
vn -0.8620 0.4215 0.2816
vn -0.8567 0.0816 -0.5093
vn -0.8991 -0.1010 -0.4260
vn -0.9184 -0.1811 0.3518
vn 0.9334 -0.3193 -0.1639
vn 0.8566 0.0270 -0.5153
vn 0.8600 0.2609 0.4386
vn -0.6729 0.3405 0.6567
vn 0.1269 0.1590 0.9791
vn 0.2175 0.5491 0.8070
vn -0.8668 0.0072 -0.4987
vn -0.8921 -0.4519 -0.0075
vn -0.8634 0.3422 0.3708
vn 0.8575 0.5072 0.0862
vn 0.9139 -0.3409 0.2205
vn 0.8482 -0.1983 -0.4911
vn -0.3590 -0.3849 -0.8503
vn -0.3209 0.0164 -0.9470
vn 0.4121 0.0396 -0.9103
vn 0.2716 -0.6795 -0.6816
vn 0.0034 0.1524 -0.9883
vn 0.2979 0.1446 -0.9436
vn 0.5118 -0.5089 -0.6922
vn -0.0354 -0.6705 -0.7411
vn -0.8135 0.5767 -0.0747
vn -0.8177 0.4633 -0.3416
vn -0.9484 -0.3104 -0.0647
vn -0.8906 0.1805 0.4173
vn 0.1526 -0.8941 0.4210
vn 0.1347 -0.8966 0.4218
vn 0.1380 -0.8982 0.4174
vn 0.9115 -0.1693 -0.3748
vn 0.7960 0.5351 -0.2828
vn 0.8599 0.4572 0.2269
vn 0.8405 0.2622 -0.4741
vn 0.7068 0.7062 0.0408
vn 0.8372 0.2826 0.4682
vn 0.8572 -0.0119 -0.5149
vn 0.1865 0.2395 0.9528
vn 0.4578 0.6078 0.6489
vn -0.2570 0.4959 0.8295
vn -0.0685 0.0834 0.9942
vn -0.3329 0.7641 0.5526
vn -0.7932 0.2609 0.5502
vn -0.2878 -0.6950 -0.6589
vn -0.6244 -0.1849 -0.7589
vn 0.3407 -0.0466 -0.9390
vn 0.1234 -0.2892 -0.9493
vn -0.6167 -0.6457 -0.4503
vn -0.6158 0.2519 -0.7465
vn -0.2397 -0.9708 -0.0070
vn -0.3932 -0.8435 0.3659
vn -0.4111 -0.8420 0.3492
vn 0.8827 -0.4662 -0.0590
vn 0.8454 -0.3061 -0.4378
vn 0.8239 0.1448 0.5480
vn 0.0586 -0.5933 0.8029
vn 0.0003 -0.9290 0.3702
vn 0.0218 -0.9344 0.3556
vn 0.0514 -0.9120 0.4069
vn -0.3893 -0.6797 0.6217
vn -0.3294 -0.9409 0.0782
vn 0.1395 -0.1265 0.9821
vn 0.7930 0.1265 0.5960
vn 0.3220 0.6797 0.6590
vn -0.5716 0.1521 0.8063
vn -0.3553 -0.0100 0.9347
vn 0.3570 0.4530 0.8169
vn 0.8137 0.4224 0.3994
vn 0.9072 -0.2942 0.3007
vn 0.8550 -0.0738 -0.5133
vn -0.8713 0.0500 -0.4882
vn -0.9039 -0.4039 0.1411
vn -0.8505 0.4180 0.3192
vn -0.0521 0.9573 -0.2845
vn -0.0529 0.9550 -0.2920
vn -0.0602 0.9521 -0.2997
vn -0.1539 0.9233 -0.3519
vn -0.1053 0.9933 0.0470
vn -0.1220 0.9260 -0.3573
vn 0.3651 0.5882 0.7216
vn -0.3824 0.5301 0.7568
vn -0.0337 0.3169 0.9479
vn 0.0229 -0.2005 0.9794
vn 0.6736 -0.1074 -0.7312
vn 0.2328 -0.6545 -0.7194
vn -0.2806 0.0447 -0.9588
vn -0.8922 0.1419 0.4288
vn -0.8173 0.5760 0.0137
vn -0.8411 0.3483 -0.4138
vn -0.9321 -0.2644 -0.2474
vn 0.6570 -0.0341 -0.7531
vn 0.0666 -0.5924 -0.8029
vn -0.1151 0.1889 -0.9752
vn -0.8702 0.4881 0.0676
vn -0.8801 0.4103 -0.2390
vn -0.9091 -0.1551 -0.3866
vn -0.8949 -0.1769 0.4096
vn 0.2004 -0.7612 0.6168
vn -0.1518 -0.9533 0.2609
vn 0.1555 -0.9816 -0.1112
vn 0.3137 0.1732 0.9336
vn 0.7557 0.1536 0.6366
vn 0.1359 0.6638 0.7354
vn -0.6220 -0.1370 -0.7709
vn 0.1640 0.1676 -0.9721
vn 0.1603 -0.6160 -0.7713
vn -0.0438 -0.8068 -0.5892
vn 0.0976 -0.0862 -0.9915
vn -0.2668 -0.6022 -0.7524
vn -0.7758 -0.0342 -0.6300
vn 0.3016 0.1600 -0.9399
vn -0.1466 -0.5329 -0.8334
vn -0.6087 0.0398 -0.7924
vn 0.8404 0.0488 -0.5398
vn 0.1840 -0.5363 -0.8237
vn 0.2266 0.2087 -0.9514
vn -0.8469 -0.2049 -0.4907
vn -0.8755 -0.3312 0.3519
vn -0.8688 0.2496 0.4276
vn -0.6838 -0.0260 0.7292
vn 0.0615 0.4586 0.8865
vn -0.5519 0.6194 0.5583
vn 0.1408 -0.9334 0.3302
vn 0.1188 -0.9305 0.3465
vn 0.1315 -0.9357 0.3273
vn 0.8736 -0.4617 0.1540
vn 0.8134 -0.2800 -0.5099
vn 0.8986 0.4313 0.0805
vn 0.1678 0.2065 0.9640
vn 0.3184 0.6556 0.6848
vn -0.2590 0.5037 0.8241
vn -0.0292 -0.9298 0.3670
vn -0.5919 -0.4924 0.6381
vn -0.4120 -0.8716 0.2658
vn -0.6450 -0.6482 0.4046
vn -0.1509 -0.9441 0.2930
vn -0.1946 -0.6089 0.7690
vn 0.5799 -0.8018 0.1441
vn 0.1153 -0.9281 0.3541
vn 0.0977 -0.9359 0.3384
vn 0.2987 -0.9238 0.2397
vn -0.4396 -0.6308 0.6394
vn -0.2278 -0.9384 0.2597
vn -0.2314 -0.9378 0.2589
vn 0.9293 -0.3077 -0.2043
vn 0.7828 0.2633 -0.5638
vn 0.8590 0.3686 0.3552
vn 0.1160 0.0679 0.9909
vn -0.2083 0.7431 0.6359
vn -0.6748 0.2951 0.6764
vn 0.0318 -0.9748 0.2209
vn 0.0338 -0.9750 0.2194
vn 0.0425 -0.9786 0.2013
vn 0.0399 -0.9729 0.2277
vn -0.5890 0.2940 0.7527
vn -0.3480 -0.1176 0.9301
vn 0.3286 0.4034 0.8540
vn -0.8269 -0.5310 -0.1849
vn -0.8608 0.2221 0.4579
vn -0.8648 -0.1688 -0.4730
vn 0.2126 0.9484 -0.2353
vn 0.1024 0.9822 -0.1574
vn -0.1708 0.8929 -0.4166
vn -0.1578 0.9774 0.1409
vn -0.0510 0.9728 -0.2257
vn -0.0454 0.9717 -0.2317
vn -0.0486 0.9700 -0.2384
vn -0.0449 0.9764 -0.2110
vn 0.2249 0.9647 0.1369
vn -0.0359 0.9757 -0.2161
vn 0.9327 -0.1564 0.3249
vn 0.8792 0.1482 -0.4528
vn 0.6860 0.7129 0.1453
vn -0.0217 0.1754 0.9843
vn 0.4889 0.2821 0.8255
vn -0.4058 0.4026 0.8205
vn 0.1387 0.2639 -0.9545
vn -0.3858 -0.4475 -0.8068
vn -0.6726 0.1224 -0.7298
vn 0.8575 0.2869 0.4271
vn 0.9158 -0.3368 -0.2187
vn 0.8486 0.0532 -0.5263
vn -0.6727 0.2305 0.7031
vn 0.1031 0.0085 0.9946
vn 0.2179 0.4038 0.8885
vn -0.0939 -0.9727 0.2123
vn -0.1061 -0.9739 0.2007
vn -0.0993 -0.9782 0.1824
vn 0.3737 0.1159 0.9203
vn 0.7730 0.2218 0.5944
vn -0.1256 0.3895 0.9124
vn -0.8655 0.0939 -0.4921
vn -0.9204 -0.1707 0.3518
vn -0.8409 0.5354 -0.0788
vn 0.4373 0.2316 -0.8690
vn 0.0760 -0.5501 -0.8317
vn -0.4077 0.0744 -0.9101
vn 0.9307 -0.1688 -0.3246
vn 0.8278 0.5437 -0.1386
vn 0.8299 0.5495 0.0965
vn 0.9398 -0.3277 0.0969
vn -0.8509 -0.0820 -0.5189
vn -0.8951 -0.2532 0.3671
vn -0.8832 0.4529 0.1218
vn -0.8066 0.5911 -0.0035
vn -0.8132 0.5181 -0.2649
vn -0.9498 -0.2904 -0.1167
vn -0.8940 0.1193 0.4319
vn 0.7315 0.2763 -0.6234
vn 0.5535 -0.5037 -0.6633
vn -0.0041 -0.0149 -0.9999
vn 0.4677 -0.4052 -0.7855
vn -0.3619 -0.1162 -0.9250
vn 0.2837 0.3534 -0.8914
vn -0.1963 -0.8284 0.5247
vn 0.1236 -0.9805 -0.1526
vn 0.3221 -0.9125 0.2523
vn -0.2543 -0.5376 -0.8040
vn -0.4573 0.2429 -0.8555
vn 0.2735 0.1950 -0.9419
vn -0.3410 0.6599 0.6695
vn -0.7558 0.3101 0.5767
vn -0.4922 -0.2459 0.8350
vn -0.1186 -0.1871 0.9752
vn 0.8836 -0.4573 0.1006
vn 0.8312 -0.1949 -0.5208
vn 0.8805 0.4417 0.1721
vn 0.2857 -0.9210 0.2646
vn 0.2828 -0.9221 0.2642
vn 0.2106 0.1113 0.9712
vn 0.3214 0.5953 0.7365
vn -0.2542 0.3690 0.8940
vn -0.0787 0.2540 -0.9640
vn -0.2059 -0.5301 -0.8225
vn -0.7445 0.1137 -0.6578
vn -0.2801 0.9410 -0.1900
vn -0.2884 0.9382 -0.1915
vn -0.2907 0.9406 -0.1754
vn -0.2828 0.9412 -0.1848
vn -0.2386 -0.9547 -0.1781
vn -0.3888 -0.8959 0.2149
vn -0.4085 -0.8914 0.1963
vn -0.1952 -0.9650 0.1749
vn 0.3136 -0.9479 0.0568
vn -0.3485 -0.7140 0.6073
vn 0.1818 0.9784 -0.0981
vn 0.6154 0.7784 -0.1238
vn 0.1867 0.9760 -0.1124
vn 0.1377 -0.2543 0.9573
vn 0.7794 0.0536 0.6243
vn 0.2797 0.5827 0.7631
vn 0.3653 0.9256 -0.0996
vn 0.3675 0.9239 -0.1063
vn 0.8267 0.3859 0.4094
vn 0.9096 -0.3376 0.2423
vn 0.8484 0.0154 -0.5292
vn 0.2191 0.9617 -0.1647
vn 0.2134 0.9645 -0.1555
vn 0.2192 0.9640 -0.1503
vn 0.8547 0.1779 -0.4876
vn 0.8580 0.1506 0.4911
vn 0.9398 -0.2855 0.1878
vn 0.9285 -0.1445 -0.3421
vn 0.0139 0.0273 0.9995
vn 0.5141 0.1544 0.8437
vn -0.3979 0.2303 0.8880
vn -0.9228 -0.2550 0.2888
vn -0.8598 0.3340 0.3863
vn -0.8607 0.1845 -0.4746
vn -0.8946 0.0161 -0.4466
vn 0.5738 0.2710 -0.7729
vn 0.4975 -0.3536 -0.7921
vn -0.2981 -0.0360 -0.9538
vn -0.6050 0.1428 0.7833
vn -0.1416 -0.3737 0.9167
vn 0.3265 0.1461 0.9339
vn 0.2521 0.0110 0.9676
vn 0.7182 -0.0057 0.6958
vn 0.1092 0.5338 0.8385
vn -0.4728 -0.7883 0.3938
vn -0.4373 -0.8237 -0.3610
vn -0.0826 -0.9936 0.0770
vn -0.8666 0.1262 -0.4827
vn -0.8921 -0.4348 -0.1232
vn -0.8627 0.2304 0.4502
vn -0.3534 -0.1162 -0.9282
vn -0.2601 0.2542 -0.9315
vn 0.5397 0.1541 -0.8277
vn 0.2891 -0.4916 -0.8215
vn 0.1736 0.3976 -0.9010
vn -0.1100 -0.3884 -0.9149
vn -0.6490 0.1494 -0.7460
vn 0.7945 0.5906 -0.1411
vn 0.8085 0.5807 0.0959
vn 0.9697 -0.2428 0.0254
vn 0.9064 -0.0600 -0.4181
vn -0.1836 -0.9755 0.1210
vn -0.1711 -0.9791 0.1102
vn -0.1880 -0.9726 0.1366
vn 0.8551 0.2336 0.4629
vn 0.9022 -0.3686 -0.2238
vn 0.8790 0.3973 -0.2636
vn -0.3268 -0.9326 0.1530
vn -0.3347 -0.9287 0.1598
vn -0.3353 -0.9285 0.1595
vn -0.8699 0.0305 -0.4923
vn -0.8657 -0.4932 -0.0855
vn -0.8460 0.0275 0.5325
vn -0.3364 -0.3214 0.8852
vn -0.1321 0.5363 0.8336
vn -0.7723 0.2102 0.5995
vn 0.1843 -0.9485 0.2578
vn 0.1836 -0.9485 0.2581
vn -0.8153 0.5785 0.0231
vn -0.8678 0.2843 -0.4075
vn -0.9485 -0.2877 -0.1327
vn -0.8885 0.0646 0.4544
vn -0.6756 -0.2708 -0.6857
vn -0.5384 0.3941 -0.7449
vn -0.0741 0.3469 -0.9350
vn 0.1152 -0.1344 -0.9842
vn -0.1125 -0.9877 0.1089
vn -0.6320 -0.7575 0.1637
vn -0.1100 -0.9891 0.0974
vn 0.5279 0.8081 -0.2614
vn 0.0610 0.9897 -0.1295
vn 0.1056 0.9891 -0.1028
vn 0.3605 0.3881 0.8482
vn -0.3864 0.3210 0.8647
vn -0.0370 0.0661 0.9971
vn 0.0109 -0.4394 0.8982
vn -0.2953 -0.4852 -0.8231
vn -0.6105 0.0108 -0.7919
vn 0.3932 0.1378 -0.9090
vn 0.3034 -0.9386 0.1640
vn 0.1032 -0.8371 0.5372
vn 0.2656 -0.9256 -0.2698
vn 0.1570 -0.5146 -0.8429
vn -0.0561 -0.1564 -0.9861
vn 0.8076 -0.0705 -0.5854
vn 0.0488 -0.9868 0.1546
vn -0.3879 -0.8192 0.4224
vn -0.3269 -0.9288 -0.1743
vn -0.1541 0.9826 -0.1040
vn 0.2567 0.9579 -0.1288
vn -0.3737 0.8263 -0.4214
vn 0.1770 0.9826 -0.0566
vn 0.1833 0.9819 -0.0485
vn 0.2398 0.9707 -0.0137
vn 0.2157 0.9751 -0.0509
vn 0.2080 0.9768 -0.0514
vn 0.2030 0.9780 -0.0484
vn -0.1485 0.9855 -0.0822
vn -0.1290 0.9884 -0.0796
vn -0.1435 0.9861 -0.0840
vn 0.6558 0.0889 -0.7497
vn 0.2268 -0.4409 -0.8684
vn -0.2884 0.3186 -0.9030
vn -0.0737 0.4394 -0.8953
vn 0.3468 0.4573 -0.8189
vn 0.5473 -0.2376 -0.8025
vn -0.0161 -0.3691 -0.9293
vn -0.3056 0.9477 -0.0919
vn -0.2974 0.9487 -0.1077
vn -0.3070 0.9456 -0.1079
vn 0.1395 0.2856 -0.9481
vn -0.5819 -0.2150 -0.7843
vn -0.6719 0.3457 -0.6550
vn 0.9378 -0.3225 0.1284
vn 0.8634 0.0857 -0.4971
vn 0.8589 0.1118 0.4997
vn -0.8947 -0.2783 0.3494
vn -0.8775 0.4731 0.0790
vn -0.8671 0.1834 -0.4631
vn -0.9101 -0.0576 -0.4104
vn -0.5907 0.1567 0.7915
vn -0.1830 -0.4274 0.8854
vn 0.3214 0.0857 0.9431
vn -0.8397 0.4481 -0.3067
vn -0.9558 -0.2721 -0.1115
vn -0.8648 0.3460 0.3638
vn -0.2228 -0.9739 0.0426
vn 0.9218 -0.1754 -0.3458
vn 0.8413 -0.0158 -0.5404
vn 0.8640 0.4393 0.2460
vn 0.9177 -0.2767 0.2851
vn -0.9235 -0.2766 0.2658
vn -0.8771 0.0711 0.4749
vn -0.8433 0.4849 -0.2318
vn -0.9029 0.0489 -0.4271
vn 0.3749 -0.0452 0.9260
vn 0.7718 0.1235 0.6237
vn -0.1233 0.2280 0.9658
vn -0.0163 0.3614 -0.9323
vn -0.2810 -0.3678 -0.8864
vn -0.7543 0.2478 -0.6080
vn -0.8786 -0.3468 0.3284
vn -0.8716 0.1325 0.4719
vn -0.8666 0.0927 -0.4904
vn -0.9118 -0.1659 -0.3757
vn 0.1727 0.4469 -0.8777
vn -0.0555 -0.3903 -0.9190
vn -0.5925 0.1633 -0.7888
vn -0.2323 -0.9704 0.0660
vn -0.2221 -0.9725 0.0701
vn -0.2389 -0.9687 0.0672
vn -0.1698 -0.9853 0.0165
vn -0.1639 -0.9863 0.0164
vn -0.1736 -0.9846 0.0222
vn 0.8671 0.1053 -0.4869
vn 0.1920 -0.2969 -0.9354
vn 0.2387 0.4484 -0.8614
vn 0.1711 -0.9769 0.1277
vn 0.1713 -0.9771 0.1265
vn -0.7725 0.1569 0.6153
vn -0.0817 -0.2433 0.9665
vn -0.1265 0.4572 0.8803
vn -0.6051 0.0548 -0.7943
vn 0.3242 0.3116 -0.8932
vn 0.1208 -0.3960 -0.9103
vn -0.3481 -0.5673 -0.7463
vn 0.9681 -0.2497 0.0185
vn 0.8491 0.3225 -0.4184
vn 0.8040 0.5731 0.1587
vn 0.1519 -0.1282 0.9800
vn 0.6268 0.0519 0.7774
vn -0.2179 0.2201 0.9508
vn 0.7630 0.0784 0.6416
vn 0.3216 0.4454 0.8356
vn 0.0886 -0.3695 0.9250
vn 0.3830 -0.1281 0.9148
vn -0.1199 -0.9375 0.3266
vn -0.4084 -0.9109 0.0587
vn -0.4109 -0.9114 0.0219
vn 0.8856 -0.4138 -0.2106
vn 0.8494 -0.1393 -0.5091
vn 0.8180 -0.0568 0.5724
vn 0.0624 -0.8334 0.5492
vn -0.0056 -0.9996 0.0272
vn 0.0192 -0.9997 0.0121
vn 0.0454 -0.9963 0.0727
vn -0.3922 -0.8509 0.3496
vn -0.3279 -0.9107 -0.2510
vn 0.3221 -0.9061 0.2742
vn -0.1149 -0.9931 0.0220
vn 0.0698 -0.9052 -0.4193
vn -0.1471 0.9239 0.3532
vn 0.3586 0.9279 0.1022
vn -0.3432 0.7911 -0.5064
vn -0.2926 0.9559 -0.0268
vn -0.3029 0.9527 -0.0255
vn -0.3038 0.9527 -0.0091
vn -0.2970 0.9548 -0.0159
vn 0.1065 0.9910 0.0808
vn 0.1261 0.9917 0.0261
vn 0.0949 0.9938 0.0575
vn 0.3586 0.9302 0.0790
vn 0.3749 0.9245 0.0690
vn 0.3628 0.9293 0.0691
vn 0.1030 0.9901 0.0952
vn -0.1847 0.9645 -0.1888
vn -0.1606 0.9103 0.3815
vn -0.1509 0.9884 -0.0182
vn -0.1396 0.9900 -0.0212
vn -0.1605 0.9867 -0.0242
vn -0.1653 0.9862 0.0075
vn -0.1412 0.9898 0.0214
vn -0.1422 0.9898 0.0012
vn -0.0111 -0.2822 -0.9593
vn -0.3009 0.1718 -0.9381
vn 0.3693 0.5221 -0.7688
vn 0.5456 -0.1694 -0.8208
vn -0.0226 -0.0924 0.9955
vn 0.4858 0.0606 0.8720
vn -0.4021 0.1792 0.8979
vn -0.2689 0.5896 -0.7616
vn -0.1117 -0.2956 -0.9488
vn -0.6985 0.2111 -0.6838
vn 0.8465 0.4736 -0.2430
vn 0.8779 0.3915 0.2756
vn 0.9122 -0.3057 0.2728
vn 0.9199 -0.1431 -0.3651
vn -0.5944 0.0775 0.8005
vn -0.1779 -0.4990 0.8481
vn 0.3216 -0.0024 0.9469
vn -0.8362 0.4679 -0.2861
vn -0.9545 -0.2652 -0.1361
vn -0.8692 0.3187 0.3782
vn 0.4163 -0.9091 -0.0166
vn -0.2590 -0.8694 0.4208
vn -0.0928 -0.9892 -0.1132
vn -0.9037 -0.2050 -0.3758
vn -0.8554 0.1122 0.5056
vn -0.8812 0.4697 -0.0533
vn -0.8787 -0.3696 0.3022
vn -0.8609 0.0826 0.5020
vn -0.8722 0.1158 -0.4752
vn -0.9141 -0.1228 -0.3865
vn -0.8659 0.1380 -0.4808
vn -0.9221 -0.2580 0.2883
vn -0.8813 0.0352 0.4712
vn 0.8108 0.2398 -0.5339
vn 0.1749 -0.1977 -0.9645
vn 0.2215 0.5695 -0.7916
vn -0.6124 0.0953 -0.7848
vn 0.3468 0.3599 -0.8661
vn 0.1058 -0.3148 -0.9432
vn -0.3574 -0.4925 -0.7935
vn 0.1809 -0.9809 0.0710
vn 0.1466 -0.9890 -0.0200
vn 0.1232 -0.9921 -0.0228
vn 0.1358 -0.9904 -0.0266
vn 0.5308 0.0840 -0.8433
vn -0.2405 -0.1849 -0.9529
vn -0.4366 0.3566 -0.8260
vn 0.2040 -0.1515 0.9672
vn 0.3212 0.3762 0.8691
vn -0.2587 0.1210 0.9583
vn -0.0755 -0.3355 0.9390
vn -0.3439 0.4600 0.8186
vn -0.7902 -0.0011 0.6128
vn 0.7359 0.6747 -0.0562
vn 0.8191 0.5542 0.1483
vn 0.9552 -0.2442 0.1670
vn 0.9198 -0.2489 -0.3035
vn -0.6351 0.7615 -0.1292
vn -0.6328 0.7721 -0.0587
vn -0.4878 0.8705 -0.0652
vn 0.5194 0.6576 -0.5457
vn 0.1010 0.1815 -0.9782
vn -0.6273 -0.3773 -0.6812
vn -0.6450 0.5397 -0.5410
vn 0.8884 -0.3859 -0.2487
vn 0.8508 -0.0917 -0.5174
vn 0.8165 -0.1054 0.5676
vn 0.9294 -0.2134 -0.3010
vn 0.7812 0.4435 -0.4394
vn 0.8577 0.2267 0.4615
vn -0.5649 -0.2088 0.7983
vn -0.3274 -0.4185 0.8471
vn 0.3542 0.0894 0.9309
vn -0.8626 -0.0455 -0.5038
vn -0.8925 -0.2734 -0.3586
vn -0.8473 -0.0655 0.5270
vn 0.2191 0.9666 0.1328
vn 0.8099 0.5633 0.1635
vn 0.6507 0.7453 -0.1452
vn 0.5390 0.7407 0.4011
vn 0.0618 0.9960 0.0647
vn 0.0431 0.9971 0.0634
vn 0.0335 0.9965 0.0767
vn -0.2645 0.9629 0.0535
vn -0.2767 0.9597 0.0497
vn -0.2765 0.9587 0.0664
vn -0.2677 0.9617 0.0584
vn -0.1347 0.8772 0.4609
vn -0.0254 0.9950 0.0968
vn -0.3492 0.9211 -0.1720
vn -0.1477 0.9826 0.1122
vn -0.1179 0.9884 0.0959
vn -0.1373 0.9864 0.0907
vn 0.9854 0.0865 -0.1463
vn 0.9009 -0.0342 -0.4326
vn 0.8142 0.5125 0.2727
vn 0.8539 0.3014 -0.4244
vn 0.8579 0.0227 0.5132
vn 0.9408 -0.3185 0.1159
vn 0.9281 -0.0482 -0.3691
vn -0.5288 0.8238 0.2040
vn -0.2463 0.9678 0.0523
vn -0.2750 0.9609 0.0319
vn -0.0213 -0.1735 0.9846
vn 0.4873 -0.0123 0.8732
vn -0.4078 0.0913 0.9085
vn 0.2290 0.3282 -0.9164
vn -0.5985 -0.0266 -0.8007
vn -0.3966 0.6457 -0.6525
vn -0.8713 0.3886 0.2995
vn -0.8679 0.2109 -0.4497
vn -0.9109 0.0105 -0.4125
vn -0.8944 -0.3336 0.2979
vn -0.4850 0.2607 0.8348
vn -0.1402 -0.5315 0.8354
vn 0.2506 -0.0477 0.9669
vn -0.3202 0.0828 -0.9437
vn -0.3664 0.4397 -0.8200
vn 0.5331 0.3990 -0.7461
vn 0.2973 -0.2157 -0.9301
vn -0.0798 -0.9890 -0.1246
vn -0.0948 -0.9857 -0.1391
vn -0.0887 -0.9832 -0.1593
vn -0.8676 0.1522 -0.4734
vn -0.9111 -0.3868 -0.1426
vn -0.8914 0.0523 0.4502
vn -0.7488 -0.1405 -0.6478
vn -0.0879 0.5611 -0.8231
vn 0.1342 -0.0437 -0.9900
vn -0.1012 0.0546 -0.9934
vn -0.1851 -0.9696 -0.1601
vn -0.1684 -0.9724 -0.1617
vn -0.1944 -0.9701 -0.1451
vn -0.6810 -0.3279 0.6548
vn 0.0626 0.0444 0.9971
vn -0.5615 0.3229 0.7619
vn 0.1505 -0.1893 -0.9703
vn -0.3621 0.3516 -0.8633
vn 0.5894 0.3876 -0.7088
vn -0.9171 -0.1749 0.3581
vn -0.8001 0.5876 0.1207
vn -0.8740 0.3771 -0.3063
vn 0.8894 -0.4509 -0.0756
vn 0.8306 0.0011 -0.5569
vn 0.8777 0.3455 0.3320
vn 0.6951 -0.6910 -0.1986
vn 0.1660 -0.9130 0.3726
vn 0.2200 -0.8183 -0.5311
vn 0.2090 -0.2330 0.9498
vn 0.3292 0.3003 0.8952
vn -0.2545 0.0383 0.9663
vn 0.3145 -0.2068 0.9264
vn 0.4086 0.2823 0.8680
vn 0.3726 0.2478 0.8943
vn -0.3175 -0.9351 -0.1573
vn -0.6265 -0.7370 0.2535
vn -0.3467 -0.9212 -0.1764
vn 0.7205 0.6932 0.0184
vn 0.8037 0.5950 0.0069
vn 0.9339 -0.1395 0.3293
vn 0.9232 -0.1960 -0.3305
vn 0.3570 0.9108 0.2075
vn 0.3513 0.9126 0.2092
vn 0.3475 0.9117 0.2193
vn 0.3512 0.9090 0.2244
vn 0.9517 0.1989 -0.2338
vn 0.5885 0.6687 -0.4544
vn 0.5236 0.7868 0.3268
vn 0.8158 0.3049 -0.4914
vn 0.2860 -0.2919 -0.9127
vn -0.0158 0.1972 -0.9802
vn 0.0482 -0.9932 -0.1056
vn -0.3877 -0.9009 0.1950
vn -0.3244 -0.8522 -0.4105
vn -0.5650 -0.2720 0.7789
vn -0.3241 -0.4886 0.8101
vn 0.3550 0.0119 0.9348
vn -0.8794 -0.3893 -0.2739
vn -0.8615 0.1316 0.4903
vn -0.7934 0.5466 -0.2678
vn 0.1094 0.9615 0.2521
vn 0.1306 0.9717 0.1967
vn 0.0979 0.9684 0.2296
vn 0.3196 0.1862 0.9291
vn -0.3908 0.0677 0.9180
vn -0.0394 -0.2034 0.9783
vn 0.0212 -0.6634 0.7480
vn -0.1534 0.9757 0.1562
vn -0.1421 0.9779 0.1536
vn -0.1630 0.9752 0.1499
vn -0.6348 0.0903 -0.7674
vn -0.6773 0.4239 -0.6013
vn -0.4625 0.6050 -0.6481
vn -0.0054 -0.0799 -0.9968
vn -0.2961 0.9420 0.1579
vn -0.3004 0.9422 0.1484
vn -0.3103 0.9401 0.1413
vn -0.3056 0.3444 -0.8877
vn 0.3678 0.6483 -0.6667
vn 0.5436 -0.0234 -0.8390
vn -0.0255 -0.1035 -0.9943
vn 0.9344 -0.1554 -0.3205
vn 0.8544 0.3255 -0.4050
vn 0.8599 -0.0333 0.5093
vn -0.7247 0.0723 -0.6852
vn -0.7266 0.4252 -0.5397
vn 0.0635 0.5053 -0.8606
vn -0.1303 -0.0712 -0.9889
vn -0.6770 -0.0836 0.7312
vn 0.1137 -0.4102 0.9049
vn 0.2077 -0.0021 0.9782
vn -0.0926 -0.9722 -0.2150
vn -0.1078 -0.9672 -0.2299
vn -0.1009 -0.9632 -0.2493
vn 0.3746 -0.2826 0.8831
vn 0.7763 -0.0663 0.6268
vn -0.1247 -0.0331 0.9916
vn -0.8853 -0.1015 0.4539
vn -0.8855 0.2013 0.4187
vn -0.8635 0.4091 -0.2949
vn -0.9463 -0.2226 -0.2344
vn 0.0242 -0.9683 -0.2484
vn 0.0276 -0.9766 -0.2134
vn 0.0190 -0.9734 -0.2283
vn -0.8663 0.2640 -0.4240
vn -0.8899 -0.4075 -0.2048
vn -0.8549 -0.0769 0.5131
vn -0.9063 0.4196 -0.0510
vn -0.8733 -0.4083 -0.2657
vn -0.8591 -0.0178 0.5115
vn 0.1441 -0.9757 -0.1652
vn 0.1275 -0.9787 -0.1606
vn 0.1326 -0.9765 -0.1698
vn 0.9681 -0.2451 -0.0518
vn 0.8447 0.4161 -0.3368
vn 0.8076 0.5243 0.2699
vn -0.6487 0.2353 -0.7238
vn 0.3193 0.4842 -0.8146
vn 0.0876 -0.1729 -0.9810
vn -0.3631 -0.3248 -0.8733
vn 0.8867 -0.4508 -0.1023
vn 0.8291 0.0414 -0.5575
vn 0.8822 0.3336 0.3324
vn 0.5109 0.3235 -0.7965
vn -0.1785 -0.0104 -0.9839
vn -0.4612 0.5153 -0.7223
vn 0.2142 -0.3030 0.9286
vn 0.3069 0.2386 0.9213
vn -0.2532 -0.0388 0.9666
vn -0.0863 -0.9621 -0.2585
vn -0.2101 -0.9348 0.2865
vn -0.0885 -0.9614 -0.2605
vn -0.5318 -0.6366 -0.5585
vn -0.1670 -0.9572 -0.2365
vn -0.3281 -0.8900 0.3166
vn -0.0747 -0.4917 0.8675
vn -0.3406 0.3111 0.8872
vn -0.7897 -0.1045 0.6045
vn 0.9119 -0.2265 -0.3422
vn 0.8528 0.1019 -0.5122
vn 0.8565 0.0240 0.5156
vn 0.3742 0.8862 0.2730
vn 0.3622 0.8907 0.2747
vn 0.3597 0.8851 0.2952
vn 0.3635 0.8843 0.2930
vn 0.8404 0.3230 -0.4352
vn 0.2937 -0.2376 -0.9259
vn 0.0122 0.2379 -0.9712
vn 0.1367 0.8161 0.5616
vn 0.0688 0.9817 -0.1777
vn -0.0379 0.9737 0.2246
vn 0.0438 -0.9809 -0.1894
vn -0.3928 -0.9125 0.1145
vn -0.3345 -0.8153 -0.4727
vn 0.1507 -0.6106 0.7775
vn 0.7724 -0.2003 0.6027
vn 0.3234 0.2447 0.9141
vn 0.2064 0.9315 0.2994
vn 0.3874 0.0791 0.9185
vn -0.3820 -0.0397 0.9233
vn -0.0280 -0.2891 0.9569
vn 0.0292 -0.7147 0.6988
vn -0.0270 0.9496 0.3122
vn 0.1316 0.9886 -0.0728
vn -0.0378 0.9511 0.3066
vn -0.1495 0.9596 0.2384
vn -0.1381 0.9619 0.2359
vn -0.1590 0.9596 0.2320
vn -0.2961 0.9293 0.2208
vn -0.3060 0.9258 0.2218
vn -0.3074 0.9221 0.2352
vn -0.3005 0.9258 0.2292
vn -0.3181 0.4140 -0.8529
vn 0.3305 0.7119 -0.6197
vn 0.5432 0.0504 -0.8381
vn -0.0142 -0.0015 -0.9999
vn 0.1759 0.5503 -0.8162
vn -0.5928 0.0831 -0.8010
vn -0.6587 0.5459 -0.5178
vn 0.9165 -0.1877 -0.3531
vn 0.8489 0.3236 -0.4178
vn 0.8586 0.0354 0.5114
vn 0.2901 -0.1986 0.9361
vn -0.3027 0.2002 0.9318
vn -0.4638 -0.5401 0.7023
vn 0.0806 -0.5256 0.8469
vn -0.9230 -0.3523 0.1548
vn -0.8487 0.2783 0.4497
vn -0.8623 0.3594 -0.3567
vn -0.8961 0.2053 -0.3934
vn 0.0934 0.5169 -0.8509
vn -0.2720 -0.0605 -0.9604
vn -0.7548 0.4089 -0.5130
vn -0.8599 0.0746 0.5049
vn -0.8629 0.1545 -0.4811
vn -0.8959 -0.2856 -0.3404
vn -0.8968 -0.3124 0.3132
vn -0.2136 -0.9366 -0.2777
vn -0.2023 -0.9382 -0.2809
vn -0.2189 -0.9379 -0.2692
vn 0.0180 -0.9462 -0.3231
vn 0.0234 -0.9543 -0.2978
vn 0.0148 -0.9498 -0.3124
vn -0.8789 -0.4347 0.1963
vn -0.8669 -0.0516 0.4958
vn -0.8662 0.2544 -0.4302
vn -0.9153 -0.0211 -0.4023
vn 0.2073 -0.4895 0.8470
vn 0.3401 -0.0845 0.9366
vn -0.3798 0.1402 0.9144
vn -0.4714 -0.4014 0.7853
vn -0.6787 -0.4507 0.5799
vn 0.0760 -0.1466 0.9863
vn -0.5529 0.1679 0.8161
vn 0.1541 -0.9581 -0.2416
vn 0.1494 -0.9593 -0.2397
vn 0.1456 -0.9595 -0.2413
vn 0.1436 -0.9537 -0.2642
vn 0.1190 -0.9568 -0.2653
vn 0.1352 -0.9535 -0.2694
vn 0.9661 -0.2472 -0.0739
vn 0.8431 0.4454 -0.3013
vn 0.8097 0.4953 0.3149
vn -0.8870 -0.1379 0.4406
vn -0.8798 0.2086 0.4272
vn -0.8575 0.4419 -0.2634
vn -0.9519 -0.1866 -0.2429
vn 0.2948 -0.9260 -0.2358
vn 0.8897 -0.4303 -0.1526
vn 0.8306 0.0958 -0.5485
vn 0.8780 0.2899 0.3810
vn 0.5199 0.4321 -0.7369
vn -0.1184 0.0531 -0.9915
vn -0.4661 0.5443 -0.6975
vn -0.6257 -0.7122 -0.3182
vn -0.0958 -0.9385 -0.3318
vn -0.0854 -0.9746 0.2072
vn 0.2065 -0.3838 0.9000
vn 0.3220 0.1479 0.9351
vn -0.2564 -0.1239 0.9586
vn -0.6122 0.3231 -0.7217
vn 0.3300 0.5857 -0.7403
vn 0.0931 -0.0778 -0.9926
vn -0.3616 -0.2658 -0.8936
vn -0.5361 -0.5825 -0.6109
vn -0.1640 -0.9326 -0.3215
vn -0.3380 -0.9119 0.2327
vn -0.0575 0.9548 0.2916
vn 0.4355 0.8536 0.2859
vn -0.3579 0.9337 -0.0100
vn 0.3590 0.8603 0.3620
vn 0.3467 0.8645 0.3639
vn 0.3390 0.8592 0.3832
vn 0.3475 0.8582 0.3777
vn 0.8429 0.3534 -0.4058
vn 0.2952 -0.1612 -0.9417
vn 0.0154 0.3189 -0.9477
vn 0.9295 -0.1307 -0.3449
vn 0.7806 0.5417 -0.3118
vn 0.8576 0.1065 0.5032
vn -0.5667 -0.4033 0.7185
vn -0.3380 -0.6166 0.7110
vn 0.3584 -0.1653 0.9188
vn -0.8753 -0.3395 -0.3444
vn -0.8607 0.0522 0.5064
vn -0.7973 0.5822 -0.1594
vn 0.3891 -0.0300 0.9207
vn -0.3989 -0.1138 0.9099
vn -0.0477 -0.3721 0.9270
vn 0.0255 -0.7776 0.6283
vn -0.2318 0.9070 0.3515
vn -0.2231 0.9105 0.3480
vn -0.1508 0.9371 0.3149
vn -0.1403 0.9402 0.3104
vn -0.1610 0.9371 0.3097
vn 0.9333 -0.3147 0.1729
vn 0.8706 0.3945 -0.2939
vn 0.6807 0.5453 0.4893
vn 0.6862 0.3685 -0.6272
vn 0.2352 -0.0379 -0.9712
vn -0.2719 0.6491 -0.7104
vn 0.8556 0.3871 -0.3435
vn 0.8572 -0.1088 0.5034
vn 0.9412 -0.3365 0.0313
vn 0.9285 0.0519 -0.3677
vn -0.2946 0.9026 0.3139
vn -0.2937 0.9078 0.2993
vn -0.3016 0.9083 0.2899
vn 0.8577 -0.0047 0.5141
vn 0.9158 -0.1522 -0.3717
vn 0.8483 0.3432 -0.4032
vn -0.0965 -0.9086 -0.4063
vn -0.0900 -0.9012 -0.4240
vn -0.0824 -0.9092 -0.4081
vn 0.6841 0.4427 -0.5796
vn 0.0529 0.0452 -0.9976
vn -0.2447 0.5124 -0.8231
vn 0.3224 -0.4457 0.8351
vn 0.7504 -0.2870 0.5955
vn 0.0941 0.0176 0.9954
vn -0.4098 0.4653 -0.7846
vn 0.5942 0.3903 -0.7033
vn 0.3823 0.0778 -0.9208
vn -0.2748 0.1697 -0.9464
vn 0.3747 -0.4325 0.8201
vn 0.7746 -0.1656 0.6104
vn -0.1248 -0.2041 0.9710
vn 0.1041 0.5296 -0.8418
vn -0.6537 0.0939 -0.7509
vn -0.4845 0.7584 -0.4360
vn 0.3267 0.7234 -0.6082
vn -0.1664 0.1709 -0.9712
vn -0.6029 0.5720 -0.5561
vn -0.1589 -0.9104 -0.3821
vn -0.1521 -0.9079 -0.3907
vn -0.1610 -0.9144 -0.3714
vn 0.0289 -0.9170 -0.3979
vn 0.0285 -0.9240 -0.3813
vn 0.0258 -0.9215 -0.3875
vn -0.8622 0.1987 -0.4660
vn -0.8918 -0.3642 -0.2684
vn -0.8520 -0.1779 0.4924
vn -0.9040 0.4256 0.0397
vn -0.8771 -0.3471 -0.3321
vn -0.8593 -0.1062 0.5004
vn 0.6035 -0.7814 -0.1585
vn 0.1155 -0.9452 -0.3055
vn -0.3310 -0.8105 -0.4833
vn -0.8879 -0.1769 0.4246
vn -0.8758 0.1638 0.4540
vn -0.8557 0.4734 -0.2091
vn -0.9548 -0.1562 -0.2529
vn 0.8199 0.1247 -0.5587
vn 0.8912 0.2931 0.3461
vn 0.9276 -0.2442 0.2827
vn 0.8964 -0.2675 -0.3535
vn 0.3011 -0.8588 -0.4145
vn -0.4503 -0.8896 0.0770
vn -0.2234 -0.8849 -0.4088
vn -0.2287 -0.8843 -0.4071
vn 0.2813 -0.9100 -0.3046
vn 0.1716 -0.4459 0.8785
vn 0.2769 0.0819 0.9574
vn -0.2508 -0.1436 0.9573
vn -0.0349 -0.9667 -0.2536
vn -0.5873 -0.7901 0.1755
vn -0.4046 -0.8436 -0.3530
vn -0.0765 -0.6363 0.7677
vn -0.3277 0.1414 0.9341
vn -0.7928 -0.1951 0.5774
vn -0.1316 0.8735 0.4686
vn 0.5557 0.7783 0.2925
vn 0.1779 0.9131 0.3669
vn -0.2961 0.0177 -0.9550
vn -0.6881 0.3710 -0.6236
vn 0.3182 0.6151 -0.7214
vn 0.8404 0.3009 -0.4507
vn 0.2874 -0.0244 -0.9575
vn -0.0442 0.4306 -0.9015
vn 0.0477 -0.9322 -0.3589
vn -0.3896 -0.9200 -0.0430
vn -0.3339 -0.7211 -0.6071
vn 0.1038 -0.5771 0.8101
vn -0.2187 0.1337 0.9666
vn -0.6749 -0.2400 0.6978
vn 0.3705 0.8265 0.4239
vn 0.3643 0.8285 0.4253
vn 0.3616 0.8195 0.4445
vn 0.3642 0.8179 0.4455
vn 0.1246 -0.7603 0.6375
vn 0.7826 -0.3049 0.5428
vn 0.3107 0.0502 0.9492
vn 0.2062 0.8655 0.4566
vn 0.2204 0.1517 -0.9635
vn 0.1418 0.8114 -0.5670
vn 0.7373 0.6414 -0.2121
vn 0.7448 -0.0754 -0.6630
vn -0.8709 0.3726 -0.3205
vn -0.9015 -0.3889 -0.1900
vn -0.8545 0.0664 0.5152
vn 0.3821 -0.1053 0.9181
vn -0.4009 -0.1829 0.8977
vn -0.0512 -0.4462 0.8935
vn 0.0263 -0.8277 0.5606
vn -0.1510 0.9036 0.4009
vn -0.1397 0.9063 0.3988
vn -0.1606 0.9046 0.3948
vn -0.1653 0.8907 0.4234
vn -0.1278 0.8965 0.4242
vn -0.1423 0.8967 0.4192
vn 0.5562 0.7532 -0.3512
vn 0.4991 0.1121 -0.8593
vn -0.2337 0.5234 -0.8194
vn -0.2929 0.8776 0.3795
vn -0.3032 0.8742 0.3793
vn -0.3042 0.8672 0.3942
vn -0.2973 0.8720 0.3890
vn -0.7211 0.2545 -0.6444
vn -0.4861 0.7896 -0.3745
vn 0.0209 0.7514 -0.6596
vn -0.1387 0.1938 -0.9712
vn 0.2401 0.6156 -0.7506
vn -0.5934 0.2504 -0.7650
vn -0.6195 0.6469 -0.4448
vn 0.9166 -0.1231 -0.3805
vn 0.8482 0.3752 -0.3738
vn 0.8582 -0.0526 0.5106
vn 0.9420 -0.3319 -0.0508
vn 0.8640 0.3196 -0.3891
vn 0.8580 -0.1555 0.4895
vn 0.9661 -0.2581 0.0019
vn 0.8747 0.3854 -0.2940
vn 0.8856 0.0067 0.4643
vn -0.5951 -0.2674 0.7578
vn -0.1752 -0.8088 0.5614
vn 0.3227 -0.3940 0.8606
vn 0.3054 -0.5138 0.8017
vn 0.7274 -0.3513 0.5895
vn -0.1377 -0.2292 0.9636
vn -0.6510 -0.7343 -0.1926
vn -0.1338 -0.8723 -0.4703
vn -0.2877 -0.9561 0.0562
vn -0.3274 0.3999 -0.8561
vn -0.3720 0.6922 -0.6185
vn 0.4556 0.7173 -0.5271
vn 0.2837 0.1318 -0.9498
vn -0.8778 -0.4648 0.1159
vn -0.8692 -0.0799 0.4879
vn -0.8714 0.3116 -0.3789
vn -0.9114 0.0507 -0.4084
vn 0.1882 -0.9812 0.0416
vn -0.4982 -0.7355 -0.4591
vn 0.0309 -0.8758 -0.4816
vn 0.0632 -0.8974 -0.4366
vn 0.0511 -0.8970 -0.4390
vn 0.0496 -0.8965 -0.4403
vn -0.8528 0.2738 -0.4447
vn -0.8941 -0.4317 0.1195
vn -0.8798 0.2479 0.4057
vn 0.1842 -0.9131 -0.3638
vn 0.1848 -0.9127 -0.3643
vn -0.6269 -0.6621 -0.4107
vn -0.0950 -0.8661 -0.4907
vn -0.0773 -0.9964 0.0345
vn 0.0462 0.1279 -0.9907
vn -0.4186 0.4323 -0.7987
vn 0.5977 0.5286 -0.6028
vn -0.9163 -0.2969 0.2689
vn -0.8695 0.0916 0.4853
vn -0.8754 0.4520 -0.1710
vn 0.1591 -0.5421 0.8251
vn 0.3319 -0.0333 0.9427
vn -0.2638 -0.2301 0.9367
vn -0.6064 0.4294 -0.6692
vn 0.3025 0.7346 -0.6074
vn 0.1706 0.1522 -0.9735
vn -0.3583 -0.1196 -0.9259
vn 0.4986 0.8280 0.2564
vn 0.0708 0.8856 0.4590
vn 0.1106 0.8703 0.4800
vn -0.0797 -0.7052 0.7045
vn -0.3429 0.0550 0.9378
vn -0.7961 -0.2515 0.5504
vn 0.3209 -0.1455 0.9359
vn -0.3923 -0.2576 0.8830
vn -0.0384 -0.5291 0.8477
vn 0.0224 -0.8804 0.4737
vn -0.1904 -0.8537 -0.4847
vn 0.3146 -0.7682 -0.5576
vn -0.4810 -0.8754 -0.0488
vn 0.9020 -0.1757 -0.3943
vn 0.8377 0.1806 -0.5154
vn 0.8425 -0.2635 0.4698
vn -0.5659 -0.5017 0.6543
vn -0.3320 -0.7326 0.5942
vn 0.3642 -0.3220 0.8739
vn 0.1078 0.8199 0.5623
vn 0.1228 0.8445 0.5213
vn 0.0962 0.8340 0.5433
vn 0.2457 0.8542 0.4583
vn 0.3674 0.7844 0.4997
vn 0.3722 0.7941 0.4805
vn 0.3659 0.7962 0.4819
vn 0.1012 0.8098 0.5779
vn -0.1699 0.9277 0.3325
vn -0.1601 0.5990 0.7845
vn -0.9210 -0.3672 0.1299
vn -0.8515 0.0297 0.5235
vn -0.8695 0.4011 -0.2882
vn 0.1261 -0.8479 0.5150
vn 0.7643 -0.2867 0.5776
vn 0.3199 -0.0899 0.9432
vn 0.7678 0.6267 -0.1330
vn 0.6796 0.1259 -0.7227
vn -0.0071 0.6144 -0.7890
vn -0.1531 0.8639 0.4798
vn -0.1418 0.8668 0.4781
vn -0.1627 0.8655 0.4737
vn 0.9227 -0.3660 0.1210
vn 0.8802 0.4136 -0.2327
vn 0.6980 0.4458 0.5604
vn -0.6389 0.3772 -0.6704
vn -0.6667 0.6243 -0.4073
vn -0.2128 0.8985 -0.3840
vn -0.1584 0.2228 -0.9619
vn -0.3043 0.8301 0.4672
vn -0.2931 0.8416 0.4536
vn -0.3057 0.8376 0.4528
vn 0.8541 0.4486 -0.2631
vn 0.8585 -0.1952 0.4742
vn 0.9406 -0.3385 -0.0267
vn 0.9276 0.1119 -0.3563
vn -0.0823 0.8635 -0.4977
vn 0.4613 0.7842 -0.4150
vn 0.5488 0.2632 -0.7934
vn -0.0175 0.2250 -0.9742
vn -0.8962 -0.4249 0.1273
vn -0.8737 0.1213 0.4712
vn -0.8652 0.4024 -0.2992
vn -0.9096 0.1853 -0.3720
vn -0.9473 -0.0570 -0.3151
vn -0.8972 0.0164 0.4413
vn -0.8063 0.5274 0.2678
vn -0.1786 -0.8240 -0.5377
vn -0.1653 -0.8275 -0.5366
vn -0.1014 -0.8366 -0.5383
vn -0.1102 -0.8234 -0.5566
vn -0.1059 -0.8169 -0.5670
vn 0.9228 0.0486 -0.3821
vn 0.8421 0.2925 -0.4531
vn 0.8628 0.2516 0.4384
vn 0.9177 -0.3882 0.0842
vn 0.8789 0.4750 0.0445
vn 0.8869 0.3815 0.2603
vn 0.9053 -0.4193 0.0675
vn 0.9172 -0.0125 -0.3982
vn 0.3633 -0.5648 0.7410
vn 0.7660 -0.2896 0.5739
vn -0.1351 -0.3685 0.9198
vn -0.3668 0.3726 -0.8524
vn -0.4693 0.6874 -0.5543
vn 0.4994 0.6363 -0.5880
vn -0.2089 0.3138 -0.9262
vn 0.1758 -0.9839 -0.0307
vn -0.4896 -0.8010 -0.3446
vn 0.0286 -0.8359 -0.5481
vn -0.8923 0.4514 -0.0019
vn -0.8784 -0.2814 -0.3863
vn -0.8550 -0.2855 0.4330
vn 0.6097 -0.7261 -0.3180
vn 0.1251 -0.8725 -0.4722
vn -0.3417 -0.7266 -0.5961
vn -0.6472 0.4691 -0.6009
vn 0.3030 0.7439 -0.5957
vn 0.1032 0.1837 -0.9776
vn -0.3744 -0.0241 -0.9270
vn 0.2780 -0.8439 -0.4589
vn 0.2774 -0.8444 -0.4583
vn 0.1766 -0.5963 0.7831
vn 0.2441 -0.0820 0.9663
vn -0.2579 -0.3005 0.9183
vn -0.0655 0.8618 -0.5031
vn -0.1996 0.2202 -0.9548
vn -0.7414 0.5422 -0.3955
vn -0.0775 -0.7620 0.6429
vn -0.3414 -0.0158 0.9398
vn -0.7914 -0.3083 0.5278
vn -0.1207 0.4238 -0.8977
vn -0.1859 0.7778 -0.6004
vn 0.4776 0.8434 -0.2463
vn 0.6089 0.1586 -0.7773
vn 0.0477 -0.8565 -0.5139
vn -0.3910 -0.8975 -0.2042
vn -0.3261 -0.6009 -0.7298
vn 0.1029 -0.7075 0.6992
vn -0.2205 -0.0319 0.9749
vn -0.6780 -0.3496 0.6466
vn -0.5678 -0.3985 0.7203
vn -0.3410 -0.7850 0.5171
vn 0.3490 -0.3945 0.8500
vn -0.8655 0.2182 -0.4509
vn -0.8957 -0.0456 -0.4423
vn -0.8443 -0.3299 0.4224
vn 0.2067 0.7730 0.5998
vn 0.3541 0.7340 0.5795
vn 0.3627 0.7378 0.5693
vn 0.3559 0.7464 0.5623
vn -0.1490 0.8261 0.5434
vn -0.1377 0.8293 0.5416
vn -0.1587 0.8281 0.5377
vn 0.8553 0.4635 -0.2317
vn 0.8573 -0.2354 0.4578
vn 0.9414 -0.3318 -0.0606
vn 0.9285 0.1453 -0.3417
vn -0.3224 0.4315 0.8426
vn -0.2871 0.7964 0.5323
vn -0.6379 0.7290 0.2482
vn 0.7041 0.5005 -0.5037
vn 0.2476 0.2089 -0.9461
vn -0.2506 0.8146 -0.5231
vn -0.0042 -0.6414 0.7672
vn 0.3168 -0.2200 0.9226
vn -0.4073 -0.3674 0.8361
vn 0.9166 -0.0580 -0.3956
vn 0.8480 0.4349 -0.3031
vn 0.8585 -0.1353 0.4947
vn 0.8482 0.5087 -0.1479
vn 0.8873 -0.0609 0.4572
vn 0.9631 -0.2692 -0.0033
vn 0.9061 0.2566 -0.3364
vn -0.9253 -0.3783 0.0259
vn -0.8825 -0.2113 0.4201
vn -0.8486 0.4687 -0.2454
vn -0.9036 0.3161 -0.2891
vn -0.6787 -0.3793 0.6289
vn 0.1102 -0.7537 0.6479
vn 0.2041 -0.4133 0.8874
vn -0.8612 0.4416 -0.2516
vn -0.8949 -0.2172 -0.3899
vn -0.8603 -0.2987 0.4131
vn 0.3389 -0.6377 0.6918
vn 0.7916 -0.4109 0.4523
vn 0.1606 -0.1989 0.9668
vn 0.0269 0.8487 -0.5282
vn -0.2757 0.2741 -0.9214
vn -0.7467 0.5792 -0.3270
vn 0.2932 -0.7936 -0.5331
vn 0.2914 -0.7936 -0.5340
vn 0.2939 -0.7928 -0.5340
vn 0.1858 0.9079 -0.3757
vn -0.0825 0.3333 -0.9392
vn -0.6273 0.6321 -0.4549
vn 0.0293 -0.7804 -0.6246
vn 0.0319 -0.7959 -0.6045
vn 0.0264 -0.7889 -0.6139
vn 0.8095 0.5113 -0.2887
vn 0.1785 0.3992 -0.8993
vn 0.2306 0.9237 -0.3060
vn 0.5463 0.7325 -0.4062
vn -0.0539 0.3575 -0.9324
vn -0.4140 0.5442 -0.7297
vn -0.9211 -0.3236 0.2166
vn -0.8131 0.3570 0.4599
vn -0.8867 0.4346 -0.1576
vn -0.6008 0.5338 -0.5951
vn 0.2866 0.8385 -0.4635
vn 0.2227 0.3437 -0.9123
vn -0.3461 0.0400 -0.9373
vn 0.2110 -0.6680 0.7136
vn 0.3441 -0.1771 0.9221
vn -0.2501 -0.4397 0.8626
vn -0.1615 -0.9242 -0.3461
vn -0.5891 -0.8071 -0.0396
vn -0.4285 -0.7116 -0.5568
vn 0.5212 0.7603 0.3876
vn 0.0716 0.7902 0.6087
vn 0.1050 0.7733 0.6254
vn -0.0850 -0.8102 0.5800
vn -0.3367 -0.1032 0.9359
vn -0.7972 -0.3477 0.4935
vn 0.5002 -0.8436 -0.1952
vn 0.0967 -0.8150 -0.5714
vn 0.1069 -0.8075 -0.5800
vn 0.3065 -0.7323 -0.6082
vn -0.2627 -0.9571 -0.1222
vn -0.2210 -0.7546 -0.6179
vn -0.2213 -0.7563 -0.6157
vn 0.8863 -0.1726 -0.4298
vn 0.8452 0.2321 -0.4815
vn 0.8246 -0.3993 0.4007
vn 0.0475 -0.8072 -0.5883
vn -0.3873 -0.8787 -0.2790
vn -0.3337 -0.5396 -0.7730
vn 0.3319 -0.8818 -0.3351
vn -0.1233 -0.7823 -0.6105
vn 0.2734 -0.5673 -0.7768
vn 0.7593 -0.3586 0.5430
vn 0.3211 -0.1951 0.9267
vn 0.0659 -0.8779 0.4743
vn 0.3702 -0.6807 0.6321
vn 0.2778 -0.2659 0.9231
vn -0.3853 -0.4204 0.8215
vn 0.0078 -0.6600 0.7512
vn 0.0381 -0.6823 0.7300
vn -0.5564 -0.5954 0.5796
vn -0.3152 -0.8321 0.4564
vn 0.3715 -0.4607 0.8061
vn 0.1826 0.7408 0.6464
vn 0.1919 0.7367 0.6484
vn 0.2342 0.7151 0.6587
vn 0.3520 0.6964 0.6254
vn 0.3530 0.7100 0.6094
vn 0.3467 0.7114 0.6113
vn 0.0577 0.4697 0.8809
vn 0.1904 0.7285 0.6580
vn 0.1726 0.7349 0.6559
vn 0.1101 0.6945 0.7110
vn -0.1798 0.8606 0.4765
vn -0.1482 0.4660 0.8723
vn 0.1317 -0.9043 0.4062
vn 0.7795 -0.4230 0.4621
vn 0.3285 -0.2042 0.9221
vn -0.1493 0.7688 0.6218
vn -0.1415 0.7712 0.6207
vn -0.1589 0.7715 0.6161
vn 0.7041 0.3538 0.6157
vn 0.9638 -0.1994 -0.1770
vn 0.8786 0.4489 -0.1627
vn 0.7079 0.5337 -0.4627
vn 0.2436 0.2861 -0.9267
vn -0.2475 0.8639 -0.4387
vn 0.3557 0.6956 0.6241
vn 0.7424 0.3237 0.5866
vn 0.3807 0.6907 0.6148
vn 0.8540 0.4879 -0.1804
vn 0.8585 -0.2750 0.4329
vn 0.9407 -0.3284 -0.0850
vn 0.9276 0.1727 -0.3313
vn -0.0353 0.4095 -0.9116
vn -0.2961 0.7453 -0.5974
vn 0.3692 0.8907 -0.2651
vn 0.5473 0.3911 -0.7399
vn 0.9193 0.1200 -0.3748
vn 0.8406 0.3700 -0.3956
vn 0.8639 0.1559 0.4789
vn 0.9199 -0.3919 0.0141
vn -0.6864 -0.5600 0.4640
vn 0.1441 -0.8288 0.5406
vn 0.2007 -0.5187 0.8311
vn -0.6624 -0.6485 -0.3751
vn -0.1603 -0.7197 -0.6756
vn -0.3141 -0.9318 -0.1817
vn -0.1076 -0.7299 -0.6750
vn -0.1124 -0.7199 -0.6849
vn -0.1094 -0.7124 -0.6932
vn -0.9038 0.0884 -0.4186
vn -0.8551 -0.2407 0.4591
vn -0.8803 0.3790 0.2854
vn -0.3512 0.4635 -0.8135
vn -0.6042 0.7034 -0.3743
vn 0.1551 0.9585 -0.2392
vn 0.0497 0.4705 -0.8810
vn 0.1221 0.7837 -0.6090
vn -0.2643 0.3567 -0.8961
vn -0.7377 0.6127 -0.2837
vn -0.8560 0.4989 -0.1355
vn -0.9212 -0.0275 -0.3882
vn -0.8751 -0.2318 0.4247
vn -0.6443 0.5704 -0.5094
vn 0.3318 0.8277 -0.4525
vn 0.0616 0.3496 -0.9349
vn -0.3601 0.1674 -0.9178
vn 0.0573 -0.7548 -0.6534
vn 0.0454 -0.7539 -0.6555
vn 0.0438 -0.7530 -0.6566
vn 0.8568 0.4457 -0.2593
vn 0.1913 0.4492 -0.8727
vn 0.2262 0.9268 -0.2998
vn -0.8617 0.3864 -0.3290
vn -0.8770 -0.4667 -0.1145
vn -0.8677 -0.2470 0.4314
vn 0.1429 -0.7726 -0.6186
vn 0.1354 -0.7733 -0.6194
vn 0.1299 -0.7730 -0.6210
vn -0.9175 -0.3556 0.1782
vn -0.8780 -0.0617 0.4747
vn -0.8755 0.4803 -0.0532
vn 0.1416 -0.7449 0.6520
vn 0.4606 -0.3540 0.8140
vn -0.2481 -0.4531 0.8562
vn -0.0395 -0.8063 -0.5902
vn -0.6124 -0.7831 -0.1084
vn -0.4133 -0.6659 -0.6210
vn -0.0840 -0.8590 0.5050
vn -0.3367 -0.1952 0.9211
vn -0.7996 -0.3837 0.4620
vn 0.8331 0.3171 -0.4533
vn 0.8629 -0.2301 0.4499
vn 0.8879 -0.4211 -0.1854
vn 0.8953 -0.0542 -0.4421
vn 0.3003 -0.6713 -0.6776
vn -0.4583 -0.8569 -0.2358
vn -0.2238 -0.6899 -0.6884
vn -0.2174 -0.6971 -0.6832
vn 0.3602 0.6245 0.6930
vn 0.3220 0.6341 0.7030
vn 0.0530 0.4285 0.9020
vn 0.5561 0.3002 0.7750
vn -0.5544 -0.6397 0.5324
vn -0.3209 -0.8640 0.3880
vn 0.3747 -0.5231 0.7655
vn 0.0969 0.6450 0.7580
vn 0.1060 0.6748 0.7304
vn 0.0888 0.6615 0.7447
vn 0.0887 0.6464 0.7578
vn -0.1876 0.8196 0.5414
vn -0.0287 0.3467 0.9375
vn 0.2276 0.4675 -0.8542
vn 0.0303 0.9049 -0.4246
vn 0.7417 0.6703 0.0258
vn 0.7403 0.1585 -0.6534
vn 0.8477 0.4828 -0.2199
vn 0.8665 0.3090 0.3920
vn 0.9169 -0.3440 -0.2026
vn 0.9192 0.1515 -0.3635
vn -0.0348 0.6702 0.7414
vn 0.2254 0.3731 0.9000
vn -0.0221 0.6764 0.7362
vn 0.8203 0.3802 0.4272
vn 0.9370 -0.2442 -0.2496
vn 0.8707 0.4341 -0.2313
vn -0.1523 0.7108 0.6867
vn -0.1410 0.7140 0.6858
vn -0.1618 0.7140 0.6812
vn 0.7171 0.5567 -0.4193
vn 0.2402 0.3715 -0.8968
vn -0.2541 0.8833 -0.3940
vn -0.2885 0.6790 0.6751
vn -0.2953 0.6872 0.6637
vn -0.3052 0.6895 0.6569
vn -0.0012 -0.7654 0.6436
vn 0.4790 -0.5753 0.6630
vn -0.4107 -0.5299 0.7420
vn -0.4045 0.9036 -0.1411
vn -0.0978 0.4735 -0.8754
vn -0.7288 0.5971 -0.3352
vn -0.8704 0.1165 0.4783
vn -0.8797 0.4401 0.1801
vn -0.9109 0.2786 -0.3042
vn -0.8974 -0.4410 0.0139
vn -0.6908 -0.5902 0.4176
vn 0.1097 -0.8603 0.4979
vn 0.1926 -0.5772 0.7936
vn -0.2116 -0.6708 -0.7109
vn -0.2103 -0.6719 -0.7102
vn -0.9228 -0.3820 -0.0505
vn -0.8478 0.0264 0.5296
vn -0.8518 0.4990 0.1594
vn -0.8987 0.3661 -0.2413
vn -0.0925 -0.6717 -0.7350
vn -0.1106 -0.6597 -0.7434
vn -0.1030 -0.6502 -0.7528
vn 0.1080 0.8245 -0.5554
vn -0.6529 0.4028 -0.6415
vn -0.4796 0.8738 -0.0806
vn 0.0304 -0.6779 -0.7345
vn 0.0324 -0.6771 -0.7352
vn 0.0394 -0.6673 -0.7438
vn 0.0392 -0.6838 -0.7286
vn 0.4161 0.8324 -0.3659
vn -0.2512 0.5151 -0.8195
vn -0.5499 0.7590 -0.3487
vn -0.1727 -0.6491 -0.7408
vn -0.1705 -0.6494 -0.7411
vn -0.1742 -0.6509 -0.7389
vn 0.7945 0.4466 0.4115
vn 0.8072 0.2849 0.5169
vn 0.9687 -0.1875 -0.1626
vn 0.9058 0.3107 -0.2880
vn -0.8938 0.4257 0.1412
vn -0.8785 -0.1747 -0.4446
vn -0.8544 -0.3881 0.3454
vn -0.3373 -0.9126 0.2309
vn -0.0506 -0.4478 0.8927
vn -0.7747 -0.3722 0.5111
vn 0.0368 0.4729 -0.8804
vn -0.0499 0.9843 -0.1691
vn 0.6072 0.7202 -0.3355
vn 0.1451 -0.7088 -0.6903
vn 0.1381 -0.7114 -0.6891
vn 0.1326 -0.7109 -0.6907
vn 0.8292 0.3496 -0.4360
vn 0.8828 0.0878 0.4615
vn 0.8860 -0.3145 -0.3407
vn 0.8979 -0.1093 -0.4263
vn 0.0983 0.4323 -0.8964
vn -0.6164 0.6459 -0.4505
vn -0.0350 0.9759 -0.2152
vn -0.8643 0.5015 0.0378
vn -0.9495 -0.1224 -0.2888
vn -0.8834 -0.1091 0.4557
vn -0.1205 -0.9640 0.2369
vn 0.3200 -0.5796 0.7494
vn -0.5740 -0.5467 0.6096
vn -0.4240 -0.8863 0.1861
vn 0.2264 -0.7596 0.6098
vn 0.2277 -0.3137 0.9218
vn -0.2375 -0.5780 0.7807
vn 0.3055 -0.6814 -0.6651
vn 0.1119 -0.9257 -0.3614
vn 0.2674 -0.3220 -0.9082
vn 0.3805 -0.7120 0.5901
vn 0.7557 -0.2438 0.6079
vn -0.1340 -0.7039 0.6976
vn 0.8500 0.5261 0.0280
vn 0.6975 0.2403 0.6751
vn 0.9119 -0.3966 0.1060
vn 0.8600 0.4738 -0.1896
vn 0.2414 0.6381 0.7312
vn 0.3673 0.5684 0.7362
vn 0.3716 0.5843 0.7214
vn 0.3654 0.5856 0.7236
vn 0.0534 0.2994 0.9526
vn 0.1956 0.5914 0.7823
vn 0.1777 0.5982 0.7814
vn -0.1545 0.6469 0.7468
vn -0.1432 0.6504 0.7460
vn -0.1641 0.6504 0.7417
vn 0.8556 0.5061 -0.1092
vn 0.8573 -0.3433 0.3837
vn 0.9412 -0.3074 -0.1400
vn 0.9283 0.2305 -0.2917
vn -0.0000 -0.7981 0.6025
vn 0.3421 -0.4548 0.8222
vn -0.3887 -0.5505 0.7388
vn 0.3714 0.5728 0.7307
vn 0.7494 0.1861 0.6354
vn 0.3957 0.5685 0.7212
vn 0.1176 0.9826 -0.1438
vn -0.3615 0.5341 -0.7642
vn -0.6730 0.7046 -0.2248
vn 0.9168 0.0475 -0.3965
vn 0.8498 0.5006 -0.1650
vn 0.8575 -0.2670 0.4398
vn -0.8857 -0.4558 -0.0881
vn -0.8715 -0.2955 0.3912
vn -0.8633 0.4715 -0.1797
vn -0.9140 0.2236 -0.3384
vn 0.3319 0.9396 -0.0837
vn 0.4675 0.5327 -0.7055
vn -0.3275 0.7464 -0.5793
vn 0.3217 -0.8179 0.4771
vn 0.7631 -0.5326 0.3660
vn 0.1425 -0.4765 0.8676
vn -0.0964 -0.6103 -0.7863
vn -0.1139 -0.5973 -0.7939
vn -0.1063 -0.5814 -0.8066
vn 0.3825 -0.7727 0.5065
vn 0.7987 -0.4928 0.3453
vn -0.0977 -0.6651 0.7404
vn -0.8666 0.4815 -0.1311
vn -0.9206 -0.3903 -0.0096
vn -0.8501 -0.0396 0.5252
vn 0.6064 0.7221 -0.3331
vn -0.1927 0.6536 -0.7319
vn -0.3741 0.8956 -0.2407
vn -0.1644 -0.5923 -0.7887
vn -0.1584 -0.5865 -0.7943
vn -0.1656 -0.5978 -0.7844
vn 0.0292 -0.5998 -0.7996
vn 0.0293 -0.6082 -0.7933
vn 0.0278 -0.6057 -0.7952
vn -0.0021 0.6315 -0.7754
vn -0.3144 0.8663 -0.3883
vn 0.3394 0.9402 -0.0266
vn 0.5409 0.5694 -0.6190
vn -0.6897 -0.6880 0.2256
vn 0.0428 -0.6744 0.7372
vn -0.5550 -0.2978 0.7767
vn 0.6261 -0.5620 -0.5405
vn 0.1227 -0.6617 -0.7397
vn -0.3374 -0.5153 -0.7878
vn 0.1465 -0.6374 -0.7565
vn 0.1359 -0.6377 -0.7582
vn 0.1372 -0.6360 -0.7594
vn -0.8915 0.4499 -0.0535
vn -0.9191 -0.3744 0.1231
vn -0.8225 0.2072 0.5296
vn 0.8846 -0.2801 -0.3729
vn 0.8243 0.3864 -0.4139
vn 0.8859 0.0527 0.4609
vn 0.1728 -0.8125 0.5568
vn 0.3306 -0.4084 0.8508
vn -0.2488 -0.5919 0.7667
vn -0.0484 0.6225 0.7811
vn 0.4295 0.5370 0.7261
vn -0.3610 0.7717 0.5235
vn -0.3342 -0.5598 -0.7582
vn -0.6151 -0.7145 -0.3334
vn -0.3432 -0.5447 -0.7652
vn -0.2865 0.4724 -0.8335
vn -0.6347 0.6564 -0.4078
vn 0.3845 0.8474 -0.3660
vn 0.1122 0.8383 -0.5335
vn -0.6225 0.2710 -0.7342
vn -0.6019 0.7961 0.0626
vn 0.8510 0.4721 -0.2300
vn 0.2880 0.4380 -0.8516
vn -0.0206 0.8137 -0.5809
vn -0.0196 -0.4918 -0.8705
vn -0.3927 -0.5739 -0.7186
vn -0.4070 -0.5538 -0.7264
vn -0.8587 0.4187 -0.2956
vn -0.7820 -0.5815 -0.2243
vn -0.8290 -0.0861 0.5526
vn 0.0526 -0.6322 -0.7730
vn -0.3867 -0.7781 -0.4951
vn -0.3293 -0.3270 -0.8858
vn 0.1044 -0.9084 0.4048
vn -0.2103 -0.3812 0.9003
vn -0.6739 -0.5389 0.5054
vn 0.3463 0.5169 0.7828
vn 0.3472 0.5343 0.7707
vn 0.3409 0.5350 0.7730
vn 0.0842 0.5041 0.8595
vn -0.1757 0.7077 0.6843
vn -0.0340 0.1577 0.9869
vn -0.0689 0.7384 0.6708
vn 0.1796 0.5247 0.8321
vn 0.1985 0.5487 0.8121
vn -0.1532 0.5857 0.7959
vn -0.1419 0.5891 0.7955
vn -0.1627 0.5898 0.7910
vn 0.9243 -0.3803 -0.0328
vn 0.8774 0.4781 -0.0398
vn 0.6944 0.2086 0.6887
vn -0.2669 0.1425 0.9531
vn -0.2853 0.5693 0.7711
vn -0.6443 0.5977 0.4772
vn 0.0095 -0.8581 0.5135
vn 0.3184 -0.5294 0.7863
vn -0.4096 -0.6409 0.6492
vn 0.2439 0.9018 -0.3567
vn -0.5921 0.6006 -0.5374
vn -0.6403 0.7618 -0.0978
vn 0.6744 -0.4275 0.6021
vn 0.1214 -0.4708 0.8739
vn 0.2913 -0.8076 0.5127
vn 0.3262 -0.7976 0.5074
vn -0.6792 -0.5725 0.4593
vn 0.1025 -0.9353 0.3386
vn 0.2034 -0.7027 0.6818
vn -0.9230 -0.3701 -0.1050
vn -0.8637 -0.2434 0.4413
vn -0.8596 0.5097 -0.0359
vn -0.8996 0.4032 -0.1677
vn -0.6534 -0.5312 -0.5393
vn -0.1641 -0.5208 -0.8378
vn -0.3294 -0.8517 -0.4075
vn -0.0990 -0.5310 -0.8416
vn -0.1129 -0.5201 -0.8466
vn -0.1069 -0.5094 -0.8539
vn 0.8650 0.0153 0.5016
vn 0.9131 -0.2733 -0.3027
vn 0.8402 0.4545 -0.2958
vn 0.3697 -0.8166 0.4432
vn 0.7785 -0.5007 0.3785
vn -0.1202 -0.7276 0.6754
vn 0.1058 0.9162 -0.3866
vn -0.6530 0.5107 -0.5592
vn -0.4798 0.8741 0.0755
vn -0.3070 0.7779 -0.5484
vn -0.3742 0.9035 -0.2089
vn 0.4213 0.9037 -0.0760
vn 0.2720 0.5875 -0.7622
vn -0.9005 -0.4333 0.0380
vn -0.8568 -0.4020 0.3230
vn -0.8659 0.4866 -0.1157
vn -0.8960 0.0073 -0.4440
vn -0.2381 -0.5302 -0.8137
vn -0.2363 -0.5335 -0.8122
vn -0.2466 -0.5301 -0.8113
vn 0.1606 -0.8723 0.4618
vn 0.4955 -0.5689 0.6563
vn -0.3423 -0.7393 0.5799
vn 0.0563 -0.5271 -0.8479
vn 0.0520 -0.5385 -0.8410
vn 0.0501 -0.5341 -0.8439
vn -0.6072 -0.6972 -0.3811
vn -0.3606 -0.4823 -0.7983
vn -0.3576 -0.4771 -0.8028
vn 0.1510 -0.7163 -0.6813
vn 0.9325 0.2007 -0.3001
vn 0.8405 0.3091 0.4450
vn 0.8427 -0.2918 0.4523
vn -0.8956 0.3908 0.2127
vn -0.8784 -0.0956 -0.4682
vn -0.8512 -0.4523 0.2663
vn -0.6922 -0.7019 0.1678
vn 0.0429 -0.7318 0.6802
vn -0.5519 -0.3615 0.7515
vn 0.1396 -0.5713 -0.8088
vn 0.1285 -0.5759 -0.8074
vn 0.1331 -0.5696 -0.8111
vn -0.5601 -0.6268 0.5417
vn 0.0546 -0.9757 0.2123
vn 0.3516 -0.6795 0.6440
vn -0.9515 -0.0345 -0.3057
vn -0.8600 -0.1330 0.4927
vn -0.8213 0.4153 0.3912
vn 0.5663 0.1797 0.8044
vn 0.3958 0.8235 0.4064
vn 0.3427 0.5184 0.7835
vn -0.0566 0.5334 0.8439
vn 0.4170 0.4606 0.7836
vn -0.3556 0.7130 0.6042
vn -0.6483 0.6618 -0.3766
vn 0.3202 0.9187 -0.2314
vn 0.0888 0.5807 -0.8093
vn -0.3646 0.3731 -0.8531
vn 0.2254 0.5540 -0.8015
vn -0.0261 0.8635 -0.5038
vn 0.8137 0.5753 -0.0827
vn 0.5817 0.4524 -0.6760
vn -0.9225 -0.3581 -0.1440
vn -0.8486 -0.1243 0.5142
vn -0.8623 0.5063 0.0064
vn -0.8970 0.4216 -0.1332
vn 0.8972 0.0312 -0.4406
vn 0.8348 0.4214 -0.3544
vn 0.8421 -0.4707 0.2633
vn 0.2288 0.4838 0.8447
vn 0.1060 0.4090 0.9064
vn -0.1682 0.6324 0.7561
vn -0.1516 0.1254 0.9805
vn 0.1249 -0.9917 0.0307
vn 0.7787 -0.5649 0.2729
vn 0.3273 -0.5445 0.7723
vn -0.0222 0.4459 0.8948
vn -0.0199 0.4604 0.8875
vn -0.0371 0.4577 0.8883
vn 0.8248 0.2376 0.5130
vn 0.9349 -0.1784 -0.3069
vn 0.8741 0.4721 -0.1138
vn -0.1434 0.0950 0.9851
vn -0.0270 0.4889 0.8719
vn -0.3428 0.6615 0.6670
vn -0.1502 0.5081 0.8481
vn -0.1443 0.5098 0.8481
vn -0.1572 0.5109 0.8452
vn -0.1664 0.4878 0.8570
vn -0.1288 0.4919 0.8611
vn -0.1433 0.4949 0.8570
vn 0.4944 0.8550 0.1563
vn 0.4945 0.5953 -0.6333
vn -0.2530 0.8876 -0.3850
vn 0.7525 0.1442 0.6426
vn 0.9437 -0.1695 -0.2841
vn 0.8822 0.4642 -0.0797
vn -0.0135 -0.9003 0.4351
vn 0.2397 -0.5998 0.7634
vn -0.4001 -0.6477 0.6484
vn -0.0254 0.9974 0.0674
vn -0.3212 0.6361 -0.7016
vn -0.7095 0.6931 -0.1271
vn -0.6738 -0.6057 0.4233
vn 0.1142 -0.9562 0.2696
vn 0.2202 -0.7659 0.6041
vn 0.0263 -0.4666 -0.8841
vn 0.0329 -0.4633 -0.8856
vn 0.0400 -0.4516 -0.8913
vn 0.0390 -0.4740 -0.8797
vn -0.1703 -0.4466 -0.8784
vn -0.1684 -0.4446 -0.8797
vn -0.1709 -0.4493 -0.8769
vn 0.1678 -0.8986 0.4055
vn 0.2673 -0.5384 0.7992
vn -0.3066 -0.7881 0.5338
vn -0.8813 -0.4421 -0.1670
vn -0.8720 -0.3302 0.3614
vn -0.8689 0.4809 -0.1173
vn -0.9117 0.2808 -0.2999
vn -0.8526 0.4786 -0.2098
vn -0.8938 -0.4239 -0.1467
vn -0.8794 -0.0339 0.4749
vn 0.7934 0.6080 0.0301
vn 0.5466 0.5102 -0.6641
vn -0.0099 0.9660 -0.2584
vn 0.1692 -0.9612 0.2179
vn 0.3500 -0.7255 0.5925
vn -0.3752 -0.5512 0.7453
vn -0.4868 -0.8318 0.2666
vn -0.7895 -0.4533 0.4138
vn -0.0842 -0.9815 0.1722
vn -0.1832 -0.6021 0.7771
vn 0.5269 0.8368 -0.1489
vn -0.0900 0.7559 -0.6485
vn -0.5022 0.8072 -0.3103
vn 0.1411 -0.5189 -0.8431
vn 0.1294 -0.5202 -0.8442
vn 0.1236 -0.5191 -0.8457
vn 0.7600 -0.5195 0.3905
vn 0.3006 -0.5928 0.7471
vn 0.0551 -0.9975 0.0434
vn 0.3648 -0.8798 0.3048
vn -0.9182 -0.3924 0.0533
vn -0.8125 0.1331 0.5676
vn -0.8734 0.4721 0.1196
vn 0.5189 0.8254 -0.2224
vn -0.1069 0.7235 -0.6820
vn -0.4703 0.8707 -0.1438
vn -0.0957 -0.4225 -0.9013
vn -0.2098 -0.8288 -0.5187
vn -0.1003 -0.4184 -0.9027
vn 0.9072 0.1207 -0.4031
vn 0.8427 0.4678 -0.2667
vn 0.8685 -0.3622 0.3385
vn -0.3806 -0.4241 -0.8217
vn -0.1188 -0.8230 -0.5555
vn -0.3840 -0.4335 -0.8152
vn 0.1218 0.9142 -0.3865
vn -0.6177 0.3982 -0.6781
vn -0.6046 0.7734 0.1907
vn 0.9019 0.0832 -0.4239
vn 0.8361 0.4546 -0.3071
vn 0.8421 -0.4883 0.2289
vn 0.3571 -0.8598 0.3650
vn 0.7189 -0.4036 0.5660
vn -0.1014 -0.7770 0.6213
vn 0.1285 -0.7803 -0.6120
vn -0.1321 -0.4481 -0.8842
vn 0.2851 -0.1561 -0.9457
vn 0.1884 0.3883 0.9021
vn 0.1824 0.3963 0.8998
vn 0.1872 0.3736 0.9085
vn 0.0845 0.3605 0.9289
vn 0.0846 0.3856 0.9188
vn 0.0768 0.3695 0.9260
vn 0.3633 -0.6450 0.6723
vn -0.3506 -0.6980 0.6244
vn -0.0106 -0.9122 0.4097
vn 0.0229 -0.9951 -0.0958
vn 0.7439 0.6210 0.2469
vn 0.6760 0.5162 -0.5259
vn -0.0226 0.9601 -0.2787
vn -0.0540 -0.0005 0.9985
vn -0.0267 0.3936 0.9189
vn -0.3367 0.5963 0.7287
vn -0.1514 0.4356 0.8873
vn -0.1454 0.4373 0.8875
vn -0.1583 0.4387 0.8846
vn 0.9235 -0.3711 -0.0973
vn 0.8792 0.4729 0.0583
vn 0.6895 0.0545 0.7222
vn 0.7281 0.6654 -0.1647
vn 0.2543 0.6915 -0.6762
vn -0.2401 0.9706 -0.0174
vn 0.0005 0.7574 -0.6530
vn -0.3094 0.9215 -0.2347
vn 0.3259 0.9340 0.1464
vn 0.5365 0.6769 -0.5039
vn 0.9152 -0.2185 -0.3386
vn 0.8420 0.5127 -0.1676
vn 0.8676 0.1483 0.4747
vn 0.9386 0.1657 -0.3027
vn 0.8561 0.5165 0.0153
vn 0.8587 -0.4368 0.2682
vn -0.9226 -0.3451 -0.1725
vn -0.8449 -0.1595 0.5107
vn -0.8546 0.4008 0.3301
vn -0.8972 0.4287 -0.1058
vn -0.6001 -0.6892 0.4061
vn -0.1748 -0.9810 -0.0846
vn 0.3193 -0.8537 0.4114
vn -0.8705 0.4384 0.2237
vn -0.8961 0.0055 -0.4437
vn -0.8595 -0.4652 0.2116
vn -0.0967 -0.3753 -0.9219
vn -0.5845 -0.4614 -0.6674
vn 0.0805 0.1061 -0.9911
vn 0.1188 0.9637 -0.2389
vn -0.6491 0.6024 -0.4644
vn -0.4810 0.8498 0.2157
vn -0.8065 0.0364 0.5901
vn -0.8164 0.3438 0.4640
vn -0.9513 0.0669 -0.3009
vn -0.8960 -0.4000 0.1928
vn 0.3635 0.9310 -0.0338
vn -0.2343 0.7987 -0.5542
vn -0.6060 0.7955 0.0036
vn -0.2234 -0.3583 -0.9065
vn -0.2162 -0.3572 -0.9087
vn -0.2290 -0.3625 -0.9034
vn 0.2126 -0.9356 0.2818
vn 0.6590 -0.6981 0.2800
vn -0.2683 -0.8478 0.4574
vn 0.1731 -0.7859 -0.5937
vn -0.4879 -0.4215 -0.7644
vn 0.0309 -0.3703 -0.9284
vn -0.8687 0.4855 -0.0978
vn -0.8714 -0.0434 -0.4886
vn -0.8490 -0.4986 0.1746
vn 0.1851 -0.4871 -0.8535
vn 0.1839 -0.4876 -0.8535
vn 0.1810 -0.4871 -0.8544
vn 0.1487 -0.4059 -0.9018
vn 0.1375 -0.4036 -0.9045
vn 0.1398 -0.4029 -0.9045
vn -0.6621 0.7121 -0.2337
vn 0.2967 0.9525 -0.0685
vn 0.0862 0.7065 -0.7024
vn -0.3721 0.5175 -0.7705
vn -0.1700 -0.0624 -0.9835
vn -0.3829 -0.3727 -0.8453
vn -0.3891 -0.3628 -0.8468
vn -0.0872 -0.9918 0.0934
vn -0.3487 -0.5660 0.7470
vn -0.8042 -0.5117 0.3023
vn 0.8399 0.4615 -0.2858
vn 0.8579 -0.4175 0.2995
vn 0.8789 -0.3167 -0.3568
vn 0.8883 0.1160 -0.4443
vn 0.2131 0.2989 0.9302
vn 0.0667 -0.4077 -0.9107
vn -0.3836 -0.6235 -0.6813
vn -0.3280 -0.0893 -0.9405
vn 0.1258 -0.9900 -0.0635
vn 0.7737 -0.6072 0.1807
vn 0.3177 -0.6176 0.7195
vn 0.2885 -0.7113 0.6409
vn -0.4062 -0.7736 0.4863
vn -0.0193 -0.9529 0.3026
vn 0.0324 -0.9770 -0.2106
vn 0.1022 0.2496 0.9629
vn -0.1703 0.4965 0.8512
vn -0.1569 -0.0409 0.9868
vn -0.0543 0.3094 0.9494
vn -0.0339 0.3169 0.9479
vn -0.0637 0.3283 0.9424
vn -0.0375 0.2928 0.9554
vn 0.2203 -0.0409 0.9746
vn -0.0262 0.2999 0.9536
vn 0.8272 0.1464 0.5425
vn 0.9402 -0.1161 -0.3203
vn 0.8670 0.4975 -0.0303
vn 0.9197 -0.3683 -0.1359
vn 0.8777 0.4724 0.0802
vn 0.7042 -0.0050 0.7100
vn 0.3487 0.2895 0.8914
vn 0.7088 -0.0111 0.7053
vn 0.3602 0.2967 0.8844
vn -0.0774 0.9796 0.1853
vn 0.3506 0.9089 0.2258
vn 0.5393 0.7170 -0.4417
vn -0.0148 0.8000 -0.5999
vn 0.1855 0.9822 -0.0306
vn -0.5868 0.7140 -0.3820
vn -0.6685 0.7306 0.1392
vn 0.9176 0.1796 -0.3547
vn 0.8476 0.5306 -0.0009
vn 0.8577 -0.3937 0.3307
vn 0.0304 -0.3142 -0.9489
vn 0.0038 -0.7385 -0.6742
vn -0.1734 0.1668 -0.9706
vn -0.9231 -0.3316 -0.1949
vn -0.8476 -0.2089 0.4877
vn -0.8638 0.4948 0.0945
vn -0.8932 0.4437 -0.0730
vn -0.6716 -0.7312 0.1198
vn -0.3048 -0.9383 -0.1637
vn 0.2598 -0.9063 0.3333
vn -0.9326 -0.3434 -0.1113
vn -0.8170 0.0274 0.5759
vn -0.8719 0.4362 0.2226
vn 0.0324 0.9969 0.0720
vn -0.2734 0.7561 -0.5947
vn -0.7401 0.6696 0.0620
vn 0.1404 -0.3597 -0.9224
vn 0.1499 -0.3395 -0.9286
vn 0.1725 -0.3521 -0.9199
vn -0.1762 -0.2704 -0.9465
vn -0.1748 -0.2704 -0.9467
vn -0.1775 -0.2721 -0.9457
vn 0.0528 -0.2906 -0.9554
vn 0.0492 -0.3027 -0.9518
vn 0.0484 -0.2995 -0.9529
vn -0.8576 0.5080 -0.0798
vn -0.8952 -0.3886 -0.2180
vn -0.8790 -0.0765 0.4706
vn -0.9005 0.3593 0.2449
vn -0.8726 0.0029 -0.4884
vn -0.8468 -0.5113 0.1470
vn 0.2841 -0.9425 0.1762
vn 0.3201 -0.7997 0.5079
vn -0.5764 -0.7651 0.2871
vn -0.5017 -0.8534 0.1419
vn -0.6274 -0.1803 -0.7576
vn -0.0959 -0.2676 -0.9587
vn -0.0962 -0.2691 -0.9583
vn -0.0782 -0.7316 -0.6772
vn 0.5329 0.8428 -0.0753
vn -0.1170 0.8433 -0.5246
vn -0.4650 0.8850 0.0225
vn 0.2149 -0.9518 0.2190
vn 0.3079 -0.6710 0.6745
vn -0.2408 -0.8557 0.4581
vn -0.3585 -0.5993 0.7158
vn -0.7323 -0.5425 0.4116
vn -0.4922 -0.8521 -0.1783
vn -0.1131 -0.9887 -0.0986
vn 0.5050 0.4045 0.7625
vn 0.0739 0.3013 0.9507
vn 0.1072 0.2782 0.9545
vn -0.6372 0.7516 -0.1705
vn 0.3157 0.9486 0.0222
vn 0.1095 0.7699 -0.6287
vn -0.3608 0.5756 -0.7338
vn -0.3707 -0.2865 -0.8835
vn -0.1230 -0.7118 -0.6915
vn -0.3831 -0.2863 -0.8782
vn -0.3245 0.9412 -0.0944
vn 0.3253 0.8942 0.3075
vn 0.5418 0.7519 -0.3757
vn 0.0244 0.8536 -0.5204
vn 0.8466 0.5298 -0.0513
vn 0.2824 0.7082 -0.6471
vn -0.0305 0.9633 -0.2668
vn 0.8859 0.1149 -0.4494
vn 0.8428 0.4764 -0.2504
vn 0.8301 -0.5487 0.0994
vn 0.1126 -0.9793 -0.1680
vn 0.7615 -0.6019 0.2405
vn -0.1769 -0.9579 0.2263
vn -0.5673 -0.7358 -0.3697
vn 0.0688 -0.9515 0.2997
vn -0.7431 -0.4687 0.4776
vn -0.5623 -0.8233 0.0773
vn -0.2962 -0.9473 -0.1218
vn 0.3513 -0.8401 0.4133
vn 0.2081 0.2099 0.9553
vn 0.3497 0.1934 0.9167
vn 0.3581 0.1926 0.9136
vn 0.3514 0.2037 0.9138
vn 0.8147 -0.5089 0.2782
vn 0.8843 -0.0822 -0.4597
vn 0.8520 0.5109 -0.1143
vn -0.1495 0.2753 0.9497
vn -0.1436 0.2771 0.9501
vn -0.1565 0.2786 0.9476
vn -0.0013 -0.9767 0.2147
vn 0.2911 -0.7798 0.5543
vn -0.3569 -0.7743 0.5225
vn 0.1793 0.9826 0.0480
vn -0.5864 0.7444 -0.3193
vn -0.6712 0.7137 0.2004
vn 0.9173 0.2118 -0.3371
vn 0.8477 0.5298 0.0257
vn 0.8577 -0.4239 0.2910
vn 0.9263 0.2432 -0.2876
vn 0.8127 0.2934 0.5034
vn 0.8766 -0.4380 0.1993
vn -0.0352 -0.7495 0.6610
vn -0.3546 -0.6926 0.6281
vn -0.4505 -0.8836 -0.1277
vn 0.0957 -0.9946 -0.0398
vn -0.9250 -0.3045 -0.2272
vn -0.8497 -0.2097 0.4838
vn -0.8741 0.4857 0.0117
vn -0.8933 0.4479 -0.0365
vn -0.8691 0.4837 0.1032
vn -0.8923 0.0787 -0.4444
vn -0.8630 -0.4278 0.2686
vn 0.6606 -0.7203 0.2115
vn -0.1553 -0.8455 0.5109
vn 0.2076 -0.9611 0.1821
vn 0.2300 -0.9625 0.1439
vn 0.0415 0.8933 -0.4475
vn -0.3109 0.9504 -0.0115
vn 0.3343 0.8569 0.3924
vn 0.5272 0.7935 -0.3040
vn 0.8692 0.4944 0.0084
vn 0.1931 0.8657 -0.4618
vn 0.2364 0.9290 0.2848
vn -0.8675 0.4970 0.0212
vn -0.8754 0.0529 -0.4806
vn -0.8530 -0.5128 0.0967
vn 0.1593 -0.2727 -0.9488
vn 0.1507 -0.2766 -0.9491
vn 0.1458 -0.2750 -0.9503
vn 0.1472 -0.2545 -0.9558
vn 0.1221 -0.2561 -0.9589
vn 0.1383 -0.2510 -0.9580
vn 0.9113 0.3935 -0.1214
vn 0.7967 0.1744 0.5786
vn 0.8641 -0.2971 0.4062
vn -0.8891 0.4416 0.1204
vn -0.9167 -0.3943 -0.0638
vn -0.8507 -0.1327 0.5087
vn 0.5293 0.8482 -0.0197
vn -0.1367 0.8803 -0.4544
vn -0.4687 0.8787 0.0908
vn 0.3031 -0.2551 -0.9182
vn 0.3026 -0.2559 -0.9181
vn -0.1033 0.9483 0.3001
vn -0.1858 0.8252 -0.5334
vn -0.7460 0.6633 0.0590
vn -0.2742 0.7895 -0.5491
vn -0.6093 0.7871 -0.0959
vn 0.4072 0.9122 0.0457
vn 0.3002 -0.2578 -0.9184
vn 0.1073 -0.6228 -0.7750
vn 0.2628 0.1751 -0.9488
vn -0.1745 -0.1795 -0.9682
vn 0.3460 -0.0297 -0.9378
vn -0.3072 -0.6083 -0.7318
vn 0.0574 -0.6850 -0.7263
vn -0.0027 -0.1994 -0.9799
vn 0.0199 -0.1844 -0.9827
vn 0.0656 -0.2536 -0.9651
vn -0.4026 -0.5211 -0.7526
vn -0.0529 0.1941 -0.9796
vn 0.0988 -0.5959 -0.7970
vn -0.1090 -0.1970 -0.9743
vn 0.3523 0.0248 -0.9356
vn 0.1189 -0.9565 -0.2666
vn 0.7861 -0.6157 0.0546
vn 0.3092 -0.7590 0.5729
vn -0.8669 0.4745 -0.1529
vn -0.8932 0.2736 -0.3568
vn -0.8471 -0.5248 0.0839
vn 0.1848 0.1502 0.9712
vn 0.1946 0.1473 0.9698
vn 0.0715 -0.2147 0.9741
vn 0.3311 0.0897 0.9393
vn 0.3228 0.1199 0.9389
vn -0.1528 0.1978 0.9683
vn -0.1416 0.2014 0.9692
vn -0.1626 0.2032 0.9655
vn 0.0031 -0.9957 0.0922
vn 0.3025 -0.8195 0.4867
vn -0.4224 -0.8468 0.3232
vn 0.8584 -0.4460 0.2533
vn 0.9153 0.2434 -0.3209
vn 0.8481 0.5218 0.0919
vn 0.0861 -0.9864 -0.1400
vn 0.2788 -0.9354 0.2175
vn -0.2879 -0.7693 0.5703
vn -0.4600 -0.8635 -0.2069
vn -0.3538 0.9211 -0.1626
vn -0.3721 0.9037 0.2118
vn 0.3952 0.8682 0.3002
vn 0.2516 0.8562 -0.4513
vn -0.8616 0.4854 0.1485
vn -0.8936 0.1217 -0.4320
vn -0.8623 -0.4992 0.0847
vn -0.0930 -0.1273 -0.9875
vn -0.1070 -0.1158 -0.9875
vn -0.0989 -0.0983 -0.9902
vn -0.8632 0.4871 0.1327
vn -0.9206 -0.3332 -0.2038
vn -0.8783 -0.4600 0.1301
vn -0.0018 -0.9997 -0.0254
vn -0.1912 -0.8207 0.5384
vn -0.5309 -0.6510 0.5425
vn -0.7478 -0.6629 0.0368
vn 0.9275 -0.0618 -0.3688
vn 0.8507 0.5229 0.0541
vn 0.8510 -0.1289 0.5091
vn -0.6764 0.6784 -0.2870
vn -0.6160 0.7234 0.3117
vn -0.1207 0.9096 0.3976
vn 0.1020 0.9851 -0.1383
vn 0.1534 -0.1904 -0.9697
vn 0.1522 -0.1909 -0.9697
vn 0.1509 -0.1906 -0.9700
vn 0.1438 -0.1618 -0.9763
vn 0.1368 -0.1576 -0.9780
vn -0.5880 -0.8085 0.0239
vn 0.1222 -0.9697 -0.2115
vn 0.3066 -0.8968 0.3191
vn -0.9219 -0.3784 -0.0837
vn -0.8812 -0.3347 0.3339
vn -0.8712 0.4160 0.2606
vn 0.1949 -0.9806 0.0186
vn 0.4486 -0.7920 0.4141
vn -0.2885 -0.9352 0.2053
vn -0.6678 0.6470 -0.3680
vn -0.3908 0.7711 0.5027
vn -0.0201 0.9282 0.3716
vn -0.1795 0.8738 -0.4519
vn -0.3349 -0.0962 -0.9373
vn -0.6260 -0.4367 -0.6461
vn -0.3393 -0.0880 -0.9365
vn -0.2634 0.8338 -0.4852
vn -0.6275 0.7754 -0.0704
vn 0.4093 0.9077 0.0930
vn 0.9219 0.3356 -0.1934
vn 0.7455 0.4090 0.5263
vn 0.8731 -0.2989 0.3851
vn 0.8561 0.5154 0.0376
vn 0.2958 0.8051 -0.5142
vn -0.0205 0.9935 -0.1118
vn -0.2043 0.2316 -0.9511
vn -0.3923 -0.1316 -0.9104
vn -0.4008 -0.1216 -0.9080
vn 0.8779 0.1783 -0.4445
vn 0.8423 0.5082 -0.1794
vn 0.8288 -0.5596 -0.0051
vn 0.1604 0.0262 0.9867
vn 0.1537 0.0342 0.9875
vn 0.1587 0.0116 0.9873
vn 0.0601 -0.1601 -0.9853
vn -0.0972 -0.6379 -0.7639
vn -0.2790 0.1914 -0.9410
vn 0.1247 -0.9371 -0.3259
vn 0.7715 -0.6362 0.0032
vn 0.3192 -0.7901 0.5233
vn 0.8556 0.4777 0.1995
vn 0.8574 -0.5012 0.1172
vn 0.9410 -0.1740 -0.2903
vn 0.9283 0.3556 -0.1087
vn 0.3514 0.0694 0.9337
vn 0.3762 0.0734 0.9236
vn 0.3426 0.0915 0.9350
vn 0.1032 -0.0042 0.9947
vn -0.1699 0.2624 0.9499
vn -0.1557 -0.2914 0.9438
vn 0.8127 -0.5093 0.2832
vn 0.9097 -0.2167 -0.3541
vn 0.8536 0.5193 0.0410
vn 0.2344 0.0571 0.9705
vn 0.7500 0.4839 0.4510
vn 0.6766 0.6667 -0.3126
vn -0.0110 0.9985 0.0531
vn -0.0342 0.0373 0.9987
vn 0.2227 -0.2911 0.9304
vn -0.0214 0.0453 0.9987
vn -0.1518 0.1078 0.9825
vn -0.1404 0.1110 0.9839
vn -0.1613 0.1138 0.9803
vn -0.0015 -0.9997 0.0250
vn 0.3814 -0.8413 0.3830
vn -0.4070 -0.8788 0.2491
vn -0.3086 0.9468 -0.0915
vn -0.3667 0.8924 0.2629
vn 0.4220 0.8218 0.3829
vn 0.2873 0.8787 -0.3812
vn 0.9347 0.3241 -0.1461
vn 0.8644 0.4213 0.2743
vn 0.8872 -0.4077 0.2161
vn -0.1628 -0.8850 -0.4361
vn 0.3197 -0.9336 0.1617
vn -0.5735 -0.8078 0.1362
vn 0.2104 0.9089 0.3600
vn -0.3971 0.8780 -0.2672
vn -0.6846 0.7046 0.1867
vn -0.9124 0.3755 -0.1629
vn -0.8665 -0.4585 0.1974
vn -0.8603 0.4482 0.2428
vn 0.6507 -0.7580 0.0455
vn -0.2405 -0.9502 0.1980
vn 0.1952 -0.9798 -0.0428
vn 0.2036 -0.9773 -0.0594
vn -0.8926 -0.4505 0.0187
vn -0.8760 -0.3433 0.3387
vn -0.8212 0.1957 0.5361
vn -0.9514 0.1684 -0.2579
vn -0.8577 0.5115 0.0528
vn -0.8956 -0.3207 -0.3084
vn -0.8780 -0.2150 0.4277
vn -0.9004 0.2815 0.3318
vn -0.8718 0.1197 -0.4749
vn -0.8480 -0.5299 -0.0027
vn -0.6870 -0.6976 -0.2035
vn 0.0460 -0.9726 0.2277
vn -0.5532 -0.6877 0.4701
vn 0.1959 -0.1553 -0.9683
vn 0.1837 -0.1609 -0.9697
vn 0.1766 -0.1575 -0.9716
vn 0.6262 0.7521 0.2054
vn 0.0250 0.9360 -0.3511
vn 0.0446 0.8568 0.5137
vn 0.0878 0.9220 -0.3772
vn -0.5942 0.7995 0.0883
vn 0.0331 0.8735 0.4856
vn -0.6708 0.7109 -0.2115
vn -0.6424 0.6780 0.3572
vn -0.0642 0.8972 0.4369
vn 0.0886 0.9944 -0.0577
vn 0.2925 -0.0889 -0.9521
vn 0.2916 -0.0892 -0.9524
vn 0.2920 -0.0878 -0.9524
vn -0.1169 -0.0278 -0.9928
vn -0.6304 -0.1198 -0.7669
vn -0.1136 -0.0147 -0.9934
vn -0.3343 -0.4111 -0.8481
vn -0.0919 0.0132 -0.9957
vn -0.0756 0.0107 -0.9971
vn 0.4751 0.1710 0.8632
vn 0.0800 0.0331 0.9962
vn 0.1013 0.0149 0.9947
vn 0.8544 0.4537 0.2531
vn 0.8583 -0.5086 0.0683
vn 0.9402 -0.1446 -0.3083
vn 0.9282 0.3633 -0.0803
vn -0.1977 -0.0167 -0.9801
vn 0.3427 0.0896 -0.9352
vn -0.2032 -0.5067 -0.8378
vn 0.8867 0.2214 -0.4059
vn 0.8432 0.5221 -0.1282
vn 0.8291 -0.5579 -0.0367
vn 0.0502 -0.0748 -0.9959
vn -0.3898 -0.3525 -0.8507
vn -0.3326 0.2389 -0.9123
vn 0.1127 -0.9013 -0.4182
vn 0.7687 -0.6350 0.0769
vn 0.3228 -0.8415 0.4332
vn 0.7308 0.4901 0.4751
vn 0.6659 0.6988 -0.2613
vn -0.0325 0.9780 0.2058
vn -0.1456 -0.0045 0.9893
vn -0.1255 -0.0057 0.9921
vn -0.1393 0.0063 0.9902
vn -0.3236 -0.4414 0.8369
vn -0.2817 0.0211 0.9593
vn -0.6348 0.2133 0.7426
vn 0.3332 -0.0431 0.9419
vn 0.6904 -0.2474 0.6798
vn 0.3463 -0.0337 0.9375
vn 0.6914 0.7117 0.1242
vn 0.2312 0.9044 -0.3586
vn -0.2834 0.8976 0.3377
vn 0.0139 -0.9976 -0.0685
vn 0.3881 -0.8719 0.2987
vn -0.4050 -0.9015 0.1526
vn -0.2818 0.0195 0.9593
vn -0.2971 0.0204 0.9546
vn -0.3021 0.0173 0.9531
vn 0.8577 -0.4838 0.1740
vn 0.9158 0.2954 -0.2722
vn 0.8475 0.5044 0.1653
vn -0.2980 0.9367 0.1840
vn 0.3327 0.7749 0.5374
vn 0.5233 0.8372 -0.1590
vn -0.0100 0.9623 -0.2720
vn -0.8947 -0.3304 -0.3007
vn -0.8772 -0.0991 0.4698
vn -0.8674 0.4513 0.2098
vn -0.9115 0.4109 -0.0169
vn -0.9055 -0.4037 -0.1310
vn -0.8516 -0.3626 0.3787
vn -0.8490 0.3243 0.4171
vn -0.9163 0.3613 -0.1726
vn -0.0928 0.0419 -0.9948
vn -0.5874 -0.1452 -0.7961
vn 0.2928 0.3489 -0.8903
vn 0.1714 -0.9383 -0.3005
vn 0.3506 -0.9236 0.1554
vn -0.3687 -0.8471 0.3827
vn -0.4644 -0.8688 -0.1718
vn 0.2933 0.8217 0.4886
vn -0.1527 0.9718 -0.1795
vn -0.6235 0.7188 0.3075
vn -0.6743 -0.6852 -0.2754
vn 0.0655 -0.9887 0.1346
vn -0.5529 -0.7359 0.3908
vn 0.1450 -0.0000 -0.9894
vn 0.1382 -0.0014 -0.9904
vn -0.6313 0.7734 0.0579
vn 0.3502 0.8762 0.3311
vn 0.0819 0.9402 -0.3306
vn -0.3566 0.7958 -0.4893
vn -0.9306 -0.3422 -0.1301
vn -0.8679 -0.3818 0.3179
vn -0.8678 0.3617 0.3408
vn 0.2334 -0.9666 -0.1058
vn 0.2770 -0.8593 0.4299
vn -0.2279 -0.9619 0.1512
vn 0.5777 0.3224 -0.7499
vn 0.2802 -0.0265 -0.9596
vn -0.1638 0.1857 -0.9689
vn -0.0375 -0.1538 -0.9874
vn -0.7207 -0.3498 -0.5985
vn -0.4032 0.0465 -0.9139
vn -0.0548 -0.0342 0.9979
vn 0.4285 -0.0493 0.9022
vn -0.3577 0.2504 0.8996
vn -0.8608 0.4965 0.1121
vn -0.7571 -0.2870 -0.5868
vn -0.8653 -0.4428 0.2350
vn -0.3689 0.0271 -0.9291
vn -0.3048 -0.5007 -0.8102
vn -0.3705 0.0245 -0.9285
vn -0.7156 0.6322 -0.2969
vn -0.5730 0.5857 0.5733
vn 0.1008 0.9638 0.2468
vn -0.2421 0.9242 -0.2954
vn 0.9252 0.3607 -0.1178
vn 0.7284 0.0562 0.6829
vn 0.8697 -0.3705 0.3263
vn 0.3143 0.1087 -0.9431
vn -0.2395 -0.4629 -0.8535
vn -0.2206 0.0590 -0.9736
vn -0.2195 0.0591 -0.9738
vn 0.8848 0.2490 -0.3938
vn 0.8475 0.5213 -0.0996
vn 0.8197 -0.5634 -0.1031
vn 0.0648 -0.4763 -0.8769
vn -0.0010 0.0577 -0.9983
vn 0.0215 0.0731 -0.9971
vn 0.0460 0.0129 -0.9989
vn -0.3898 -0.2775 -0.8781
vn -0.3309 0.3238 -0.8864
vn 0.1222 -0.9537 -0.2749
vn -0.2306 -0.8555 0.4636
vn -0.6809 -0.7299 0.0599
vn 0.3629 -0.1274 0.9231
vn 0.3502 -0.1240 0.9284
vn 0.0799 -0.4550 0.8869
vn 0.5499 -0.3855 0.7409
vn 0.1824 -0.1539 0.9711
vn 0.6004 -0.0886 0.7948
vn 0.1823 -0.1394 0.9733
vn -0.5771 -0.8165 -0.0149
vn -0.3389 -0.8408 -0.4223
vn 0.3497 -0.9330 0.0852
vn 0.0949 -0.1820 0.9787
vn -0.1832 0.0975 0.9782
vn -0.1431 -0.4490 0.8820
vn 0.8127 -0.5477 0.1989
vn 0.9114 -0.1513 -0.3828
vn 0.8535 0.5055 0.1266
vn 0.9105 0.4033 0.0919
vn 0.8616 0.4007 0.3115
vn 0.8202 -0.0753 0.5670
vn 0.9083 -0.3607 -0.2118
vn 0.2177 -0.1090 0.9699
vn 0.2143 -0.1034 0.9713
vn 0.2033 -0.1039 0.9736
vn 0.7312 0.4210 0.5368
vn 0.6666 0.7214 -0.1877
vn -0.0292 0.9750 0.2203
vn -0.8963 -0.2989 -0.3276
vn -0.8653 -0.4937 0.0863
vn -0.8622 0.4372 0.2558
vn -0.9164 0.4003 0.0085
vn -0.1276 -0.0972 0.9870
vn 0.2565 -0.1648 0.9524
vn -0.1377 -0.0699 0.9880
vn 0.9233 -0.2608 -0.2819
vn 0.8777 0.4046 0.2568
vn 0.7069 -0.2447 0.6636
vn 0.6953 0.6945 0.1851
vn 0.2277 0.9315 -0.2838
vn -0.2741 0.8650 0.4202
vn 0.0149 -0.9916 -0.1285
vn 0.3511 -0.9009 0.2552
vn -0.3458 -0.9179 0.1944
vn -0.2897 -0.0808 0.9537
vn -0.2867 -0.0657 0.9558
vn -0.2900 -0.0539 0.9555
vn -0.5237 -0.8168 0.2419
vn -0.0973 -0.8252 -0.5563
vn 0.2374 -0.9704 -0.0432
vn -0.4559 -0.1629 -0.8750
vn -0.4367 0.5317 -0.7256
vn -0.0845 0.1766 -0.9806
vn 0.7706 -0.6373 -0.0020
vn 0.1583 -0.9286 0.3355
vn 0.3270 -0.9268 -0.1845
vn 0.3599 -0.9124 -0.1947
vn -0.0998 0.1363 -0.9856
vn -0.1183 0.1411 -0.9829
vn -0.1044 0.1517 -0.9829
vn 0.0815 0.7762 0.6253
vn 0.3024 0.7386 0.6025
vn 0.4972 0.8630 -0.0899
vn -0.0355 0.9797 -0.1974
vn -0.9144 0.3922 -0.1001
vn -0.8591 -0.4866 0.1588
vn -0.8493 0.1227 0.5135
vn 0.3260 0.7944 0.5124
vn -0.1777 0.9786 -0.1034
vn -0.6118 0.6937 0.3801
vn -0.2232 0.1431 -0.9642
vn -0.2203 0.1439 -0.9648
vn -0.2244 0.1387 -0.9646
vn 0.0855 -0.3955 -0.9145
vn -0.4805 -0.0147 -0.8769
vn 0.0293 0.1429 -0.9893
vn 0.0536 0.1181 -0.9915
vn 0.0408 0.1131 -0.9927
vn -0.8908 0.2519 0.3782
vn -0.8784 0.2194 -0.4246
vn -0.8526 -0.5166 -0.0786
vn -0.6870 -0.6491 -0.3267
vn 0.0507 -0.9978 0.0422
vn -0.5525 -0.7619 0.3379
vn -0.3710 0.7753 0.5112
vn 0.0626 0.8061 0.5885
vn 0.1352 0.9601 -0.2450
vn -0.3659 0.9170 -0.1587
vn 0.1448 0.0782 -0.9864
vn 0.1376 0.0754 -0.9876
vn 0.1326 0.0768 -0.9882
vn 0.6357 -0.7673 0.0845
vn 0.0739 -0.9464 0.3144
vn 0.1869 -0.9687 -0.1632
vn 0.2149 -0.9625 -0.1658
vn -0.9530 0.1611 -0.2565
vn -0.8689 -0.4424 0.2219
vn -0.8220 0.0665 0.5657
vn 0.8931 -0.2595 0.3674
vn 0.8888 -0.1539 -0.4317
vn 0.8248 0.5646 -0.0304
vn -0.6803 0.7276 -0.0886
vn -0.6339 0.5994 0.4888
vn -0.1022 0.7903 0.6041
vn 0.0994 0.9875 0.1223
vn -0.0670 -0.0789 -0.9946
vn -0.5314 -0.4398 -0.7240
vn -0.4202 0.1060 -0.9012
vn -0.8424 -0.3054 0.4439
vn -0.7968 0.2598 0.5455
vn -0.8747 0.3466 -0.3388
vn -0.9280 0.0950 -0.3602
vn -0.3312 -0.4803 0.8122
vn -0.0289 -0.1191 0.9925
vn -0.3796 0.0623 0.9230
vn -0.2173 0.1412 -0.9658
vn 0.3073 0.1712 -0.9361
vn -0.5786 -0.2084 -0.7886
vn 0.1677 -0.2441 0.9551
vn 0.5817 -0.1858 0.7919
vn 0.1830 -0.2115 0.9601
vn 0.1262 -0.8223 -0.5549
vn 0.7673 -0.6198 -0.1644
vn 0.3145 -0.8977 0.3086
vn 0.4633 -0.8860 0.0179
vn -0.2129 -0.9523 0.2185
vn 0.0227 -0.9784 -0.2054
vn 0.0242 -0.9737 -0.2264
vn -0.0563 -0.1862 0.9809
vn 0.3453 -0.0372 0.9377
vn -0.0508 0.2889 0.9560
vn 0.2305 -0.1855 0.9552
vn 0.2317 -0.1839 0.9553
vn 0.2282 -0.1843 0.9560
vn 0.1013 -0.2643 0.9591
vn -0.1707 0.0058 0.9853
vn -0.1573 -0.5281 0.8345
vn 0.8119 -0.5632 0.1535
vn 0.9100 -0.1180 -0.3975
vn 0.8542 0.4886 0.1777
vn -0.1526 -0.1531 0.9764
vn -0.1413 -0.1503 0.9785
vn -0.1622 -0.1469 0.9758
vn 0.7105 -0.3018 0.6357
vn 0.9598 0.0340 -0.2787
vn 0.8798 0.3781 0.2881
vn 0.6962 0.6841 0.2174
vn 0.2276 0.9522 -0.2036
vn -0.2760 0.8195 0.5022
vn -0.2917 -0.1600 0.9430
vn -0.2963 -0.1505 0.9432
vn -0.3062 -0.1435 0.9411
vn 0.0964 -0.8754 -0.4736
vn -0.0449 -0.9615 0.2710
vn -0.2985 -0.9120 0.2815
vn -0.4590 -0.7454 -0.4834
vn 0.7561 -0.6442 -0.1155
vn 0.1895 -0.9520 0.2404
vn 0.3253 -0.8973 -0.2983
vn 0.3422 -0.8861 -0.3125
vn 0.1457 0.1624 -0.9759
vn 0.1409 0.1643 -0.9763
vn 0.1466 0.1716 -0.9742
vn -0.0060 0.8102 0.5861
vn -0.2824 0.9503 -0.1307
vn -0.7505 0.5375 0.3844
vn 0.3495 0.7382 0.5770
vn -0.1866 0.9824 0.0076
vn -0.6021 0.6492 0.4647
vn -0.1612 0.2144 -0.9633
vn -0.1567 0.2201 -0.9628
vn -0.1624 0.2075 -0.9647
vn -0.8635 0.4909 0.1160
vn -0.8926 0.2026 -0.4027
vn -0.8510 -0.5178 -0.0876
vn 0.9352 0.0621 -0.3487
vn 0.8490 0.3789 0.3682
vn 0.8408 -0.3175 0.4385
vn -0.8670 0.4787 0.1385
vn -0.8703 -0.1469 -0.4702
vn -0.9016 -0.2529 0.3510
vn 0.2168 -0.8844 -0.4134
vn 0.3306 -0.9438 0.0012
vn -0.3685 -0.8972 0.2436
vn -0.4732 -0.8232 -0.3138
vn 0.6264 0.6729 0.3934
vn 0.0258 0.9947 -0.0994
vn 0.0406 0.6954 0.7175
vn 0.0914 0.9868 -0.1338
vn -0.5931 0.7507 0.2910
vn 0.0298 0.7188 0.6946
vn -0.8155 -0.2935 0.4988
vn -0.8159 -0.0293 0.5774
vn -0.9487 0.2269 -0.2203
vn -0.8914 -0.4441 -0.0906
vn 0.2245 -0.9370 0.2675
vn 0.0416 -0.9632 0.2657
vn 0.1566 -0.9609 -0.2284
vn 0.1788 -0.9543 -0.2395
vn 0.8773 0.0929 -0.4709
vn 0.8162 0.5775 0.0166
vn 0.8960 -0.2833 0.3419
vn -0.2492 -0.2360 -0.9393
vn 0.0268 0.6544 -0.7556
vn 0.0440 0.2061 -0.9775
vn 0.0427 0.2058 -0.9777
vn -0.1186 0.2332 -0.9652
vn -0.6343 0.0924 -0.7676
vn -0.1173 0.2389 -0.9639
vn -0.1285 0.4864 -0.8642
vn -0.3829 0.1675 -0.9085
vn -0.4013 0.1781 -0.8985
vn -0.8017 -0.5975 -0.0152
vn -0.1848 -0.7415 -0.6450
vn -0.3565 -0.8921 0.2775
vn 0.8541 0.4740 0.2142
vn 0.2932 0.9339 -0.2047
vn -0.0242 0.9713 0.2366
vn 0.3018 0.2763 -0.9124
vn -0.4473 -0.2347 -0.8630
vn -0.2335 0.2368 -0.9431
vn -0.2252 0.2386 -0.9446
vn -0.0686 -0.7533 -0.6541
vn 0.0563 -0.9793 0.1943
vn -0.5576 -0.8260 -0.0827
vn -0.4227 -0.6530 -0.6284
vn -0.8647 -0.2683 0.4246
vn -0.8834 0.0384 0.4671
vn -0.8986 0.3354 -0.2830
vn -0.9067 -0.2993 -0.2971
vn 0.1750 -0.2992 0.9380
vn 0.1835 -0.3013 0.9357
vn 0.1071 -0.3498 0.9307
vn -0.1683 -0.0867 0.9819
vn -0.1501 -0.6033 0.7832
vn -0.9174 -0.2174 -0.3332
vn -0.8520 -0.5023 0.1474
vn -0.8714 0.3704 0.3216
vn 0.7324 0.3208 0.6006
vn 0.6657 0.7440 -0.0574
vn -0.0286 0.9217 0.3868
vn 0.8233 -0.1770 0.5393
vn 0.9352 0.0911 -0.3422
vn 0.8723 0.4193 0.2517
vn -0.1439 -0.2445 0.9589
vn -0.1321 -0.2458 0.9603
vn -0.1518 -0.2384 0.9592
vn 0.9199 -0.2155 -0.3277
vn 0.8800 0.3570 0.3133
vn 0.7123 -0.3439 0.6119
vn 0.6794 0.6810 0.2733
vn 0.2312 0.9682 -0.0955
vn -0.3276 0.7713 0.5458
vn 0.0098 -0.9512 -0.3085
vn 0.3848 -0.9194 0.0812
vn -0.3718 -0.9277 -0.0342
vn 0.9174 0.3514 -0.1866
vn 0.8470 0.4405 0.2976
vn 0.8579 -0.5117 0.0461
vn 0.1581 0.6786 0.7172
vn -0.3011 0.9533 0.0248
vn -0.6695 0.6129 0.4197
vn 0.3502 -0.8838 -0.3103
vn 0.5140 -0.8398 0.1750
vn -0.1458 -0.9786 -0.1449
vn -0.0805 0.3111 -0.9469
vn -0.0949 0.3242 -0.9412
vn -0.0926 0.3352 -0.9376
vn 0.3635 -0.8710 -0.3304
vn 0.4446 -0.8726 0.2021
vn -0.1121 -0.9871 -0.1144
vn 0.1229 0.8947 0.4295
vn -0.6381 0.7694 0.0287
vn -0.4788 0.5228 0.7053
vn -0.1655 0.3007 -0.9393
vn -0.1620 0.3051 -0.9384
vn -0.1664 0.2953 -0.9408
vn 0.0986 -0.2258 -0.9692
vn -0.4814 0.1378 -0.8656
vn 0.0273 0.3138 -0.9491
vn 0.0554 0.2839 -0.9573
vn 0.0434 0.2793 -0.9592
vn 0.2582 -0.9511 0.1697
vn -0.2190 -0.9751 0.0354
vn 0.1462 -0.9374 -0.3161
vn 0.1620 -0.9262 -0.3404
vn -0.8499 0.5180 0.0965
vn -0.8695 -0.0994 -0.4839
vn -0.9027 -0.3315 0.2743
vn -0.8086 -0.5696 -0.1471
vn -0.0697 -0.8206 -0.5672
vn -0.1324 -0.9855 0.1065
vn 0.6329 0.0889 -0.7691
vn 0.1255 0.2094 -0.9697
vn -0.2435 0.4941 -0.8346
vn 0.1641 0.2476 -0.9549
vn 0.1471 0.2523 -0.9564
vn 0.1400 0.2603 -0.9553
vn 0.6239 0.6367 0.4532
vn 0.0261 0.9996 -0.0133
vn 0.0363 0.6315 0.7745
vn 0.0930 0.9948 -0.0406
vn -0.5932 0.7229 0.3543
vn 0.0270 0.6566 0.7537
vn -0.9190 -0.3129 -0.2399
vn -0.8527 -0.4636 0.2408
vn -0.8759 0.2462 0.4149
vn 0.9080 -0.2105 -0.3621
vn 0.8236 0.5622 0.0751
vn 0.8872 -0.3274 0.3250
vn 0.2627 -0.0830 0.9613
vn -0.0412 -0.3759 0.9257
vn -0.0466 -0.3805 0.9236
vn 0.2684 -0.6172 0.7396
vn -0.3385 -0.6068 0.7192
vn 0.1081 -0.2329 0.9665
vn -0.5489 0.3123 0.7754
vn -0.0273 0.1636 -0.9861
vn -0.5822 -0.2395 -0.7769
vn -0.3874 0.2847 -0.8768
vn -0.2056 0.3212 -0.9244
vn 0.3373 0.3898 -0.8569
vn -0.4046 -0.1476 -0.9025
vn 0.1302 -0.8603 -0.4929
vn -0.2297 -0.9426 0.2423
vn -0.6918 -0.6816 -0.2382
vn -0.5601 -0.8055 -0.1933
vn -0.3280 -0.7023 -0.6318
vn 0.3550 -0.9206 -0.1625
vn -0.3422 0.8810 0.3266
vn -0.3674 0.6686 0.6465
vn 0.3757 0.6087 0.6988
vn 0.2565 0.9663 0.0211
vn -0.1504 -0.3128 0.9378
vn -0.1391 -0.3103 0.9404
vn -0.1601 -0.3066 0.9383
vn 0.6912 -0.4793 0.5409
vn 0.9619 0.0932 -0.2572
vn 0.8836 0.2947 0.3638
vn 0.0063 -0.9233 -0.3840
vn 0.4817 -0.8410 -0.2464
vn -0.4183 -0.8976 -0.1389
vn -0.1092 0.5565 0.8237
vn -0.2260 0.9733 0.0407
vn -0.7081 0.5599 0.4302
vn 0.9175 0.3665 -0.1544
vn 0.8467 0.4201 0.3264
vn 0.8576 -0.5144 -0.0032
vn 0.9399 0.3276 -0.0959
vn 0.8572 0.3507 0.3771
vn 0.8571 -0.5013 -0.1188
vn -0.6763 -0.6437 -0.3581
vn 0.1453 -0.7998 -0.5824
vn 0.2082 -0.9607 -0.1838
vn 0.3665 -0.8350 -0.4104
vn 0.7433 -0.6610 -0.1028
vn -0.0633 -0.9932 -0.0972
vn -0.0127 0.7032 0.7109
vn -0.2843 0.9584 0.0252
vn -0.7541 0.4633 0.4654
vn -0.8536 0.3404 0.3943
vn -0.9271 -0.0344 -0.3732
vn -0.8803 -0.4606 -0.1134
vn -0.8986 -0.2831 -0.3352
vn -0.8589 -0.5065 -0.0759
vn -0.8655 0.3769 0.3300
vn -0.8943 0.3680 -0.2544
vn 0.0289 0.4008 -0.9157
vn 0.0243 0.3803 -0.9245
vn 0.0237 0.3818 -0.9239
vn 0.0688 0.3517 -0.9336
vn 0.0418 0.3548 -0.9340
vn 0.0309 0.3645 -0.9307
vn -0.8791 -0.1673 -0.4462
vn -0.8993 -0.3140 0.3044
vn -0.8995 0.0196 0.4365
vn -0.9136 0.4059 0.0253
vn -0.8948 -0.4144 -0.1662
vn -0.8768 -0.4610 0.1365
vn -0.8285 -0.0328 0.5590
vn -0.9455 0.2644 -0.1900
vn 0.6203 0.5889 0.5182
vn 0.0666 0.9952 0.0714
vn -0.0752 0.5845 0.8079
vn 0.1464 0.3306 -0.9323
vn 0.1379 0.3290 -0.9342
vn 0.1316 0.3309 -0.9344
vn 0.2652 -0.9608 0.0808
vn -0.2568 -0.9599 -0.1129
vn 0.1565 -0.9023 -0.4016
vn 0.1671 -0.8956 -0.4124
vn 0.9080 -0.1793 -0.3786
vn 0.8253 0.5498 0.1292
vn 0.8850 -0.3722 0.2796
vn -0.6214 0.6991 0.3537
vn 0.3141 0.6994 0.6420
vn 0.1686 0.9843 0.0525
vn -0.3353 0.9222 -0.1929
vn -0.6491 0.1091 -0.7528
vn -0.1577 0.3946 -0.9052
vn -0.1972 -0.1879 -0.9622
vn -0.0632 -0.7675 -0.6379
vn -0.3628 -0.9195 0.1513
vn -0.7820 -0.6118 -0.1195
vn -0.1241 -0.4630 0.8776
vn 0.5289 -0.3390 0.7780
vn 0.1800 -0.3605 0.9152
vn 0.7653 -0.6067 -0.2149
vn 0.3236 -0.9446 0.0548
vn 0.0689 -0.6879 -0.7225
vn 0.3712 -0.7908 -0.4867
vn 0.8555 0.4339 0.2825
vn 0.3007 0.9517 -0.0615
vn 0.3680 0.5235 0.7685
vn -0.1842 0.4034 -0.8963
vn 0.3311 0.4911 -0.8058
vn -0.4109 -0.0555 -0.9100
vn 0.3774 -0.8382 -0.3938
vn 0.7496 -0.6609 0.0353
vn -0.1431 -0.9385 -0.3141
vn 0.5465 -0.8370 0.0272
vn 0.3471 -0.9355 0.0661
vn 0.0340 -0.7162 -0.6971
vn 0.3420 -0.8170 -0.4644
vn -0.8725 0.4669 0.1442
vn -0.8924 0.4298 -0.1375
vn -0.8530 -0.4968 -0.1602
vn 0.3606 -0.4547 0.8144
vn 0.3631 -0.4483 0.8168
vn 0.0992 -0.5107 0.8540
vn 0.0847 -0.5001 0.8618
vn 0.0664 -0.5203 0.8514
vn 0.8134 -0.5817 -0.0070
vn 0.9070 -0.0113 -0.4209
vn 0.8534 0.4302 0.2942
vn -0.1330 -0.6431 0.7541
vn 0.1927 -0.4618 0.8658
vn 0.1750 -0.4513 0.8750
vn 0.2390 0.9590 0.1520
vn 0.0080 0.7458 0.6661
vn 0.7291 0.2067 0.6524
vn 0.7381 0.6699 -0.0810
vn -0.0516 -0.4476 0.8927
vn -0.0420 -0.4410 0.8965
vn -0.0556 -0.4342 0.8991
vn -0.6573 0.6957 0.2897
vn -0.6646 0.4839 0.5694
vn -0.3965 0.4557 0.7970
vn -0.0126 0.9848 0.1734
vn -0.2286 -0.4288 0.8740
vn -0.2200 -0.4257 0.8777
vn -0.1529 -0.3935 0.9065
vn -0.1485 -0.3919 0.9079
vn 0.9298 -0.1443 -0.3387
vn 0.8759 0.2731 0.3979
vn 0.6900 -0.5027 0.5207
vn 0.6922 0.5843 0.4238
vn 0.2295 0.9722 0.0466
vn -0.2682 0.6646 0.6974
vn 0.0072 -0.8845 -0.4664
vn 0.3657 -0.9276 -0.0763
vn -0.3864 -0.9024 -0.1906
vn -0.2907 -0.3919 0.8729
vn -0.2897 -0.3779 0.8794
vn -0.2975 -0.3685 0.8807
vn 0.1021 -0.7318 -0.6739
vn -0.0753 -0.9968 0.0251
vn -0.5779 -0.8120 -0.0817
vn -0.4838 -0.5858 -0.6502
vn 0.2713 0.9553 0.1173
vn -0.3418 0.8002 0.4928
vn 0.5949 0.5122 0.6195
vn -0.8969 -0.2570 -0.3597
vn -0.8677 -0.4898 0.0844
vn -0.8647 0.3341 0.3752
vn -0.8978 0.3821 -0.2191
vn -0.1970 0.4627 -0.8644
vn -0.1745 0.4609 -0.8701
vn -0.4631 0.1484 -0.8738
vn -0.4426 0.7486 -0.4936
vn -0.0925 0.5057 -0.8578
vn -0.8670 0.3207 0.3814
vn -0.9204 -0.1549 -0.3589
vn -0.8495 -0.4923 0.1900
vn 0.3924 0.6186 0.6807
vn -0.2265 0.9603 0.1629
vn -0.5533 0.5997 0.5781
vn -0.2328 0.4436 -0.8654
vn -0.2321 0.4447 -0.8651
vn -0.2322 0.4405 -0.8672
vn 0.3108 0.0019 -0.9505
vn -0.4960 0.2853 -0.8201
vn 0.0295 0.4827 -0.8753
vn 0.0585 0.4438 -0.8942
vn 0.0439 0.4401 -0.8969
vn -0.1722 -0.9844 -0.0361
vn -0.7901 -0.5938 -0.1519
vn -0.7593 -0.5569 -0.3365
vn 0.0096 -0.8043 -0.5941
vn 0.9414 0.1407 -0.3066
vn 0.8546 0.2588 0.4503
vn 0.8317 -0.4149 0.3690
vn 0.2199 -0.7396 -0.6361
vn 0.1284 -0.9917 0.0039
vn -0.3320 -0.9433 0.0021
vn -0.4990 -0.6971 -0.5148
vn 0.1611 0.3985 -0.9029
vn 0.1537 0.3959 -0.9053
vn 0.1420 0.3993 -0.9058
vn 0.1494 0.4255 -0.8926
vn 0.1191 0.4310 -0.8944
vn 0.1354 0.4342 -0.8906
vn 0.3415 -0.9398 -0.0122
vn -0.2454 -0.9547 -0.1685
vn 0.1611 -0.8695 -0.4670
vn 0.1657 -0.8622 -0.4788
vn -0.9523 0.2404 -0.1882
vn -0.8672 -0.4857 0.1095
vn -0.8690 0.1612 0.4677
vn 0.8880 0.2199 -0.4039
vn 0.8241 0.5380 0.1773
vn 0.8845 -0.4023 0.2365
vn -0.6734 0.7192 0.1712
vn -0.6205 0.3986 0.6753
vn -0.0632 0.5685 0.8203
vn 0.1086 0.8856 0.4516
vn -0.1199 0.4675 -0.8758
vn -0.6356 0.2798 -0.7195
vn -0.1175 0.4727 -0.8733
vn -0.4236 0.4154 -0.8050
vn -0.4192 0.4199 -0.8050
vn -0.0317 0.5812 -0.8131
vn -0.2462 0.0920 -0.9648
vn -0.2909 0.9477 0.1314
vn -0.6484 0.6387 0.4143
vn 0.3852 0.6638 0.6411
vn 0.0215 -0.5681 -0.8227
vn -0.0017 -0.9988 -0.0491
vn -0.5569 -0.7780 -0.2908
vn -0.4227 -0.4680 -0.7761
vn 0.2394 0.9421 0.2349
vn 0.0070 0.6868 0.7268
vn 0.7292 0.1512 0.6674
vn 0.7335 0.6791 -0.0272
vn -0.0483 -0.5160 0.8552
vn 0.3754 -0.3470 0.8595
vn -0.0474 -0.1039 0.9935
vn -0.7980 0.5145 -0.3138
vn -0.8437 -0.4826 -0.2352
vn -0.8760 0.4602 0.1444
vn -0.1488 -0.4834 0.8627
vn 0.0369 -0.1346 0.9902
vn -0.4963 -0.2299 0.8371
vn 0.2170 -0.5105 0.8320
vn 0.0904 -0.5821 0.8081
vn 0.0780 -0.5784 0.8120
vn 0.0677 -0.5864 0.8072
vn 0.2178 -0.5298 0.8197
vn 0.2067 -0.5317 0.8213
vn 0.1972 -0.5427 0.8165
vn 0.6667 -0.6472 -0.3695
vn -0.1375 -0.9618 -0.2368
vn 0.2130 -0.8039 -0.5554
vn 0.2289 -0.7905 -0.5681
vn 0.8242 -0.3095 0.4743
vn 0.9345 0.1747 -0.3102
vn 0.8728 0.3407 0.3494
vn 0.9080 -0.1083 -0.4047
vn 0.8710 0.2629 0.4150
vn 0.7188 -0.5107 0.4717
vn -0.0140 -0.8462 -0.5327
vn 0.3378 -0.9274 -0.1609
vn -0.3582 -0.9132 -0.1942
vn -0.2910 -0.4725 0.8319
vn -0.2868 -0.4692 0.8352
vn -0.2845 -0.4611 0.8405
vn 0.2278 0.6723 0.7044
vn -0.5788 0.7581 0.3004
vn -0.6498 0.4049 0.6433
vn 0.9147 0.3934 -0.0922
vn 0.8488 0.3389 0.4059
vn 0.8582 -0.5059 -0.0871
vn 0.3454 0.3852 0.8558
vn 0.4662 0.8442 0.2646
vn -0.3215 0.7968 0.5116
vn -0.4096 -0.5100 -0.7563
vn 0.2713 -0.8917 -0.3623
vn -0.2886 -0.9559 -0.0553
vn -0.8817 0.1809 0.4357
vn -0.9181 -0.2429 -0.3133
vn -0.8245 -0.4095 0.3906
vn 0.1204 0.7467 0.6541
vn -0.6409 0.7354 0.2201
vn -0.4824 0.3212 0.8149
vn -0.8609 0.2313 0.4532
vn -0.9182 0.3795 -0.1133
vn -0.8713 -0.4718 -0.1348
vn -0.1837 0.5472 -0.8166
vn -0.1781 0.5482 -0.8171
vn -0.1844 0.5460 -0.8172
vn -0.8959 -0.2289 -0.3807
vn -0.8678 -0.4950 0.0426
vn -0.8647 0.2994 0.4032
vn -0.8976 0.4008 -0.1835
vn 0.3096 0.0850 -0.9471
vn -0.4973 0.3562 -0.7911
vn 0.0286 0.5571 -0.8300
vn 0.0562 0.5218 -0.8512
vn 0.0415 0.5183 -0.8542
vn 0.7626 -0.6425 -0.0752
vn 0.2142 -0.9719 -0.0974
vn 0.3428 -0.7710 -0.5368
vn 0.7106 -0.3633 -0.6026
vn 0.1595 0.4776 -0.8640
vn 0.1469 0.4737 -0.8683
vn 0.1368 0.4771 -0.8681
vn 0.8888 0.2566 -0.3798
vn 0.8294 0.5090 0.2301
vn 0.8801 -0.4307 0.1997
vn 0.5345 0.6086 0.5865
vn -0.1295 0.9464 0.2959
vn -0.4618 0.5595 0.6882
vn -0.3397 -0.7757 0.5318
vn 0.1091 -0.4787 0.8712
vn -0.5521 0.0978 0.8280
vn 0.5237 -0.3192 0.7898
vn 0.0805 -0.5407 0.8374
vn 0.1028 -0.5502 0.8287
vn 0.2000 0.4492 -0.8708
vn -0.3136 0.5408 -0.7805
vn -0.3117 0.5453 -0.7781
vn -0.0735 -0.6423 -0.7629
vn -0.3317 -0.9433 -0.0167
vn -0.7962 -0.5378 -0.2772
vn -0.2890 0.9448 0.1544
vn -0.6534 0.6162 0.4398
vn 0.3787 0.6372 0.6712
vn 0.3645 -0.5687 0.7374
vn 0.3245 -0.5789 0.7480
vn 0.0618 -0.8240 0.5631
vn 0.5516 -0.7081 0.4409
vn 0.2041 0.1671 -0.9646
vn -0.1283 0.5380 -0.8331
vn 0.2571 0.7516 -0.6075
vn 0.8191 -0.5661 -0.0924
vn 0.9069 0.0529 -0.4181
vn 0.8473 0.3730 0.3782
vn 0.8431 0.0718 0.5330
vn 0.6986 -0.5972 0.3940
vn 0.9086 -0.2055 -0.3635
vn 0.8548 0.3117 0.4150
vn -0.8539 -0.5053 0.1248
vn -0.8566 0.1695 0.4874
vn -0.8957 0.3114 0.3173
vn -0.9211 -0.0176 -0.3888
vn 0.0016 -0.7912 -0.6116
vn 0.3423 -0.9135 -0.2200
vn -0.3839 -0.8594 -0.3376
vn -0.3927 -0.7744 0.4961
vn -0.2670 -0.5449 0.7948
vn -0.2915 -0.5239 0.8003
vn -0.5262 -0.8061 -0.2709
vn -0.2715 -0.4126 -0.8695
vn 0.2631 -0.8452 -0.4652
vn -0.2290 0.3095 0.9229
vn -0.1337 0.9444 0.3005
vn -0.7157 0.4619 0.5238
vn -0.4569 0.2995 -0.8376
vn -0.4314 0.8287 -0.3567
vn -0.0763 0.6435 -0.7617
vn 0.3554 -0.7243 -0.5909
vn 0.3629 -0.9253 -0.1099
vn -0.1626 -0.8356 -0.5247
vn -0.8966 -0.1930 -0.3987
vn -0.8575 -0.4761 -0.1948
vn -0.8664 0.2769 0.4157
vn -0.8952 0.4189 -0.1521
vn -0.2168 0.5830 -0.7830
vn -0.2081 0.5862 -0.7830
vn -0.2183 0.5794 -0.7853
vn 0.2063 -0.7290 -0.6527
vn 0.6544 -0.5135 -0.5551
vn -0.2003 -0.8991 -0.3891
vn 0.0591 0.6225 -0.7804
vn 0.0492 0.6068 -0.7933
vn 0.0480 0.6091 -0.7916
vn 0.0434 0.9510 0.3062
vn -0.1110 0.4134 0.9038
vn 0.2932 0.3319 0.8966
vn 0.4988 0.7865 0.3641
vn 0.9449 0.1846 -0.2703
vn 0.8573 0.1640 0.4879
vn 0.8224 -0.5105 0.2510
vn -0.8677 0.3443 0.3586
vn -0.8711 0.4045 -0.2786
vn -0.8632 -0.4527 -0.2233
vn 0.1601 0.5567 -0.8151
vn 0.1492 0.5597 -0.8152
vn 0.1417 0.5666 -0.8117
vn 0.2564 -0.7049 -0.6613
vn 0.3543 -0.8460 -0.3984
vn -0.3681 -0.9109 -0.1864
vn -0.5054 -0.5949 -0.6251
vn -0.6754 0.6797 0.2861
vn -0.4331 0.2585 0.8635
vn -0.0776 0.4268 0.9010
vn 0.1051 0.7954 0.5969
vn -0.8590 0.0561 0.5090
vn -0.9475 0.2786 -0.1567
vn -0.8719 -0.4873 0.0484
vn 0.5165 0.6425 0.5660
vn -0.2586 0.8923 0.3701
vn -0.4685 0.5241 0.7112
vn 0.2872 0.5332 -0.7957
vn 0.2826 0.5258 -0.8023
vn 0.2735 0.5308 -0.8021
vn -0.3430 0.8383 -0.4238
vn -0.3792 0.5441 -0.7484
vn -0.3913 0.5507 -0.7373
vn -0.3524 -0.9325 -0.0786
vn -0.7294 -0.6533 -0.2028
vn -0.4937 -0.3397 -0.8005
vn -0.1111 -0.4879 -0.8658
vn 0.2359 0.9395 0.2484
vn -0.0239 0.7813 0.6237
vn 0.8178 0.2670 0.5098
vn 0.5822 0.7885 0.1982
vn -0.1934 0.6143 -0.7650
vn 0.3322 0.6763 -0.6574
vn -0.1987 0.1380 -0.9703
vn -0.0453 -0.5882 0.8074
vn 0.4324 -0.5550 0.7106
vn -0.3742 -0.2838 0.8829
vn -0.2898 0.9313 0.2209
vn -0.6709 0.5367 0.5116
vn 0.3386 0.5792 0.7415
vn 0.2380 0.8886 0.3922
vn 0.0069 0.5511 0.8344
vn 0.7290 0.0334 0.6837
vn 0.7362 0.6702 0.0938
vn 0.8932 0.4275 -0.1395
vn 0.8433 0.4753 0.2508
vn 0.8359 -0.4071 -0.3683
vn 0.1146 0.2159 -0.9697
vn -0.1307 0.6079 -0.7832
vn 0.2573 0.8129 -0.5225
vn 0.0822 -0.7975 0.5977
vn -0.0273 -0.2418 0.9699
vn -0.1594 -0.5713 0.8051
vn -0.5519 -0.7169 -0.4260
vn -0.3561 -0.4437 -0.8223
vn 0.3472 -0.8112 -0.4706
vn 0.1763 -0.6554 0.7344
vn 0.1811 -0.6583 0.7307
vn 0.1815 -0.6557 0.7329
vn 0.0575 -0.8652 0.4981
vn 0.3354 -0.6610 0.6712
vn 0.3164 -0.6435 0.6970
vn 0.2196 -0.9397 -0.2621
vn -0.4134 -0.7970 -0.4403
vn 0.0093 -0.7458 -0.6661
vn 0.0289 -0.7305 -0.6823
vn -0.0340 -0.6804 0.7320
vn 0.2365 -0.8684 0.4359
vn -0.0230 -0.6764 0.7362
vn -0.1489 -0.6196 0.7706
vn -0.1431 -0.6189 0.7724
vn -0.1561 -0.6161 0.7721
vn 0.6963 0.4644 0.5473
vn 0.2298 0.9252 0.3020
vn -0.2702 0.4655 0.8428
vn -0.3127 -0.5863 0.7473
vn 0.0516 -0.4977 0.8658
vn -0.3235 -0.1850 0.9280
vn -0.8459 -0.5277 0.0773
vn -0.8496 -0.0929 0.5192
vn -0.8965 0.2710 0.3504
vn -0.9205 0.0073 -0.3907
vn -0.4498 0.2384 0.8607
vn -0.1004 0.9143 0.3925
vn -0.7470 0.3888 0.5392
vn 0.9148 0.4033 -0.0201
vn 0.8476 0.2738 0.4545
vn 0.8581 -0.4838 -0.1721
vn -0.2149 0.6458 -0.7326
vn -0.2123 0.6466 -0.7327
vn -0.0938 0.6735 -0.7332
vn -0.1150 0.6791 -0.7250
vn -0.1024 0.6909 -0.7157
vn 0.3603 -0.6605 -0.6587
vn 0.3818 -0.9054 -0.1856
vn -0.1185 -0.8515 -0.5108
vn 0.1044 0.6247 0.7739
vn -0.6441 0.6817 0.3470
vn -0.4885 0.1636 0.8571
vn 0.8864 -0.0693 0.4578
vn 0.8922 -0.3222 0.3166
vn 0.9000 0.0113 -0.4358
vn 0.9121 0.4089 0.0305
vn 0.4072 0.4392 0.8008
vn -0.2454 0.8646 0.4384
vn -0.5582 0.4159 0.7179
vn -0.4221 0.6076 -0.6728
vn -0.4188 0.6121 -0.6708
vn -0.0340 0.7741 -0.6321
vn -0.2344 0.3420 -0.9100
vn 0.3089 0.2459 -0.9188
vn -0.4968 0.4856 -0.7193
vn 0.0284 0.6916 -0.7218
vn 0.0623 0.6606 -0.7481
vn 0.0420 0.6558 -0.7538
vn 0.0412 0.6568 -0.7530
vn -0.8596 0.3500 0.3723
vn -0.8929 -0.0121 -0.4502
vn -0.8681 -0.4946 -0.0422
vn 0.9364 0.2257 -0.2689
vn 0.8459 0.1386 0.5150
vn 0.8397 -0.4933 0.2271
vn -0.8727 0.2340 0.4285
vn -0.8766 0.4308 -0.2144
vn -0.8638 -0.4335 -0.2567
vn -0.6948 -0.3405 -0.6335
vn 0.0439 -0.8425 -0.5370
vn -0.7889 -0.5381 -0.2969
vn 0.1096 0.9198 0.3767
vn -0.1869 0.3254 0.9269
vn 0.6013 0.3884 0.6982
vn 0.9712 0.1696 -0.1675
vn 0.8518 0.0705 0.5191
vn 0.7946 -0.5063 0.3350
vn -0.9189 -0.1909 -0.3453
vn -0.8157 -0.5076 0.2775
vn -0.8886 0.1166 0.4435
vn 0.2169 -0.6795 -0.7009
vn 0.3248 -0.9138 -0.2440
vn -0.2431 -0.8265 -0.5078
vn 0.5818 0.6427 -0.4985
vn 0.1180 0.6060 -0.7867
vn 0.0921 0.6272 -0.7734
vn -0.2760 0.9111 0.3061
vn -0.6696 0.5172 0.5331
vn 0.3513 0.5089 0.7859
vn 0.2710 -0.4720 0.8389
vn -0.0377 -0.7330 0.6792
vn -0.0389 -0.7396 0.6719
vn 0.2666 -0.8699 0.4149
vn 0.1134 -0.5602 -0.8206
vn -0.2339 -0.9523 -0.1958
vn -0.6806 -0.5085 -0.5275
vn -0.5634 -0.6608 -0.4959
vn -0.3391 -0.3380 -0.8779
vn 0.2457 -0.8626 -0.4421
vn 0.0982 -0.7411 0.6642
vn 0.0963 -0.7411 0.6644
vn -0.8212 0.5552 -0.1318
vn -0.8387 -0.3699 -0.3998
vn -0.8771 0.3675 0.3094
vn 0.3682 -0.6822 0.6317
vn 0.3735 -0.6736 0.6377
vn 0.3631 -0.6773 0.6399
vn 0.1076 -0.9259 0.3622
vn 0.1743 -0.7261 0.6652
vn 0.1709 -0.7275 0.6645
vn 0.8240 -0.5529 -0.1234
vn 0.9057 0.1404 -0.4000
vn 0.8548 0.3069 0.4184
vn -0.1453 -0.8566 0.4951
vn 0.1930 -0.7339 0.6513
vn 0.1734 -0.7255 0.6660
vn 0.6770 -0.5710 0.4643
vn 0.2941 -0.6919 0.6594
vn 0.0486 -0.8936 0.4463
vn 0.1159 -0.3579 -0.9265
vn 0.7489 -0.5385 -0.3861
vn 0.3318 -0.9074 -0.2581
vn 0.3237 -0.8726 -0.3657
vn -0.2315 -0.8997 -0.3701
vn -0.0173 -0.6945 -0.7193
vn 0.0238 -0.2402 -0.9704
vn -0.1824 -0.6335 0.7519
vn -0.1780 -0.6333 0.7531
vn -0.1855 -0.6324 0.7521
vn 0.5130 0.0654 0.8559
vn 0.4914 0.7742 0.3991
vn -0.2331 0.6058 0.7607
vn 0.4588 -0.8527 -0.2497
vn -0.1184 -0.8027 -0.5846
vn 0.3567 -0.6091 -0.7083
vn 0.3581 -0.6050 -0.7111
vn -0.2334 0.1507 0.9606
vn -0.2214 0.8675 0.4454
vn -0.6773 0.2026 0.7072
vn 0.9381 0.3426 0.0505
vn 0.8564 0.1645 0.4894
vn 0.8587 -0.4006 -0.3197
vn 0.9312 0.3158 0.1821
vn 0.8591 0.0701 0.5069
vn 0.8848 -0.4415 -0.1493
vn -0.6497 -0.5593 -0.5149
vn 0.0465 -0.4081 -0.9117
vn 0.0567 -0.9217 -0.3838
vn -0.4704 0.4203 -0.7760
vn -0.4394 0.8797 -0.1815
vn -0.0718 0.7661 -0.6388
vn -0.9045 0.4085 0.1229
vn -0.8621 -0.4493 -0.2345
vn -0.8685 0.1393 0.4757
vn -0.1010 0.7304 -0.6755
vn -0.1357 0.7333 -0.6662
vn -0.1114 0.7527 -0.6489
vn -0.9198 0.0417 -0.3901
vn -0.8493 -0.5279 0.0080
vn -0.8556 0.0236 0.5170
vn -0.8924 0.2477 0.3771
vn -0.8131 -0.4424 0.3783
vn -0.8181 -0.2825 0.5009
vn -0.9516 0.3045 -0.0410
vn -0.8872 -0.3227 -0.3298
vn -0.2301 0.7132 -0.6622
vn -0.2241 0.7149 -0.6623
vn -0.2333 0.7092 -0.6653
vn 0.1670 -0.6486 -0.7426
vn 0.2333 -0.9135 -0.3333
vn -0.2761 -0.8073 -0.5216
vn 0.0235 0.7522 -0.6585
vn 0.0223 0.7385 -0.6738
vn 0.0197 0.7412 -0.6710
vn 0.5877 0.3613 0.7239
vn -0.0929 0.8662 0.4910
vn -0.1107 0.1890 0.9757
vn 0.1541 0.6836 -0.7134
vn 0.1468 0.6782 -0.7201
vn 0.1366 0.6813 -0.7191
vn -0.3573 0.7637 0.5377
vn -0.4820 0.4158 0.7713
vn 0.3052 0.2459 0.9200
vn 0.0371 0.8963 0.4420
vn 0.8836 0.3557 -0.3045
vn 0.8240 0.4464 0.3489
vn 0.8870 -0.4541 0.0843
vn -0.6836 0.6117 0.3982
vn -0.4390 0.0994 0.8930
vn -0.0881 0.2507 0.9641
vn 0.1183 0.6763 0.7270
vn 0.3169 0.6554 -0.6856
vn 0.3049 0.6587 -0.6878
vn 0.3005 0.6694 -0.6794
vn -0.3327 0.8964 -0.2931
vn -0.3852 0.6668 -0.6379
vn -0.3986 0.6683 -0.6280
vn -0.5494 0.8047 -0.2251
vn -0.1539 0.7361 -0.6591
vn -0.3187 0.2396 -0.9171
vn -0.6010 0.4953 0.6273
vn 0.2463 0.2781 0.9285
vn 0.1629 0.8733 0.4591
vn -0.3520 0.9158 0.1935
vn -0.0697 -0.4315 -0.8994
vn -0.3390 -0.9040 -0.2604
vn -0.7898 -0.4843 -0.3764
vn 0.4443 0.3168 -0.8380
vn 0.0847 0.7108 -0.6983
vn 0.0985 0.7219 -0.6849
vn 0.2700 -0.5407 0.7967
vn -0.0413 -0.7878 0.6145
vn -0.0410 -0.7937 0.6069
vn 0.2645 -0.9029 0.3388
vn 0.8606 0.2712 0.4311
vn 0.3078 0.8842 0.3513
vn -0.0132 0.6631 0.7484
vn 0.0845 -0.7570 0.6480
vn -0.1296 -0.4869 0.8638
vn -0.0284 -0.9421 0.3342
vn 0.0569 0.7162 -0.6955
vn -0.3917 0.4225 -0.8174
vn -0.3395 0.8483 -0.4062
vn -0.5840 -0.5860 -0.5617
vn -0.3273 -0.2534 -0.9103
vn 0.3288 -0.7230 -0.6076
vn -0.8145 0.5740 -0.0839
vn -0.8442 -0.3858 -0.3720
vn -0.8773 0.3661 0.3103
vn -0.1828 -0.6965 0.6939
vn 0.2391 -0.6566 0.7153
vn -0.4941 -0.4178 0.7624
vn 0.3649 -0.7620 0.5349
vn 0.3778 -0.7462 0.5482
vn 0.3716 -0.7482 0.5497
vn 0.1319 -0.2237 -0.9657
vn 0.7368 -0.5150 -0.4382
vn 0.3311 -0.8658 -0.3753
vn 0.8352 -0.0737 0.5450
vn 0.7067 -0.6704 0.2264
vn 0.9060 -0.1162 -0.4070
vn 0.8592 0.1922 0.4743
vn 0.5481 0.0321 0.8358
vn 0.4878 0.7382 0.4659
vn -0.2530 0.5004 0.8280
vn -0.9069 -0.1568 -0.3912
vn -0.8769 -0.3806 -0.2937
vn -0.8458 -0.1110 0.5219
vn -0.9172 0.3656 0.1585
vn 0.6853 0.3453 0.6412
vn 0.2184 0.8604 0.4606
vn -0.2791 0.3056 0.9103
vn 0.0220 -0.6033 -0.7972
vn 0.5024 -0.4956 -0.7084
vn -0.1791 -0.8762 -0.4475
vn 0.9163 0.3977 0.0471
vn 0.8477 0.1993 0.4916
vn 0.8583 -0.4405 -0.2633
vn -0.6502 -0.5134 -0.5600
vn 0.0489 -0.3314 -0.9422
vn 0.2840 -0.6559 -0.6994
vn -0.9501 0.3103 0.0302
vn -0.8680 -0.4865 -0.0994
vn -0.8320 -0.2321 0.5038
vn 0.3641 -0.5453 -0.7550
vn 0.4773 -0.8204 -0.3147
vn -0.1541 -0.6683 -0.7278
vn 0.1055 0.4769 0.8726
vn -0.6460 0.6143 0.4531
vn -0.4911 0.0157 0.8710
vn 0.0234 0.7863 -0.6174
vn 0.0336 0.7901 -0.6121
vn 0.0454 0.8007 -0.5973
vn 0.0415 0.7823 -0.6215
vn 0.3142 0.1660 0.9347
vn -0.1550 0.7651 0.6250
vn -0.6089 0.2203 0.7621
vn 0.8227 -0.4374 0.3630
vn 0.8368 -0.5309 0.1340
vn 0.9384 0.2639 -0.2230
vn 0.9285 0.2943 0.2263
vn 0.8208 0.4182 0.3891
vn 0.8875 -0.4569 0.0607
vn 0.8847 0.3591 -0.2973
vn 0.8986 0.4356 -0.0533
vn 0.8118 0.1693 0.5589
vn 0.1803 0.7758 0.6047
vn -0.0360 0.3820 0.9235
vn -0.6947 -0.2295 -0.6817
vn 0.0511 -0.7372 -0.6738
vn -0.6395 -0.7088 -0.2978
vn 0.6328 0.3355 0.6978
vn -0.0430 0.8311 0.5544
vn -0.3871 0.4950 0.7779
vn 0.3021 0.7944 -0.5269
vn -0.4319 0.3712 -0.8220
vn -0.2342 0.7870 -0.5708
vn -0.2237 0.7903 -0.5705
vn 0.1764 -0.5637 -0.8069
vn 0.5876 -0.6344 -0.5023
vn -0.2412 -0.7616 -0.6015
vn -0.1298 0.5570 -0.8203
vn -0.5466 0.1921 -0.8151
vn -0.4184 0.7195 -0.5544
vn -0.6463 0.4720 -0.5996
vn -0.1436 0.7938 -0.5909
vn -0.1953 0.3100 -0.9305
vn 0.3002 0.5426 -0.7846
vn -0.1301 0.7893 -0.6001
vn 0.1586 0.9554 -0.2492
vn 0.2749 0.3462 -0.8970
vn 0.0847 0.7705 -0.6317
vn 0.1003 0.7805 -0.6171
vn -0.2573 0.8420 0.4742
vn -0.6103 0.4098 0.6779
vn 0.3969 0.3381 0.8533
vn -0.8656 0.1781 0.4680
vn -0.7825 0.2156 -0.5842
vn -0.8210 -0.5576 -0.1224
vn -0.8701 -0.4885 0.0653
vn -0.8827 -0.1731 0.4369
vn -0.9161 0.2464 0.3163
vn -0.8932 0.0573 -0.4460
vn 0.1706 -0.8456 0.5059
vn 0.6001 -0.6718 0.4342
vn 0.1783 -0.8344 0.5215
vn -0.5639 -0.5746 -0.5932
vn -0.3368 -0.2050 -0.9190
vn 0.2269 -0.7994 -0.5563
vn 0.1053 -0.8425 0.5284
vn 0.1025 -0.8427 0.5285
vn 0.1095 -0.8435 0.5259
vn 0.2252 -0.8018 0.5535
vn 0.2263 -0.8006 0.5548
vn 0.2230 -0.8017 0.5545
vn 0.1080 -0.8667 0.4870
vn 0.0820 -0.8603 0.5032
vn 0.0631 -0.8721 0.4853
vn 0.8305 -0.4797 0.2831
vn 0.9336 0.2989 -0.1974
vn 0.8671 0.1624 0.4710
vn -0.1288 -0.8078 0.5751
vn -0.1130 -0.8097 0.5759
vn -0.1362 -0.8032 0.5799
vn -0.0078 -0.5360 -0.8442
vn 0.2849 -0.7973 -0.5321
vn -0.3794 -0.7328 -0.5648
vn -0.2797 -0.7826 0.5562
vn -0.2683 -0.7802 0.5651
vn -0.2754 -0.7713 0.5738
vn -0.5019 0.0570 0.8631
vn -0.0621 0.7983 0.5990
vn -0.7116 0.1807 0.6789
vn 0.8580 -0.4206 -0.2948
vn 0.9155 0.3935 0.0839
vn 0.8470 0.1621 0.5062
vn 0.0336 0.8310 -0.5553
vn 0.0069 0.4294 -0.9031
vn -0.1634 0.9797 -0.1165
vn 0.6176 0.1845 0.7645
vn 0.1291 0.7798 0.6126
vn -0.2195 0.1323 0.9666
vn -0.6644 -0.4557 -0.5924
vn -0.0337 -0.1509 -0.9880
vn 0.2008 -0.6880 -0.6974
vn -0.8809 -0.0161 0.4731
vn -0.9187 -0.0871 -0.3852
vn -0.8258 -0.5324 0.1861
vn 0.7935 -0.4802 0.3739
vn 0.8068 -0.5644 0.1744
vn 0.9695 0.2079 -0.1298
vn 0.9056 0.2295 0.3567
vn 0.3555 -0.4803 -0.8018
vn 0.7522 -0.4738 -0.4579
vn -0.1179 -0.7030 -0.7013
vn -0.8629 -0.0004 0.5053
vn -0.9190 0.3908 0.0520
vn -0.8647 -0.4051 -0.2970
vn -0.2146 0.8129 -0.5414
vn -0.2054 0.8213 -0.5322
vn -0.2217 0.8050 -0.5502
vn 0.1927 -0.4140 -0.8896
vn 0.6653 -0.3299 -0.6697
vn -0.0951 -0.7419 -0.6637
vn 0.0628 0.8530 -0.5182
vn 0.0576 0.8388 -0.5413
vn 0.0537 0.8462 -0.5302
vn 0.8114 0.1174 0.5726
vn 0.1830 0.7135 0.6763
vn -0.0334 0.2876 0.9572
vn -0.8540 0.3258 0.4055
vn -0.8746 0.1401 -0.4641
vn -0.8634 -0.3636 -0.3497
vn 0.8281 0.3698 0.4213
vn 0.8840 -0.4674 -0.0000
vn 0.9271 -0.0961 -0.3623
vn 0.8958 0.4430 -0.0361
vn -0.6753 0.5431 0.4990
vn -0.4623 -0.0498 0.8853
vn -0.0888 0.0943 0.9916
vn 0.1142 0.5500 0.8273
vn 0.5075 0.3270 0.7972
vn -0.1868 0.6864 0.7028
vn -0.4042 0.0363 0.9139
vn -0.5300 0.8466 -0.0496
vn -0.1560 0.8461 -0.5097
vn -0.3283 0.4066 -0.8526
vn -0.0851 0.8396 -0.5364
vn -0.5554 0.7738 -0.3047
vn 0.3788 0.8842 -0.2732
vn 0.1123 -0.5912 -0.7987
vn -0.6162 -0.6922 -0.3757
vn -0.4879 -0.0496 -0.8715
vn -0.1049 -0.1681 -0.9802
vn -0.8655 0.4210 -0.2713
vn -0.8878 -0.4541 -0.0747
vn -0.8755 0.2794 0.3943
vn -0.8491 0.5070 0.1479
vn -0.0524 -0.8316 0.5530
vn 0.4497 -0.7566 0.4746
vn -0.3657 -0.5791 0.7286
vn -0.2702 0.7907 0.5493
vn -0.6015 0.3613 0.7125
vn 0.4142 0.2648 0.8708
vn 0.3033 0.7709 -0.5601
vn 0.1094 0.5109 -0.8526
vn 0.2659 0.9498 -0.1647
vn 0.6060 0.6026 -0.5192
vn 0.1380 0.7911 -0.5959
vn -0.1441 0.9649 -0.2195
vn 0.1682 -0.8809 0.4425
vn 0.5855 -0.7289 0.3548
vn 0.1799 -0.8676 0.4636
vn -0.5807 -0.5113 -0.6336
vn -0.3045 -0.1062 -0.9466
vn 0.3128 -0.6477 -0.6948
vn 0.9034 0.1580 0.3987
vn 0.8625 -0.0304 0.5051
vn 0.8211 -0.5162 0.2435
vn 0.9071 -0.0267 -0.4201
vn 0.1052 -0.9061 0.4097
vn -0.1676 -0.7549 0.6341
vn -0.1538 -0.9798 0.1276
vn 0.2312 -0.8555 0.4634
vn 0.2283 -0.8526 0.4700
vn 0.2227 -0.8530 0.4720
vn 0.1253 -0.1003 -0.9870
vn 0.7429 -0.4410 -0.5036
vn 0.3357 -0.8094 -0.4819
vn 0.2653 -0.7839 -0.5613
vn -0.3821 -0.6205 -0.6848
vn 0.0181 -0.4739 -0.8804
vn 0.0460 -0.4641 -0.8846
vn -0.1509 -0.8443 0.5141
vn -0.1397 -0.8439 0.5180
vn -0.1606 -0.8400 0.5183
vn 0.6618 0.2213 0.7163
vn 0.2174 0.7638 0.6077
vn -0.2771 0.1063 0.9549
vn -0.2803 -0.8312 0.4802
vn -0.2784 -0.8232 0.4948
vn -0.2822 -0.8162 0.5041
vn 0.0287 0.7387 0.6735
vn -0.2975 0.3358 0.8937
vn 0.5163 -0.0069 0.8564
vn 0.5482 0.5556 0.6251
vn 0.8575 -0.3914 -0.3340
vn 0.9160 0.3826 0.1209
vn 0.8473 0.0983 0.5219
vn 0.9183 0.2844 0.2754
vn 0.7746 -0.4734 0.4193
vn 0.8974 -0.3873 -0.2116
vn -0.7123 0.3918 0.5823
vn -0.4889 -0.1434 0.8605
vn -0.0145 0.0887 0.9960
vn -0.1436 0.6948 0.7048
vn -0.5948 -0.5594 -0.5773
vn -0.3580 -0.0514 -0.9323
vn 0.2625 -0.5923 -0.7617
vn -0.8890 0.3960 -0.2301
vn -0.8412 -0.3572 -0.4059
vn -0.8916 -0.2978 0.3412
vn 0.3717 -0.3940 -0.8406
vn 0.4002 -0.7854 -0.4723
vn -0.1153 -0.6171 -0.7784
vn 0.8805 -0.2207 0.4196
vn 0.8918 -0.3882 0.2323
vn 0.9048 0.1516 -0.3980
vn 0.9107 0.3702 0.1832
vn -0.8724 0.0943 0.4796
vn -0.9234 0.2170 -0.3167
vn -0.8495 -0.5140 -0.1192
vn 0.3517 0.0353 0.9355
vn -0.1854 0.6326 0.7519
vn -0.5981 0.0571 0.7994
vn -0.1810 -0.7884 -0.5880
vn -0.7857 -0.4085 -0.4645
vn -0.7580 -0.2694 -0.5940
vn 0.0106 -0.3152 -0.9490
vn 0.8568 0.1059 0.5046
vn 0.1781 0.6721 0.7188
vn 0.2343 -0.0455 0.9711
vn -0.8162 -0.5651 0.1204
vn -0.8674 -0.1364 0.4785
vn -0.9518 0.3048 0.0348
vn -0.8812 -0.2245 -0.4161
vn 0.1690 0.8396 -0.5162
vn 0.1578 0.8384 -0.5217
vn 0.1413 0.8426 -0.5197
vn 0.2594 -0.7975 -0.5447
vn -0.2232 -0.7026 -0.6756
vn 0.1574 -0.4438 -0.8822
vn 0.1668 -0.4251 -0.8896
vn 0.3015 0.8657 -0.3995
vn -0.4480 0.5143 -0.7313
vn -0.2409 0.8727 -0.4246
vn -0.2156 0.8800 -0.4232
vn -0.4433 0.8950 0.0491
vn -0.1574 0.8763 -0.4553
vn -0.1276 0.4717 -0.8725
vn -0.0922 0.8820 -0.4621
vn -0.5930 0.6921 -0.4114
vn 0.3646 0.9062 -0.2142
vn -0.2953 0.7483 0.5941
vn -0.6255 0.2599 0.7357
vn 0.3750 0.2002 0.9051
vn 0.3378 0.8036 -0.4900
vn 0.1019 0.5608 -0.8217
vn 0.2217 0.9639 -0.1476
vn 0.1631 0.5448 -0.8225
vn -0.0078 0.8954 -0.4452
vn 0.0181 0.9009 -0.4336
vn 0.9050 0.4104 0.1117
vn 0.8597 -0.0143 0.5107
vn 0.8188 -0.4828 -0.3106
vn 0.8262 0.2729 -0.4929
vn -0.5722 0.2607 -0.7776
vn 0.0587 -0.5219 -0.8510
vn -0.7201 -0.5710 -0.3942
vn -0.5359 -0.5183 -0.6665
vn -0.3503 -0.0592 -0.9348
vn 0.2407 -0.6838 -0.6888
vn 0.2162 -0.8913 0.3986
vn 0.3857 -0.8456 0.3690
vn 0.3816 -0.8396 0.3866
vn 0.3754 -0.8421 0.3874
vn -0.6800 0.4380 0.5881
vn -0.5186 -0.1975 0.8319
vn -0.0757 -0.0918 0.9929
vn 0.1129 0.3862 0.9155
vn 0.1192 0.0207 -0.9927
vn 0.7457 -0.3596 -0.5609
vn 0.3287 -0.7421 -0.5842
vn -0.0228 -0.9300 0.3668
vn -0.0205 -0.9240 0.3818
vn -0.0377 -0.9246 0.3791
vn -0.0530 -0.9160 0.3977
vn -0.0391 -0.9137 0.4045
vn -0.0571 -0.9098 0.4112
vn -0.1519 -0.8852 0.4398
vn -0.1464 -0.8852 0.4416
vn -0.1568 -0.8831 0.4423
vn 0.6973 0.1519 0.7005
vn 0.2324 0.6708 0.7043
vn -0.2755 0.0159 0.9612
vn -0.3067 -0.8502 0.4279
vn -0.2992 -0.8575 0.4186
vn -0.2952 -0.8576 0.4212
vn 0.9287 0.2422 0.2807
vn 0.8474 -0.1136 0.5187
vn 0.8898 -0.3624 -0.2774
vn -0.4590 0.6720 -0.5811
vn -0.4371 0.8923 0.1126
vn -0.0815 0.9373 -0.3388
vn 0.3539 -0.3325 -0.8742
vn 0.3919 -0.7390 -0.5480
vn -0.1639 -0.4609 -0.8722
vn -0.9089 0.2898 0.2999
vn -0.8618 -0.3550 -0.3624
vn -0.8519 -0.2954 0.4324
vn 0.3407 0.0258 0.9398
vn -0.2097 0.6022 0.7703
vn -0.6151 0.0375 0.7876
vn 0.0924 -0.2732 -0.9575
vn 0.5230 -0.3665 -0.7695
vn -0.3345 -0.5166 -0.7882
vn -0.8949 0.2342 -0.3800
vn -0.8415 -0.3056 -0.4454
vn -0.8751 0.0376 0.4825
vn 0.5422 0.7632 -0.3515
vn -0.0288 0.5694 -0.8216
vn -0.2658 0.9627 0.0516
vn -0.8522 0.2531 0.4578
vn -0.8703 0.3040 -0.3875
vn -0.8993 -0.4307 -0.0763
vn 0.6156 0.6792 -0.3996
vn 0.1247 0.8805 -0.4574
vn -0.3490 0.8871 -0.3021
vn 0.6420 0.1246 0.7565
vn 0.0083 0.6645 0.7472
vn -0.2678 0.0154 0.9634
vn 0.1120 0.6853 0.7196
vn -0.6055 0.2861 0.7426
vn 0.4260 0.1605 0.8904
vn -0.8618 -0.1959 0.4679
vn -0.9540 0.2991 -0.0191
vn -0.8757 -0.4206 -0.2372
vn 0.8761 0.4411 -0.1945
vn 0.8126 0.3271 0.4824
vn 0.8996 -0.4351 -0.0369
vn -0.1103 0.9244 -0.3652
vn -0.6233 0.6807 -0.3848
vn -0.1030 0.9338 -0.3426
vn -0.6519 0.6034 -0.4593
vn -0.1595 0.9120 -0.3779
vn -0.2065 0.5328 -0.8206
vn 0.1948 -0.9358 0.2940
vn 0.1894 -0.9343 0.3019
vn 0.1715 -0.9383 0.3002
vn 0.1776 -0.9395 0.2929
vn -0.2914 0.8480 -0.4427
vn -0.7059 0.6616 -0.2528
vn 0.1996 0.9120 -0.3583
vn 0.3117 0.8538 -0.4170
vn 0.0334 0.6884 -0.7246
vn -0.0904 0.9546 -0.2840
vn 0.8472 0.1265 0.5160
vn 0.2958 0.7127 0.6361
vn -0.0336 0.3525 0.9352
vn 0.9225 0.3341 0.1935
vn 0.7719 -0.2452 0.5866
vn 0.8596 -0.4259 -0.2824
vn 0.1440 -0.1460 -0.9787
vn -0.1872 -0.7797 -0.5975
vn -0.6721 -0.3558 -0.6494
vn -0.2104 0.9149 -0.3446
vn 0.3107 0.8976 -0.3128
vn -0.4426 0.5756 -0.6876
vn -0.8677 0.2264 0.4425
vn -0.8939 0.3961 0.2101
vn -0.8571 -0.2498 -0.4506
vn 0.2772 -0.9200 0.2771
vn 0.2561 -0.9233 0.2861
vn 0.2464 -0.9308 0.2699
vn -0.2192 0.4966 0.8399
vn -0.2130 -0.1105 0.9708
vn 0.6583 0.1107 0.7445
vn 0.4425 0.6666 0.5999
vn -0.0367 -0.9549 0.2947
vn 0.2230 -0.9737 -0.0474
vn -0.0239 -0.9529 0.3025
vn -0.1462 -0.9177 0.3694
vn -0.1386 -0.9176 0.3726
vn -0.1561 -0.9142 0.3739
vn 0.9234 0.1392 -0.3576
vn 0.8756 -0.0911 0.4743
vn 0.6975 -0.7160 -0.0267
vn 0.3439 -0.8889 0.3028
vn 0.6826 -0.5484 0.4830
vn 0.3432 -0.8831 0.3197
vn -0.6540 0.2844 0.7010
vn -0.6810 -0.0739 0.7285
vn -0.3840 -0.2532 0.8879
vn -0.0469 0.5897 0.8063
vn -0.0152 -0.2960 -0.9551
vn 0.2689 -0.6425 -0.7176
vn -0.3879 -0.5616 -0.7309
vn -0.3039 -0.8914 0.3362
vn 0.0988 -0.8566 0.5064
vn -0.3225 -0.6350 0.7020
vn 0.0505 -0.6911 -0.7210
vn -0.5847 -0.5082 -0.6323
vn -0.4997 0.0219 -0.8659
vn 0.0971 -0.0531 -0.9939
vn 0.6401 0.0047 0.7683
vn 0.1592 0.6026 0.7820
vn -0.2505 -0.0680 0.9657
vn -0.9248 0.1981 -0.3247
vn -0.8434 -0.5295 -0.0916
vn -0.8472 -0.3429 0.4058
vn -0.8985 0.0668 0.4338
vn -0.9459 0.2828 0.1590
vn -0.8679 -0.4248 -0.2575
vn -0.8341 -0.3699 0.4092
vn -0.0951 0.9493 -0.2997
vn -0.1332 0.9476 -0.2904
vn -0.0831 0.9563 -0.2802
vn 0.8541 -0.2606 -0.4502
vn 0.9168 0.3542 0.1844
vn 0.8408 0.1639 0.5160
vn 0.3561 -0.2567 -0.8985
vn 0.4644 -0.6657 -0.5841
vn -0.1613 -0.3775 -0.9119
vn 0.1075 0.2098 0.9718
vn -0.6643 0.4266 0.6137
vn -0.7453 -0.0703 0.6630
vn 0.2074 -0.0475 -0.9771
vn 0.1747 -0.6601 -0.7306
vn -0.5736 -0.1836 -0.7983
vn -0.4975 -0.1207 -0.8590
vn 0.3779 0.0226 0.9256
vn -0.2939 0.5537 0.7791
vn -0.5246 -0.1019 0.8452
vn -0.2363 0.9274 -0.2900
vn -0.2237 0.9305 -0.2901
vn -0.2515 0.9230 -0.2912
vn 0.2001 -0.1935 -0.9605
vn 0.6567 -0.1689 -0.7350
vn -0.2719 -0.3767 -0.8855
vn -0.8596 0.1152 0.4978
vn -0.8934 0.2121 -0.3962
vn -0.8717 -0.4533 -0.1863
vn 0.9344 0.3357 -0.1189
vn 0.8492 -0.1301 0.5117
vn 0.8417 -0.5381 -0.0457
vn 0.7884 -0.1588 0.5943
vn 0.5513 0.5666 0.6125
vn 0.0025 0.1012 0.9949
vn 0.1396 0.9274 -0.3471
vn 0.1292 0.9213 -0.3667
vn 0.1598 0.9290 -0.3337
vn 0.1487 0.9295 -0.3374
vn 0.1359 0.9323 -0.3352
vn 0.8958 0.4362 0.0852
vn 0.8285 0.2473 0.5024
vn 0.8812 -0.4564 -0.1236
vn 0.8840 0.4473 -0.1360
vn -0.0212 -0.5114 -0.8591
vn -0.7759 -0.2967 -0.5567
vn -0.7644 -0.1067 -0.6359
vn 0.0053 -0.0711 -0.9975
vn -0.0155 0.9283 -0.3716
vn -0.5854 0.4612 -0.6668
vn -0.4127 0.8695 -0.2716
vn -0.4884 0.8497 0.1988
vn -0.1602 0.9468 -0.2790
vn -0.3336 0.6100 -0.7187
vn -0.0720 -0.0059 -0.9974
vn -0.3483 -0.7025 -0.6206
vn -0.7896 -0.3006 -0.5349
vn 0.0328 0.9525 -0.3027
vn -0.5056 0.8546 -0.1186
vn 0.0258 0.9583 -0.2845
vn -0.2990 0.6353 0.7121
vn -0.6407 0.1394 0.7551
vn 0.3638 0.0461 0.9303
vn 0.0538 0.9423 -0.3304
vn -0.0937 0.6576 -0.7475
vn 0.0360 0.9841 0.1739
vn -0.5588 -0.3481 -0.7527
vn -0.3655 0.1039 -0.9250
vn 0.2726 -0.5262 -0.8055
vn 0.8129 -0.3915 -0.4311
vn 0.9103 0.3087 -0.2759
vn 0.8543 0.0468 0.5177
vn 0.6850 -0.7278 0.0318
vn 0.3005 -0.9351 0.1879
vn -0.0358 -0.9993 -0.0143
vn 0.2439 -0.9430 0.2264
vn 0.2365 -0.9467 0.2187
vn 0.2380 -0.9480 0.2113
vn 0.1427 0.1928 -0.9708
vn 0.7679 -0.2823 -0.5750
vn 0.3473 -0.6365 -0.6886
vn -0.0552 -0.9715 0.2306
vn -0.0382 -0.9707 0.2374
vn -0.0611 -0.9676 0.2450
vn -0.1943 -0.9541 0.2278
vn -0.1887 -0.9547 0.2301
vn -0.1557 -0.9505 0.2691
vn -0.1508 -0.9488 0.2776
vn -0.1611 -0.9491 0.2708
vn 0.3677 -0.9066 0.2071
vn 0.6072 -0.5995 0.5214
vn 0.3607 -0.9051 0.2252
vn -0.0178 -0.2157 -0.9763
vn 0.2924 -0.5556 -0.7784
vn -0.3608 -0.5346 -0.7642
vn 0.0360 -0.3144 0.9486
vn -0.3215 0.5093 0.7983
vn -0.6835 -0.1041 0.7225
vn 0.4802 0.3967 0.7823
vn -0.3422 0.0911 0.9352
vn 0.3440 -0.3455 0.8731
vn -0.6870 -0.1669 -0.7072
vn 0.1162 -0.0157 -0.9931
vn -0.1486 -0.6530 -0.7427
vn -0.9443 0.2784 0.1756
vn -0.8609 -0.4036 -0.3097
vn -0.8193 -0.5560 0.1397
vn -0.4288 0.7819 -0.4525
vn -0.4215 0.8708 0.2532
vn -0.0757 0.9829 -0.1678
vn -0.8620 -0.1261 0.4910
vn -0.8949 0.4391 0.0797
vn -0.8621 -0.1306 -0.4896
vn -0.1002 0.9701 -0.2209
vn -0.1374 0.9685 -0.2078
vn -0.1131 0.9766 -0.1831
vn 0.3590 -0.1768 -0.9164
vn 0.4443 -0.6210 -0.6457
vn -0.1578 -0.2976 -0.9416
vn 0.0962 -0.0174 0.9952
vn -0.2675 0.5403 0.7978
vn -0.7432 -0.1084 0.6602
vn -0.8660 -0.0834 0.4930
vn -0.9165 0.1740 -0.3603
vn -0.8493 -0.4732 -0.2340
vn 0.5102 -0.1288 0.8504
vn 0.0565 0.5686 0.8207
vn -0.4073 -0.0934 0.9085
vn -0.1852 0.9629 -0.1964
vn -0.1702 0.9654 -0.1974
vn -0.1943 0.9594 -0.2046
vn 0.8945 0.4426 0.0626
vn 0.8795 -0.3341 0.3388
vn 0.8558 -0.2671 -0.4429
vn 0.0717 0.9666 -0.2462
vn 0.0432 0.9680 -0.2474
vn 0.0342 0.9713 -0.2353
vn 0.8402 -0.5366 -0.0779
vn 0.9441 0.2730 -0.1848
vn 0.8614 0.0584 0.5046
vn 0.1201 0.9537 -0.2757
vn 0.1318 0.9573 -0.2574
vn 0.1388 0.9595 -0.2453
vn 0.1388 0.9534 -0.2680
vn -0.8599 -0.2279 -0.4568
vn -0.8671 0.0270 0.4974
vn -0.8835 0.4419 0.1554
vn -0.8960 0.1401 -0.4213
vn 0.4150 -0.5442 -0.7291
vn -0.2522 -0.4723 -0.8446
vn 0.1596 -0.1943 -0.9679
vn 0.1621 -0.1832 -0.9696
vn 0.9117 0.1208 0.3928
vn 0.8030 -0.5684 0.1795
vn 0.8597 -0.4039 -0.3127
vn -0.4556 0.8402 0.2942
vn -0.1769 0.9636 -0.2006
vn -0.1472 0.6867 -0.7119
vn 0.0017 -0.9910 -0.1341
vn 0.5953 -0.7920 0.1354
vn 0.1818 -0.9605 0.2106
vn -0.2956 0.5130 0.8059
vn -0.6306 -0.0000 0.7761
vn 0.3632 -0.1052 0.9258
vn 0.8591 0.0214 0.5113
vn 0.3079 0.5991 0.7391
vn 0.3517 -0.3181 0.8804
vn 0.0943 -0.9879 0.1230
vn -0.4893 -0.7062 0.5118
vn -0.6320 -0.7104 -0.3096
vn -0.4009 -0.9120 -0.0871
vn 0.3171 -0.9282 -0.1947
vn -0.0266 -0.9982 0.0544
vn -0.1733 -0.9552 -0.2399
vn 0.5637 -0.8140 -0.1400
vn 0.1684 -0.9761 -0.1370
vn 0.0787 -0.9696 -0.2319
vn -0.4667 -0.8430 0.2674
vn -0.6195 -0.5885 -0.5195
vn -0.1653 -0.8936 -0.4173
vn 0.5526 -0.7977 -0.2414
vn 0.1773 -0.9300 -0.3219
vn 0.0938 -0.9450 -0.3134
vn -0.4831 -0.8541 0.1929
vn -0.7821 -0.5434 -0.3049
vn 0.1341 -0.7813 -0.6095
vn -0.5054 -0.8550 -0.1161
vn -0.6241 -0.3247 -0.7107
vn -0.1578 -0.6390 -0.7529
vn 0.5738 -0.6139 -0.5421
vn 0.1829 -0.7170 -0.6727
vn -0.4887 -0.5136 -0.7052
vn -0.0257 -0.6847 -0.7284
vn -0.2388 -0.8790 -0.4127
vn -0.1671 -0.4134 -0.8951
vn 0.5677 -0.4510 -0.6887
vn 0.1753 -0.5041 -0.8457
vn -0.1595 -0.2593 -0.9525
vn 0.5724 -0.3253 -0.7527
vn 0.1814 -0.3641 -0.9135
vn -0.1572 -0.1770 -0.9716
vn 0.5771 -0.2590 -0.7745
vn 0.1837 -0.2852 -0.9407
vn 0.9563 0.0239 0.2916
vn -0.4974 -0.8464 0.1902
vn 0.1288 -0.7631 -0.6333
vn 0.9721 -0.1195 0.2020
vn -0.6304 -0.7693 0.1039
vn 0.0500 -0.6559 -0.7532
vn 0.4950 0.0170 -0.8687
vn -0.0770 -0.2292 -0.9703
vn -0.2495 0.5615 -0.7890
vn 0.9858 -0.1654 -0.0299
vn -0.6818 -0.6099 -0.4040
vn -0.1157 -0.0759 -0.9904
vn 0.9544 -0.2281 0.1926
vn -0.5178 -0.6461 -0.5608
vn 0.1252 0.0820 -0.9887
vn -0.4975 0.8519 -0.1637
vn -0.0165 0.9523 -0.3046
vn -0.2139 0.7725 -0.5979
vn 0.1014 0.9517 -0.2897
vn -0.5115 0.6071 -0.6081
vn -0.7929 0.6054 -0.0692
vn 0.4109 0.5200 -0.7488
vn 0.6281 0.2483 -0.7375
vn 0.5171 0.3125 -0.7968
vn 0.4431 0.8195 0.3633
vn 0.5012 0.7286 -0.4669
vn 0.3723 0.9270 -0.0452
vn 0.1324 -0.5411 0.8305
vn 0.0742 0.1783 0.9812
vn -0.0338 -0.2235 0.9741
vn 0.0959 -0.9204 0.3789
vn -0.4901 -0.5519 0.6747
vn -0.6331 -0.7660 -0.1114
vt 0.737672 0.443807
vt 0.757903 0.420924
vt 0.760392 0.458333
vt 0.779909 0.396551
vt 0.757667 0.396242
vt 0.732096 0.396279
vt 0.739583 0.479167
vt 0.731626 0.487240
vt 0.721657 0.529115
vt 0.745041 0.531710
vt 0.729761 0.571808
vt 0.703987 0.562500
vt 0.711732 0.445190
vt 0.718750 0.458333
vt 0.713889 0.487239
vt 0.697913 0.494483
vt 0.697291 0.535822
vt 0.668866 0.558402
vt 0.681370 0.520833
vt 0.666502 0.494484
vt 0.692049 0.416667
vt 0.696513 0.442666
vt 0.669436 0.421485
vt 0.656265 0.479104
vt 0.677083 0.458333
vt 0.672369 0.487239
vt 0.707280 0.396479
vt 0.684938 0.396242
vt 0.648839 0.396344
vt 0.656250 0.437500
vt 0.640459 0.420133
vt 0.637879 0.557274
vt 0.659537 0.528522
vt 0.638302 0.458333
vt 0.649445 0.487291
vt 0.630721 0.487239
vt 0.640624 0.520833
vt 0.614170 0.532606
vt 0.621747 0.449832
vt 0.614583 0.479167
vt 0.611220 0.420644
vt 0.596643 0.458333
vt 0.606683 0.487241
vt 0.588890 0.487237
vt 0.613782 0.579570
vt 0.586719 0.557441
vt 0.587182 0.444624
vt 0.588927 0.520833
vt 0.564349 0.527899
vt 0.583506 0.494483
vt 0.557291 0.562500
vt 0.557166 0.494485
vt 0.545092 0.533590
vt 0.541666 0.479003
vt 0.552083 0.458333
vt 0.560711 0.487278
vt 0.528501 0.455509
vt 0.531249 0.479167
vt 0.520833 0.479167
vt 0.503307 0.445091
vt 0.510416 0.458333
vt 0.504761 0.487263
vt 0.469147 0.494493
vt 0.500449 0.494484
vt 0.481634 0.533728
vt 0.468750 0.458334
vt 0.484615 0.447467
vt 0.466849 0.487237
vt 0.473692 0.416667
vt 0.461678 0.443865
vt 0.455892 0.528721
vt 0.452333 0.562500
vt 0.437309 0.494497
vt 0.432292 0.532988
vt 0.421873 0.562500
vt 0.427083 0.458334
vt 0.442681 0.447862
vt 0.425076 0.487243
vt 0.419768 0.444424
vt 0.406801 0.416667
vt 0.442532 0.416667
vt 0.403600 0.450320
vt 0.383851 0.423744
vt 0.377554 0.558026
vt 0.406347 0.530308
vt 0.400966 0.562500
vt 0.385416 0.458334
vt 0.385433 0.487242
vt 0.369808 0.449651
vt 0.380207 0.520833
vt 0.361623 0.529826
vt 0.358129 0.420789
vt 0.348826 0.557552
vt 0.349028 0.494502
vt 0.374550 0.494486
vt 0.364583 0.479167
vt 0.351595 0.486683
vt 0.336762 0.528885
vt 0.319969 0.450622
vt 0.338450 0.421385
vt 0.343646 0.458334
vt 0.317488 0.529814
vt 0.328647 0.562500
vt 0.307291 0.562500
vt 0.296628 0.531584
vt 0.302101 0.458258
vt 0.302346 0.487227
vt 0.297359 0.416667
vt 0.318674 0.416667
vt 0.286428 0.449468
vt 0.290298 0.582667
vt 0.277357 0.582922
vt 0.313737 0.582922
vt 0.272322 0.422504
vt 0.281250 0.479167
vt 0.260455 0.458372
vt 0.251990 0.423899
vt 0.245434 0.449202
vt 0.249627 0.494493
vt 0.270839 0.532171
vt 0.239738 0.531553
vt 0.262282 0.487282
vt 0.245347 0.562500
vt 0.223995 0.562500
vt 0.228961 0.447058
vt 0.239583 0.479167
vt 0.233228 0.484637
vt 0.227863 0.416667
vt 0.223873 0.494496
vt 0.213761 0.529813
vt 0.218750 0.458334
vt 0.203425 0.449331
vt 0.213429 0.487232
vt 0.203041 0.494498
vt 0.195238 0.529709
vt 0.191241 0.562500
vt 0.177112 0.494493
vt 0.174741 0.532096
vt 0.172650 0.416667
vt 0.177255 0.458141
vt 0.169707 0.445177
vt 0.151291 0.531707
vt 0.149604 0.562500
vt 0.140625 0.416667
vt 0.145848 0.447946
vt 0.125291 0.530674
vt 0.120036 0.447592
vt 0.133355 0.487232
vt 0.103768 0.494496
vt 0.099198 0.532432
vt 0.060857 0.530127
vt 0.079977 0.532984
vt 0.074156 0.562500
vt 0.047293 0.562500
vt 0.046766 0.494494
vt 0.036688 0.530659
vt 0.044669 0.445192
vt 0.061511 0.441686
vt 0.050022 0.487232
vt 0.020880 0.562500
vt 0.034774 0.582568
vt 0.016519 0.582922
vt 0.046754 0.582922
vt 0.015872 0.531585
vt 0.020715 0.494497
vt 0.005240 0.449766
vt 0.028282 0.450959
vt 0.010742 0.487232
vt 0.020833 0.437500
vt 0.005306 0.416667
vt 0.037344 0.416667
vt 0.000000 0.583333
vt 0.000000 0.553863
vt 0.994793 0.520833
vt 0.991964 0.557483
vt 0.975389 0.528826
vt 0.986074 0.450111
vt 0.989583 0.479167
vt 0.981505 0.487273
vt 0.960667 0.558171
vt 0.963866 0.494509
vt 0.989516 0.494491
vt 0.979167 0.437500
vt 0.968750 0.458334
vt 0.943000 0.494489
vt 0.947288 0.532079
vt 0.930270 0.458333
vt 0.958203 0.447419
vt 0.942911 0.487236
vt 0.930875 0.421220
vt 0.953190 0.416667
vt 0.947917 0.437500
vt 0.931370 0.520833
vt 0.923821 0.556315
vt 0.921746 0.494489
vt 0.921983 0.487243
vt 0.908268 0.441384
vt 0.901068 0.416667
vt 0.900707 0.494485
vt 0.909535 0.528524
vt 0.891072 0.531172
vt 0.901393 0.562500
vt 0.885521 0.458333
vt 0.901522 0.487236
vt 0.884096 0.424275
vt 0.873413 0.558250
vt 0.877388 0.487262
vt 0.880189 0.494495
vt 0.863468 0.526918
vt 0.872357 0.449493
vt 0.861484 0.423339
vt 0.843393 0.582539
vt 0.852353 0.570261
vt 0.884301 0.582854
vt 0.850754 0.445793
vt 0.838153 0.420986
vt 0.833295 0.582922
vt 0.838754 0.532651
vt 0.843688 0.458333
vt 0.827743 0.494490
vt 0.818629 0.520833
vt 0.799298 0.582844
vt 0.801654 0.530880
vt 0.821767 0.557976
vt 0.789605 0.558263
vt 0.807294 0.494489
vt 0.788816 0.448996
vt 0.802083 0.458333
vt 0.796998 0.487247
vt 0.813016 0.448033
vt 0.790887 0.416667
vt 0.786130 0.494496
vt 0.769223 0.528702
vt 0.759139 0.562500
vt 0.744788 0.437500
vt 0.760939 0.427084
vt 0.724869 0.427083
vt 0.744789 0.491347
vt 0.718345 0.489462
vt 0.733529 0.520833
vt 0.717450 0.437500
vt 0.740350 0.458333
vt 0.714466 0.458333
vt 0.697170 0.582817
vt 0.723960 0.541667
vt 0.703103 0.520833
vt 0.692493 0.488164
vt 0.687747 0.541667
vt 0.677809 0.520833
vt 0.667035 0.490183
vt 0.692466 0.427083
vt 0.659978 0.427083
vt 0.687503 0.437500
vt 0.688086 0.458333
vt 0.656292 0.458333
vt 0.655797 0.541667
vt 0.647134 0.520833
vt 0.640624 0.490408
vt 0.462002 0.421875
vt 0.524543 0.421875
vt 0.527569 0.421875
vt 0.629063 0.467225
vt 0.619790 0.427084
vt 0.652519 0.437500
vt 0.639855 0.582726
vt 0.623699 0.541667
vt 0.615886 0.520833
vt 0.614578 0.437500
vt 0.609138 0.490796
vt 0.854146 0.557292
vt 0.807239 0.557292
vt 0.850516 0.557292
vt 0.587579 0.541667
vt 0.588543 0.520833
vt 0.578125 0.437500
vt 0.600437 0.458333
vt 0.557291 0.520833
vt 0.582812 0.489113
vt 0.568108 0.458333
vt 0.589079 0.427084
vt 0.558353 0.427084
vt 0.562424 0.582922
vt 0.557291 0.489587
vt 0.541130 0.458333
vt 0.538307 0.487829
vt 0.546877 0.437500
vt 0.514941 0.437500
vt 0.535322 0.396381
vt 0.555425 0.419706
vt 0.529631 0.424173
vt 0.546588 0.541667
vt 0.526790 0.516902
vt 0.510322 0.461906
vt 0.509729 0.541667
vt 0.505580 0.520833
vt 0.500621 0.494171
vt 0.526583 0.427084
vt 0.500429 0.427084
vt 0.479410 0.571807
vt 0.505208 0.562500
vt 0.499995 0.582900
vt 0.484997 0.437500
vt 0.473712 0.427084
vt 0.489784 0.396406
vt 0.499711 0.416667
vt 0.760402 0.557292
vt 0.777633 0.557292
vt 0.481178 0.514413
vt 0.463013 0.520833
vt 0.479167 0.541667
vt 0.483882 0.462786
vt 0.463234 0.461557
vt 0.453081 0.582920
vt 0.453126 0.489586
vt 0.446970 0.427084
vt 0.454605 0.437500
vt 0.440118 0.515436
vt 0.454042 0.541667
vt 0.438647 0.465784
vt 0.421166 0.396237
vt 0.405706 0.520833
vt 0.427086 0.541667
vt 0.419997 0.582890
vt 0.416241 0.489230
vt 0.398799 0.491025
vt 0.421508 0.458334
vt 0.390624 0.458334
vt 0.417969 0.437500
vt 0.385422 0.437500
vt 0.383599 0.582922
vt 0.379876 0.396103
vt 0.588572 0.421875
vt 0.373688 0.516368
vt 0.394530 0.541667
vt 0.000000 0.562500
vt 0.053715 0.562500
vt 0.015092 0.562500
vt 0.381662 0.487233
vt 0.360033 0.462067
vt 0.359375 0.541667
vt 0.340019 0.520833
vt 0.346496 0.491430
vt 0.358450 0.437500
vt 0.380780 0.427084
vt 0.349878 0.427084
vt 0.364688 0.582606
vt 0.338596 0.582842
vt 0.332464 0.437500
vt 0.324217 0.427084
vt 0.327658 0.489511
vt 0.336104 0.396405
vt 0.319188 0.541667
vt 0.307291 0.520833
vt 0.307118 0.437500
vt 0.329603 0.458334
vt 0.302892 0.396366
vt 0.307061 0.489019
vt 0.297275 0.458334
vt 0.292022 0.427084
vt 0.281251 0.437500
vt 0.288307 0.487830
vt 0.270609 0.489137
vt 0.276043 0.520833
vt 0.271598 0.458334
vt 0.255781 0.427084
vt 0.253848 0.493426
vt 0.249557 0.437500
vt 0.325090 0.562500
vt 0.386409 0.562500
vt 0.359494 0.562500
vt 0.244110 0.541667
vt 0.245712 0.520833
vt 0.236459 0.487500
vt 0.730028 0.416667
vt 0.641615 0.416667
vt 0.713538 0.416667
vt 0.222437 0.516220
vt 0.217449 0.437500
vt 0.240884 0.458334
vt 0.207740 0.484905
vt 0.223956 0.427084
vt 0.191646 0.427084
vt 0.191788 0.437500
vt 0.204604 0.458334
vt 0.198994 0.396048
vt 0.202558 0.416667
vt 0.605796 0.421875
vt 0.647318 0.421875
vt 0.192711 0.517792
vt 0.181725 0.490717
vt 0.401871 0.416667
vt 0.313537 0.416667
vt 0.329604 0.416667
vt 0.165913 0.520833
vt 0.180811 0.541667
vt 0.171787 0.461803
vt 0.150548 0.427084
vt 0.166048 0.437500
vt 0.578130 0.562500
vt 0.541648 0.562500
vt 0.619128 0.562500
vt 0.159213 0.491026
vt 0.144532 0.458334
vt 0.144715 0.396116
vt 0.150417 0.541667
vt 0.132725 0.515659
vt 0.134975 0.437500
vt 0.108463 0.427084
vt 0.142870 0.488151
vt 0.119388 0.463058
vt 0.098274 0.437500
vt 0.118871 0.562500
vt 0.129690 0.582911
vt 0.098926 0.582231
vt 0.124997 0.541667
vt 0.109453 0.516573
vt 0.099194 0.462831
vt 0.088327 0.517266
vt 0.099137 0.541667
vt 0.076014 0.486163
vt 0.066228 0.427084
vt 0.074219 0.458334
vt 0.063358 0.437500
vt 0.260440 0.562500
vt 0.302072 0.562500
vt 0.067183 0.520833
vt 0.073164 0.541667
vt 0.052139 0.489872
vt 0.673381 0.421875
vt 0.699401 0.421875
vt 0.042970 0.458334
vt 0.036756 0.437500
vt 0.025588 0.488739
vt 0.042428 0.520833
vt 0.709962 0.557292
vt 0.701536 0.557292
vt 0.011719 0.458334
vt 0.006363 0.396156
vt 0.003953 0.491150
vt 0.011719 0.520833
vt 0.024563 0.427084
vt 0.000000 0.427084
vt 0.009733 0.437500
vt 0.998070 0.486887
vt 1.000000 0.458334
vt 0.984520 0.462344
vt 0.993197 0.582769
vt 0.970010 0.582922
vt 0.963234 0.461557
vt 0.980557 0.513194
vt 0.978306 0.437500
vt 0.989062 0.427084
vt 0.954185 0.427084
vt 0.941961 0.582808
vt 0.961118 0.396102
vt 0.978281 0.416667
vt 0.943390 0.437500
vt 0.955203 0.516204
vt 0.942306 0.463059
vt 0.921480 0.461966
vt 0.928728 0.516592
vt 0.917033 0.427084
vt 0.914921 0.582922
vt 0.869784 0.562500
vt 0.960078 0.562500
vt 0.902281 0.562500
vt 0.901040 0.437500
vt 0.890624 0.458333
vt 0.909215 0.491029
vt 0.896416 0.520833
vt 0.890386 0.490794
vt 0.885420 0.427084
vt 0.869418 0.520833
vt 0.875003 0.541667
vt 0.863282 0.437500
vt 0.863824 0.490053
vt 0.855467 0.458333
vt 0.859679 0.427084
vt 0.719917 0.421875
vt 0.749991 0.421875
vt 0.828124 0.437500
vt 0.858997 0.396299
vt 0.838326 0.488165
vt 0.842447 0.520833
vt 0.828520 0.458333
vt 0.818189 0.396334
vt 0.817835 0.416667
vt 0.817182 0.520833
vt 0.839503 0.541667
vt 0.817472 0.490792
vt 0.796864 0.458333
vt 0.833763 0.427084
vt 0.796876 0.427084
vt 0.797344 0.437500
vt 0.792424 0.520833
vt 0.808207 0.541667
vt 0.771692 0.437500
vt 0.782550 0.541667
vt 0.765622 0.520833
vt 0.755512 0.541667
vt 0.776428 0.562500
vt 0.697183 0.562500
vt 0.746548 0.583332
vt 0.615123 0.396267
vt 0.577271 0.396214
vt 0.587634 0.582900
vt 0.562513 0.416667
vt 0.494739 0.416667
vt 0.464722 0.562500
vt 0.453108 0.396271
vt 0.171178 0.396259
vt 0.193867 0.416667
vt 0.170577 0.582837
vt 0.192136 0.562500
vt 0.131436 0.562500
vt 0.126693 0.416667
vt 0.114119 0.396072
vt 0.078378 0.396284
vt 0.042535 0.396169
vt 0.057805 0.416667
vt 0.984006 0.416667
vt 0.993282 0.396429
vt 0.926219 0.396272
vt 0.923492 0.416667
vt 0.892774 0.396161
vt 0.854643 0.416667
vt 0.792406 0.416667
vt 0.869821 0.421875
vt 0.807341 0.421875
vt 0.967498 0.421875
vt 0.925541 0.421875
vt 0.994792 0.421875
vt 0.052114 0.421875
vt 0.006766 0.421875
vt 0.109424 0.421875
vt 0.160065 0.421875
vt 0.197949 0.421875
vt 0.272059 0.421875
vt 0.235821 0.421875
vt 0.308687 0.421875
vt 0.359344 0.421875
vt 0.409977 0.421875
vt 0.786036 0.552083
vt 0.828124 0.552083
vt 0.869291 0.552083
vt 0.905301 0.552083
vt 0.926836 0.541667
vt 0.900863 0.541667
vt 0.941793 0.552083
vt 0.958338 0.541667
vt 0.983927 0.541667
vt 0.979172 0.552083
vt 0.094699 0.552083
vt 0.130710 0.552083
vt 0.171876 0.552083
vt 0.213243 0.541667
vt 0.202813 0.552083
vt 0.229172 0.552083
vt 0.281253 0.541667
vt 0.260419 0.552083
vt 0.338000 0.552083
vt 0.401042 0.552083
vt 0.442206 0.552083
vt 0.505776 0.552083
vt 0.562062 0.552083
vt 0.667263 0.552083
vt 0.708339 0.552083
vt 0.744224 0.552083
vt 0.902468 0.557292
vt 0.975353 0.557292
vt 0.020826 0.557292
vt 0.041673 0.552083
vt 0.010417 0.552083
vt 0.068251 0.552083
vt 0.078128 0.557291
vt 0.208329 0.557291
vt 0.250006 0.557291
vt 0.295480 0.557291
vt 0.311552 0.552083
vt 0.286145 0.552083
vt 0.332104 0.557291
vt 0.364590 0.552083
vt 0.368395 0.557291
vt 0.421883 0.557292
vt 0.479176 0.557292
vt 0.474196 0.552083
vt 0.524645 0.557292
vt 0.536144 0.552083
vt 0.572945 0.557292
vt 0.593745 0.552083
vt 0.625789 0.552083
vt 0.619793 0.557292
vt 0.571595 0.416667
vt 0.654948 0.557292
vt 0.647260 0.557292
vt 0.588545 0.557292
vt 0.772347 0.421875
vt 0.514213 0.557292
vt 0.509041 0.416667
vt 0.416807 0.562500
vt 0.850452 0.421875
vt 0.015625 0.416667
vt 0.007819 0.416667
vt 0.447908 0.557292
vt 0.923468 0.421875
vt 0.402425 0.557292
vt 0.650967 0.416667
vt 0.624693 0.416667
vt 0.644669 0.416871
vt 0.249990 0.421875
vt 0.319073 0.421875
vt 0.271381 0.421875
vt 0.301257 0.416912
vt 0.323179 0.416667
vt 0.297029 0.416667
vt 0.026353 0.557292
vt 0.083344 0.557291
vt 0.026039 0.557292
vt 0.944588 0.416769
vt 0.969173 0.416667
vt 0.937322 0.416667
vt 0.426264 0.421875
vt 0.385426 0.421875
vt 0.447955 0.421875
vt 1.000000 0.557292
vt 0.967423 0.557292
vt 0.997098 0.557292
vt 0.916656 0.557292
vt 0.947929 0.557292
vt 0.682008 0.562500
vt 0.734130 0.562500
vt 0.723553 0.562298
vt 0.353555 0.416817
vt 0.380107 0.416667
vt 0.349240 0.416667
vt 0.360125 0.562500
vt 0.333460 0.562500
vt 0.380794 0.562500
vt 0.880213 0.557292
vt 0.577643 0.421875
vt 0.770837 0.562500
vt 0.762686 0.562350
vt 0.411115 0.416667
vt 0.390323 0.416861
vt 0.067683 0.416667
vt 0.041545 0.416667
vt 0.051967 0.416874
vt 0.436992 0.416667
vt 0.426287 0.416915
vt 0.698503 0.421875
vt 0.755412 0.421875
vt 0.770891 0.557292
vt 0.468384 0.416667
vt 0.463924 0.416896
vt 0.943947 0.416667
vt 0.437513 0.416667
vt 0.938774 0.557292
vt 0.886930 0.416667
vt 0.714898 0.562500
vt 0.185978 0.416667
vt 0.260511 0.416667
vt 0.250814 0.416667
vt 0.185978 0.562500
vt 0.118288 0.562500
vt 0.203125 0.421875
vt 0.171875 0.557291
vt 0.131604 0.557291
vt 0.144274 0.557291
vt 0.765624 0.416667
vt 0.145750 0.421875
vt 0.218613 0.557291
vt 0.076531 0.421875
vt 0.817790 0.416667
vt 0.287823 0.557291
vt 0.640628 0.562500
vt 0.020697 0.421875
vt 0.113070 0.416667
vt 0.975343 0.421875
vt 0.350406 0.557291
vt 0.536363 0.416868
vt 0.501263 0.416813
vt 0.531207 0.421875
vt 0.811014 0.557292
vt 0.773680 0.557449
vt 0.798778 0.562434
vt 0.187492 0.557291
vt 0.141190 0.557291
vt 0.166923 0.562406
vt 0.816912 0.416866
vt 0.789557 0.416818
vt 0.816146 0.421658
vt 0.531219 0.562401
vt 0.554455 0.557456
vt 0.512093 0.557404
vt 0.726784 0.557522
vt 0.713558 0.557292
vt 0.207610 0.416762
vt 0.160858 0.416667
vt 0.187494 0.421875
vt 0.844823 0.416809
vt 0.681948 0.557566
vt 0.659885 0.557292
vt 0.828113 0.562500
vt 0.848664 0.557443
vt 0.565818 0.562500
vt 0.599128 0.557479
vt 0.224270 0.562439
vt 0.228429 0.557291
vt 0.777091 0.421794
vt 0.804851 0.421875
vt 0.854934 0.421875
vt 0.876035 0.416809
vt 0.583324 0.421875
vt 0.609261 0.416864
vt 0.573125 0.416864
vt 0.841260 0.421875
vt 0.260273 0.416759
vt 0.239459 0.421875
vt 0.593727 0.557292
vt 0.527558 0.557292
vt 0.880207 0.421875
vt 0.895822 0.421766
vt 0.907319 0.416811
vt 0.458303 0.557292
vt 0.925163 0.421875
vt 0.628441 0.421875
vt 0.924020 0.557292
vt 0.887188 0.557292
vt 0.910858 0.562362
vt 0.431885 0.557566
vt 0.399435 0.557291
vt 0.975902 0.421875
vt 1.000000 0.421875
vt 0.993544 0.421598
vt 0.288110 0.421875
vt 0.310802 0.557462
vt 0.268970 0.557291
vt 0.296220 0.562380
vt 0.678529 0.562460
vt 0.646074 0.557566
vt 0.675814 0.416875
vt 0.659692 0.421722
vt 0.022208 0.421875
vt 0.083321 0.421875
vt 0.046911 0.421598
vt 0.958330 0.557292
vt 0.958343 0.562358
vt 0.326855 0.416788
vt 0.317633 0.421875
vt 0.333536 0.557291
vt 0.256839 0.557291
vt 0.971586 0.421757
vt 0.973254 0.416787
vt 0.239842 0.562500
vt 0.286819 0.562500
vt 0.267405 0.562449
vt 0.207829 0.421875
vt 0.270659 0.416667
vt 0.244204 0.416667
vt 0.863819 0.562500
vt 0.906056 0.562500
vt 0.880515 0.562371
vt 0.583787 0.562500
vt 0.625414 0.562500
vt 0.610664 0.562409
vt 0.588473 0.416667
vt 0.853292 0.562424
vt 0.817492 0.562500
vt 0.187595 0.562500
vt 0.546903 0.562500
vt 0.552154 0.416667
vt 0.213487 0.416667
vt 0.182330 0.416667
vt 0.499903 0.562500
vt 0.145664 0.562500
vt 0.525864 0.416667
vt 0.155994 0.416667
vt 0.812193 0.416667
vt 0.780828 0.416667
vt 0.750005 0.416667
vt 0.753753 0.416832
vt 0.129997 0.416667
vt 0.098912 0.416667
vt 0.121782 0.416857
vt 0.737634 0.421787
vt 0.712946 0.416872
vt 0.698396 0.421598
vt 0.639221 0.416667
vt 0.483498 0.421690
vt 0.436894 0.421875
vt 0.347106 0.421691
vt 0.250009 0.562500
vt 0.142192 0.421875
vt 0.094097 0.421598
vt 0.088246 0.416798
vt 0.947909 0.562500
vt 0.843373 0.416667
vt 0.527281 0.562500
vt 0.473924 0.562500
vt 0.098941 0.562500
vt 0.067708 0.562500
vt 0.042165 0.562500
vt 0.957874 0.562500
vt 0.989578 0.562500
vt 0.791651 0.562500
vt 0.854176 0.562500
vt 0.618321 0.421875
vt 0.826710 0.557292
vt 0.495573 0.562444
vt 0.467437 0.557566
vt 0.093411 0.557291
vt 0.114104 0.562427
vt 0.506217 0.421875
vt 0.542252 0.421875
vt 0.458459 0.562432
vt 0.467836 0.421875
vt 0.989994 0.557362
vt 0.381599 0.421875
vt 0.390224 0.421875
vt 0.056053 0.416667
vt 0.422009 0.562500
vt 0.396586 0.557566
vt 0.331002 0.421875
vt 0.147434 0.557291
vt 0.089980 0.557291
vt 0.385917 0.562500
vt 0.353131 0.557566
vt 0.004277 0.562387
vt 0.026887 0.557566
vt 0.000000 0.557566
vt 0.205337 0.557291
vt 0.145435 0.421875
vt 0.991285 0.416667
vt 0.677078 0.416667
vt 0.326749 0.562379
vt 0.031250 0.479167
vt 0.489583 0.479167
vt 0.447916 0.479167
vt 0.322916 0.479167
vt 0.330538 0.487272
vt 0.072917 0.479167
vt 0.090823 0.486005
vt 0.114583 0.479167
vt 0.843655 0.487232
vt 0.864583 0.479167
vt 0.406250 0.479167
vt 0.156250 0.479167
vt 0.163757 0.487278
vt 0.744429 0.494484
vt 0.723798 0.494484
vt 0.732899 0.494192
vt 0.691230 0.494192
vt 0.635012 0.494484
vt 0.649563 0.494192
vt 0.609215 0.494484
vt 0.614580 0.494192
vt 0.579603 0.494192
vt 0.531078 0.494483
vt 0.519296 0.494192
vt 0.406048 0.494491
vt 0.409656 0.494192
vt 0.322535 0.494492
vt 0.337066 0.494192
vt 0.302048 0.494192
vt 0.296742 0.494488
vt 0.196428 0.494192
vt 0.144238 0.494192
vt 0.150542 0.494493
vt 0.130175 0.494497
vt 0.107426 0.494192
vt 0.052083 0.494192
vt 0.072344 0.494498
vt 0.816092 0.494192
vt 0.765299 0.494474
vt 0.774484 0.494192
vt 0.744354 0.487532
vt 0.731626 0.487274
vt 0.756103 0.487235
vt 0.800610 0.487532
vt 0.816768 0.487297
vt 0.827958 0.487532
vt 0.859013 0.487532
vt 0.546875 0.494192
vt 0.889610 0.487532
vt 0.915189 0.487532
vt 0.963229 0.487231
vt 0.946078 0.487532
vt 0.973187 0.487532
vt 0.981505 0.487241
vt 1.000000 0.487234
vt 0.995582 0.487532
vt 0.029947 0.487532
vt 0.062504 0.487532
vt 0.098851 0.487532
vt 0.163757 0.487237
vt 0.184558 0.487307
vt 0.166740 0.487532
vt 0.199032 0.487532
vt 0.235600 0.487532
vt 0.275687 0.487532
vt 0.310618 0.487532
vt 0.330538 0.487233
vt 0.347064 0.487532
vt 0.936529 0.494192
vt 0.483636 0.487532
vt 0.904279 0.494192
vt 0.546873 0.487532
vt 0.531114 0.487390
vt 0.577204 0.487532
vt 0.604162 0.487532
vt 0.642103 0.487532
vt 0.683770 0.487532
vt 0.691483 0.487298
vt 0.020829 0.494192
vt 0.076998 0.494192
vt 0.250056 0.494192
vt 0.223532 0.494192
vt 0.275717 0.494192
vt 0.421937 0.487532
vt 0.458300 0.487532
vt 0.441595 0.494192
vt 0.510622 0.487532
vt 0.714463 0.487532
vt 0.000000 0.000000
vt 0.723442 0.416667
vt 0.697916 0.479167
vt 0.666737 0.582922
vt 0.572916 0.479167
vt 0.568002 0.447560
vt 0.587693 0.416667
vt 0.534277 0.582831
vt 0.530530 0.562500
vt 0.531115 0.487246
vt 0.525589 0.532076
vt 0.504991 0.529815
vt 0.275854 0.494490
vt 0.275248 0.562500
vt 0.274980 0.396242
vt 0.235676 0.396325
vt 0.244755 0.582906
vt 0.193537 0.479167
vt 0.108600 0.416667
vt 0.098724 0.449120
vt 0.077275 0.582886
vt 0.077820 0.446675
vt 0.073003 0.416667
vt 0.000000 0.520833
vt 0.000000 0.494477
vt 1.000000 0.449766
vt 1.000000 0.416667
vt 0.854065 0.494488
vt 0.822916 0.479167
vt 0.822917 0.437500
vt 0.781250 0.479167
vt 0.775122 0.487303
vt 0.780195 0.438686
vt 0.769494 0.582922
vt 0.381446 0.416667
vt 0.416237 0.427084
vt 0.211324 0.582920
vt 0.041662 0.541667
vt 0.009730 0.541667
vt 1.000000 0.437500
vt 1.000000 0.520833
vt 1.000000 0.541667
vt 0.791300 0.490182
vt 0.765623 0.487828
vt 0.765622 0.458333
vt 1.000000 0.552083
vt 0.905771 0.416667
vt 0.640556 0.562500
vt 0.713806 0.416667
vt 0.994744 0.416863
vt 0.994868 0.416667
vt 0.996024 0.562500
vt 0.995506 0.562391
vt 0.031719 0.562426
vt 0.005657 0.562500
vt 0.007980 0.416667
vt 0.006051 0.416893
vt 0.422349 0.562500
vt 0.657331 0.421875
vt 0.082837 0.562428
vt 0.057576 0.562500
vt 0.458658 0.562500
vt 0.140283 0.562500
vt 0.190688 0.562500
vt 0.941003 0.421598
vt 0.008745 0.421598
vt 0.874634 0.416667
vt 0.499691 0.416667
vt 0.057289 0.557292
vt 0.000000 0.557292
vt 0.606683 0.487275
vt 0.466701 0.494192
vt 0.493556 0.494192
vt 0.373103 0.494192
vt 0.170954 0.494192
vt 0.879590 0.494192
vt 0.852577 0.494192
vt 0.774680 0.487532
vt 0.000000 0.494334
vt 0.962108 0.494192
vt 0.987477 0.494192
vt 0.005227 0.487532
vt 0.134131 0.487532
vt 0.384195 0.487532
vt 0.000000 0.494192
s 0
usemtl Material.001
f 6/1/1 7/2/2 4/3/3
f 243/4/4 248/5/5 9/6/6
f 6/1/7 3150/7/8 898/8/9
f 10/9/10 1/10/10 260/11/10
f 10/9/11 260/11/11 12/12/11
f 16/13/12 3107/14/13 13/15/14
f 15/16/15 10/9/16 14/17/16
f 14/17/17 12/12/17 21/18/17
f 20/19/18 14/17/18 21/18/18
f 22/20/19 15/16/20 20/19/21
f 18/21/22 3070/22/23 24/23/24
f 2907/24/25 2989/25/26 23/26/27
f 17/27/28 19/28/29 25/29/30
f 2941/30/31 24/23/32 2907/24/33
f 24/23/34 2941/30/35 28/31/36
f 29/32/37 26/33/37 21/18/37
f 27/34/38 886/35/39 32/36/40
f 30/37/41 29/32/41 33/38/41
f 34/39/42 27/34/43 32/36/44
f 34/39/45 28/31/46 27/34/47
f 34/39/48 32/36/49 2809/40/50
f 36/41/51 34/39/51 37/42/52
f 37/42/53 885/43/54 40/44/55
f 33/38/56 289/45/56 43/46/56
f 44/47/57 37/42/58 40/44/59
f 38/48/60 43/46/60 45/49/60
f 39/50/61 38/48/62 45/49/62
f 45/49/63 43/46/63 47/51/63
f 48/52/64 39/50/65 45/49/66
f 50/53/67 45/49/67 47/51/67
f 55/54/68 2618/55/69 49/56/70
f 58/57/71 57/58/72 60/59/73
f 66/60/74 2494/61/75 883/62/76
f 70/63/77 63/64/78 69/65/79
f 2370/66/80 67/67/81 71/68/82
f 72/69/83 67/67/84 75/70/85
f 74/71/86 69/65/86 73/72/86
f 75/70/87 2370/66/88 71/68/89
f 78/73/90 70/63/91 74/71/92
f 79/74/93 74/71/93 73/72/93
f 79/74/94 73/72/94 81/75/94
f 2252/76/95 77/77/95 80/78/96
f 84/79/97 2252/76/97 80/78/98
f 85/80/99 76/81/100 84/79/101
f 85/80/102 84/79/103 86/82/104
f 85/80/105 86/82/106 89/83/107
f 91/84/108 82/85/108 87/86/109
f 2136/87/110 86/82/111 88/88/112
f 89/83/113 86/82/114 2136/87/115
f 94/89/116 2136/87/117 88/88/118
f 89/83/119 2136/87/120 94/89/121
f 92/90/122 91/84/122 95/91/122
f 99/92/123 89/83/124 94/89/125
f 95/91/126 91/84/127 96/93/128
f 97/94/129 93/95/130 95/91/131
f 94/89/132 2074/96/132 98/97/132
f 103/98/133 95/91/133 96/93/133
f 97/94/134 95/91/135 103/98/135
f 106/99/136 101/100/137 1998/101/138
f 105/102/139 102/103/139 108/104/139
f 111/105/140 105/102/140 108/104/140
f 1880/106/141 106/99/142 109/107/143
f 113/108/144 107/109/145 1880/106/146
f 114/110/147 1880/106/148 109/107/149
f 545/111/150 391/112/151 385/113/152
f 121/114/153 113/108/154 114/110/155
f 114/110/156 1823/115/157 120/116/158
f 123/117/159 120/116/160 124/118/161
f 122/119/162 117/120/163 127/121/163
f 124/118/164 120/116/165 119/122/166
f 127/121/167 126/123/167 131/124/168
f 129/125/169 1697/126/170 128/127/169
f 130/128/171 124/118/172 129/125/173
f 132/129/174 127/121/174 133/130/174
f 129/125/175 1635/131/176 135/132/177
f 135/132/178 1635/131/178 134/133/179
f 139/134/180 133/130/180 140/135/180
f 140/135/181 133/130/181 138/136/182
f 142/137/183 140/135/183 141/138/183
f 144/139/184 143/140/185 148/141/186
f 149/142/187 141/138/187 146/143/187
f 154/144/188 144/139/189 151/145/190
f 155/146/191 149/142/191 146/143/192
f 157/147/193 151/145/193 153/148/193
f 161/149/194 155/146/194 163/150/194
f 171/151/195 167/152/195 166/153/195
f 171/151/196 166/153/197 174/154/198
f 175/155/199 171/151/200 178/156/200
f 179/157/201 173/158/201 172/159/201
f 178/156/202 174/154/203 182/160/202
f 548/161/204 475/162/205 851/163/206
f 183/164/207 178/156/207 182/160/207
f 180/165/208 178/156/208 183/164/208
f 186/166/209 181/167/209 185/168/209
f 1062/169/210 181/167/211 186/166/212
f 187/170/213 176/171/214 1062/169/215
f 484/172/216 475/162/217 548/161/218
f 183/164/219 182/160/219 188/173/219
f 189/174/220 188/175/220 194/176/220
f 192/177/221 964/178/222 191/179/223
f 196/180/224 194/176/224 188/175/224
f 197/181/225 190/182/226 194/176/227
f 937/183/228 192/177/229 3839/184/230
f 201/185/231 197/181/232 200/186/233
f 204/187/234 198/188/235 895/189/236
f 205/190/237 199/191/238 3793/192/239
f 203/193/240 200/186/240 202/194/240
f 206/195/241 201/185/242 203/193/243
f 204/187/244 895/189/245 207/196/246
f 208/197/247 205/190/248 204/187/249
f 209/198/250 205/190/251 208/197/252
f 213/199/253 206/195/254 212/200/255
f 214/201/256 212/200/256 211/202/257
f 213/199/258 212/200/259 214/201/259
f 215/203/260 208/197/260 894/204/261
f 209/198/262 208/197/263 216/205/263
f 214/201/264 211/202/265 217/206/266
f 215/203/267 894/204/268 219/207/269
f 218/208/270 214/201/271 223/209/271
f 221/210/272 215/203/273 219/207/274
f 221/210/275 216/205/276 215/203/277
f 222/211/278 216/205/279 221/210/280
f 549/212/281 225/213/282 844/214/283
f 222/211/284 221/210/284 227/215/285
f 231/216/286 222/211/287 227/215/288
f 549/212/289 518/217/290 225/213/291
f 228/218/292 223/209/292 225/213/293
f 231/216/294 227/215/295 3474/219/294
f 230/220/296 228/218/297 232/221/297
f 549/212/298 528/222/299 518/217/300
f 235/223/301 229/224/301 240/225/301
f 236/226/302 232/221/303 235/223/303
f 242/227/304 3381/228/305 238/229/306
f 242/227/307 233/230/308 3381/228/309
f 239/231/310 233/230/311 242/227/312
f 241/232/313 235/223/314 244/233/314
f 1/10/315 244/233/315 2/234/315
f 256/235/316 543/236/316 257/237/316
f 254/238/317 258/239/317 251/240/317
f 256/235/318 259/241/318 255/242/318
f 258/239/319 255/242/319 264/243/319
f 12/12/320 260/11/321 837/244/322
f 252/245/323 251/240/323 267/246/323
f 258/239/324 272/247/324 267/246/324
f 271/248/325 267/246/325 275/249/325
f 275/249/326 272/247/326 276/250/326
f 268/251/327 277/252/327 269/253/327
f 276/250/328 273/254/328 281/255/328
f 280/256/329 275/249/329 284/257/329
f 25/29/330 24/23/331 28/31/332
f 284/257/333 276/250/333 285/258/333
f 564/259/334 286/260/334 283/261/334
f 285/258/335 281/255/335 293/262/335
f 277/252/336 288/263/336 282/264/336
f 29/32/337 838/265/338 289/45/339
f 287/266/340 284/257/340 292/267/340
f 293/262/341 282/264/341 294/268/341
f 292/267/342 293/262/342 297/269/342
f 262/270/343 300/271/343 263/272/343
f 301/273/344 292/267/344 302/274/344
f 294/268/345 304/275/345 298/276/345
f 302/274/346 309/277/346 301/273/346
f 303/278/347 298/276/347 310/279/347
f 304/275/348 305/280/348 311/281/348
f 47/51/349 43/46/349 308/282/350
f 309/277/351 303/278/351 315/283/351
f 315/283/352 310/279/352 316/284/352
f 309/277/353 315/283/353 320/285/353
f 317/286/354 321/287/354 316/284/354
f 52/288/355 51/289/356 56/290/357
f 314/291/358 309/277/358 325/292/358
f 320/285/359 327/293/359 325/292/359
f 326/294/360 325/292/360 328/295/360
f 325/292/361 331/296/361 328/295/361
f 321/287/362 322/297/362 329/298/362
f 68/299/363 61/300/363 839/301/364
f 332/302/365 329/298/365 336/303/365
f 65/304/366 64/305/367 72/69/368
f 300/271/369 339/306/369 319/307/369
f 335/308/370 340/309/370 334/310/370
f 333/311/371 341/312/371 335/308/371
f 73/72/372 68/299/373 840/313/374
f 340/309/375 335/308/375 348/314/375
f 336/303/376 346/315/376 342/316/376
f 340/309/377 347/317/377 345/318/377
f 341/312/378 349/319/378 348/314/378
f 348/314/379 349/319/379 347/317/379
f 847/320/380 76/81/381 85/80/382
f 347/317/383 356/321/383 350/322/383
f 87/86/384 81/75/384 848/323/385
f 357/324/386 363/325/386 356/321/386
f 351/326/387 362/327/387 357/324/387
f 362/327/388 352/328/388 364/329/388
f 91/84/389 87/86/390 358/330/391
f 90/331/392 847/320/393 85/80/394
f 286/260/395 366/332/395 283/261/395
f 356/321/396 368/333/396 361/334/396
f 369/335/397 306/336/398 370/337/399
f 367/338/400 372/339/400 368/333/400
f 367/338/401 362/327/401 372/339/401
f 371/340/402 368/333/402 375/341/402
f 368/333/403 380/342/403 375/341/403
f 373/343/404 365/344/404 376/345/404
f 96/93/405 841/346/406 377/347/407
f 102/103/408 96/93/408 377/347/409
f 382/348/410 376/345/410 384/349/410
f 102/103/411 377/347/412 385/113/413
f 380/342/414 383/350/414 375/341/414
f 108/104/415 102/103/415 385/113/416
f 100/351/417 101/100/418 107/109/419
f 386/352/420 375/341/420 388/353/420
f 382/348/421 390/354/421 381/355/421
f 110/356/422 107/109/423 113/108/424
f 389/357/425 381/355/425 394/358/425
f 390/354/426 384/349/426 395/359/426
f 390/354/427 397/360/427 394/358/427
f 396/361/428 401/362/428 399/363/428
f 396/361/429 394/358/429 402/364/429
f 395/359/430 405/365/430 397/360/430
f 401/362/431 407/366/431 399/363/431
f 402/364/432 397/360/432 408/367/432
f 411/368/433 491/369/434 412/370/435
f 406/371/436 399/363/436 413/372/436
f 413/372/437 407/366/437 414/373/437
f 270/374/438 249/375/439 416/376/440
f 406/371/441 413/372/441 417/377/441
f 408/367/442 418/378/442 410/379/442
f 417/377/443 414/373/443 425/380/443
f 419/381/444 424/382/444 418/378/444
f 418/378/445 427/383/445 423/384/445
f 137/385/446 136/386/447 144/139/448
f 374/387/449 366/332/449 431/388/449
f 426/389/450 425/380/450 434/390/450
f 295/391/451 261/392/452 432/393/453
f 426/389/454 433/394/454 430/395/454
f 434/390/455 423/384/455 435/396/455
f 424/382/456 437/397/456 436/398/456
f 439/399/457 438/400/458 337/401/459
f 434/390/460 440/402/460 433/394/460
f 435/396/461 441/403/461 440/402/461
f 152/404/462 144/139/463 154/144/464
f 442/405/465 433/394/465 443/406/465
f 441/403/466 436/398/466 445/407/466
f 437/397/467 448/408/467 445/407/467
f 443/406/468 444/409/468 451/410/468
f 445/407/469 453/411/469 451/410/469
f 160/412/470 850/413/471 162/414/472
f 447/415/473 443/406/473 452/416/473
f 451/410/474 457/417/474 452/416/474
f 452/416/475 458/418/475 456/419/475
f 457/417/476 465/420/476 458/418/476
f 448/408/477 461/421/477 453/411/477
f 460/422/478 453/411/478 462/423/478
f 420/424/479 411/368/480 463/425/481
f 458/418/482 464/426/482 459/427/482
f 464/426/483 465/420/483 467/428/483
f 174/154/484 166/153/485 851/163/486
f 446/429/487 431/388/487 468/430/487
f 467/428/488 460/422/488 471/431/488
f 471/431/489 462/423/489 472/432/489
f 467/428/490 474/433/490 469/434/490
f 182/160/491 851/163/492 475/162/493
f 466/435/494 339/306/494 478/436/494
f 474/433/495 471/431/495 481/437/495
f 184/438/496 176/171/497 187/170/498
f 474/433/499 483/439/499 479/440/499
f 473/441/500 485/442/500 482/443/500
f 483/444/501 481/445/501 486/446/501
f 188/175/502 484/447/503 488/448/504
f 196/180/505 188/175/505 488/448/506
f 486/446/507 495/449/507 490/450/507
f 487/451/508 485/452/508 496/453/508
f 196/180/509 488/448/510 843/454/511
f 195/455/512 193/456/513 199/191/514
f 487/451/515 497/457/515 495/449/515
f 493/458/516 495/449/516 498/459/516
f 498/459/517 503/460/517 500/461/517
f 497/457/518 496/453/518 504/462/518
f 211/202/519 202/194/520 502/463/521
f 265/464/522 369/465/523 387/466/524
f 503/460/525 497/457/525 505/467/525
f 503/460/526 507/468/526 506/469/526
f 508/470/527 506/469/527 510/471/527
f 504/462/528 511/472/528 505/467/528
f 508/470/529 513/473/529 512/474/529
f 505/467/530 515/475/530 507/468/530
f 514/476/531 507/468/531 516/477/531
f 515/475/532 511/472/532 517/478/532
f 499/479/533 468/430/533 519/480/533
f 515/475/534 523/481/534 516/477/534
f 220/482/535 222/211/536 231/216/537
f 514/476/538 522/483/538 520/484/538
f 522/483/539 516/477/539 525/485/539
f 853/486/540 220/482/541 231/216/542
f 853/486/543 231/216/544 234/487/545
f 520/484/546 526/488/546 521/489/546
f 240/225/547 229/224/548 528/222/549
f 527/490/550 525/485/550 531/491/550
f 523/481/551 524/492/551 532/493/551
f 531/491/552 523/481/552 534/494/552
f 526/488/553 535/495/553 530/496/553
f 531/491/554 534/494/554 538/497/554
f 536/498/555 535/495/555 540/499/555
f 532/493/556 543/236/556 538/497/556
f 270/374/557 243/4/558 9/6/559
f 540/499/560 251/240/560 253/500/560
f 378/501/561 392/502/562 845/503/563
f 270/374/564 9/6/565 17/27/566
f 249/375/567 17/27/568 25/29/569
f 249/375/570 25/29/571 846/504/572
f 846/504/573 42/505/574 249/375/575
f 337/401/576 438/400/577 299/506/578
f 42/505/579 52/288/580 359/507/581
f 52/288/582 65/304/583 476/508/584
f 839/301/585 438/400/586 428/509/587
f 476/508/588 65/304/589 343/510/590
f 295/391/591 343/510/592 847/320/593
f 848/323/594 428/509/595 491/369/596
f 847/320/597 90/331/598 295/391/599
f 295/391/600 90/331/601 100/351/602
f 261/392/603 100/351/604 110/356/605
f 545/111/606 411/368/607 420/424/608
f 137/385/609 145/511/610 323/512/611
f 849/513/612 278/514/613 354/515/614
f 547/516/615 145/511/616 152/404/617
f 547/516/618 152/404/619 159/517/620
f 159/517/621 165/518/622 547/516/623
f 165/518/624 177/519/625 449/520/626
f 403/521/627 184/522/628 195/455/629
f 195/455/630 852/523/631 312/524/632
f 852/523/633 210/525/634 312/524/635
f 454/526/636 210/525/637 220/482/638
f 265/464/639 378/501/640 549/212/641
f 220/482/642 853/486/643 454/526/644
f 853/486/645 243/4/646 290/527/647
f 524/492/648 551/528/648 550/529/648
f 553/530/649 552/531/649 496/453/649
f 554/532/650 553/530/650 485/452/650
f 555/533/651 554/534/651 473/441/651
f 461/421/652 556/535/652 555/533/652
f 557/536/653 556/535/653 437/397/653
f 558/537/654 557/536/654 424/382/654
f 405/365/655 560/538/655 559/539/655
f 395/359/656 561/540/656 560/538/656
f 384/349/657 562/541/657 561/540/657
f 563/542/658 562/541/658 365/344/658
f 286/260/659 564/259/659 329/298/659
f 366/332/660 286/260/660 311/281/660
f 288/263/661 431/388/661 366/332/661
f 277/252/662 468/430/662 431/388/662
f 257/237/663 519/480/663 468/430/663
f 566/543/664 530/496/664 536/498/664
f 567/544/665 521/489/665 530/496/665
f 512/474/666 521/489/666 568/545/666
f 569/546/667 501/547/667 509/548/667
f 570/549/668 494/550/668 501/547/668
f 489/551/669 494/550/669 571/552/669
f 456/419/670 459/427/670 575/553/670
f 576/554/671 442/405/671 447/415/671
f 430/395/672 442/405/672 577/555/672
f 422/556/673 430/395/673 578/557/673
f 406/371/674 422/556/674 579/558/674
f 400/559/675 406/371/675 580/560/675
f 583/561/676 371/340/676 386/352/676
f 350/322/677 361/334/677 585/562/677
f 586/563/678 345/318/678 350/322/678
f 326/294/679 334/310/679 588/564/679
f 590/565/680 301/273/680 314/291/680
f 271/248/681 280/256/681 593/566/681
f 252/245/682 271/248/682 594/567/682
f 565/568/683 253/500/683 252/245/683
f 566/543/684 565/568/684 339/306/684
f 567/544/685 566/543/685 300/271/685
f 262/270/686 568/545/686 567/544/686
f 595/569/687 569/546/687 568/545/687
f 597/570/688 571/552/688 570/549/688
f 598/571/689 573/572/689 572/573/689
f 574/574/690 573/572/690 599/575/690
f 599/575/691 575/553/691 574/574/691
f 602/576/692 579/558/692 578/557/692
f 580/560/693 579/558/693 603/577/693
f 604/578/694 582/579/694 581/580/694
f 583/561/695 582/579/695 605/581/695
f 585/562/696 584/582/696 606/583/696
f 607/584/697 586/563/697 585/562/697
f 608/585/698 587/586/698 586/563/698
f 608/585/699 588/564/699 587/586/699
f 609/587/700 589/588/700 588/564/700
f 610/589/701 591/590/701 590/565/701
f 592/591/702 591/590/702 611/592/702
f 478/436/703 594/567/703 593/566/703
f 565/568/704 594/567/704 478/436/704
f 360/593/705 249/375/706 359/507/707
f 612/594/708 611/592/708 539/595/708
f 613/596/709 611/592/709 610/589/709
f 519/480/710 550/529/710 529/597/710
f 614/598/711 610/589/711 609/587/711
f 359/507/712 476/508/713 477/599/714
f 614/598/715 609/587/715 608/585/715
f 492/600/716 491/369/717 428/509/718
f 550/529/719 551/528/719 616/601/719
f 404/602/720 449/520/721 403/603/722
f 608/585/723 607/584/723 618/604/723
f 551/528/724 552/531/724 619/605/724
f 620/606/725 607/584/725 606/583/725
f 777/607/726 628/608/726 721/609/727
f 623/610/728 632/611/728 624/612/729
f 727/613/730 641/614/731 785/615/732
f 640/616/733 636/617/733 642/618/733
f 814/619/734 646/620/735 634/621/735
f 647/622/736 644/623/737 649/624/737
f 642/625/738 650/626/738 640/627/739
f 650/626/740 656/628/740 652/629/741
f 643/630/742 759/631/743 804/632/744
f 764/633/745 659/634/746 657/635/747
f 655/636/748 784/637/749 783/638/750
f 660/639/751 656/628/752 263/272/752
f 283/261/753 374/387/753 664/640/754
f 759/631/755 792/641/756 803/642/757
f 670/643/758 659/634/759 808/644/760
f 675/645/761 673/646/762 811/647/763
f 676/648/764 670/643/765 807/649/766
f 446/429/767 499/479/767 674/650/768
f 499/479/769 529/597/769 679/651/770
f 668/652/771 319/307/771 466/435/771
f 683/653/772 676/648/773 762/654/774
f 595/569/775 262/270/775 263/272/775
f 617/655/776 403/521/777 312/524/778
f 649/624/779 563/542/779 564/259/779
f 296/656/780 476/508/781 295/391/782
f 656/628/783 596/657/783 595/569/783
f 644/623/784 562/541/784 563/542/784
f 597/570/785 596/657/785 650/626/785
f 632/611/786 561/540/786 562/541/786
f 313/658/787 312/524/788 454/526/789
f 632/611/790 560/538/790 561/540/790
f 642/618/791 599/575/791 598/571/791
f 393/659/792 392/502/793 378/501/794
f 324/660/795 323/512/796 547/516/797
f 623/610/798 559/539/798 560/538/798
f 344/661/799 261/392/800 546/662/801
f 279/663/802 354/515/803 278/514/804
f 306/336/805 354/515/806 355/664/807
f 558/537/808 559/539/808 685/665/808
f 601/666/809 600/667/809 621/668/809
f 291/669/810 290/527/811 270/374/812
f 556/535/813 557/536/813 686/670/813
f 687/671/814 602/576/814 601/666/814
f 603/577/815 602/576/815 687/671/815
f 555/533/816 556/535/816 688/672/816
f 455/673/817 454/526/818 290/527/819
f 689/674/820 604/578/820 603/577/820
f 338/675/821 337/401/822 392/502/823
f 554/534/824 555/533/824 690/676/824
f 398/677/825 547/516/826 449/520/827
f 553/530/828 554/532/828 692/678/828
f 691/679/829 606/583/829 605/581/829
f 695/680/830 696/681/831 833/682/832
f 794/683/833 793/684/834 820/685/835
f 697/686/836 800/687/837 700/688/838
f 701/689/839 819/690/840 836/691/841
f 749/692/842 714/693/843 716/694/844
f 702/695/845 668/652/846 682/696/846
f 707/697/847 810/698/848 698/699/849
f 836/691/850 818/700/851 701/689/852
f 703/701/853 682/696/854 684/702/854
f 746/703/855 822/704/856 794/683/857
f 806/705/858 709/706/859 714/693/860
f 738/707/861 802/708/862 697/686/863
f 776/709/864 679/651/865 711/710/866
f 705/711/867 817/712/868 818/700/869
f 832/713/870 712/714/871 704/715/872
f 836/691/873 711/710/874 713/716/875
f 809/717/876 707/697/877 710/718/878
f 708/719/879 715/720/879 714/693/880
f 713/716/881 717/721/882 705/711/883
f 835/722/884 816/723/885 817/712/886
f 715/720/887 718/724/888 716/694/889
f 835/722/890 717/721/891 719/725/892
f 721/609/893 712/714/894 831/726/895
f 797/727/896 795/728/897 815/729/898
f 722/730/899 718/724/900 724/731/901
f 723/732/902 726/733/903 770/734/904
f 727/613/905 809/717/906 720/735/907
f 827/736/908 826/737/909 633/738/910
f 805/739/911 703/701/912 706/740/913
f 729/741/914 721/609/915 693/742/916
f 726/743/917 730/744/918 769/745/919
f 798/746/920 797/727/921 813/747/922
f 733/748/923 727/613/924 732/749/925
f 728/750/926 739/751/927 826/737/928
f 734/752/929 648/753/930 814/619/931
f 767/754/932 766/755/933 629/756/934
f 625/757/935 685/665/936 623/610/936
f 626/758/937 740/759/938 809/717/939
f 686/670/940 685/665/940 625/757/941
f 790/760/942 772/761/943 737/762/944
f 778/763/945 630/764/946 735/765/947
f 628/608/948 742/766/948 712/714/949
f 739/751/950 689/674/951 687/671/951
f 730/744/952 688/672/953 686/670/953
f 728/750/954 691/679/955 689/674/955
f 743/767/956 791/768/957 790/760/958
f 738/707/959 786/769/960 767/754/960
f 806/705/961 779/770/962 778/763/963
f 704/715/964 742/766/965 747/771/965
f 707/697/966 744/772/967 748/773/968
f 749/692/969 780/774/970 779/770/971
f 787/775/972 786/769/972 700/688/973
f 747/771/974 750/776/974 695/680/975
f 614/598/976 618/604/976 718/724/977
f 748/773/978 751/777/979 810/698/980
f 820/685/981 792/641/982 791/768/983
f 775/778/984 754/779/985 819/690/986
f 616/601/987 619/605/987 717/721/988
f 529/597/989 616/601/989 711/710/990
f 754/779/991 663/780/992 821/781/993
f 708/719/994 539/595/994 613/596/994
f 756/782/995 796/783/996 757/784/997
f 684/702/998 466/435/998 539/595/998
f 699/785/999 821/781/1000 760/786/1001
f 760/786/1002 729/741/1003 731/787/1004
f 338/675/1005 393/659/1005 643/630/1005
f 250/788/1006 360/593/1006 742/766/1006
f 360/593/1007 477/599/1007 747/771/1007
f 761/789/1008 696/681/1009 762/654/1010
f 762/654/1011 807/649/1012 834/790/1013
f 764/633/1014 733/748/1015 765/791/1016
f 421/792/1017 463/425/1017 766/755/1017
f 344/661/1018 324/660/1018 744/772/1018
f 324/660/1019 398/677/1019 751/777/1019
f 694/793/1020 810/698/1021 757/784/1022
f 768/794/1023 757/784/1024 681/795/1025
f 681/795/1026 811/647/1027 768/794/1028
f 387/466/1029 615/796/1029 772/761/1029
f 774/797/1030 313/658/1030 455/673/1030
f 455/673/1031 291/669/1031 754/779/1031
f 819/690/1032 821/781/1033 776/709/1034
f 663/780/1035 291/669/1035 416/376/1035
f 630/764/1036 439/399/1036 338/675/1036
f 330/798/1037 439/399/1037 779/770/1037
f 429/799/1038 330/798/1038 780/774/1038
f 477/599/1039 296/656/1039 683/653/1039
f 412/370/1040 492/600/1040 783/638/1040
f 784/637/1041 463/425/1041 412/370/1041
f 785/615/1042 432/393/1042 344/661/1042
f 767/754/1043 279/663/1043 421/792/1043
f 787/775/1044 355/664/1044 279/663/1044
f 788/800/1045 307/801/1045 355/664/1045
f 370/337/1046 307/801/1046 677/802/1046
f 771/803/1047 615/796/1047 370/804/1047
f 791/768/1048 379/805/1048 266/806/1048
f 832/713/1049 664/640/1050 667/807/1051
f 794/683/1052 665/808/1053 668/652/1054
f 752/809/1055 716/694/1056 830/810/1057
f 800/687/1058 825/811/1059 758/812/1060
f 822/704/1061 660/639/1062 665/808/1063
f 658/813/1064 661/814/1065 833/682/1066
f 830/810/1067 722/730/1068 680/815/1069
f 761/789/1070 653/816/1071 658/813/1072
f 834/790/1073 647/622/1074 653/816/1075
f 823/817/1076 640/627/1077 652/629/1078
f 645/818/1079 647/622/1080 763/819/1081
f 450/820/1082 404/602/1082 673/646/1082
f 669/821/1083 722/730/1084 829/822/1085
f 635/823/1086 645/818/1087 765/791/1088
f 624/612/1089 635/823/1090 720/735/1091
f 793/684/1092 702/695/1093 803/642/1094
f 622/824/1095 637/825/1096 825/811/1097
f 662/826/1098 829/822/1099 828/827/1100
f 710/718/1101 625/757/1102 624/612/1103
f 801/828/1104 824/829/1105 823/830/1106
f 697/686/1107 736/831/1108 622/824/1109
f 741/832/1110 625/757/1111 698/699/1112
f 739/751/1113 736/831/1114 802/708/1115
f 813/747/1116 823/817/1117 798/746/1118
f 646/620/1119 404/833/1119 617/655/1119
f 416/376/1120 250/788/1120 638/834/1120
f 828/827/1121 827/736/1122 639/835/1123
f 1089/836/1124 172/159/1125 185/168/1126
f 71/68/1127 2416/837/1128 883/62/1129
f 2303/838/1130 71/68/1131 80/78/1132
f 109/107/1133 1921/839/1134 855/840/1135
f 1178/841/1136 856/842/1137 172/159/1138
f 1336/843/1139 153/148/1140 856/842/1141
f 226/844/1142 3538/845/1143 219/207/1144
f 2169/846/1145 80/78/1146 88/88/1147
f 1457/847/1148 147/848/1149 153/148/1150
f 3/849/1151 11/850/1152 899/851/1153
f 15/16/1154 22/20/1155 893/852/1156
f 22/20/1157 31/853/1158 892/854/1159
f 31/853/1160 35/855/1161 891/856/1162
f 39/50/1163 48/52/1164 890/857/1165
f 54/858/1166 63/64/1167 888/859/1168
f 78/73/1169 83/860/1170 920/861/1171
f 97/94/1172 104/862/1173 918/863/1174
f 915/864/1175 104/862/1176 112/865/1177
f 858/866/1178 139/134/1179 142/137/1180
f 912/867/1181 150/868/1182 156/869/1183
f 860/870/1184 156/869/1185 161/149/1186
f 862/871/1187 168/872/1188 175/155/1189
f 230/220/1190 236/226/1191 864/873/1192
f 241/232/1193 245/874/1194 865/875/1195
f 866/876/1196 898/877/1197 5/878/1198
f 901/879/1199 238/229/1200 237/880/1201
f 902/881/1202 237/880/1203 226/844/1204
f 903/882/1205 226/844/1206 219/207/1207
f 48/52/1208 54/858/1209 889/883/1210
f 219/207/1211 894/204/1212 905/884/1213
f 894/204/1214 207/196/1215 907/885/1216
f 895/189/1217 896/886/1218 908/887/1219
f 896/886/1220 191/179/1221 910/888/1222
f 191/889/1223 185/890/1224 911/891/1225
f 185/168/1226 172/159/1227 868/892/1228
f 172/159/1229 856/842/1230 869/893/1231
f 856/842/1232 153/148/1233 870/894/1234
f 147/895/1235 854/896/1236 874/897/1237
f 854/896/1238 134/133/1239 875/898/1240
f 134/133/1241 128/127/1242 876/899/1243
f 128/127/1244 119/122/1245 876/899/1246
f 119/122/1247 109/107/1248 877/900/1249
f 109/107/1250 855/840/1251 916/901/1252
f 855/902/1253 98/97/1254 917/903/1255
f 201/185/1256 206/195/1257 909/904/1258
f 71/68/1259 883/62/1260 881/905/1261
f 206/195/1262 213/199/1263 887/906/1264
f 923/907/1265 884/908/1266 49/56/1267
f 924/909/1268 49/56/1269 40/44/1270
f 925/910/1271 40/44/1272 885/43/1273
f 926/911/1274 32/36/1275 886/35/1276
f 927/912/1277 23/26/1278 897/913/1279
f 868/892/1280 862/871/1281 863/914/1282
f 869/893/1283 870/894/1284 861/915/1285
f 876/899/1286 913/916/1287 873/917/1288
f 876/899/1289 877/900/1290 913/916/1291
f 877/900/1292 915/864/1293 914/918/1294
f 879/919/1295 880/920/1296 921/921/1297
f 882/922/1298 923/907/1299 888/859/1300
f 923/907/1301 890/857/1302 889/883/1303
f 925/910/1304 891/856/1305 890/857/1306
f 925/910/1307 926/911/1308 891/856/1309
f 926/911/1310 927/912/1311 892/854/1312
f 927/912/1313 928/923/1314 893/852/1315
f 928/923/1316 866/876/1317 899/851/1318
f 930/924/1319 971/924/1320 929/924/1321
f 931/924/1322 930/924/1323 937/924/1323
f 944/924/1324 966/924/1325 968/924/1326
f 945/924/1327 939/924/1328 965/924/1329
f 989/924/1330 940/924/1331 963/924/1332
f 930/924/1333 941/924/1334 971/924/1335
f 940/924/1336 945/924/1337 947/924/1338
f 947/924/1339 965/924/1340 961/924/1341
f 971/924/1342 941/924/1343 948/924/1344
f 951/924/1345 949/924/1346 950/924/1347
f 950/924/1348 930/924/1349 931/924/1350
f 952/924/1351 941/924/1352 930/924/1353
f 942/924/1354 962/924/1355 937/924/1356
f 937/924/1357 929/924/1357 951/924/1358
f 952/924/1359 950/924/1359 949/924/1360
f 968/924/1361 959/924/1362 943/924/1363
f 961/924/1364 946/924/1365 960/924/1365
f 961/924/1366 940/924/1367 947/924/1368
f 942/924/1369 951/924/1370 950/924/1371
f 964/924/1372 932/924/1373 957/924/1374
f 935/924/1375 970/924/1376 946/924/1377
f 946/924/1378 970/924/1379 960/924/1380
f 955/924/1381 933/924/1382 964/924/1383
f 944/924/1384 958/924/1385 966/924/1386
f 948/924/1387 967/924/1388 952/924/1389
f 932/924/1390 936/924/1391 956/924/1392
f 942/924/1393 931/924/1394 962/924/1395
f 983/924/1396 976/924/1397 999/924/1398
f 993/924/1399 972/924/1400 974/924/1401
f 974/924/1402 972/924/1403 973/924/1403
f 992/924/1404 985/924/1405 977/924/1406
f 987/924/1407 988/924/1408 980/924/1409
f 1005/924/1410 990/924/1411 989/924/1412
f 989/924/1413 987/924/1414 980/924/1415
f 972/924/1416 981/924/1417 994/924/1418
f 1004/924/1419 980/924/1420 1007/924/1421
f 978/924/1422 986/924/1423 1012/924/1424
f 1000/924/1425 976/924/1426 982/924/1427
f 995/924/1428 994/924/1428 996/924/1429
f 975/924/1430 973/924/1431 995/924/1432
f 1012/924/1433 1008/924/1434 992/924/1435
f 1004/924/1436 1002/924/1437 1003/924/1437
f 988/924/1438 987/924/1439 1002/924/1440
f 987/924/1441 990/924/1442 1003/924/1443
f 1006/924/1444 989/924/1445 980/924/1446
f 996/924/1447 993/924/1448 974/924/1449
f 972/924/1450 993/924/1451 981/924/1452
f 1006/924/1453 1003/924/1454 1005/924/1455
f 1010/924/1456 995/924/1457 996/924/1458
f 982/924/1459 976/924/1460 983/924/1461
f 1009/924/1462 981/924/1463 993/924/1464
f 1015/924/1465 1016/924/1466 1017/924/1467
f 1047/924/1468 1045/924/1469 1022/924/1470
f 1022/924/1471 1028/924/1471 1021/924/1472
f 1025/924/1473 1016/924/1473 1015/924/1474
f 1032/924/1475 1013/924/1476 1014/924/1476
f 1014/924/1477 1013/924/1477 1023/924/1477
f 1029/924/1478 1028/924/1478 1022/924/1478
f 1050/924/1479 1029/924/1480 1022/924/1481
f 1022/924/1482 1021/924/1483 1020/924/1484
f 1039/924/1485 1052/924/1486 1036/924/1487
f 1037/924/1488 1024/924/1489 1023/924/1490
f 1023/924/1491 1013/924/1492 1038/924/1493
f 1040/924/1494 1027/924/1495 1042/924/1496
f 1042/924/1497 1027/924/1498 1019/924/1499
f 1049/924/1500 1040/924/1501 1034/924/1502
f 1035/924/1503 1028/924/1504 1029/924/1505
f 1035/924/1506 1051/924/1507 1047/924/1508
f 1052/924/1509 1032/924/1510 1014/924/1511
f 1037/924/1512 1038/924/1513 1053/924/1514
f 1050/924/1515 1045/924/1516 1047/924/1517
f 1046/924/1518 1025/924/1519 1048/924/1520
f 1039/924/1521 1044/924/1522 1052/924/1523
f 1053/924/1524 1014/924/1525 1024/924/1526
f 1019/924/1527 1049/924/1528 1034/924/1529
f 1057/924/1530 1070/924/1531 1061/924/1532
f 1087/924/1533 1063/924/1534 1058/924/1535
f 1055/924/1536 1054/924/1537 1062/924/1537
f 1064/924/1538 1088/924/1538 1062/924/1538
f 1063/924/1539 1056/924/1539 1089/924/1539
f 1055/924/1540 1072/924/1541 1054/924/1542
f 1059/924/1543 1091/924/1544 1066/924/1545
f 1054/924/1546 1071/924/1547 1077/924/1548
f 1054/924/1549 1072/924/1550 1071/924/1551
f 1069/924/1552 1067/924/1552 1061/924/1552
f 1069/924/1553 1070/924/1554 1095/924/1555
f 1061/924/1556 1090/924/1557 1086/924/1558
f 1064/924/1559 1062/924/1560 1079/924/1561
f 1083/924/1562 1072/924/1563 1055/924/1564
f 1065/924/1565 1091/924/1566 1059/924/1567
f 1060/924/1568 1066/924/1569 1074/924/1570
f 1084/924/1571 1092/924/1572 1067/924/1573
f 1067/924/1574 1069/924/1575 1084/924/1576
f 1071/924/1577 1072/924/1578 1077/924/1579
f 1085/924/1580 1084/924/1581 1095/924/1582
f 1057/924/1583 1085/924/1584 1095/924/1585
f 1063/924/1586 1087/924/1587 1056/924/1588
f 1083/924/1589 1094/924/1590 1078/924/1591
f 1090/924/1592 1092/924/1593 1068/924/1594
f 1082/924/1595 1063/924/1596 1089/924/1597
f 1080/924/1598 1088/924/1599 1064/924/1600
f 1065/924/1601 1066/924/1602 1091/924/1603
f 1073/924/1604 1055/924/1605 1088/924/1606
f 1059/924/1607 1060/924/1608 1076/924/1609
f 1058/924/1610 1081/924/1611 1093/924/1612
f 1100/924/1613 1101/924/1614 1108/924/1615
f 1128/924/1616 1125/924/1617 1129/924/1617
f 1103/924/1618 1128/924/1619 1129/924/1620
f 1097/924/1621 1096/924/1621 1104/924/1621
f 1105/924/1622 1107/924/1623 1098/924/1624
f 1102/924/1625 1108/924/1625 1101/924/1625
f 1153/924/1626 1111/924/1627 1123/924/1628
f 1096/924/1629 1112/924/1630 1113/924/1631
f 1100/924/1632 1111/924/1633 1101/924/1634
f 1116/924/1635 1131/924/1636 1113/924/1637
f 1131/924/1638 1126/924/1639 1097/924/1640
f 1104/924/1641 1096/924/1642 1114/924/1643
f 1122/924/1644 1108/924/1645 1102/924/1646
f 1100/924/1647 1134/924/1648 1122/924/1649
f 1117/924/1650 1128/924/1651 1103/924/1652
f 1131/924/1653 1120/924/1654 1113/924/1655
f 1121/924/1656 1123/924/1657 1124/924/1658
f 1115/924/1659 1127/924/1660 1104/924/1661
f 1129/924/1662 1125/924/1663 1119/924/1664
f 1109/924/1665 1097/924/1666 1127/924/1667
f 1105/924/1668 1099/924/1669 1133/924/1670
f 1139/924/1671 1140/924/1672 1148/924/1673
f 1137/924/1674 1135/924/1675 1136/924/1675
f 1137/924/1676 1154/924/1677 1135/924/1678
f 1158/924/1679 1149/924/1680 1142/924/1681
f 1142/924/1682 1149/924/1683 1143/924/1684
f 1151/924/1685 1167/924/1685 1146/924/1685
f 1135/924/1686 1154/924/1687 1155/924/1688
f 1153/924/1689 1151/924/1689 1147/924/1689
f 1142/924/1690 1144/924/1691 1165/924/1692
f 1166/924/1693 1147/924/1694 1146/924/1695
f 1155/924/1696 1154/924/1697 1162/924/1698
f 1143/924/1699 1149/924/1700 1141/924/1701
f 1148/924/1702 1140/924/1703 1138/924/1704
f 1175/924/1705 1154/924/1706 1137/924/1707
f 1136/924/1708 1135/924/1709 1160/924/1710
f 1144/924/1711 1143/924/1712 1165/924/1713
f 1169/924/1714 1167/924/1715 1151/924/1716
f 1169/924/1717 1171/924/1718 1168/924/1719
f 1166/924/1720 1153/924/1721 1147/924/1722
f 1166/924/1723 1169/924/1724 1168/924/1725
f 1162/924/1726 1173/924/1727 1175/924/1728
f 1164/924/1729 1139/924/1730 1172/924/1731
f 1161/924/1732 1170/924/1733 1136/924/1734
f 1156/924/1735 1137/924/1736 1170/924/1737
f 1163/924/1738 1164/924/1739 1157/924/1740
f 1160/924/1741 1159/924/1742 1175/924/1743
f 1174/924/1744 1171/924/1745 1193/924/1746
f 173/924/1747 1177/924/1748 1176/924/1749
f 1183/924/1750 1191/924/1750 1182/924/1751
f 1206/924/1752 1177/924/1753 173/924/1754
f 1185/924/1755 1179/924/1756 1178/924/1757
f 1176/924/1758 1192/924/1759 1184/924/1760
f 1176/924/1761 1184/924/1762 173/924/1762
f 1184/924/1763 1192/924/1764 1196/924/1765
f 1214/924/1766 1190/924/1766 1183/924/1766
f 1191/924/1767 1190/924/1768 1195/924/1769
f 1183/924/1770 1182/924/1771 1210/924/1772
f 1200/924/1773 1198/924/1774 1199/924/1775
f 1179/924/1776 1185/924/1777 1205/924/1778
f 1201/924/1779 1200/924/1779 1199/924/1780
f 1201/924/1781 1177/924/1782 1206/924/1783
f 1180/924/1784 1188/924/1785 1194/924/1786
f 1181/924/1787 1189/924/1788 1194/924/1789
f 1210/924/1790 1208/924/1791 1209/924/1791
f 1209/924/1792 1193/924/1793 1183/924/1794
f 1196/924/1795 1192/924/1796 1197/924/1797
f 1203/924/1798 1185/924/1799 1186/924/1800
f 1210/924/1801 1195/924/1802 1208/924/1803
f 1214/924/1804 1193/924/1805 1212/924/1806
f 1208/924/1807 1195/924/1808 1211/924/1809
f 1209/924/1810 1217/924/1811 1212/924/1812
f 1207/924/1813 1189/924/1814 1213/924/1815
f 1180/924/1816 1207/924/1817 1188/924/1818
f 1220/924/1819 1218/924/1820 1219/924/1820
f 1258/924/1821 1235/924/1822 1234/924/1823
f 1234/924/1824 1235/924/1825 1230/924/1826
f 1236/924/1827 1234/924/1828 1231/924/1828
f 1218/924/1829 1237/924/1830 1243/924/1831
f 1256/924/1832 1236/924/1833 1239/924/1834
f 1254/924/1835 1231/924/1836 1230/924/1837
f 1247/924/1838 1224/924/1839 1225/924/1840
f 1223/924/1841 1232/924/1842 1224/924/1843
f 1251/924/1844 1238/924/1845 1220/924/1846
f 1219/924/1847 1218/924/1847 1245/924/1848
f 1241/924/1849 1233/924/1850 1242/924/1851
f 1254/924/1852 1258/924/1853 1253/924/1854
f 1234/924/1855 1236/924/1856 1253/924/1857
f 1254/924/1858 1239/924/1859 1231/924/1860
f 1237/924/1861 1238/924/1862 1243/924/1863
f 1246/924/1864 1245/924/1865 1240/924/1866
f 1251/924/1867 1250/924/1868 1244/924/1869
f 1225/924/1870 1221/924/1871 1249/924/1872
f 1255/924/1873 1219/924/1874 1246/924/1875
f 1233/924/1876 1227/924/1877 1257/924/1878
f 1240/924/1879 1220/924/1880 1255/924/1881
f 1226/924/1882 1228/924/1883 1252/924/1884
f 1223/924/1885 1247/924/1886 1249/924/1887
f 1247/924/1888 1248/924/1889 1249/924/1890
f 1261/924/1891 1262/924/1892 1287/924/1893
f 1265/924/1894 1266/924/1895 1299/924/1896
f 1267/924/1897 1268/924/1898 1275/924/1899
f 1270/924/1900 1263/924/1901 1261/924/1902
f 1286/924/1903 1270/924/1904 1261/924/1905
f 1260/924/1906 1278/924/1907 1259/924/1908
f 1280/924/1909 1275/924/1910 1274/924/1911
f 1259/924/1912 1278/924/1913 1277/924/1914
f 1276/924/1915 1274/924/1916 1269/924/1916
f 1259/924/1917 1277/924/1918 1281/924/1919
f 1288/924/1920 1262/924/1921 1263/924/1922
f 1289/924/1923 1278/924/1924 1260/924/1925
f 1279/924/1926 1297/924/1927 1271/924/1928
f 1271/924/1929 1259/924/1929 1283/924/1930
f 1264/924/1931 1273/924/1932 1299/924/1933
f 1299/924/1934 1272/924/1935 1265/924/1936
f 1292/924/1937 1280/924/1938 1293/924/1939
f 1267/924/1940 1280/924/1941 1292/924/1941
f 1293/924/1942 1298/924/1943 1295/924/1944
f 1274/924/1945 1276/924/1946 1293/924/1947
f 1292/924/1948 1296/924/1949 1269/924/1950
f 1292/924/1951 1293/924/1952 1295/924/1953
f 1276/924/1954 1269/924/1955 1296/924/1956
f 1285/924/1957 1263/924/1958 1270/924/1959
f 1276/924/1960 1296/924/1961 1295/924/1962
f 1274/924/1963 1275/924/1964 1268/924/1965
f 1264/924/1966 1291/924/1967 1273/924/1968
f 1279/924/1969 1260/924/1970 1297/924/1971
f 1285/924/1972 1286/924/1973 1287/924/1974
f 1302/924/1975 1303/924/1976 1329/924/1977
f 1308/924/1978 1314/924/1978 1307/924/1979
f 1310/924/1980 1335/924/1981 1301/924/1982
f 1309/924/1983 1303/924/1983 1302/924/1983
f 1301/924/1984 1318/924/1985 1300/924/1986
f 1312/924/1987 1313/924/1988 1311/924/1989
f 1311/924/1990 1313/924/1991 1304/924/1992
f 1314/924/1993 1316/924/1994 1307/924/1995
f 1338/924/1996 1360/924/1997 1317/924/1998
f 1300/924/1999 1318/924/2000 1319/924/2001
f 1300/924/2002 1319/924/2003 1324/924/2004
f 1319/924/2005 1318/924/2006 1324/924/2007
f 1330/924/2008 1303/924/2009 1309/924/2010
f 1331/924/2011 1318/924/2012 1301/924/2013
f 1310/924/2014 1300/924/2015 1326/924/2016
f 1333/924/2017 1315/924/2018 1332/924/2019
f 1333/924/2020 1317/924/2021 1308/924/2022
f 1331/924/2023 1337/924/2024 1325/924/2025
f 1333/924/2026 1332/924/2027 1338/924/2028
f 1328/924/2029 1309/924/2030 1336/924/2031
f 1334/924/2032 1333/924/2033 1338/924/2034
f 1326/924/2035 1335/924/2036 1310/924/2037
f 1320/924/2038 1301/924/2039 1335/924/2040
f 1327/924/2041 1328/924/2042 1329/924/2043
f 1344/924/2044 1353/924/2045 1343/924/2046
f 1367/924/2047 1346/924/2048 1347/924/2049
f 1340/924/2050 1339/924/2050 1345/924/2050
f 1349/924/2051 1351/924/2052 1341/924/2053
f 1352/924/2054 1353/924/2054 1344/924/2054
f 1356/924/2055 1360/924/2056 1378/924/2057
f 1339/924/2058 1354/924/2059 1362/924/2060
f 1341/924/2061 1351/924/2062 1358/924/2063
f 1366/924/2064 1348/924/2065 1375/924/2066
f 1370/924/2067 1355/924/2068 1340/924/2069
f 1374/924/2070 1345/924/2071 1365/924/2072
f 1358/924/2073 1350/924/2074 1359/924/2075
f 1372/924/2076 1353/924/2077 1352/924/2078
f 1352/924/2079 1356/924/2080 1372/924/2081
f 1354/924/2082 1355/924/2083 1361/924/2084
f 1345/924/2085 1339/924/2086 1364/924/2087
f 1366/924/2088 1367/924/2089 1368/924/2090
f 1364/924/2091 1363/924/2092 1357/924/2093
f 1372/924/2094 1378/924/2095 1376/924/2096
f 1347/924/2097 1348/924/2098 1369/924/2099
f 1358/924/2100 1371/924/2101 1350/924/2102
f 1357/924/2103 1340/924/2104 1374/924/2105
f 1349/924/2106 1342/924/2107 1359/924/2108
f 1387/924/2109 1394/924/2109 1386/924/2110
f 1380/924/2111 1382/924/2112 1381/924/2113
f 1388/924/2114 1416/924/2115 1399/924/2116
f 1381/924/2117 1379/924/2117 1380/924/2117
f 1385/924/2118 1391/924/2119 1384/924/2120
f 1413/924/2121 1397/924/2122 1395/924/2123
f 1398/924/2124 1381/924/2125 1382/924/2126
f 1412/924/2127 1387/924/2128 1386/924/2129
f 1384/924/2130 1391/924/2131 1383/924/2132
f 1405/924/2133 1389/924/2134 1388/924/2135
f 1409/924/2136 1396/924/2137 1381/924/2138
f 1382/924/2139 1380/924/2140 1404/924/2141
f 1380/924/2142 1379/924/2143 1403/924/2144
f 1412/924/2145 1400/924/2146 1411/924/2146
f 1411/924/2147 1394/924/2148 1392/924/2149
f 1386/924/2150 1394/924/2151 1393/924/2152
f 1392/924/2153 1397/924/2154 1411/924/2155
f 1412/924/2156 1395/924/2157 1387/924/2158
f 1412/924/2159 1411/924/2160 1413/924/2161
f 1405/924/2162 1406/924/2163 1408/924/2164
f 1405/924/2165 1388/924/2166 1399/924/2167
f 1399/924/2168 1416/924/2169 1408/924/2170
f 1400/924/2171 1393/924/2172 1411/924/2173
f 1416/924/2174 1389/924/2175 1407/924/2176
f 1422/924/2177 1439/924/2178 1438/924/2179
f 1428/924/2180 1434/924/2181 1429/924/2182
f 1440/924/2183 1437/924/2184 1461/924/2185
f 1444/924/2186 1433/924/2187 1443/924/2188
f 1429/924/2189 1434/924/2190 1444/924/2191
f 1459/924/2192 1439/924/2193 1422/924/2194
f 1453/924/2195 1459/924/2196 1446/924/2197
f 1426/924/2198 1429/924/2199 1442/924/2200
f 1456/924/2201 1445/924/2202 1454/924/2202
f 1454/924/2203 1455/924/2204 1435/924/2205
f 1435/924/2206 1440/924/2207 1454/924/2208
f 1438/924/2209 1439/924/2210 1459/924/2211
f 1459/924/2212 1452/924/2213 1446/924/2214
f 1457/924/2215 1424/924/2216 1449/924/2217
f 1430/924/2218 1436/924/2219 1445/924/2220
f 1445/924/2221 1436/924/2222 1454/924/2223
f 1451/924/2224 1427/924/2225 1457/924/2226
f 1447/924/2227 1423/924/2228 1432/924/2229
f 1428/924/2230 1426/924/2231 1442/924/2232
f 1465/924/2233 1475/924/2234 1469/924/2235
f 1463/924/2236 1462/924/2237 1470/924/2237
f 1467/924/2238 1473/924/2239 1474/924/2240
f 1475/924/2241 1476/924/2242 1469/924/2243
f 1477/924/2244 1475/924/2245 1465/924/2246
f 1462/924/2247 1478/924/2248 1493/924/2249
f 1476/924/2250 1475/924/2251 1482/924/2252
f 1485/924/2253 1486/924/2254 1492/924/2255
f 1489/924/2256 1498/924/2257 1480/924/2258
f 1490/924/2259 1464/924/2260 1471/924/2261
f 1487/924/2262 1500/924/2263 1463/924/2264
f 1485/924/2265 1496/924/2266 1470/924/2267
f 1493/924/2268 1487/924/2269 1484/924/2270
f 1470/924/2271 1462/924/2272 1486/924/2273
f 1487/924/2274 1492/924/2275 1484/924/2276
f 1501/924/2277 1474/924/2278 1466/924/2279
f 1468/924/2280 1482/924/2281 1483/924/2282
f 1477/924/2283 1465/924/2284 1495/924/2285
f 1489/924/2286 1471/924/2287 1498/924/2288
f 1479/924/2289 1463/924/2290 1496/924/2291
f 1467/924/2292 1501/924/2293 1481/924/2294
f 1487/924/2295 1478/924/2296 1500/924/2297
f 1510/924/2298 1517/924/2299 1509/924/2300
f 143/924/2301 1535/924/2302 1539/924/2303
f 1512/924/2304 143/924/2305 1539/924/2305
f 1503/924/2306 1537/924/2307 1504/924/2308
f 1504/924/2309 1502/924/2309 1503/924/2309
f 1507/924/2310 1514/924/2311 1515/924/2312
f 1516/924/2313 1517/924/2314 1510/924/2315
f 1538/924/2316 1516/924/2317 1511/924/2318
f 1533/924/2319 1511/924/2320 1510/924/2321
f 1515/924/2322 1514/924/2323 1506/924/2324
f 1528/924/2325 1535/924/2326 143/924/2327
f 1529/924/2328 1519/924/2329 1504/924/2330
f 1503/924/2331 1502/924/2331 1530/924/2332
f 1506/924/2333 1513/924/2334 1522/924/2335
f 1533/924/2336 1518/924/2337 1532/924/2337
f 1517/924/2338 1516/924/2339 1518/924/2340
f 1533/924/2341 1505/924/2342 1511/924/2343
f 1537/924/2344 1503/924/2345 1520/924/2346
f 1533/924/2347 1532/924/2348 1534/924/2349
f 1526/924/2350 143/924/2351 1512/924/2352
f 1521/924/2353 1506/924/2354 1522/924/2355
f 1509/924/2356 1531/924/2357 1518/924/2358
f 1538/924/2359 1505/924/2360 1534/924/2361
f 1534/924/2362 1532/924/2363 1542/924/2364
f 1539/924/2365 1535/924/2366 1528/924/2367
f 1520/924/2368 1504/924/2369 1537/924/2370
f 1571/924/2371 1554/924/2372 1553/924/2373
f 1545/924/2374 1563/924/2375 1543/924/2376
f 1545/924/2377 1543/924/2377 1544/924/2377
f 1555/924/2378 1557/924/2379 1548/924/2380
f 1555/924/2381 1549/924/2382 1556/924/2383
f 1549/924/2384 1555/924/2385 1548/924/2386
f 1558/924/2387 1560/924/2388 1550/924/2389
f 1550/924/2390 1560/924/2391 1561/924/2392
f 1543/924/2393 1563/924/2394 1551/924/2395
f 1562/924/2396 1558/924/2396 1550/924/2396
f 1560/924/2397 1558/924/2398 1559/924/2399
f 1551/924/2400 1563/924/2401 1573/924/2402
f 1548/924/2403 1557/924/2404 1565/924/2405
f 1547/924/2406 1546/924/2407 1552/924/2408
f 1567/924/2409 1566/924/2409 1568/924/2410
f 1573/924/2411 1569/924/2412 1566/924/2413
f 1559/924/2414 1561/924/2415 1560/924/2416
f 1549/924/2417 1548/924/2418 1574/924/2419
f 1577/924/2420 1559/924/2421 1576/924/2422
f 1575/924/2423 1559/924/2424 1577/924/2425
f 1570/924/2426 1571/924/2427 1572/924/2428
f 1582/924/2429 1567/924/2430 1568/924/2431
f 1552/924/2432 1546/924/2433 1553/924/2434
f 1567/924/2435 1579/924/2436 1544/924/2437
f 1582/924/2438 1545/924/2439 1579/924/2440
f 1574/924/2441 1565/924/2442 1556/924/2443
f 1550/924/2444 1561/924/2445 1575/924/2446
f 1591/924/2447 1592/924/2448 1585/924/2448
f 1615/924/2449 1591/924/2450 1585/924/2451
f 1584/924/2452 1583/924/2452 1593/924/2452
f 1598/924/2453 1599/924/2454 1589/924/2455
f 1620/924/2456 1604/924/2457 1601/924/2458
f 1583/924/2459 1602/924/2460 1611/924/2461
f 1597/924/2462 1596/924/2463 1587/924/2464
f 1617/924/2465 1603/924/2466 1584/924/2467
f 1587/924/2468 1595/924/2469 1607/924/2470
f 1594/924/2471 1588/924/2472 1607/924/2473
f 1600/924/2474 1589/924/2475 1599/924/2476
f 1602/924/2477 1603/924/2478 1609/924/2479
f 1619/924/2480 1608/924/2481 1620/924/2482
f 1586/924/2483 1619/924/2484 1620/924/2485
f 1614/924/2486 1615/924/2487 1616/924/2488
f 1592/924/2489 1621/924/2490 1585/924/2491
f 1613/924/2492 1592/924/2493 1591/924/2494
f 1588/924/2495 1597/924/2496 1587/924/2497
f 1607/924/2498 1596/924/2499 1594/924/2500
f 1612/924/2501 1622/924/2502 1593/924/2503
f 1585/924/2504 1621/924/2505 1614/924/2506
f 1605/924/2507 1584/924/2508 1622/924/2509
f 1625/924/2510 1626/924/2511 1654/924/2512
f 1626/924/2513 1635/924/2514 1627/924/2515
f 1631/924/2516 1632/924/2517 1661/924/2518
f 1635/924/2519 1626/924/2520 1625/924/2520
f 1653/924/2521 1636/924/2522 1625/924/2523
f 1624/924/2524 1623/924/2524 1634/924/2524
f 1630/924/2525 1637/924/2526 1629/924/2527
f 1638/924/2528 1656/924/2529 1637/924/2530
f 1647/924/2531 1637/924/2532 1630/924/2533
f 1641/924/2534 1639/924/2534 1633/924/2535
f 1623/924/2536 1643/924/2537 1650/924/2538
f 1641/924/2539 1642/924/2540 1664/924/2541
f 1657/924/2542 1633/924/2543 1632/924/2544
f 1629/924/2545 1656/924/2546 1628/924/2547
f 1652/924/2548 1653/924/2549 1654/924/2550
f 1663/924/2551 1644/924/2552 1624/924/2553
f 1651/924/2554 1650/924/2554 1655/924/2555
f 1634/924/2556 1623/924/2557 1651/924/2558
f 1628/924/2559 1647/924/2560 1648/924/2561
f 1648/924/2562 1630/924/2563 1629/924/2564
f 1657/924/2565 1640/924/2566 1658/924/2567
f 1658/924/2568 1660/924/2569 1664/924/2570
f 1639/924/2571 1645/924/2572 1658/924/2573
f 1657/924/2574 1658/924/2575 1664/924/2576
f 1635/924/2577 1636/924/2578 1652/924/2579
f 1663/924/2580 1655/924/2581 1650/924/2582
f 1651/924/2583 1659/924/2584 1634/924/2585
f 1628/924/2586 1638/924/2587 1647/924/2588
f 1646/924/2589 1624/924/2590 1659/924/2591
f 1662/924/2592 1695/924/2593 1660/924/2594
f 1669/924/2595 1670/924/2596 1701/924/2597
f 1672/924/2598 1676/924/2599 1704/924/2600
f 1695/924/2601 1687/924/2602 1693/924/2603
f 1665/924/2604 1673/924/2604 1696/924/2605
f 1674/924/2606 1670/924/2606 1669/924/2606
f 1667/924/2607 1665/924/2607 1666/924/2607
f 1698/924/2608 1676/924/2609 1672/924/2610
f 1679/924/2611 1680/924/2612 1677/924/2613
f 1677/924/2614 1680/924/2615 1686/924/2616
f 1705/924/2617 1678/924/2618 1681/924/2619
f 1681/924/2620 1678/924/2621 1687/924/2622
f 1682/924/2623 1667/924/2624 1668/924/2625
f 1687/924/2626 1686/924/2627 1694/924/2628
f 1703/924/2629 1697/924/2630 1669/924/2631
f 1690/924/2632 1673/924/2633 1667/924/2634
f 1668/924/2635 1666/924/2636 1691/924/2637
f 1679/924/2638 1686/924/2639 1680/924/2640
f 1692/924/2641 1677/924/2642 1678/924/2643
f 1702/924/2644 1700/924/2645 1688/924/2646
f 1696/924/2647 1673/924/2648 1700/924/2649
f 1693/924/2650 1692/924/2650 1705/924/2651
f 1693/924/2652 1681/924/2653 1695/924/2654
f 1685/924/2655 1679/924/2656 1692/924/2657
f 1683/924/2658 1699/924/2659 1698/924/2660
f 1675/924/2661 1676/924/2662 1699/924/2663
f 1698/924/2664 1699/924/2665 1676/924/2666
f 1743/924/2667 1736/924/2668 1746/924/2669
f 1741/924/2670 1714/924/2671 1733/924/2672
f 1711/924/2673 1721/924/2673 1710/924/2674
f 1706/924/2675 1712/924/2675 1713/924/2676
f 1742/924/2677 1714/924/2677 1725/924/2678
f 1716/924/2679 1718/924/2680 1736/924/2681
f 1724/924/2682 1707/924/2683 1708/924/2684
f 1722/924/2685 1723/924/2686 1740/924/2687
f 1739/924/2688 1711/924/2689 1710/924/2690
f 1735/924/2691 1728/924/2692 1729/924/2693
f 1715/924/2694 1706/924/2695 1735/924/2696
f 1732/924/2697 1742/924/2698 1725/924/2699
f 1729/924/2700 1712/924/2701 1707/924/2702
f 1724/924/2703 1708/924/2704 1715/924/2705
f 1720/924/2706 1710/924/2707 1721/924/2708
f 1739/924/2709 1726/924/2710 1738/924/2710
f 1726/924/2711 1721/924/2712 1719/924/2713
f 1713/924/2714 1712/924/2715 1744/924/2716
f 1727/924/2717 1744/924/2718 1729/924/2719
f 1714/924/2720 1741/924/2721 1725/924/2722
f 1738/924/2723 1719/924/2724 1747/924/2725
f 1738/924/2726 1747/924/2727 1740/924/2728
f 1732/924/2729 1714/924/2730 1742/924/2731
f 1739/924/2732 1738/924/2733 1740/924/2734
f 1725/924/2735 1741/924/2736 1733/924/2737
f 1709/924/2738 1745/924/2739 1717/924/2740
f 1747/924/2741 1755/924/2742 1782/924/2743
f 120/924/2744 1758/924/2745 1750/924/2746
f 1774/924/2747 1783/924/2748 1750/924/2749
f 1749/924/2750 1764/924/2751 1748/924/2752
f 1749/924/2753 1748/924/2754 1756/924/2754
f 1759/924/2755 1778/924/2756 1754/924/2757
f 1768/924/2758 1779/924/2759 1762/924/2760
f 1780/924/2761 1765/924/2762 1763/924/2763
f 1748/924/2764 1764/924/2765 1757/924/2766
f 1763/924/2767 1768/924/2768 1755/924/2769
f 1748/924/2770 1757/924/2771 1770/924/2772
f 1759/924/2773 1751/924/2774 1767/924/2775
f 1782/924/2776 1755/924/2777 1762/924/2778
f 1773/924/2779 1758/924/2780 120/924/2781
f 1777/924/2782 1764/924/2783 1749/924/2784
f 1760/924/2785 1778/924/2786 1759/924/2787
f 1751/924/2788 1754/924/2789 1752/924/2790
f 1782/924/2791 1761/924/2792 1781/924/2793
f 1761/924/2794 1762/924/2795 1779/924/2796
f 1768/924/2797 1765/924/2798 1781/924/2799
f 1773/924/2800 1774/924/2801 1775/924/2802
f 1771/924/2803 1770/924/2804 1766/924/2805
f 1782/924/2806 1781/924/2807 1780/924/2808
f 1774/924/2809 120/924/2810 1783/924/2811
f 1750/924/2812 1758/924/2813 1776/924/2814
f 1753/924/2815 1760/924/2816 1767/924/2817
f 1766/924/2818 1749/924/2819 1784/924/2820
f 1786/924/2821 1761/924/2822 1782/924/2823
f 1789/924/2824 1801/924/2825 1787/924/2826
f 1789/924/2827 1787/924/2828 1788/924/2828
f 1816/924/2829 1790/924/2830 1788/924/2831
f 1816/924/2832 1788/924/2833 1813/924/2834
f 1797/924/2835 1817/924/2836 1819/924/2837
f 1796/924/2838 1818/924/2839 1795/924/2840
f 1799/924/2841 1818/924/2842 1796/924/2843
f 1800/924/2844 1796/924/2845 1808/924/2846
f 1802/924/2847 1789/924/2848 1790/924/2849
f 1823/924/2850 1803/924/2851 1804/924/2852
f 1797/924/2853 1805/924/2854 1806/924/2855
f 1820/924/2856 1808/924/2857 1795/924/2858
f 1813/924/2859 1811/924/2860 1812/924/2861
f 1826/924/2862 1814/924/2863 1815/924/2864
f 1826/924/2865 1791/924/2866 1792/924/2867
f 1812/924/2868 1801/924/2869 1789/924/2870
f 1798/924/2871 1817/924/2872 1797/924/2873
f 1806/924/2874 1805/924/2875 1819/924/2876
f 1820/924/2877 1807/924/2878 1821/924/2878
f 1796/924/2879 1800/924/2880 1821/924/2881
f 1802/924/2882 1790/924/2883 1816/924/2884
f 1820/924/2885 1821/924/2886 1822/924/2887
f 1788/924/2888 1787/924/2889 1811/924/2890
f 1810/924/2891 1825/924/2892 1812/924/2893
f 1800/924/2894 1808/924/2895 1822/924/2896
f 1807/924/2897 1799/924/2898 1821/924/2899
f 1822/924/2900 1821/924/2901 1827/924/2902
f 1814/924/2903 1792/924/2904 1823/924/2905
f 1803/924/2906 1791/924/2907 1815/924/2908
f 1838/924/2909 1830/924/2910 1829/924/2911
f 1832/924/2912 1840/924/2913 1831/924/2914
f 1840/924/2915 1832/924/2916 1841/924/2917
f 1839/924/2918 1828/924/2919 1829/924/2919
f 1861/924/2920 1830/924/2921 1838/924/2922
f 1861/924/2923 1838/924/2924 1856/924/2925
f 1849/924/2926 1843/924/2927 1834/924/2928
f 1849/924/2929 1834/924/2930 1866/924/2931
f 1851/924/2932 1844/924/2933 1836/924/2934
f 1846/924/2935 1845/924/2936 1868/924/2937
f 1845/924/2938 1851/924/2939 1837/924/2940
f 1828/924/2941 1853/924/2942 1855/924/2943
f 1841/924/2944 1832/924/2945 1831/924/2946
f 1859/924/2947 1840/924/2948 1848/924/2949
f 1842/924/2950 1843/924/2951 1849/924/2952
f 1866/924/2953 1834/924/2954 1862/924/2955
f 1835/924/2956 1852/924/2957 1863/924/2958
f 1836/924/2959 1844/924/2960 1852/924/2961
f 1851/924/2962 1846/924/2963 1863/924/2964
f 1858/924/2965 1859/924/2966 1860/924/2967
f 1857/924/2968 1867/924/2969 1855/924/2970
f 1863/924/2971 1868/924/2972 1865/924/2973
f 1880/924/2974 1871/924/2975 1907/924/2976
f 1896/924/2977 1881/924/2978 1907/924/2979
f 1874/924/2980 1898/924/2981 1905/924/2982
f 1869/924/2983 1903/924/2984 1890/924/2985
f 1887/924/2986 1899/924/2987 1878/924/2988
f 1902/924/2989 1878/924/2990 1877/924/2991
f 1893/924/2992 1894/924/2993 1892/924/2994
f 1894/924/2995 1891/924/2996 1892/924/2997
f 1879/924/2998 1869/924/2999 1894/924/3000
f 1905/924/3001 1898/924/3002 1873/924/3003
f 1872/924/3004 1871/924/3005 1880/924/3006
f 1904/924/3007 1879/924/3008 1893/924/3009
f 1882/924/3010 1898/924/3011 1874/924/3012
f 1883/924/3013 1877/924/3014 1884/924/3015
f 1876/924/3016 1883/924/3017 1902/924/3018
f 1901/924/3019 1906/924/3020 1900/924/3021
f 1902/924/3022 1887/924/3023 1878/924/3024
f 1903/924/3025 1885/924/3026 1909/924/3027
f 1891/924/3028 1885/924/3029 1870/924/3030
f 1895/924/3031 1896/924/3032 1897/924/3033
f 1890/924/3034 1909/924/3035 1891/924/3036
f 1895/924/3037 1880/924/3038 1881/924/3039
f 1875/924/3040 1905/924/3041 1873/924/3042
f 1889/924/3043 1883/924/3044 1901/924/3045
f 1886/924/3046 1870/924/3047 1904/924/3048
f 1908/924/3049 1906/924/3050 1913/924/3051
f 1928/924/3052 1919/924/3053 1911/924/3054
f 1922/924/3055 1924/924/3056 1946/924/3057
f 1924/924/3058 1922/924/3059 1923/924/3060
f 1930/924/3061 1922/924/3062 1916/924/3063
f 1916/924/3064 1922/924/3065 1946/924/3066
f 1931/924/3067 1927/924/3068 1926/924/3069
f 1919/924/3070 1928/924/3071 1920/924/3072
f 1949/924/3073 1925/924/3074 1917/924/3075
f 1919/924/3076 1920/924/3077 1936/924/3078
f 1941/924/3079 1917/924/3080 1948/924/3081
f 1920/924/3082 1928/924/3083 1951/924/3084
f 1946/924/3085 1924/924/3086 1915/924/3087
f 1934/924/3088 1945/924/3089 1918/924/3090
f 1948/924/3091 1927/924/3092 1931/924/3093
f 1942/924/3094 1926/924/3095 1925/924/3096
f 1941/924/3097 1931/924/3098 1942/924/3099
f 1943/924/3100 1942/924/3101 1944/924/3102
f 1937/924/3103 1947/924/3104 1921/924/3105
f 1935/924/3106 1932/924/3107 1933/924/3108
f 1915/924/3109 1923/924/3110 1930/924/3111
f 1929/924/3112 1911/924/3113 1945/924/3114
f 1953/924/3115 1990/924/3115 1976/924/3116
f 1968/924/3117 1967/924/3118 1969/924/3119
f 1967/924/3120 1956/924/3120 1969/924/3121
f 1984/924/3122 1968/924/3123 1969/924/3124
f 1966/924/3125 1991/924/3126 1954/924/3127
f 1973/924/3128 1992/924/3129 1962/924/3130
f 1986/924/3131 1975/924/3132 1965/924/3133
f 1975/924/3134 1973/924/3135 1965/924/3135
f 1987/924/3136 1964/924/3137 1963/924/3138
f 1987/924/3139 1965/924/3140 1964/924/3141
f 1966/924/3142 1953/924/3143 1981/924/3144
f 1957/924/3145 1972/924/3146 1958/924/3147
f 1969/924/3148 1956/924/3149 1955/924/3150
f 1982/924/3151 1990/924/3152 1954/924/3153
f 1981/924/3154 1991/924/3155 1966/924/3156
f 1958/924/3157 1971/924/3158 1978/924/3159
f 1971/924/3160 1972/924/3161 1970/924/3162
f 1983/924/3163 1984/924/3164 1985/924/3165
f 1981/924/3166 1980/924/3167 1977/924/3168
f 1983/924/3169 1967/924/3170 1968/924/3171
f 1982/924/3172 1980/924/3173 1979/924/3174
f 1993/924/3175 1958/924/3176 1978/924/3177
f 1960/924/3178 1992/924/3179 1974/924/3180
f 1988/924/3181 1987/924/3182 1986/924/3183
f 1977/924/3184 1954/924/3185 1991/924/3186
f 1982/924/3187 1976/924/3188 1990/924/3189
f 2012/924/3190 1997/924/3191 2003/924/3192
f 2004/924/3193 1998/924/3194 2013/924/3195
f 2030/924/3196 1995/924/3197 1996/924/3198
f 2003/924/3199 2002/924/3200 2018/924/3201
f 2005/924/3202 2008/924/3203 1999/924/3204
f 2009/924/3205 2028/924/3205 2001/924/3206
f 2016/924/3207 2010/924/3208 2028/924/3209
f 2033/924/3210 2009/924/3211 2001/924/3212
f 1999/924/3213 2008/924/3214 2014/924/3215
f 2022/924/3216 2034/924/3217 2013/924/3218
f 2021/924/3219 1998/924/3220 2004/924/3221
f 2002/924/3222 1995/924/3223 2017/924/3224
f 2014/924/3225 2007/924/3226 2015/924/3227
f 2015/924/3228 2006/924/3229 2005/924/3230
f 2027/924/3231 2016/924/3232 2026/924/3232
f 2026/924/3233 2028/924/3234 2009/924/3235
f 2000/924/3236 2016/924/3237 2027/924/3238
f 2027/924/3239 2011/924/3240 2001/924/3241
f 2032/924/3242 2030/924/3243 2036/924/3244
f 2027/924/3245 2026/924/3246 2031/924/3247
f 2021/924/3248 2022/924/3249 2023/924/3250
f 2019/924/3251 2025/924/3252 2017/924/3253
f 2005/924/3254 1999/924/3255 2014/924/3256
f 2033/924/3257 2011/924/3258 2031/924/3259
f 2022/924/3260 2004/924/3261 2034/924/3262
f 2013/924/3263 1998/924/3264 2024/924/3265
f 2014/924/3266 2037/924/3267 2007/924/3268
f 2001/924/3269 2035/924/3270 2000/924/3271
f 2072/924/3272 2052/924/3273 2058/924/3274
f 2043/924/3275 2044/924/3276 2055/924/3277
f 2040/924/3278 2038/924/3279 2039/924/3279
f 2047/924/3280 2049/924/3281 2045/924/3282
f 2038/924/3283 2053/924/3284 2073/924/3285
f 2051/924/3286 2052/924/3287 2072/924/3288
f 2070/924/3289 2050/924/3290 2057/924/3291
f 2068/924/3292 2058/924/3293 2048/924/3294
f 2073/924/3295 2053/924/3296 2062/924/3297
f 2046/924/3298 2045/924/3299 2049/924/3300
f 2065/924/3301 2074/924/3302 2055/924/3303
f 2055/924/3304 2044/924/3305 2066/924/3306
f 2044/924/3307 2043/924/3308 2064/924/3309
f 2060/924/3310 2059/924/3310 2061/924/3311
f 2041/924/3312 2039/924/3313 2063/924/3314
f 2039/924/3315 2038/924/3316 2060/924/3317
f 2069/924/3318 2057/924/3319 2071/924/3319
f 2076/924/3320 2048/924/3321 2070/924/3322
f 2071/924/3323 2077/924/3324 2072/924/3325
f 2063/924/3326 2060/924/3327 2054/924/3328
f 2046/924/3329 2042/924/3330 2045/924/3331
f 2062/924/3332 2079/924/3333 2061/924/3334
f 2078/924/3335 2043/924/3336 2074/924/3337
f 2069/924/3338 2071/924/3339 2072/924/3340
f 2054/924/3341 2060/924/3342 2061/924/3343
f 2046/924/3344 2049/924/3345 2056/924/3346
f 2047/924/3347 2042/924/3348 2067/924/3349
f 2075/924/3350 2118/924/3351 2077/924/3352
f 2083/924/3353 2089/924/3354 2110/924/3355
f 2119/924/3356 2089/924/3357 2099/924/3358
f 2092/924/3359 2090/924/3360 2091/924/3361
f 2090/924/3362 2092/924/3363 2084/924/3364
f 2101/924/3365 2090/924/3366 2085/924/3367
f 2094/924/3368 2087/924/3368 2103/924/3369
f 2094/924/3370 2095/924/3371 2117/924/3372
f 2093/924/3373 2087/924/3374 2102/924/3375
f 2115/924/3376 2103/924/3377 2086/924/3378
f 2109/924/3379 2119/924/3380 2099/924/3381
f 2108/924/3382 2096/924/3383 2081/924/3384
f 2098/924/3385 2120/924/3386 2088/924/3387
f 2091/924/3388 2084/924/3389 2092/924/3390
f 2086/924/3391 2093/924/3392 2102/924/3393
f 2115/924/3394 2102/924/3394 2116/924/3394
f 2116/924/3395 2123/924/3396 2117/924/3397
f 2087/924/3398 2097/924/3399 2116/924/3400
f 2089/924/3401 2083/924/3402 2099/924/3403
f 2108/924/3404 2113/924/3405 2106/924/3406
f 2082/924/3407 2100/924/3408 2101/924/3409
f 2117/924/3410 2095/924/3411 2118/924/3412
f 2109/924/3413 2089/924/3414 2119/924/3415
f 2115/924/3416 2116/924/3417 2117/924/3418
f 2105/924/3419 2122/924/3420 2108/924/3421
f 2099/924/3422 2083/924/3423 2110/924/3424
f 2098/924/3425 2081/924/3426 2120/924/3427
f 2114/924/3428 2102/924/3429 2115/924/3430
f 2121/924/3431 2130/924/3432 2123/924/3433
f 2132/924/3434 2138/924/3435 2129/924/3436
f 2126/924/3437 2124/924/3438 2125/924/3438
f 2135/924/3439 2136/924/3440 2128/924/3441
f 2136/924/3442 2137/924/3443 2128/924/3444
f 2153/924/3445 2135/924/3446 2128/924/3447
f 2126/924/3448 2144/924/3449 2124/924/3450
f 2139/924/3451 2140/924/3452 2138/924/3453
f 2138/924/3454 2140/924/3455 2129/924/3456
f 2147/924/3457 2142/924/3458 2159/924/3459
f 2159/924/3460 2142/924/3461 2161/924/3462
f 2145/924/3463 2126/924/3464 2127/924/3465
f 2138/924/3466 2132/924/3467 2146/924/3468
f 2158/924/3469 2148/924/3470 2161/924/3471
f 2152/924/3472 2137/924/3473 2136/924/3474
f 2156/924/3475 2144/924/3476 2126/924/3477
f 2145/924/3478 2127/924/3479 2125/924/3480
f 2125/924/3481 2124/924/3482 2150/924/3483
f 2158/924/3484 2147/924/3485 2160/924/3486
f 2160/924/3487 2159/924/3488 2141/924/3489
f 2161/924/3490 2142/924/3491 2147/924/3492
f 2160/924/3493 2163/924/3494 2164/924/3495
f 2141/924/3496 2143/924/3497 2164/924/3498
f 2158/924/3499 2160/924/3499 2164/924/3500
f 2152/924/3501 2153/924/3502 2154/924/3503
f 2124/924/3504 2144/924/3505 2134/924/3506
f 2164/924/3507 2143/924/3508 2130/924/3509
f 2128/924/3510 2137/924/3511 2155/924/3512
f 2173/924/3513 2179/924/3514 2172/924/3515
f 2177/924/3516 2178/924/3517 2170/924/3518
f 2183/924/3519 2180/924/3520 2204/924/3521
f 2180/924/3522 2174/924/3522 2188/924/3523
f 2165/924/3524 2181/924/3525 2190/924/3526
f 2184/924/3527 2166/924/3528 2167/924/3529
f 2197/924/3530 2188/924/3531 2173/924/3532
f 2198/924/3533 2168/924/3534 2194/924/3535
f 2168/924/3536 2176/924/3537 2192/924/3538
f 2202/924/3539 2182/924/3540 2166/924/3541
f 2184/924/3542 2167/924/3543 2175/924/3544
f 2175/924/3545 2165/924/3546 2191/924/3547
f 2197/924/3548 2187/924/3548 2196/924/3548
f 2174/924/3549 2183/924/3550 2196/924/3551
f 2197/924/3552 2180/924/3553 2188/924/3554
f 2192/924/3555 2176/924/3556 2169/924/3557
f 2171/924/3558 2170/924/3559 2185/924/3560
f 2193/924/3561 2169/924/3562 2198/924/3563
f 2196/924/3564 2204/924/3565 2199/924/3566
f 2186/924/3567 2178/924/3568 2177/924/3569
f 2223/924/3570 2209/924/3571 2233/924/3572
f 2215/924/3573 2210/924/3574 2223/924/3575
f 2214/924/3576 2208/924/3577 2207/924/3578
f 2219/924/3579 2220/924/3580 2213/924/3581
f 2206/924/3582 2240/924/3583 2226/924/3584
f 2205/924/3585 2226/924/3586 2227/924/3587
f 2227/924/3588 2230/924/3589 2229/924/3590
f 2232/924/3591 2215/924/3592 2223/924/3593
f 2231/924/3594 2209/924/3595 2210/924/3596
f 2229/924/3597 2206/924/3598 2207/924/3599
f 2214/924/3600 2205/924/3601 2228/924/3602
f 2224/924/3603 2244/924/3604 2218/924/3605
f 2211/924/3606 2216/924/3607 2244/924/3608
f 2225/924/3609 2212/924/3610 2220/924/3611
f 2238/924/3612 2221/924/3613 2213/924/3614
f 2245/924/3615 2230/924/3616 2227/924/3617
f 2226/924/3618 2240/924/3619 2230/924/3620
f 2208/924/3621 2214/924/3622 2222/924/3623
f 2231/924/3624 2232/924/3625 2233/924/3626
f 2222/924/3627 2228/924/3628 2229/924/3629
f 2231/924/3630 2210/924/3631 2215/924/3632
f 2243/924/3633 2221/924/3634 2241/924/3635
f 2210/924/3636 2209/924/3637 2223/924/3638
f 2236/924/3639 2225/924/3640 2238/924/3641
f 2217/924/3642 2242/924/3643 2235/924/3644
f 2213/924/3645 2212/924/3646 2236/924/3647
f 2248/924/3648 2251/924/3649 2263/924/3650
f 2255/924/3651 2252/924/3652 2254/924/3653
f 2262/924/3654 2246/924/3655 2247/924/3656
f 2258/924/3657 2256/924/3658 2257/924/3659
f 2284/924/3660 2277/924/3661 2259/924/3662
f 2259/924/3663 2277/924/3664 2260/924/3665
f 2246/924/3666 2262/924/3667 2267/924/3668
f 2249/924/3669 2259/924/3670 2266/924/3671
f 2246/924/3672 2267/924/3673 2269/924/3674
f 2272/924/3675 2253/924/3676 2252/924/3677
f 2270/924/3678 2269/924/3678 2271/924/3679
f 2278/924/3680 2284/924/3681 2282/924/3682
f 2276/924/3683 2284/924/3684 2278/924/3685
f 2284/924/3686 2260/924/3687 2277/924/3688
f 2259/924/3689 2261/924/3690 2282/924/3691
f 2278/924/3692 2249/924/3693 2266/924/3694
f 2271/924/3695 2262/924/3696 2247/924/3697
f 2272/924/3698 2252/924/3699 2255/924/3700
f 2279/924/3701 2250/924/3702 2264/924/3703
f 2269/924/3704 2285/924/3705 2271/924/3706
f 2268/924/3707 2285/924/3708 2269/924/3709
f 2263/924/3710 2270/924/3711 2271/924/3712
f 2264/924/3713 2257/924/3714 2265/924/3715
f 2254/924/3716 2253/924/3717 2274/924/3718
f 2266/924/3719 2260/924/3720 2276/924/3721
f 2292/924/3722 2293/924/3723 2317/924/3724
f 2295/924/3725 2290/924/3726 2289/924/3727
f 2287/924/3728 2300/924/3729 2299/924/3730
f 2294/924/3731 2288/924/3732 2287/924/3733
f 2296/924/3734 2316/924/3735 2293/924/3736
f 2296/924/3737 2292/924/3738 2304/924/3739
f 2297/924/3740 2320/924/3741 2323/924/3740
f 2301/924/3742 2298/924/3743 2325/924/3744
f 2298/924/3745 2297/924/3746 2306/924/3747
f 2303/924/3748 2289/924/3749 2315/924/3750
f 2322/924/3751 2306/924/3752 2323/924/3753
f 2308/924/3754 2311/924/3755 2310/924/3756
f 2294/924/3757 2286/924/3758 2309/924/3759
f 2312/924/3760 2315/924/3761 2314/924/3761
f 2309/924/3762 2308/924/3762 2310/924/3763
f 2324/924/3764 2293/924/3765 2316/924/3766
f 2323/924/3767 2320/924/3768 2305/924/3769
f 2318/924/3770 2305/924/3771 2322/924/3772
f 2297/924/3773 2301/924/3774 2319/924/3775
f 2322/924/3776 2298/924/3777 2306/924/3778
f 2302/924/3779 2288/924/3780 2294/924/3781
f 2322/924/3782 2319/924/3782 2321/924/3783
f 2312/924/3784 2295/924/3785 2303/924/3786
f 2319/924/3787 2325/924/3788 2321/924/3789
f 2302/924/3790 2309/924/3791 2310/924/3792
f 2312/924/3793 2313/924/3794 2315/924/3795
f 2301/924/3796 2297/924/3797 2298/924/3798
f 2354/924/3799 2328/924/3800 2327/924/3801
f 2332/924/3802 2361/924/3803 2331/924/3804
f 2335/924/3805 2353/924/3806 2329/924/3807
f 2327/924/3808 2346/924/3809 2326/924/3810
f 2327/924/3811 2326/924/3812 2354/924/3812
f 2365/924/3813 2337/924/3814 2336/924/3815
f 2345/924/3816 2336/924/3817 2330/924/3818
f 2333/924/3819 2339/924/3820 2361/924/3821
f 2340/924/3822 2331/924/3823 2339/924/3824
f 2326/924/3825 2346/924/3826 2342/924/3827
f 2341/924/3828 2339/924/3829 2333/924/3830
f 2364/924/3831 2327/924/3832 2328/924/3833
f 2358/924/3834 2333/924/3835 2361/924/3836
f 2351/924/3837 2360/924/3838 2329/924/3839
f 2353/924/3840 2335/924/3841 2350/924/3842
f 2366/924/3843 2346/924/3844 2327/924/3845
f 2349/924/3846 2328/924/3847 2354/924/3848
f 2354/924/3849 2326/924/3850 2343/924/3851
f 2344/924/3852 2365/924/3853 2345/924/3854
f 2355/924/3855 2344/924/3856 2345/924/3857
f 2356/924/3858 2359/924/3859 2357/924/3860
f 2358/924/3861 2341/924/3862 2333/924/3863
f 2358/924/3864 2356/924/3864 2357/924/3865
f 2347/924/3866 2363/924/3867 2348/924/3868
f 2334/924/3869 2352/924/3870 2351/924/3871
f 2330/924/3872 2338/924/3873 2344/924/3874
f 2352/924/3875 2335/924/3876 2360/924/3877
f 2329/924/3878 2353/924/3879 2350/924/3880
f 2362/924/3881 2377/924/3882 2359/924/3883
f 2381/924/3884 2369/924/3885 2391/924/3886
f 2374/924/3887 2402/924/3888 2368/924/3889
f 2379/924/3890 2367/924/3891 2368/924/3892
f 2376/924/3893 2397/924/3894 2383/924/3895
f 2383/924/3896 2397/924/3897 2373/924/3898
f 2376/924/3899 2383/924/3900 2377/924/3901
f 2367/924/3902 2378/924/3903 2384/924/3904
f 2367/924/3905 2379/924/3906 2378/924/3907
f 2399/924/3908 2383/924/3909 2373/924/3910
f 2385/924/3911 2388/924/3912 2387/924/3913
f 2400/924/3914 2394/924/3915 2371/924/3916
f 2390/924/3917 2401/924/3918 2381/924/3919
f 2369/924/3920 2370/924/3921 2392/924/3922
f 2386/924/3923 2385/924/3923 2387/924/3924
f 2386/924/3925 2402/924/3926 2374/924/3927
f 2374/924/3928 2367/924/3929 2386/924/3930
f 2399/924/3931 2405/924/3932 2396/924/3933
f 2396/924/3934 2397/924/3935 2376/924/3936
f 2405/924/3937 2373/924/3938 2397/924/3939
f 2376/924/3940 2377/924/3941 2398/924/3942
f 2399/924/3943 2377/924/3944 2383/924/3945
f 2387/924/3946 2379/924/3947 2368/924/3948
f 2389/924/3949 2390/924/3950 2391/924/3951
f 2390/924/3952 2370/924/3953 2401/924/3954
f 2382/924/3955 2394/924/3956 2375/924/3957
f 2370/924/3958 2369/924/3959 2381/924/3960
f 2380/924/3961 2368/924/3962 2402/924/3963
f 2395/924/3964 2405/924/3965 2399/924/3966
f 2412/924/3967 2409/924/3968 2438/924/3969
f 2412/924/3970 2418/924/3971 2409/924/3972
f 2416/924/3973 2411/924/3974 2425/924/3975
f 2407/924/3976 2423/924/3977 2444/924/3978
f 2446/924/3979 2419/924/3980 2417/924/3981
f 2418/924/3982 2419/924/3983 2409/924/3984
f 2445/924/3985 2418/924/3986 2412/924/3987
f 2439/924/3988 2440/924/3989 2428/924/3990
f 2428/924/3991 2440/924/3992 2414/924/3993
f 2406/924/3994 2444/924/3995 2433/924/3996
f 2424/924/3997 2407/924/3998 2408/924/3999
f 2428/924/4000 2414/924/4001 2413/924/4002
f 2433/924/4003 2432/924/4004 2431/924/4005
f 2437/924/4006 2416/924/4007 2425/924/4008
f 2415/924/4009 2406/924/4010 2429/924/4011
f 2426/924/4012 2446/924/4013 2427/924/4014
f 2409/924/4015 2419/924/4016 2446/924/4017
f 2442/924/4018 2440/924/4019 2439/924/4020
f 2420/924/4021 2414/924/4022 2440/924/4023
f 2439/924/4024 2421/924/4025 2442/924/4026
f 2443/924/4027 2422/924/4028 2428/924/4029
f 2408/924/4030 2415/924/4031 2424/924/4032
f 2429/924/4033 2431/924/4034 2424/924/4035
f 2413/924/4036 2420/924/4037 2442/924/4038
f 2417/924/4039 2445/924/4040 2427/924/4041
f 2425/924/4042 2410/924/4043 2436/924/4044
f 2445/924/4045 2417/924/4046 2418/924/4047
f 2461/924/4048 2450/924/4049 2469/924/4050
f 2483/924/4051 2474/924/4052 2473/924/4053
f 2482/924/4054 2455/924/4055 2461/924/4056
f 2455/924/4057 2450/924/4058 2461/924/4059
f 2449/924/4060 2479/924/4061 2447/924/4062
f 2472/924/4063 2454/924/4064 2468/924/4065
f 2457/924/4066 2458/924/4067 2456/924/4068
f 2456/924/4069 2458/924/4070 2474/924/4071
f 2484/924/4072 2459/924/4073 2453/924/4074
f 2451/924/4075 2453/924/4076 2464/924/4077
f 2471/924/4078 2449/924/4079 2448/924/4080
f 2467/924/4081 2479/924/4082 2449/924/4083
f 2454/924/4084 2447/924/4085 2466/924/4086
f 2481/924/4087 2478/924/4088 2453/924/4089
f 2460/924/4090 2448/924/4091 2472/924/4092
f 2465/924/4093 2485/924/4094 2466/924/4095
f 2484/924/4096 2478/924/4097 2481/924/4098
f 2475/924/4099 2476/924/4100 2481/924/4101
f 2470/924/4102 2455/924/4103 2482/924/4104
f 2456/924/4105 2483/924/4106 2473/924/4107
f 2485/924/4108 2480/924/4109 2479/924/4110
f 2486/924/4111 2470/924/4112 2469/924/4113
f 2491/924/4114 2496/924/4115 2519/924/4116
f 2489/924/4117 2488/924/4117 2514/924/4117
f 2514/924/4118 2524/924/4119 2489/924/4120
f 2489/924/4121 2525/924/4122 2506/924/4123
f 2515/924/4124 2516/924/4125 2496/924/4126
f 2496/924/4127 2516/924/4128 2519/924/4129
f 2488/924/4130 2506/924/4131 2507/924/4132
f 2496/924/4133 2491/924/4134 2502/924/4135
f 2493/924/4136 2505/924/4137 2504/924/4138
f 2509/924/4139 2512/924/4140 2511/924/4141
f 2509/924/4142 2494/924/4143 2495/924/4144
f 2511/924/4145 2490/924/4146 2494/924/4147
f 2497/924/4148 2525/924/4149 2489/924/4150
f 2514/924/4151 2488/924/4152 2513/924/4153
f 2501/924/4154 2515/924/4155 2502/924/4156
f 2515/924/4157 2519/924/4158 2516/924/4159
f 2517/924/4160 2501/924/4161 2502/924/4162
f 2491/924/4163 2519/924/4164 2517/924/4165
f 2522/924/4166 2492/924/4167 2505/924/4168
f 2524/924/4169 2514/924/4170 2499/924/4171
f 2522/924/4172 2520/924/4172 2521/924/4172
f 2507/924/4173 2497/924/4174 2508/924/4175
f 2497/924/4176 2498/924/4177 2508/924/4178
f 2499/924/4179 2513/924/4180 2498/924/4181
f 2499/924/4182 2489/924/4183 2524/924/4184
f 2497/924/4185 2506/924/4186 2525/924/4187
f 2513/924/4188 2508/924/4189 2498/924/4190
f 2532/924/4191 2533/924/4192 2546/924/4193
f 2528/924/4194 2551/924/4195 2527/924/4196
f 2539/924/4197 2532/924/4198 2546/924/4199
f 2528/924/4200 2527/924/4201 2529/924/4201
f 2560/924/4202 2557/924/4203 2534/924/4204
f 2537/924/4205 2567/924/4206 2536/924/4207
f 2543/924/4208 2544/924/4209 2530/924/4210
f 2527/924/4211 2571/924/4212 2556/924/4213
f 2549/924/4214 2567/924/4215 2537/924/4216
f 2552/924/4217 2528/924/4218 2529/924/4219
f 2556/924/4220 2555/924/4221 2553/924/4222
f 2570/924/4223 57/924/4224 2546/924/4225
f 2541/924/4226 2538/924/4227 2539/924/4228
f 2533/924/4229 2531/924/4230 2540/924/4231
f 2554/924/4232 2553/924/4232 2552/924/4233
f 2554/924/4234 2529/924/4235 2558/924/4236
f 2558/924/4237 2527/924/4238 2554/924/4239
f 2547/924/4240 2542/924/4241 2548/924/4242
f 2542/924/4243 2557/924/4244 2560/924/4245
f 2566/924/4246 2549/924/4247 2562/924/4248
f 2561/924/4249 2549/924/4250 2566/924/4251
f 2562/924/4252 2569/924/4253 2543/924/4254
f 2537/924/4255 2563/924/4256 2562/924/4257
f 2566/924/4258 2530/924/4259 2550/924/4260
f 2566/924/4261 2562/924/4261 2564/924/4261
f 2541/924/4262 2570/924/4263 2546/924/4264
f 2527/924/4265 2551/924/4266 2571/924/4267
f 2547/924/4268 2535/924/4269 2534/924/4270
f 2536/924/4271 2567/924/4272 2549/924/4273
f 2541/924/4274 2540/924/4275 2538/924/4276
f 2562/924/4277 2543/924/4278 2564/924/4279
f 2541/924/4280 2539/924/4281 2570/924/4282
f 2550/924/4283 2536/924/4284 2561/924/4285
f 2556/924/4286 2571/924/4287 2551/924/4288
f 2568/924/4289 2576/924/4290 2569/924/4291
f 2580/924/4292 2575/924/4293 2593/924/4294
f 2573/924/4295 2572/924/4295 2595/924/4295
f 2609/924/4296 2594/924/4297 2580/924/4298
f 2595/924/4299 2574/924/4300 2573/924/4301
f 2583/924/4302 2581/924/4303 2597/924/4304
f 2584/924/4305 2603/924/4306 2587/924/4307
f 2605/924/4308 2584/924/4309 2576/924/4310
f 2601/924/4311 2588/924/4312 2587/924/4313
f 2591/924/4314 2575/924/4315 2579/924/4316
f 2608/924/4317 2578/924/4318 2573/924/4319
f 2590/924/4320 2589/924/4320 2602/924/4321
f 2590/924/4322 2574/924/4323 2595/924/4324
f 2595/924/4325 2572/924/4326 2590/924/4327
f 2581/924/4328 2583/924/4329 2586/924/4330
f 2582/924/4331 2604/924/4332 2581/924/4333
f 2583/924/4334 2597/924/4335 2596/924/4336
f 2610/924/4337 2607/924/4338 2601/924/4339
f 2601/924/4340 2576/924/4341 2588/924/4342
f 2601/924/4343 2598/924/4344 2599/924/4345
f 2608/924/4346 2602/924/4347 2589/924/4348
f 2587/924/4349 2603/924/4350 2607/924/4351
f 2605/924/4352 2576/924/4353 2600/924/4354
f 2594/924/4355 2579/924/4356 2580/924/4357
f 2606/924/4358 2608/924/4359 2589/924/4360
f 2582/924/4361 2597/924/4362 2604/924/4363
f 2618/924/4364 2617/924/4365 2628/924/4366
f 2613/924/4367 2612/924/4367 2623/924/4367
f 2649/924/4368 2618/924/4369 2628/924/4370
f 2631/924/4371 2643/924/4372 2622/924/4373
f 2620/924/4374 2615/924/4375 2630/924/4376
f 2651/924/4377 2613/924/4378 2614/924/4379
f 2639/924/4380 2649/924/4381 2628/924/4382
f 2628/924/4383 2617/924/4384 2640/924/4385
f 2650/924/4386 2624/924/4387 2613/924/4388
f 2637/924/4389 2614/924/4390 2623/924/4391
f 2623/924/4392 2612/924/4393 2637/924/4394
f 2642/924/4395 2629/924/4396 2630/924/4397
f 2626/924/4398 2625/924/4399 2620/924/4400
f 2650/924/4401 2651/924/4402 2636/924/4403
f 2615/924/4404 2619/924/4405 2629/924/4406
f 2648/924/4407 2616/924/4408 2647/924/4409
f 2639/924/4410 2618/924/4411 2649/924/4412
f 2635/924/4413 2650/924/4414 2636/924/4415
f 2665/924/4416 2655/924/4417 2679/924/4418
f 2653/924/4419 2652/924/4419 2654/924/4419
f 2660/924/4420 2657/924/4421 2665/924/4422
f 2682/924/4423 2686/924/4424 2661/924/4425
f 2682/924/4426 2661/924/4427 2656/924/4428
f 2692/924/4429 2687/924/4430 2663/924/4431
f 2685/924/4432 2671/924/4433 2670/924/4434
f 2678/924/4435 2660/924/4436 2665/924/4437
f 2655/924/4438 2657/924/4439 2677/924/4440
f 2693/924/4441 2658/924/4442 2653/924/4443
f 2654/924/4444 2652/924/4445 2675/924/4446
f 2667/924/4447 2686/924/4448 2682/924/4449
f 2656/924/4450 2661/924/4451 2681/924/4452
f 2685/924/4453 2669/924/4453 2683/924/4453
f 2683/924/4454 2689/924/4455 2684/924/4456
f 2662/924/4457 2664/924/4458 2684/924/4459
f 2685/924/4460 2664/924/4461 2671/924/4462
f 2677/924/4463 2657/924/4464 2660/924/4465
f 2670/924/4466 2687/924/4467 2692/924/4468
f 2690/924/4469 2692/924/4470 2669/924/4471
f 2673/924/4472 2688/924/4473 2674/924/4474
f 2657/924/4475 2655/924/4476 2665/924/4477
f 2667/924/4478 2661/924/4479 2686/924/4480
f 2691/924/4481 2653/924/4482 2659/924/4483
f 2697/924/4484 2705/924/4485 2724/924/4486
f 2695/924/4487 2694/924/4487 2701/924/4487
f 2717/924/4488 2721/924/4489 2703/924/4490
f 2705/924/4491 2718/924/4492 2724/924/4493
f 2725/924/4494 2723/924/4495 2710/924/4496
f 2700/924/4497 2712/924/4498 2711/924/4499
f 2713/924/4500 2706/924/4501 2733/924/4502
f 2715/924/4503 2695/924/4504 2696/924/4505
f 2708/924/4506 2714/924/4506 2715/924/4506
f 2724/924/4507 2718/924/4508 2709/924/4509
f 2719/924/4510 2702/924/4511 2699/924/4512
f 2707/924/4513 2696/924/4514 2701/924/4515
f 2701/924/4516 2694/924/4517 2708/924/4518
f 2697/924/4519 2724/924/4520 2722/924/4521
f 2728/924/4522 2698/924/4523 2712/924/4524
f 2728/924/4525 2726/924/4525 2727/924/4525
f 2714/924/4526 2734/924/4527 2715/924/4528
f 2700/924/4529 2731/924/4530 2725/924/4531
f 2729/924/4532 2698/924/4533 2728/924/4534
f 2721/924/4535 2699/924/4536 2703/924/4537
f 2733/924/4538 2734/924/4539 2714/924/4540
f 2703/924/4541 2702/924/4542 2719/924/4543
f 2705/924/4544 2697/924/4545 2722/924/4546
f 2748/924/4547 2738/924/4548 2772/924/4549
f 2741/924/4550 2739/924/4551 2758/924/4552
f 2738/924/4553 37/924/4554 2757/924/4555
f 2741/924/4556 2744/924/4557 2739/924/4558
f 2742/924/4559 2735/924/4559 2743/924/4559
f 2743/924/4560 2737/924/4561 2736/924/4562
f 2744/924/4563 2745/924/4564 2739/924/4565
f 2746/924/4566 2764/924/4567 2750/924/4568
f 2771/924/4569 2760/924/4570 2742/924/4571
f 2742/924/4572 2760/924/4573 2775/924/4574
f 2765/924/4575 2746/924/4576 2751/924/4577
f 2761/924/4578 2751/924/4579 2750/924/4580
f 2743/924/4581 2735/924/4582 2753/924/4583
f 2749/924/4584 2745/924/4585 2744/924/4586
f 2761/924/4587 2774/924/4588 2773/924/4589
f 2773/924/4590 2768/924/4591 2759/924/4592
f 2761/924/4593 2762/924/4594 2751/924/4595
f 2771/924/4596 2775/924/4597 2760/924/4598
f 2770/924/4599 2771/924/4600 2752/924/4601
f 2771/924/4602 2763/924/4603 2752/924/4604
f 2774/924/4605 2750/924/4606 2764/924/4607
f 2765/924/4608 2762/924/4609 2759/924/4610
f 2756/924/4611 37/924/4612 2766/924/4613
f 2747/924/4614 2753/924/4615 2763/924/4616
f 2755/924/4617 2756/924/4618 2772/924/4619
f 2753/924/4620 2752/924/4621 2763/924/4622
f 2802/924/4623 2783/924/4624 2807/924/4625
f 2777/924/4626 2776/924/4626 2800/924/4626
f 2776/924/4627 2793/924/4628 2784/924/4629
f 2809/924/4630 2781/924/4631 2788/924/4632
f 2801/924/4633 2810/924/4634 2785/924/4635
f 2785/924/4636 2807/924/4637 2783/924/4638
f 2786/924/4639 2787/924/4640 2791/924/4641
f 2808/924/4642 2786/924/4643 2792/924/4644
f 2776/924/4645 2784/924/4646 2795/924/4647
f 2814/924/4648 2792/924/4649 2791/924/4650
f 2813/924/4651 2777/924/4652 2778/924/4653
f 2796/924/4654 2797/924/4655 2798/924/4656
f 2797/924/4657 2809/924/4658 2788/924/4659
f 2816/924/4660 2793/924/4661 2777/924/4662
f 2813/924/4663 2778/924/4664 2800/924/4665
f 2800/924/4666 2776/924/4667 2799/924/4668
f 2814/924/4669 2790/924/4670 2804/924/4670
f 2803/924/4671 2790/924/4672 2814/924/4673
f 2791/924/4674 2787/924/4675 2812/924/4676
f 2814/924/4677 2779/924/4678 2792/924/4679
f 2797/924/4680 2781/924/4681 2809/924/4682
f 2794/924/4683 2811/924/4684 2795/924/4685
f 2788/924/4686 2780/924/4687 2815/924/4688
f 2801/924/4689 2807/924/4690 2810/924/4691
f 2785/924/4692 2810/924/4693 2807/924/4694
f 2794/924/4695 2784/924/4696 2793/924/4697
f 2820/924/4698 2826/924/4699 2843/924/4700
f 2844/924/4701 2848/924/4702 2822/924/4703
f 2819/924/4704 2825/924/4705 2835/924/4706
f 2857/924/4707 2842/924/4708 2826/924/4709
f 2826/924/4710 2842/924/4711 2843/924/4712
f 2831/924/4713 2822/924/4714 2848/924/4715
f 2850/924/4716 2831/924/4717 2821/924/4718
f 2821/924/4719 2831/924/4720 2832/924/4721
f 2856/924/4722 2832/924/4723 2848/924/4724
f 2833/924/4725 2827/924/4726 2853/924/4727
f 2824/924/4728 2817/924/4729 2840/924/4730
f 2854/924/4731 2827/924/4732 2823/924/4733
f 2829/924/4734 2857/924/4735 2830/924/4736
f 2857/924/4737 2843/924/4738 2842/924/4739
f 2820/924/4740 2843/924/4741 2841/924/4742
f 2845/924/4743 2852/924/4744 2846/924/4745
f 2856/924/4746 2821/924/4747 2832/924/4748
f 2856/924/4749 2845/924/4750 2846/924/4750
f 2844/924/4751 2858/924/4752 2845/924/4753
f 2850/924/4754 2821/924/4755 2846/924/4756
f 2837/924/4757 2825/924/4758 2847/924/4759
f 2853/924/4760 2851/924/4761 2834/924/4762
f 2825/924/4763 2819/924/4764 2828/924/4765
f 2855/924/4766 2818/924/4767 2849/924/4768
f 2835/924/4769 2837/924/4770 2839/924/4771
f 2860/924/4772 2861/924/4773 2896/924/4774
f 2868/924/4775 2862/924/4776 2898/924/4777
f 2859/924/4778 2863/924/4778 2883/924/4778
f 2883/924/4779 2891/924/4780 2859/924/4781
f 2870/924/4782 2889/924/4783 2872/924/4784
f 2890/924/4785 2870/924/4786 2866/924/4787
f 2863/924/4788 2874/924/4789 2877/924/4790
f 2865/924/4791 2868/924/4792 2898/924/4793
f 2871/924/4794 2889/924/4795 2870/924/4796
f 2886/924/4797 2873/924/4798 2872/924/4799
f 2877/924/4800 2895/924/4801 2875/924/4802
f 2895/924/4803 2892/924/4804 2859/924/4805
f 2883/924/4806 2863/924/4807 2876/924/4808
f 2886/924/4809 2871/924/4810 2885/924/4811
f 2886/924/4812 2866/924/4813 2873/924/4814
f 2878/924/4815 2879/924/4816 2896/924/4817
f 2878/924/4818 27/924/4819 2864/924/4820
f 2872/924/4821 2889/924/4822 2871/924/4823
f 2870/924/4824 2890/924/4825 2887/924/4826
f 2886/924/4827 2885/924/4828 2888/924/4829
f 2877/924/4830 2893/924/4831 2895/924/4832
f 2867/924/4833 2859/924/4834 2891/924/4835
f 2893/924/4836 2874/924/4837 2892/924/4838
f 2868/924/4839 2865/924/4840 2862/924/4841
f 2882/924/4842 2875/924/4843 2895/924/4844
f 2916/924/4845 2902/924/4846 2931/924/4847
f 2900/924/4848 2899/924/4848 2906/924/4848
f 2907/924/4849 2903/924/4850 2916/924/4851
f 2933/924/4852 2909/924/4853 2908/924/4854
f 2908/924/4855 2909/924/4856 2937/924/4857
f 2910/924/4858 2911/924/4859 2920/924/4860
f 2912/924/4861 2913/924/4862 2921/924/4863
f 2928/924/4864 2914/924/4865 2900/924/4866
f 2913/924/4867 2910/924/4868 2921/924/4869
f 2899/924/4870 2922/924/4871 2924/924/4872
f 2940/924/4873 2921/924/4874 2920/924/4875
f 2922/924/4876 2914/924/4877 2923/924/4878
f 2930/924/4879 2907/924/4880 2916/924/4881
f 2902/924/4882 2903/924/4883 2932/924/4884
f 2925/924/4885 2924/924/4885 2927/924/4886
f 2906/924/4887 2899/924/4888 2925/924/4889
f 2937/924/4890 2909/924/4891 2917/924/4892
f 2911/924/4893 2910/924/4894 2935/924/4895
f 2935/924/4896 2939/924/4897 2936/924/4898
f 2910/924/4899 2913/924/4900 2935/924/4901
f 2927/924/4902 2900/924/4903 2901/924/4904
f 2940/924/4905 2935/924/4906 2936/924/4906
f 2929/924/4907 2930/924/4908 2931/924/4909
f 2929/924/4910 2903/924/4911 2907/924/4912
f 2904/924/4913 2937/924/4914 2917/924/4915
f 2915/924/4916 2925/924/4917 2927/924/4918
f 2903/924/4919 2902/924/4920 2916/924/4921
f 2938/924/4922 2906/924/4923 2926/924/4924
f 2915/924/4925 2901/924/4926 2938/924/4927
f 2946/924/4928 2943/924/4929 2961/924/4930
f 2972/924/4931 2951/924/4932 2956/924/4933
f 2957/924/4934 2941/924/4935 2942/924/4936
f 2947/924/4937 2968/924/4938 2973/924/4939
f 2981/924/4940 2947/924/4941 2948/924/4942
f 2953/924/4943 2975/924/4944 2955/924/4945
f 2941/924/4946 2949/924/4947 2958/924/4948
f 2945/924/4949 2946/924/4950 2961/924/4951
f 2971/924/4952 2956/924/4953 2955/924/4954
f 2977/924/4955 2957/924/4956 2942/924/4957
f 2969/924/4958 2954/924/4959 2971/924/4960
f 2970/924/4961 2976/924/4962 2972/924/4963
f 2974/924/4964 2951/924/4965 2972/924/4966
f 2942/924/4967 2965/924/4968 2978/924/4969
f 2971/924/4970 2970/924/4971 2972/924/4971
f 2960/924/4972 2944/924/4973 2945/924/4974
f 2952/924/4975 2948/924/4976 2973/924/4977
f 2955/924/4978 2975/924/4979 2954/924/4980
f 2978/924/4981 2964/924/4982 2977/924/4983
f 2980/924/4984 2949/924/4985 2950/924/4986
f 2967/924/4987 2966/924/4988 2981/924/4989
f 2960/924/4990 2962/924/4991 2961/924/4992
f 2953/924/4993 2956/924/4994 2974/924/4995
f 2997/924/4996 2985/924/4997 3018/924/4998
f 2998/924/4999 2986/924/5000 3000/924/5001
f 2983/924/5002 2982/924/5002 2991/924/5002
f 2991/924/5003 2994/924/5004 2984/924/5005
f 2983/924/5006 2992/924/5007 2982/924/5008
f 3017/924/5009 3001/924/5010 2987/924/5011
f 2987/924/5012 3001/924/5013 3003/924/5014
f 2982/924/5015 2993/924/5016 3004/924/5017
f 3016/924/5018 2998/924/5019 3000/924/5020
f 3012/924/5021 3015/924/5022 3001/924/5023
f 3003/924/5024 3002/924/5025 3013/924/5026
f 2986/924/5027 3009/924/5028 2999/924/5029
f 3010/924/5030 3011/924/5031 2997/924/5032
f 3022/924/5033 2983/924/5034 2984/924/5035
f 3021/924/5036 2992/924/5037 2983/924/5038
f 2991/924/5039 2982/924/5040 3005/924/5041
f 3013/924/5042 3012/924/5043 3023/924/5043
f 2994/924/5044 2991/924/5045 2996/924/5046
f 3013/924/5047 3023/924/5048 3014/924/5048
f 3008/924/5049 2989/924/5050 3011/924/5051
f 3021/924/5052 3022/924/5053 3004/924/5054
f 2982/924/5055 2992/924/5056 2993/924/5057
f 2990/924/5058 3020/924/5059 3012/924/5060
f 3001/924/5061 3017/924/5062 3023/924/5063
f 3017/924/5064 2987/924/5065 3014/924/5066
f 3019/924/5067 3009/924/5068 3016/924/5069
f 2996/924/5070 3005/924/5071 3022/924/5072
f 2989/924/5073 2985/924/5074 2997/924/5075
f 2996/924/5076 2984/924/5077 2994/924/5078
f 3005/924/5079 3004/924/5080 3022/924/5081
f 3007/924/5082 2993/924/5083 2992/924/5084
f 3035/924/5085 3024/924/5086 3025/924/5087
f 3033/924/5088 3049/924/5089 3029/924/5090
f 3040/924/5091 3054/924/5092 3042/924/5093
f 3055/924/5094 3043/924/5095 3034/924/5096
f 3024/924/5097 3035/924/5098 3044/924/5099
f 3036/924/5100 3025/924/5101 3026/924/5102
f 3043/924/5103 3042/924/5104 3030/924/5105
f 3031/924/5106 3024/924/5107 3046/924/5108
f 3058/924/5109 3029/924/5110 3049/924/5111
f 3033/924/5112 3038/924/5113 3061/924/5114
f 3038/924/5115 3029/924/5116 3050/924/5117
f 3051/924/5118 3056/924/5119 3052/924/5120
f 3055/924/5121 3034/924/5122 3052/924/5123
f 3052/924/5124 3034/924/5125 3043/924/5126
f 3059/924/5127 3035/924/5128 3025/924/5129
f 3047/924/5130 3053/924/5131 3048/924/5132
f 3047/924/5133 3032/924/5134 3037/924/5135
f 3037/924/5136 3027/924/5137 3048/924/5138
f 3042/924/5139 3054/924/5140 3041/924/5141
f 3061/924/5142 3049/924/5143 3033/924/5144
f 3062/924/5145 3057/924/5146 3059/924/5147
f 3037/924/5148 3028/924/5149 3027/924/5150
f 3036/924/5151 3045/924/5152 3059/924/5153
f 3040/924/5154 3043/924/5155 3055/924/5156
f 3087/924/5157 3084/924/5158 3072/924/5159
f 3089/924/5160 3097/924/5161 3069/924/5162
f 3089/924/5163 3069/924/5164 3077/924/5165
f 3098/924/5166 3089/924/5167 3066/924/5168
f 3066/924/5169 3089/924/5170 3077/924/5171
f 3072/924/5172 3075/924/5173 3076/924/5174
f 3094/924/5175 3064/924/5176 3065/924/5177
f 3068/924/5178 3084/924/5179 3102/924/5180
f 3083/924/5181 3096/924/5182 3074/924/5183
f 3093/924/5184 3078/924/5185 3064/924/5186
f 3073/924/5187 3065/924/5188 3070/924/5189
f 3070/924/5190 3063/924/5191 3080/924/5192
f 3092/924/5193 3100/924/5194 3091/924/5195
f 3088/924/5196 3092/924/5197 3091/924/5197
f 3093/924/5198 3094/924/5199 3079/924/5200
f 3069/924/5201 3097/924/5202 3101/924/5203
f 3098/924/5204 3066/924/5205 3091/924/5206
f 3083/924/5207 3067/924/5208 3096/924/5209
f 3074/924/5210 3071/924/5211 3085/924/5212
f 3077/924/5213 3069/924/5214 3090/924/5215
f 3080/924/5216 3079/924/5217 3094/924/5218
f 3081/924/5219 3095/924/5220 3078/924/5221
f 3107/924/5222 3108/924/5223 3113/924/5224
f 3111/924/5225 3103/924/5225 3130/924/5225
f 3131/924/5226 3114/924/5227 3115/924/5228
f 3114/924/5229 3131/924/5230 3109/924/5231
f 3118/924/5232 3114/924/5233 3106/924/5234
f 3106/924/5235 3114/924/5236 3109/924/5237
f 3119/924/5238 3140/924/5239 3121/924/5240
f 3135/924/5241 3116/924/5242 3134/924/5243
f 3116/924/5244 3119/924/5245 3122/924/5246
f 3103/924/5247 3112/924/5248 3125/924/5249
f 3139/924/5250 3111/924/5251 3104/924/5252
f 3127/924/5253 3128/924/5254 3129/924/5255
f 3128/924/5256 3141/924/5257 3113/924/5258
f 3113/924/5259 3108/924/5260 3105/924/5261
f 3138/924/5262 3123/924/5263 3111/924/5264
f 3115/924/5265 3109/924/5266 3131/924/5267
f 3119/924/5268 3135/924/5269 3132/924/5270
f 3137/924/5271 3116/924/5272 3122/924/5273
f 3104/924/5274 3130/924/5275 3126/924/5276
f 3138/924/5277 3139/924/5278 3125/924/5279
f 3106/924/5280 3109/924/5281 3110/924/5282
f 3121/924/5283 3140/924/5284 3120/924/5285
f 3128/924/5286 3107/924/5287 3141/924/5288
f 3107/924/5289 3113/924/5290 3141/924/5291
f 3124/924/5292 3138/924/5293 3125/924/5294
f 3126/924/5295 3125/924/5296 3139/924/5297
f 3135/924/5298 3119/924/5299 3116/924/5300
f 3124/924/5301 3112/924/5302 3123/924/5303
f 3146/924/5304 3153/924/5305 3162/924/5306
f 3147/924/5307 3148/924/5308 3155/924/5309
f 3145/924/5310 3152/924/5311 3170/924/5312
f 3143/924/5313 3163/924/5314 3149/924/5315
f 3150/924/5316 3147/924/5317 3155/924/5318
f 3151/924/5319 3180/924/5320 3144/924/5321
f 3152/924/5322 3169/924/5323 3170/924/5324
f 3160/924/5325 3178/924/5326 3179/924/5327
f 3175/924/5328 3153/924/5329 3174/924/5330
f 3153/924/5331 3160/924/5332 3162/924/5333
f 3143/924/5334 3149/924/5335 3164/924/5336
f 3152/924/5337 3145/924/5338 3156/924/5339
f 3159/924/5340 3157/924/5341 3158/924/5342
f 3151/924/5343 3143/924/5344 3165/924/5345
f 3167/924/5346 3150/924/5347 3155/924/5348
f 3155/924/5349 3148/924/5350 3182/924/5351
f 3182/924/5352 3148/924/5353 3147/924/5354
f 3157/924/5355 3170/924/5356 3169/924/5357
f 3157/924/5358 3169/924/5359 3152/924/5360
f 3160/924/5361 3175/924/5362 3171/924/5363
f 3180/924/5364 3151/924/5365 3154/924/5366
f 3172/924/5367 3171/924/5368 3174/924/5368
f 3146/924/5369 3172/924/5370 3174/924/5371
f 3166/924/5372 3167/924/5373 3168/924/5374
f 3154/924/5375 3165/924/5376 3177/924/5377
f 3179/924/5378 3178/924/5379 3161/924/5380
f 3165/924/5381 3164/924/5382 3177/924/5383
f 3175/924/5384 3160/924/5385 3153/924/5386
f 3181/924/5387 3149/924/5388 3163/924/5389
f 3190/924/5390 3216/924/5391 3185/924/5392
f 3184/924/5393 3183/924/5393 6/924/5393
f 3195/924/5394 3217/924/5395 3197/924/5396
f 3218/924/5397 3198/924/5398 3191/924/5399
f 3188/924/5400 3212/924/5401 3199/924/5402
f 3183/924/5403 3199/924/5404 3200/924/5405
f 3196/924/5406 3217/924/5407 3195/924/5408
f 3209/924/5409 3198/924/5410 3197/924/5411
f 3187/924/5412 6/924/5413 3201/924/5414
f 3216/924/5415 3204/924/5416 3222/924/5417
f 3206/924/5418 3207/924/5419 3193/924/5420
f 3203/924/5421 3189/924/5422 3186/924/5423
f 3215/924/5424 3188/924/5425 3184/924/5426
f 3194/924/5427 3204/924/5428 3190/924/5429
f 3209/924/5430 3196/924/5431 3210/924/5431
f 3218/924/5432 3191/924/5433 3211/924/5434
f 3213/924/5435 3191/924/5436 3198/924/5437
f 3192/924/5438 3219/924/5439 3187/924/5440
f 3185/924/5441 3216/924/5442 3222/924/5443
f 3197/924/5444 3217/924/5445 3196/924/5446
f 3200/924/5447 3214/924/5448 3215/924/5449
f 3195/924/5450 3218/924/5451 3211/924/5452
f 3221/924/5453 3214/924/5454 3200/924/5455
f 3193/924/5456 3189/924/5457 3205/924/5458
f 3222/924/5459 3220/924/5460 3194/924/5461
f 3192/924/5462 3184/924/5463 3219/924/5464
f 3201/924/5465 3200/924/5466 3215/924/5467
f 3195/924/5468 3198/924/5469 3218/924/5470
f 3224/924/5471 3223/924/5471 3233/924/5471
f 3233/924/5472 3225/924/5473 3224/924/5474
f 3259/924/5475 3225/924/5476 3233/924/5477
f 3234/924/5478 4/924/5479 3238/924/5480
f 3230/924/5481 3246/924/5482 3229/924/5483
f 3231/924/5484 3236/924/5485 3257/924/5486
f 3223/924/5487 3232/924/5488 3242/924/5489
f 3259/924/5490 3224/924/5491 3225/924/5492
f 3255/924/5493 3228/924/5494 3252/924/5495
f 3250/924/5496 3231/924/5497 3257/924/5498
f 3245/924/5499 3256/924/5500 3238/924/5501
f 3238/924/5502 4/924/5503 3226/924/5504
f 3254/924/5505 3241/924/5506 3224/924/5507
f 3233/924/5508 3223/924/5509 3237/924/5510
f 3257/924/5511 3236/924/5512 3261/924/5513
f 3250/924/5514 3249/924/5515 3252/924/5515
f 3244/924/5516 3245/924/5517 3247/924/5518
f 3223/924/5519 3241/924/5520 3232/924/5521
f 3227/924/5522 3229/924/5523 3239/924/5524
f 3261/924/5525 3240/924/5526 3249/924/5527
f 3234/924/5528 3238/924/5529 3256/924/5530
f 3235/924/5531 3246/924/5532 3230/924/5533
f 3243/924/5534 3232/924/5535 3241/924/5536
f 3271/924/5537 3266/924/5538 3277/924/5539
f 3289/924/5540 3286/924/5541 3267/924/5542
f 3270/924/5543 3273/924/5543 3269/924/5544
f 3275/924/5545 3270/924/5546 3269/924/5547
f 3262/924/5548 3276/924/5549 3282/924/5550
f 3299/924/5551 3264/924/5552 3265/924/5553
f 3288/924/5554 3272/924/5555 3277/924/5556
f 3284/924/5557 3266/924/5558 3271/924/5559
f 3294/924/5560 3296/924/5561 3264/924/5562
f 3265/924/5563 3263/924/5564 3283/924/5565
f 3279/924/5566 3286/924/5567 3289/924/5568
f 3291/924/5569 3281/924/5570 3290/924/5570
f 3297/924/5571 3273/924/5572 3281/924/5573
f 3274/924/5574 3275/924/5575 3293/924/5576
f 3291/924/5577 3275/924/5578 3269/924/5579
f 3291/924/5580 3290/924/5581 3293/924/5581
f 3290/924/5582 3292/924/5583 3293/924/5584
f 3278/924/5585 3268/924/5586 3267/924/5587
f 3295/924/5588 3298/924/5589 3282/924/5590
f 3276/924/5591 3296/924/5592 3298/924/5593
f 3269/924/5594 3297/924/5595 3301/924/5596
f 3307/924/5597 3303/924/5598 3312/924/5599
f 3330/924/5600 3334/924/5601 3305/924/5602
f 3325/924/5603 3335/924/5604 247/924/5605
f 3311/924/5606 3310/924/5607 3306/924/5608
f 3315/924/5609 3305/924/5610 3334/924/5611
f 3337/924/5612 3315/924/5613 3302/924/5614
f 3306/924/5615 3310/924/5616 3309/924/5617
f 3316/924/5618 3305/924/5619 3315/924/5620
f 3324/924/5621 3333/924/5622 3312/924/5623
f 3312/924/5624 3303/924/5625 3323/924/5626
f 3339/924/5627 3310/924/5628 3311/924/5629
f 3320/924/5630 3335/924/5631 3325/924/5632
f 3313/924/5633 3336/924/5634 3308/924/5635
f 3304/924/5636 3327/924/5637 3342/924/5638
f 3329/924/5639 3328/924/5640 3332/924/5640
f 3328/924/5641 3331/924/5642 3332/924/5643
f 3321/924/5644 3322/924/5645 3324/924/5646
f 3315/924/5647 3337/924/5648 3331/924/5649
f 3337/924/5650 3302/924/5651 3332/924/5652
f 3322/924/5653 3307/924/5654 3333/924/5655
f 3341/924/5656 3338/924/5657 3339/924/5658
f 3313/924/5659 3327/924/5660 3336/924/5661
f 3340/924/5662 3311/924/5663 3335/924/5664
f 3308/924/5665 3304/924/5666 3342/924/5667
f 3359/924/5668 3346/924/5669 3384/924/5670
f 3348/924/5671 3347/924/5672 3362/924/5673
f 3370/924/5674 3346/924/5675 3381/924/5676
f 3348/924/5677 3355/924/5678 3347/924/5679
f 3350/924/5680 3382/924/5681 3349/924/5682
f 3344/924/5683 3343/924/5683 3351/924/5683
f 3344/924/5684 3365/924/5685 3343/924/5686
f 3352/924/5687 3345/924/5688 3344/924/5689
f 3352/924/5690 3351/924/5691 3368/924/5692
f 3355/924/5693 3356/924/5694 3347/924/5695
f 3357/924/5696 3349/924/5697 3382/924/5698
f 3380/924/5699 3357/924/5700 3364/924/5701
f 3343/924/5702 3353/924/5703 3366/924/5704
f 3358/924/5705 3344/924/5706 3345/924/5707
f 3355/924/5708 3348/924/5709 3362/924/5710
f 3363/924/5711 3349/924/5712 3357/924/5713
f 3364/924/5714 3382/924/5715 3373/924/5716
f 3370/924/5717 3369/924/5718 3384/924/5719
f 3369/924/5720 3371/924/5721 3359/924/5722
f 3378/924/5723 3365/924/5724 3344/924/5725
f 3345/924/5726 3352/924/5727 3368/924/5728
f 3361/924/5729 3356/924/5730 3355/924/5731
f 3373/924/5732 3372/924/5733 3375/924/5733
f 3372/924/5734 3374/924/5735 3375/924/5736
f 3354/924/5737 3381/924/5738 3371/924/5739
f 3343/924/5740 3365/924/5741 3353/924/5742
f 3357/924/5743 3380/924/5744 3374/924/5745
f 3380/924/5746 3376/924/5747 3375/924/5748
f 3379/924/5749 3377/924/5750 3366/924/5751
f 3381/924/5752 3346/924/5753 3359/924/5754
f 3367/924/5755 3366/924/5756 3378/924/5757
f 3379/924/5758 3353/924/5759 3365/924/5760
f 3396/924/5761 3386/924/5762 3387/924/5763
f 3386/924/5764 3388/924/5765 3424/924/5766
f 3392/924/5767 3393/924/5767 3385/924/5767
f 3394/924/5768 3417/924/5769 3385/924/5770
f 3418/924/5771 3388/924/5772 3396/924/5773
f 3392/924/5774 3414/924/5775 3393/924/5776
f 3394/924/5777 3385/924/5778 3404/924/5779
f 3397/924/5780 3409/924/5781 3395/924/5782
f 3398/924/5783 3395/924/5784 3390/924/5785
f 3391/924/5786 3410/924/5787 3400/924/5788
f 3393/924/5789 3426/924/5790 3423/924/5791
f 3393/924/5792 3414/924/5793 3426/924/5794
f 3419/924/5795 3391/924/5796 3401/924/5797
f 3410/924/5798 3391/924/5799 3399/924/5800
f 3422/924/5801 3401/924/5802 3400/924/5803
f 3407/924/5804 3418/924/5805 3396/924/5806
f 3403/924/5807 3402/924/5807 3405/924/5808
f 3417/924/5809 3394/924/5810 3404/924/5811
f 3390/924/5812 3411/924/5813 3408/924/5814
f 3422/924/5815 3399/924/5816 3412/924/5816
f 3412/924/5817 3420/924/5818 3413/924/5819
f 3422/924/5820 3415/924/5821 3401/924/5822
f 3422/924/5823 3412/924/5824 3413/924/5824
f 3424/924/5825 3406/924/5826 3387/924/5827
f 3419/924/5828 3401/924/5829 3415/924/5830
f 3406/924/5831 3407/924/5832 3387/924/5833
f 3402/924/5834 3416/924/5835 3405/924/5836
f 3419/924/5837 3415/924/5838 3413/924/5839
f 3407/924/5840 3388/924/5841 3418/924/5842
f 3423/924/5843 3416/924/5844 3402/924/5845
f 3388/924/5846 3386/924/5847 3396/924/5848
f 3421/924/5849 3392/924/5850 3417/924/5851
f 3428/924/5852 3427/924/5853 3436/924/5854
f 3457/924/5855 3429/924/5856 3436/924/5857
f 3428/924/5858 3468/924/5859 3442/924/5860
f 3439/924/5861 3438/924/5862 3433/924/5863
f 3446/924/5864 3441/924/5865 3461/924/5866
f 3461/924/5867 3441/924/5868 3434/924/5869
f 3427/924/5870 3442/924/5871 3448/924/5872
f 3439/924/5873 3431/924/5874 3458/924/5875
f 3454/924/5876 3455/924/5877 3443/924/5878
f 3430/924/5879 3437/924/5880 3453/924/5881
f 3466/924/5882 3468/924/5883 3428/924/5884
f 3469/924/5885 3449/924/5885 3456/924/5886
f 3450/924/5887 3429/924/5888 3457/924/5889
f 3461/924/5890 3440/924/5891 3459/924/5892
f 3434/924/5893 3441/924/5894 3446/924/5895
f 3459/924/5896 3463/924/5897 3464/924/5898
f 3460/924/5899 3459/924/5900 3464/924/5900
f 3440/924/5901 3432/924/5902 3464/924/5903
f 3437/924/5904 3430/924/5905 3443/924/5906
f 3465/924/5907 3442/924/5908 3468/924/5909
f 3456/924/5910 3448/924/5911 3466/924/5912
f 3485/924/5913 3486/924/5914 3477/924/5915
f 3471/924/5916 3478/924/5917 3470/924/5918
f 3483/924/5919 3484/924/5920 3499/924/5921
f 3470/924/5922 3479/924/5923 3494/924/5924
f 3483/924/5925 3473/924/5926 3491/924/5927
f 3501/924/5928 3477/924/5929 3476/924/5930
f 3496/924/5931 3471/924/5932 3472/924/5933
f 3497/924/5934 3481/924/5935 3482/924/5936
f 3498/924/5937 3474/924/5938 3508/924/5939
f 3507/924/5940 3478/924/5941 3471/924/5942
f 3495/924/5943 3494/924/5943 3496/924/5944
f 3472/924/5945 3480/924/5946 3495/924/5947
f 3473/924/5948 3499/924/5949 3491/924/5950
f 3486/924/5951 3485/924/5952 3502/924/5953
f 3501/924/5954 3492/924/5955 3502/924/5956
f 3476/924/5957 3486/924/5958 3492/924/5959
f 3502/924/5960 3504/924/5961 3505/924/5962
f 3485/924/5963 3487/924/5964 3502/924/5965
f 3503/924/5966 3502/924/5967 3505/924/5967
f 3498/924/5968 3497/924/5969 3500/924/5970
f 3493/924/5971 3507/924/5972 3494/924/5973
f 3498/924/5974 3508/924/5975 3481/924/5976
f 3470/924/5977 3478/924/5978 3479/924/5979
f 3487/924/5980 3506/924/5981 3505/924/5982
f 3493/924/5983 3479/924/5984 3478/924/5985
f 3526/924/5986 3512/924/5987 3537/924/5988
f 3518/924/5989 3516/924/5990 3529/924/5991
f 3510/924/5992 3520/924/5992 3519/924/5992
f 3538/924/5993 3513/924/5994 3526/924/5995
f 3519/924/5996 3511/924/5997 3510/924/5998
f 3521/924/5999 3522/924/6000 3536/924/6001
f 3523/924/6002 3518/924/6003 3529/924/6004
f 3520/924/6005 3530/924/6006 3532/924/6007
f 3525/924/6008 3510/924/6009 3511/924/6010
f 3521/924/6011 3515/924/6012 3539/924/6013
f 3537/924/6014 3538/924/6015 3526/924/6016
f 3546/924/6017 3524/924/6018 3510/924/6019
f 3525/924/6020 3511/924/6021 3519/924/6022
f 3541/924/6023 3545/924/6024 3543/924/6025
f 3518/924/6026 3542/924/6027 3541/924/6028
f 3519/924/6029 3520/924/6030 3532/924/6031
f 3546/924/6032 3547/924/6033 3532/924/6034
f 3516/924/6035 3544/924/6036 3528/924/6037
f 3513/924/6038 3512/924/6039 3526/924/6040
f 3530/924/6041 3524/924/6042 3546/924/6043
f 3517/924/6044 3528/924/6045 3540/924/6046
f 3539/924/6047 3527/924/6048 3549/924/6049
f 3529/924/6050 3516/924/6051 3517/924/6052
f 3551/924/6053 3552/924/6054 3576/924/6055
f 3561/924/6056 3587/924/6057 3553/924/6058
f 3550/924/6059 3556/924/6060 222/924/6061
f 3558/924/6062 3586/924/6063 3550/924/6064
f 3559/924/6065 3560/924/6066 3551/924/6067
f 3560/924/6068 3552/924/6069 3551/924/6070
f 3558/924/6071 222/924/6072 3573/924/6073
f 3567/924/6074 3582/924/6075 3555/924/6076
f 3556/924/6077 3570/924/6078 3557/924/6079
f 3562/924/6080 3567/924/6081 3569/924/6082
f 3561/924/6083 3553/924/6084 3579/924/6085
f 3568/924/6086 3582/924/6087 3567/924/6088
f 3589/924/6089 3569/924/6090 3555/924/6091
f 3571/924/6092 3557/924/6093 3570/924/6094
f 3587/924/6095 3580/924/6096 3565/924/6097
f 3575/924/6098 3559/924/6099 3551/924/6100
f 3585/924/6101 3570/924/6102 3550/924/6103
f 222/924/6104 3556/924/6105 3573/924/6106
f 3589/924/6107 3568/924/6108 3581/924/6109
f 3568/924/6110 3555/924/6111 3582/924/6112
f 3567/924/6113 3562/924/6114 3581/924/6115
f 3589/924/6116 3563/924/6117 3569/924/6118
f 3589/924/6119 3581/924/6120 3584/924/6121
f 3574/924/6122 3575/924/6123 3576/924/6124
f 3564/924/6125 3573/924/6126 3578/924/6127
f 3574/924/6128 3560/924/6129 3559/924/6130
f 3553/924/6131 3587/924/6132 3565/924/6133
f 3562/924/6134 3563/924/6135 3584/924/6136
f 3581/924/6137 3590/924/6138 3584/924/6139
f 3564/924/6140 3550/924/6141 3586/924/6142
f 3578/924/6143 3572/924/6144 3585/924/6145
f 3600/924/6146 3591/924/6147 3592/924/6147
f 3617/924/6148 3604/924/6149 3605/924/6150
f 3607/924/6151 3604/924/6152 3597/924/6153
f 3608/924/6154 3624/924/6155 3598/924/6156
f 3628/924/6157 3608/924/6157 3599/924/6158
f 3621/924/6159 3624/924/6160 3608/924/6161
f 3623/924/6162 3599/924/6163 3598/924/6164
f 3603/924/6165 3592/924/6166 3611/924/6167
f 3612/924/6168 3611/924/6168 3627/924/6169
f 3592/924/6170 3591/924/6171 3611/924/6172
f 3605/924/6173 3619/924/6174 3617/924/6175
f 3597/924/6176 3619/924/6177 3618/924/6178
f 3623/924/6179 3621/924/6180 3622/924/6180
f 3631/924/6181 3598/924/6182 3624/924/6183
f 3628/924/6184 3599/924/6185 3625/924/6186
f 3623/924/6187 3622/924/6188 3626/924/6189
f 3629/924/6190 3627/924/6191 3610/924/6192
f 3602/924/6193 3594/924/6194 3615/924/6195
f 3601/924/6196 3603/924/6197 3612/924/6198
f 3606/924/6199 3593/924/6200 3601/924/6201
f 3634/924/6202 3646/924/6203 3633/924/6204
f 3641/924/6205 3635/924/6206 3636/924/6207
f 3633/924/6208 3632/924/6208 3634/924/6208
f 3640/924/6209 3637/924/6210 3641/924/6211
f 3655/924/6212 3640/924/6213 3641/924/6214
f 3633/924/6215 3668/924/6216 3645/924/6217
f 3657/924/6218 3659/924/6219 3642/924/6220
f 3650/924/6221 3663/924/6222 3639/924/6223
f 3632/924/6224 3645/924/6225 3651/924/6226
f 3647/924/6227 3633/924/6228 3646/924/6229
f 3643/924/6230 3663/924/6231 3650/924/6232
f 3662/924/6233 3644/924/6234 3639/924/6235
f 3654/924/6236 3655/924/6237 3636/924/6238
f 3667/924/6239 3668/924/6240 3633/924/6241
f 3634/924/6242 3632/924/6243 3648/924/6244
f 3649/924/6245 3669/924/6246 3659/924/6247
f 3662/924/6248 3643/924/6249 3666/924/6250
f 3661/924/6251 3643/924/6252 3662/924/6252
f 3671/924/6253 3639/924/6254 3663/924/6255
f 3666/924/6256 3664/924/6257 3672/924/6258
f 3650/924/6259 3665/924/6260 3666/924/6261
f 3662/924/6262 3666/924/6263 3672/924/6264
f 3651/924/6265 3670/924/6266 3652/924/6267
f 3654/924/6268 3637/924/6269 3640/924/6270
f 3638/924/6271 3669/924/6272 3649/924/6273
f 3637/924/6274 3635/924/6275 3641/924/6276
f 3645/924/6277 3668/924/6278 3670/924/6279
f 3665/924/6280 3650/924/6281 3644/924/6282
f 3684/924/6283 3707/924/6284 208/924/6285
f 3674/924/6286 3681/924/6287 3673/924/6288
f 3700/924/6289 3699/924/6290 3679/924/6291
f 3679/924/6292 3699/924/6293 3708/924/6294
f 3692/924/6295 3685/924/6296 3691/924/6297
f 3691/924/6298 3685/924/6299 3680/924/6300
f 3687/924/6301 3691/924/6302 3693/924/6303
f 3673/924/6304 3682/924/6305 3695/924/6306
f 3684/924/6307 208/924/6308 3696/924/6309
f 3698/924/6310 3683/924/6311 3689/924/6312
f 3697/924/6313 3677/924/6314 3678/924/6315
f 3706/924/6316 3681/924/6317 3674/924/6318
f 3680/924/6319 3685/924/6320 3712/924/6321
f 3712/924/6322 3692/924/6323 3702/924/6324
f 3691/924/6325 3686/924/6326 3702/924/6327
f 3703/924/6328 3687/924/6329 3693/924/6330
f 208/924/6331 3673/924/6332 3695/924/6333
f 3697/924/6334 3698/924/6335 3675/924/6336
f 3694/924/6337 3706/924/6338 3695/924/6339
f 3706/924/6340 3709/924/6341 3695/924/6342
f 3703/924/6343 3702/924/6344 3705/924/6345
f 3689/924/6346 3677/924/6347 3710/924/6348
f 3688/924/6349 3674/924/6350 3707/924/6351
f 3679/924/6352 3676/924/6353 3690/924/6354
f 3693/924/6355 3680/924/6356 3712/924/6357
f 3694/924/6358 3682/924/6359 3681/924/6360
f 3729/924/6361 3715/924/6362 3752/924/6363
f 3753/924/6364 3715/924/6365 204/924/6366
f 3718/924/6367 3749/924/6368 3714/924/6369
f 3727/924/6370 3726/924/6371 3713/924/6372
f 3721/924/6373 3720/924/6374 3716/924/6375
f 3722/924/6376 3743/924/6377 3720/924/6378
f 3720/924/6379 3743/924/6380 3716/924/6381
f 3734/924/6382 3717/924/6383 3750/924/6384
f 3747/924/6385 3725/924/6386 3724/924/6387
f 3713/924/6388 3726/924/6389 3736/924/6390
f 3724/924/6391 3734/924/6392 3735/924/6393
f 3746/924/6394 3735/924/6395 3750/924/6396
f 3718/924/6397 3714/924/6398 3738/924/6399
f 3741/924/6400 3719/924/6401 3729/924/6402
f 3751/924/6403 3726/924/6404 3727/924/6405
f 3742/924/6406 3751/924/6407 3737/924/6408
f 3731/924/6409 3732/924/6410 3733/924/6411
f 3722/924/6412 3716/924/6413 3743/924/6414
f 3746/924/6415 3723/924/6416 3744/924/6417
f 3734/924/6418 3725/924/6419 3744/924/6420
f 3745/924/6421 3724/924/6422 3735/924/6423
f 3745/924/6424 3744/924/6425 3747/924/6426
f 3740/924/6427 3741/924/6428 3752/924/6429
f 3742/924/6430 3748/924/6431 3751/924/6432
f 204/924/6433 3715/924/6434 3729/924/6435
f 3728/924/6436 3727/924/6437 3749/924/6438
f 3764/924/6439 3756/924/6440 3755/924/6441
f 3757/924/6442 3758/924/6443 3779/924/6444
f 3762/924/6445 3786/924/6446 3761/924/6447
f 3787/924/6448 3754/924/6449 3755/924/6449
f 3765/924/6450 3758/924/6451 3757/924/6452
f 3771/924/6453 3761/924/6454 3786/924/6455
f 3784/924/6456 3811/924/6457 3767/924/6458
f 3754/924/6459 3768/924/6460 3772/924/6461
f 3790/924/6462 3755/924/6463 3756/924/6464
f 3781/924/6465 3760/924/6466 3770/924/6467
f 3766/924/6468 3761/924/6469 3771/924/6470
f 3783/924/6471 3763/924/6472 3786/924/6473
f 3792/924/6474 3759/924/6475 3777/924/6476
f 3776/924/6477 3758/924/6478 3765/924/6479
f 3775/924/6480 3756/924/6481 3764/924/6482
f 3764/924/6483 3754/924/6484 3774/924/6485
f 3792/924/6486 3769/924/6487 3770/924/6488
f 3769/924/6489 3777/924/6490 3781/924/6491
f 3783/924/6492 3766/924/6493 3782/924/6494
f 3783/924/6495 3767/924/6496 3763/924/6497
f 3773/924/6498 3787/924/6499 3755/924/6500
f 3783/924/6501 3782/924/6502 3784/924/6502
f 3792/924/6503 3760/924/6504 3759/924/6505
f 3771/924/6506 3811/924/6507 3784/924/6508
f 3780/924/6509 3765/924/6510 3757/924/6511
f 3772/924/6512 3788/924/6513 3773/924/6514
f 3788/924/6515 3768/924/6516 3787/924/6517
f 3802/924/6518 3796/924/6519 3822/924/6520
f 3799/924/6521 3829/924/6522 3834/924/6523
f 3801/924/6524 3797/924/6525 3802/924/6526
f 3820/924/6527 3801/924/6528 3802/924/6529
f 3804/924/6530 3829/924/6531 3799/924/6532
f 3807/924/6533 3808/924/6534 3806/924/6535
f 3806/924/6536 3808/924/6537 3830/924/6538
f 3800/924/6539 3810/924/6540 3814/924/6541
f 3809/924/6542 3806/924/6543 3813/924/6544
f 3793/924/6545 3814/924/6546 3816/924/6547
f 3804/924/6548 3799/924/6549 3834/924/6550
f 3803/924/6551 3793/924/6552 3817/924/6553
f 3829/924/6554 3821/924/6555 3798/924/6556
f 3817/924/6557 3816/924/6557 3824/924/6558
f 3830/924/6559 3808/924/6560 3807/924/6561
f 3828/924/6562 3832/924/6563 3827/924/6564
f 3809/924/6565 3811/924/6566 3827/924/6567
f 3806/924/6568 3809/924/6569 3828/924/6570
f 3814/924/6571 3810/924/6572 3831/924/6573
f 3818/924/6574 3800/924/6575 3794/924/6576
f 3826/924/6577 3828/924/6578 3827/924/6579
f 3815/924/6580 3831/924/6581 3816/924/6582
f 3819/924/6583 3797/924/6584 3801/924/6585
f 3812/924/6586 3821/924/6587 3804/924/6588
f 3797/924/6589 3796/924/6590 3802/924/6591
f 3819/924/6592 3820/924/6593 3822/924/6594
f 3853/924/6595 3837/924/6596 3864/924/6597
f 3869/924/6598 3839/924/6599 3853/924/6600
f 3844/924/6601 3870/924/6602 3842/924/6603
f 3846/924/6604 3847/924/6605 3845/924/6606
f 3845/924/6607 3847/924/6608 3840/924/6609
f 3848/924/6610 3850/924/6611 3875/924/6612
f 3850/924/6613 3848/924/6614 3841/924/6615
f 3835/924/6616 3858/924/6617 3859/924/6618
f 3867/924/6619 3841/924/6620 3857/924/6621
f 3861/924/6622 3859/924/6623 3860/924/6624
f 3844/924/6625 3842/924/6626 3861/924/6627
f 3864/924/6628 3869/924/6629 3853/924/6630
f 3837/924/6631 3839/924/6632 3865/924/6633
f 3854/924/6634 3846/924/6635 3855/924/6636
f 3840/924/6637 3847/924/6638 3846/924/6639
f 3866/924/6640 3849/924/6641 3848/924/6642
f 3867/924/6643 3850/924/6644 3841/924/6645
f 3858/924/6646 3843/924/6647 3851/924/6648
f 3852/924/6649 3870/924/6650 3844/924/6651
f 3860/924/6652 3843/924/6653 3836/924/6654
f 3867/924/6655 3866/924/6656 3868/924/6657
f 3871/924/6658 3851/924/6659 3859/924/6660
f 3859/924/6661 3851/924/6662 3860/924/6663
f 3866/924/6664 3875/924/6665 3868/924/6666
f 3872/924/6667 3839/924/6668 3869/924/6669
f 3839/924/6670 3837/924/6671 3853/924/6672
f 3852/924/6673 3836/924/6674 3870/924/6675
f 3845/924/6676 3838/924/6677 3873/924/6678
f 966/924/6679 958/924/6680 968/924/6681
f 990/924/6682 987/924/6683 989/924/6684
f 1178/924/6685 1186/924/6686 1185/924/6687
f 1554/924/6688 1552/924/6689 1553/924/6690
f 1636/924/6691 1635/924/6692 1625/924/6693
f 2004/924/6694 2013/924/6695 2034/924/6696
f 2335/924/6697 2329/924/6698 2360/924/6699
f 2663/924/6700 2687/924/6701 2670/924/6702
f 2944/924/6703 2943/924/6704 2946/924/6705
f 3063/924/6706 3078/924/6707 3095/924/6708
f 3103/924/6709 3123/924/6710 3112/924/6711
f 3673/924/6712 3681/924/6713 3682/924/6714
f 1/10/6715 2/234/6716 260/11/6715
f 10/9/6717 11/850/6718 3/849/6719 1/10/6717
f 7/2/6720 6/1/6721 8/925/6722
f 13/15/6723 3107/14/6724 6/1/6725 898/8/6726
f 260/11/6727 845/503/6728 837/244/6729
f 3070/22/6730 18/21/6731 8/925/6732 16/13/6733
f 6/1/6734 3107/14/6735 16/13/6736
f 8/925/6737 6/1/6738 16/13/6739
f 10/9/6740 12/12/6740 14/17/6740
f 11/850/6741 10/9/6742 15/16/6743
f 13/15/6744 3037/926/6745 3070/22/6746 16/13/6747
f 23/26/6748 2989/25/6749 3070/22/6750 897/913/6751
f 3070/22/6752 3037/926/6753 897/913/6754
f 15/16/6755 14/17/6756 20/19/6756
f 27/34/6757 28/31/6758 2941/30/6759 2907/24/6759
f 3070/22/6760 2989/25/6761 24/23/6762
f 20/19/6763 21/18/6763 26/33/6763
f 22/20/6764 20/19/6765 26/33/6765
f 24/23/6766 2989/25/6767 2907/24/6768
f 838/265/6769 274/927/6770 837/244/6771
f 2907/24/6772 886/35/6773 27/34/6774
f 30/37/6775 31/853/6776 22/20/6777 26/33/6775
f 30/37/6778 26/33/6778 29/32/6778
f 885/43/6779 37/42/6780 34/39/6781 2809/40/6782
f 31/853/6783 30/37/6784 33/38/6784
f 28/31/6785 34/39/6786 36/41/6787
f 33/38/6788 29/32/6788 289/45/6788
f 31/853/6789 33/38/6790 35/855/6791
f 38/48/6792 39/50/6793 35/855/6794 33/38/6792
f 289/45/6795 838/265/6796 299/506/6797
f 38/48/6798 33/38/6798 43/46/6798
f 40/44/6799 2660/928/6800 46/929/6801 44/47/6802
f 36/41/6803 37/42/6804 44/47/6805
f 36/41/6806 44/47/6807 41/930/6808
f 46/929/6809 51/289/6810 41/930/6811 44/47/6812
f 50/53/6813 54/858/6814 48/52/6815 45/49/6813
f 318/931/6816 308/282/6817 299/506/6818
f 46/929/6819 2660/928/6820 49/56/6821
f 46/929/6822 49/56/6823 2618/55/6824
f 46/929/6825 2618/55/6826 51/289/6827
f 50/53/6828 47/51/6828 53/932/6828
f 55/54/6829 56/290/6830 51/289/6831 2618/55/6832
f 49/56/6833 884/908/6834 55/54/6835
f 884/933/6836 883/62/6837 60/59/6838 57/58/6839
f 58/57/6840 55/54/6841 57/58/6842
f 56/290/6843 55/54/6844 58/57/6843
f 50/53/6845 53/932/6845 59/934/6845
f 54/858/6846 50/53/6847 59/934/6847
f 55/54/6848 884/933/6849 57/58/6850
f 61/300/6851 62/935/6851 59/934/6851 53/932/6851
f 59/934/6852 62/935/6852 63/64/6853 54/858/6854
f 60/59/6855 883/62/6856 2494/61/6857 58/57/6858
f 66/60/6859 64/305/6860 56/290/6861 58/57/6862
f 58/57/6863 2494/61/6864 66/60/6865
f 61/300/6866 68/299/6866 69/65/6866 62/935/6866
f 64/305/6867 66/60/6868 67/67/6869
f 883/62/6870 2416/837/6871 67/67/6872 66/60/6873
f 63/64/6874 62/935/6875 69/65/6875
f 71/68/6876 2303/838/6877 77/77/6878 75/70/6879
f 67/67/6880 2416/837/6881 71/68/6882
f 64/305/6883 67/67/6884 72/69/6885
f 68/299/6886 839/301/6887 840/313/6888
f 69/65/6889 68/299/6889 73/72/6889
f 70/63/6890 69/65/6891 74/71/6891
f 67/67/6892 2370/66/6892 75/70/6892
f 72/69/6893 75/70/6894 76/81/6895
f 76/81/6896 75/70/6897 77/77/6897
f 82/85/6898 83/860/6899 78/73/6900 79/74/6898
f 78/73/6901 74/71/6902 79/74/6902
f 77/77/6903 2303/838/6904 80/78/6905
f 77/77/6906 2252/76/6906 84/79/6906
f 76/81/6907 77/77/6908 84/79/6909
f 79/74/6910 81/75/6910 82/85/6910
f 80/78/6911 2169/846/6912 86/82/6913 84/79/6914
f 82/85/6915 81/75/6915 87/86/6915
f 92/90/6916 93/95/6917 83/860/6918 82/85/6916
f 86/82/6919 2169/846/6920 88/88/6921
f 358/330/6922 848/323/6923 841/346/6924
f 92/90/6925 82/85/6925 91/84/6925
f 1998/101/6926 101/100/6927 99/92/6928 98/97/6929
f 93/95/6930 92/90/6931 95/91/6931
f 94/89/6932 88/88/6933 2074/96/6934
f 99/92/6935 94/89/6936 98/97/6937
f 855/902/6938 1921/839/6939 106/99/6940 1998/101/6941
f 1998/101/6942 98/97/6943 855/902/6944
f 103/98/6945 96/93/6945 102/103/6945
f 97/94/6946 103/98/6947 104/862/6948
f 103/98/6949 102/103/6949 105/102/6949
f 104/862/6950 103/98/6951 105/102/6951
f 105/102/6952 111/105/6952 112/865/6953 104/862/6954
f 107/109/6955 101/100/6956 106/99/6957
f 385/113/6958 377/347/6959 545/111/6960
f 106/99/6961 1921/839/6962 109/107/6963
f 107/109/6964 106/99/6965 1880/106/6965
f 111/105/6966 117/120/6966 118/936/6967 112/865/6968
f 113/108/6969 1880/106/6970 114/110/6971
f 111/105/6972 108/104/6972 116/937/6972
f 126/123/6973 127/121/6973 117/120/6973 116/937/6974
f 1823/115/6975 109/107/6976 119/122/6977
f 114/110/6978 109/107/6979 1823/115/6980
f 111/105/6981 116/937/6981 117/120/6981
f 1823/115/6982 119/122/6983 120/116/6984
f 121/114/6985 114/110/6986 120/116/6987
f 110/356/6988 115/938/6989 125/939/6990
f 391/112/6991 545/111/6992 409/940/6993
f 118/936/6994 117/120/6995 122/119/6996
f 121/114/6997 120/116/6998 123/117/6997
f 1697/126/6999 129/125/7000 124/118/7001 119/122/7002
f 119/122/7003 128/127/7004 1697/126/7005
f 128/127/7006 134/133/7007 1635/131/7008 129/125/7009
f 123/117/7010 124/118/7011 130/128/7012
f 122/119/7013 127/121/7013 132/129/7013
f 127/121/7014 131/124/7014 133/130/7014
f 135/132/7015 136/386/7016 130/128/7017 129/125/7018
f 143/140/7019 144/139/7020 136/386/7021 135/132/7019
f 133/130/7022 131/124/7023 138/136/7022
f 132/129/7024 133/130/7024 139/134/7024
f 135/132/7025 134/133/7026 1553/941/7027
f 140/135/7028 138/136/7029 141/138/7028
f 139/134/7030 140/135/7030 142/137/7030
f 135/132/7031 1553/941/7032 143/140/7033
f 854/896/7034 147/895/7035 148/141/7036 143/140/7037
f 143/140/7038 1553/941/7039 854/896/7040
f 141/138/7041 138/136/7041 146/143/7041
f 141/138/7042 149/142/7042 150/868/7043 142/137/7044
f 1457/847/7045 151/145/7045 148/141/7046 147/895/7047
f 155/146/7048 156/869/7049 150/868/7050 149/142/7048
f 144/139/7051 148/141/7052 151/145/7053
f 151/145/7054 1457/847/7054 153/148/7054
f 157/147/7055 158/942/7056 154/144/7057 151/145/7055
f 160/412/7058 162/414/7058 163/150/7058 155/146/7058
f 155/146/7059 146/143/7060 160/412/7061
f 157/147/7062 153/148/7062 1336/843/7062
f 156/869/7063 155/146/7064 161/149/7064
f 1336/843/7065 856/842/7065 164/943/7065 157/147/7065
f 166/153/7066 167/152/7066 163/150/7066 162/414/7066
f 158/942/7067 157/147/7068 164/943/7068
f 162/414/7069 850/413/7070 842/944/7071
f 167/152/7072 168/872/7072 161/149/7073 163/150/7072
f 164/943/7074 169/945/7074 170/946/7075 158/942/7076
f 164/943/7077 856/842/7077 169/945/7077
f 1178/841/7078 172/159/7078 173/158/7078 169/945/7079
f 169/945/7080 856/842/7081 1178/841/7081
f 168/872/7082 167/152/7083 171/151/7083
f 173/158/7084 179/157/7085 176/171/7086 170/946/7087
f 170/946/7088 169/945/7089 173/158/7090
f 851/163/7091 842/944/7092 548/161/7093
f 168/872/7094 171/151/7095 175/155/7096
f 172/159/7097 1089/836/7097 181/167/7098 179/157/7097
f 171/151/7099 174/154/7100 178/156/7099
f 175/155/7101 178/156/7101 180/165/7101
f 189/947/7102 190/948/7103 180/165/7102 183/164/7102
f 176/171/7104 179/157/7105 181/167/7106
f 181/167/7107 1089/836/7108 185/168/7108
f 176/171/7109 181/167/7110 1062/169/7111
f 187/170/7112 1062/169/7113 186/166/7114
f 189/947/7115 183/164/7115 188/173/7115
f 964/178/7116 192/177/7117 186/949/7118 185/890/7119
f 964/178/7120 185/890/7121 191/889/7122
f 192/177/7123 193/456/7124 187/950/7125 186/949/7126
f 896/886/7127 3839/184/7128 192/177/7129 191/179/7130
f 190/182/7131 189/174/7132 194/176/7132
f 193/456/7133 192/177/7134 937/183/7135
f 204/187/7136 205/190/7137 3793/192/7138 198/188/7138
f 937/183/7139 3839/184/7140 198/188/7141
f 193/456/7142 937/183/7143 198/188/7144
f 193/456/7145 198/188/7146 199/191/7147
f 488/448/7148 484/447/7149 843/454/7150
f 194/176/7151 196/180/7151 200/186/7151
f 197/181/7152 194/176/7153 200/186/7153
f 3839/184/7154 896/886/7155 198/188/7156
f 198/188/7157 896/886/7158 895/189/7159
f 199/191/7160 198/188/7161 3793/192/7162
f 200/186/7163 196/180/7163 202/194/7163
f 201/185/7164 200/186/7165 203/193/7165
f 3538/845/7166 226/844/7167 227/215/7168 221/210/7169
f 203/193/7170 202/194/7170 212/200/7170
f 206/195/7171 203/193/7172 212/200/7172
f 204/187/7173 207/196/7174 208/197/7175
f 208/197/7176 207/196/7177 894/204/7178
f 844/214/7179 502/463/7180 843/454/7181
f 212/200/7182 202/194/7182 211/202/7183
f 208/197/7184 215/203/7185 216/205/7184
f 213/199/7186 214/201/7187 218/208/7188
f 223/209/7189 214/201/7189 217/206/7189
f 221/210/7190 219/207/7191 3538/845/7192
f 218/208/7193 223/209/7194 224/951/7195
f 223/209/7196 217/206/7197 225/213/7196
f 226/844/7198 3418/952/7199 233/230/7200 3474/219/7201
f 227/215/7202 226/844/7203 3474/219/7204
f 224/951/7205 223/209/7206 228/218/7206
f 228/218/7207 225/213/7207 229/224/7207
f 224/951/7208 228/218/7209 230/220/7210
f 232/221/7211 228/218/7211 229/224/7211
f 233/230/7212 3436/953/7213 231/216/7214 3474/219/7215
f 238/229/7216 3381/228/7217 233/230/7218 237/880/7219
f 234/487/7220 231/216/7221 3436/953/7222
f 232/221/7223 229/224/7223 235/223/7223
f 230/220/7224 232/221/7225 236/226/7226
f 233/230/7227 3418/952/7228 237/880/7229
f 234/487/7230 3436/953/7231 233/230/7232
f 3272/954/7233 246/955/7234 247/956/7235 242/227/7236
f 234/487/7237 233/230/7238 239/231/7239
f 236/226/7240 235/223/7241 241/232/7242
f 235/223/7243 240/225/7243 244/233/7243
f 242/227/7244 238/229/7245 3272/954/7246
f 239/231/7247 242/227/7248 247/956/7249
f 244/233/7250 240/225/7250 2/234/7250
f 241/232/7251 244/233/7252 245/874/7253
f 5/878/7254 4/3/7255 247/956/7256 246/955/7257
f 239/231/7258 247/956/7259 7/2/7260
f 247/956/7261 4/3/7262 7/2/7263
f 845/503/7264 537/957/7265 528/222/7266
f 244/233/7267 1/10/7267 3/849/7268 245/874/7269
f 8/925/7270 9/6/7271 248/5/7272 7/2/7273
f 2/234/7274 845/503/7275 260/11/7276
f 253/500/7277 251/240/7277 252/245/7277
f 268/251/7278 269/253/7278 259/241/7278 257/237/7278
f 255/242/7279 258/239/7279 254/238/7279
f 256/235/7280 257/237/7280 259/241/7280
f 9/6/7281 8/925/7282 17/27/7283
f 259/241/7284 264/243/7284 255/242/7284
f 251/240/7285 258/239/7285 267/246/7285
f 18/21/7286 19/28/7287 17/27/7288 8/925/7289
f 273/254/7290 272/247/7290 258/239/7290 264/243/7290
f 291/669/7291 270/374/7292 416/376/7291
f 267/246/7293 271/248/7293 252/245/7293
f 273/254/7294 264/243/7294 259/241/7294 269/253/7294
f 837/244/7295 274/927/7296 21/18/7297 12/12/7297
f 282/264/7298 281/255/7298 273/254/7298 269/253/7298
f 267/246/7299 272/247/7299 275/249/7299
f 272/247/7300 273/254/7300 276/250/7300
f 19/28/7301 18/21/7302 24/23/7303
f 19/28/7304 24/23/7305 25/29/7306
f 275/249/7307 280/256/7307 271/248/7307
f 838/265/7308 29/32/7309 21/18/7309 274/927/7310
f 277/252/7311 282/264/7311 269/253/7311
f 36/41/7312 846/504/7313 25/29/7314 28/31/7315
f 564/259/7316 283/261/7316 649/624/7316
f 276/250/7317 284/257/7317 275/249/7317
f 281/255/7318 285/258/7318 276/250/7318
f 280/256/7319 284/257/7319 287/266/7319
f 281/255/7320 282/264/7320 293/262/7320
f 292/267/7321 284/257/7321 285/258/7321 293/262/7321
f 290/527/7322 291/669/7323 455/673/7323
f 302/274/7324 292/267/7324 297/269/7324 303/278/7324
f 288/263/7325 294/268/7325 282/264/7325
f 296/656/7326 295/391/7327 544/958/7326
f 293/262/7328 298/276/7328 297/269/7328
f 294/268/7329 298/276/7329 293/262/7329
f 43/46/7330 289/45/7331 299/506/7332
f 287/266/7333 292/267/7333 301/273/7333
f 305/280/7334 304/275/7334 294/268/7334 288/263/7334
f 297/269/7335 298/276/7335 303/278/7335
f 36/41/7336 41/930/7337 42/505/7338 846/504/7339
f 317/286/7340 316/284/7340 310/279/7340 304/275/7340
f 43/46/7341 299/506/7342 308/282/7343
f 42/505/7344 41/930/7345 51/289/7346
f 302/274/7347 303/278/7347 309/277/7347
f 304/275/7348 310/279/7348 298/276/7348
f 301/273/7349 309/277/7349 314/291/7349
f 303/278/7350 310/279/7350 315/283/7350
f 42/505/7351 51/289/7352 52/288/7353
f 318/931/7354 53/932/7355 47/51/7355 308/282/7356
f 311/281/7357 317/286/7357 304/275/7357
f 322/297/7358 321/287/7358 317/286/7358 311/281/7358
f 300/271/7359 319/307/7359 263/272/7359
f 315/283/7360 316/284/7360 320/285/7360
f 839/301/7361 61/300/7362 53/932/7362 318/931/7363
f 320/285/7364 325/292/7364 309/277/7364
f 314/291/7365 325/292/7365 326/294/7365
f 316/284/7366 327/293/7366 320/285/7366
f 316/284/7367 321/287/7367 327/293/7367
f 64/305/7368 65/304/7369 52/288/7370 56/290/7371
f 332/302/7372 333/311/7372 327/293/7372 321/287/7372
f 327/293/7373 331/296/7373 325/292/7373
f 335/308/7374 334/310/7374 326/294/7374 328/295/7374
f 321/287/7375 329/298/7375 332/302/7375
f 342/316/7376 341/312/7376 333/311/7376 332/302/7376
f 328/295/7377 331/296/7377 335/308/7377
f 327/293/7378 333/311/7378 331/296/7378
f 333/311/7379 335/308/7379 331/296/7379
f 72/69/7380 76/81/7381 343/510/7382 65/304/7383
f 336/303/7384 342/316/7384 332/302/7384
f 352/328/7385 351/326/7385 349/319/7385 342/316/7385
f 340/309/7386 345/318/7386 334/310/7386
f 341/312/7387 348/314/7387 335/308/7387
f 341/312/7388 342/316/7388 349/319/7388
f 73/72/7389 840/313/7390 848/323/7391
f 348/314/7392 347/317/7392 340/309/7392
f 73/72/7393 848/323/7394 81/75/7395
f 343/510/7396 76/81/7397 847/320/7398
f 347/317/7399 350/322/7399 345/318/7399
f 347/317/7400 349/319/7400 357/324/7400
f 352/328/7401 342/316/7401 346/315/7401 353/959/7401
f 364/329/7402 352/328/7402 353/959/7402 365/344/7402
f 357/324/7403 356/321/7403 347/317/7403
f 351/326/7404 357/324/7404 349/319/7404
f 87/86/7405 848/323/7406 358/330/7407
f 350/322/7408 356/321/7408 361/334/7408
f 351/326/7409 352/328/7409 362/327/7409
f 362/327/7410 363/325/7410 357/324/7410
f 367/338/7411 368/333/7411 356/321/7411 363/325/7411
f 90/331/7412 85/80/7413 89/83/7414
f 372/339/7415 362/327/7415 364/329/7415 373/343/7415
f 363/325/7416 362/327/7416 367/338/7416
f 91/84/7417 358/330/7418 841/346/7419
f 361/334/7420 368/333/7420 371/340/7420
f 381/355/7421 372/339/7421 373/343/7421 382/348/7421
f 364/329/7422 365/344/7422 373/343/7422
f 91/84/7423 841/346/7424 96/93/7425
f 90/331/7426 89/83/7427 99/92/7428
f 90/331/7429 99/92/7430 100/351/7431
f 283/261/7432 366/332/7432 374/387/7432
f 368/333/7433 372/339/7433 380/342/7433
f 100/351/7434 99/92/7435 101/100/7436
f 372/339/7437 381/355/7437 380/342/7437
f 388/353/7438 375/341/7438 383/350/7438 389/357/7438
f 373/343/7439 376/345/7439 382/348/7439
f 380/342/7440 381/355/7440 383/350/7440
f 375/341/7441 386/352/7441 371/340/7441
f 100/351/7442 107/109/7443 110/356/7444
f 391/112/7445 116/937/7446 108/104/7446 385/113/7447
f 383/350/7448 381/355/7448 389/357/7448
f 384/349/7449 390/354/7449 382/348/7449
f 400/559/7450 386/352/7450 388/353/7450 399/363/7450
f 390/354/7451 394/358/7451 381/355/7451
f 389/357/7452 394/358/7452 396/361/7452
f 395/359/7453 397/360/7453 390/354/7453
f 110/356/7454 113/108/7455 115/938/7456
f 396/361/7457 399/363/7457 388/353/7457 389/357/7457
f 409/940/7458 126/123/7459 116/937/7460 391/112/7461
f 394/358/7462 397/360/7462 402/364/7462
f 115/938/7463 113/108/7464 121/114/7465
f 402/364/7466 401/362/7466 396/361/7466
f 400/559/7467 399/363/7467 406/371/7467
f 397/360/7468 405/365/7468 408/367/7468
f 123/117/7469 125/939/7470 115/938/7471 121/114/7472
f 408/367/7473 410/379/7473 402/364/7473
f 410/379/7474 407/366/7474 401/362/7474 402/364/7474
f 407/366/7475 413/372/7475 399/363/7475
f 409/940/7476 415/960/7477 131/124/7478 126/123/7479
f 410/379/7480 414/373/7480 407/366/7480
f 419/381/7481 418/378/7481 408/367/7481 405/365/7481
f 125/939/7482 123/117/7483 130/128/7484
f 414/373/7485 417/377/7485 413/372/7485
f 423/384/7486 425/380/7486 414/373/7486 410/379/7486
f 417/377/7487 422/556/7487 406/371/7487
f 130/128/7488 136/386/7489 137/385/7490 125/939/7491
f 418/378/7492 423/384/7492 410/379/7492
f 131/124/7493 415/960/7494 138/136/7495
f 426/389/7496 430/395/7496 422/556/7496 417/377/7496
f 425/380/7497 426/389/7497 417/377/7497
f 418/378/7498 424/382/7498 427/383/7498
f 138/136/7499 415/960/7500 849/513/7501
f 435/396/7502 423/384/7502 427/383/7502 436/398/7502
f 425/380/7503 423/384/7503 434/390/7503
f 137/385/7504 144/139/7505 145/511/7506
f 426/389/7507 434/390/7507 433/394/7507
f 444/409/7508 443/406/7508 433/394/7508 440/402/7508
f 427/383/7509 424/382/7509 436/398/7509
f 138/136/7510 849/513/7511 146/143/7512
f 434/390/7513 435/396/7513 440/402/7513
f 435/396/7514 436/398/7514 441/403/7514
f 146/143/7515 849/513/7516 850/413/7517
f 145/511/7518 144/139/7519 152/404/7520
f 430/395/7521 433/394/7521 442/405/7521
f 154/144/7522 158/942/7523 159/517/7524 152/404/7525
f 440/402/7526 441/403/7526 444/409/7526
f 436/398/7527 437/397/7527 445/407/7527
f 374/387/7528 431/388/7528 446/429/7528
f 442/405/7529 443/406/7529 447/415/7529
f 146/143/7530 850/413/7531 160/412/7532
f 170/946/7533 176/171/7534 177/519/7535 165/518/7536
f 441/403/7537 451/410/7537 444/409/7537
f 441/403/7538 445/407/7538 451/410/7538
f 451/410/7539 452/416/7539 443/406/7539
f 445/407/7540 448/408/7540 453/411/7540
f 454/526/7541 455/673/7542 313/658/7542
f 452/416/7543 456/419/7543 447/415/7543
f 451/410/7544 453/411/7544 457/417/7544
f 159/517/7545 158/942/7546 165/518/7547
f 457/417/7548 458/418/7548 452/416/7548
f 166/153/7549 162/414/7550 842/944/7551
f 165/518/7552 158/942/7553 170/946/7554
f 458/418/7555 459/427/7555 456/419/7555
f 457/417/7556 460/422/7556 465/420/7556
f 453/411/7557 460/422/7557 457/417/7557
f 453/411/7558 461/421/7558 462/423/7558
f 166/153/7559 842/944/7560 851/163/7561
f 458/418/7562 465/420/7562 464/426/7562
f 339/306/7563 466/435/7563 319/307/7563
f 460/422/7564 467/428/7564 465/420/7564
f 470/961/7565 459/427/7565 464/426/7565 469/434/7565
f 472/432/7566 462/423/7566 461/421/7566 473/441/7566
f 467/428/7567 469/434/7567 464/426/7567
f 462/423/7568 471/431/7568 460/422/7568
f 174/154/7569 851/163/7570 182/160/7569
f 479/440/7571 480/962/7571 470/961/7571 469/434/7571
f 467/428/7572 471/431/7572 474/433/7572
f 177/519/7573 176/171/7574 184/438/7575
f 481/437/7576 471/431/7576 472/432/7576 482/443/7576
f 474/433/7577 479/440/7577 469/434/7577
f 484/172/7578 188/173/7579 182/160/7579 475/162/7580
f 473/441/7581 482/443/7581 472/432/7581
f 474/433/7582 481/437/7582 483/439/7582
f 486/446/7583 481/445/7583 482/963/7583 487/451/7583
f 483/444/7584 490/450/7584 479/964/7584
f 490/450/7585 489/551/7585 480/965/7585 479/964/7585
f 482/963/7586 485/452/7586 487/451/7586
f 184/522/7587 187/950/7588 193/456/7589
f 494/550/7590 489/551/7590 490/450/7590 493/458/7590
f 184/522/7591 193/456/7592 195/455/7593
f 486/446/7594 490/450/7594 483/444/7594
f 500/461/7595 501/547/7595 494/550/7595 493/458/7595
f 486/446/7596 487/451/7596 495/449/7596
f 496/453/7597 497/457/7597 487/451/7597
f 261/392/7598 344/661/7599 432/393/7599
f 490/450/7600 495/449/7600 493/458/7600
f 495/449/7601 497/457/7601 498/459/7601
f 196/180/7602 843/454/7603 202/194/7602
f 468/430/7604 499/479/7604 446/429/7604
f 205/190/7605 852/523/7606 195/455/7607 199/191/7608
f 498/459/7609 500/461/7609 493/458/7609
f 202/194/7610 843/454/7611 502/463/7612
f 209/198/7613 210/525/7614 852/523/7615 205/190/7616
f 498/459/7617 497/457/7617 503/460/7617
f 500/461/7618 503/460/7618 506/469/7618
f 504/462/7619 505/467/7619 497/457/7619
f 503/460/7620 505/467/7620 507/468/7620
f 211/202/7621 502/463/7622 844/214/7623
f 508/470/7624 509/548/7624 501/547/7624 500/461/7624
f 513/473/7625 508/470/7625 510/471/7625 514/476/7625
f 506/469/7626 508/470/7626 500/461/7626
f 506/469/7627 507/468/7627 510/471/7627
f 211/202/7628 844/214/7629 217/206/7630
f 210/525/7631 209/198/7632 216/205/7633
f 509/548/7634 508/470/7634 512/474/7634
f 217/206/7635 844/214/7636 225/213/7637
f 210/525/7638 216/205/7639 220/482/7640
f 521/489/7641 512/474/7641 513/473/7641 520/484/7641
f 510/471/7642 507/468/7642 514/476/7642
f 505/467/7643 511/472/7643 515/475/7643
f 515/475/7644 516/477/7644 507/468/7644
f 220/482/7645 216/205/7646 222/211/7647
f 524/492/7648 523/481/7648 515/475/7648 517/478/7648
f 513/473/7649 514/476/7649 520/484/7649
f 514/476/7650 516/477/7650 522/483/7650
f 527/490/7651 526/488/7651 520/484/7651 522/483/7651
f 225/213/7652 518/217/7653 229/224/7652
f 523/481/7654 525/485/7654 516/477/7654
f 535/495/7655 526/488/7655 527/490/7655 533/966/7655
f 522/483/7656 525/485/7656 527/490/7656
f 229/224/7657 518/217/7658 528/222/7659
f 499/479/7660 519/480/7660 529/597/7660
f 526/488/7661 530/496/7661 521/489/7661
f 525/485/7662 523/481/7662 531/491/7662
f 527/490/7663 531/491/7663 533/966/7663
f 532/493/7664 534/494/7664 523/481/7664
f 853/486/7665 234/487/7666 239/231/7667
f 7/2/7668 248/5/7669 243/4/7670 239/231/7671
f 535/495/7672 536/498/7672 530/496/7672
f 240/225/7673 528/222/7674 537/957/7675
f 853/486/7676 239/231/7677 243/4/7678
f 534/494/7679 532/493/7679 538/497/7679
f 240/225/7680 537/957/7681 2/234/7680
f 539/595/7682 466/435/7682 478/436/7682 612/594/7682
f 540/499/7683 535/495/7683 533/966/7683 541/967/7683
f 541/967/7684 533/966/7684 531/491/7684 542/968/7684
f 254/238/7685 251/240/7685 540/499/7685 541/967/7685
f 538/497/7686 542/968/7686 531/491/7686
f 540/499/7687 253/500/7687 536/498/7687
f 255/242/7688 254/238/7688 541/967/7688 542/968/7688
f 256/235/7689 255/242/7689 542/968/7689 538/497/7689
f 337/401/7690 838/265/7691 837/244/7692 392/502/7693
f 543/236/7694 256/235/7694 538/497/7694
f 544/958/7695 295/391/7696 432/393/7695
f 845/503/7697 392/502/7698 837/244/7699
f 17/27/7700 249/375/7701 270/374/7702
f 411/368/7703 377/347/7704 841/346/7705 491/369/7706
f 838/265/7707 337/401/7708 299/506/7709
f 42/505/7710 359/507/7711 249/375/7712
f 299/506/7713 438/400/7714 318/931/7715
f 318/931/7716 438/400/7717 839/301/7718
f 359/507/7719 52/288/7720 476/508/7721
f 428/509/7722 840/313/7723 839/301/7724
f 343/510/7725 295/391/7726 476/508/7727
f 840/313/7728 428/509/7729 848/323/7730
f 848/323/7731 491/369/7732 841/346/7733
f 546/662/7734 261/392/7735 110/356/7736 125/939/7737
f 100/351/7738 261/392/7739 295/391/7740
f 411/368/7741 545/111/7742 377/347/7743
f 415/960/7744 409/940/7745 420/424/7746 278/514/7747
f 545/111/7748 420/424/7749 409/940/7750
f 323/512/7751 546/662/7752 125/939/7753 137/385/7754
f 306/336/7755 842/944/7756 850/413/7757 354/515/7758
f 415/960/7759 278/514/7760 849/513/7761
f 354/515/7762 850/413/7763 849/513/7764
f 145/511/7765 547/516/7766 323/512/7767
f 184/438/7768 403/603/7769 449/520/7770 177/519/7771
f 165/518/7772 449/520/7773 547/516/7774
f 306/336/7775 548/161/7776 842/944/7777
f 369/335/7778 484/172/7779 548/161/7780 306/336/7781
f 265/464/7782 844/214/7783 843/454/7784 369/465/7785
f 369/465/7786 843/454/7787 484/447/7788
f 195/455/7789 312/524/7790 403/521/7791
f 543/236/7792 532/493/7792 550/529/7792 519/480/7792
f 210/525/7793 454/526/7794 312/524/7795
f 265/464/7796 549/212/7797 844/214/7798
f 378/501/7799 528/222/7800 549/212/7801
f 454/526/7802 853/486/7803 290/527/7804
f 528/222/7805 378/501/7806 845/503/7807
f 243/4/7808 270/374/7809 290/527/7810
f 511/472/7811 504/462/7811 552/531/7811 551/528/7811
f 524/492/7812 550/529/7812 532/493/7812
f 517/478/7813 551/528/7813 524/492/7813
f 511/472/7814 551/528/7814 517/478/7814
f 558/537/7815 424/382/7815 419/381/7815 559/539/7815
f 552/531/7816 504/462/7816 496/453/7816
f 485/452/7817 553/530/7817 496/453/7817
f 473/441/7818 554/534/7818 485/442/7818
f 461/421/7819 555/533/7819 473/441/7819
f 448/408/7820 556/535/7820 461/421/7820
f 556/535/7821 448/408/7821 437/397/7821
f 557/536/7822 437/397/7822 424/382/7822
f 353/959/7823 346/315/7823 564/259/7823 563/542/7823
f 559/539/7824 419/381/7824 405/365/7824
f 560/538/7825 405/365/7825 395/359/7825
f 561/540/7826 395/359/7826 384/349/7826
f 562/541/7827 384/349/7827 376/345/7827
f 562/541/7828 376/345/7828 365/344/7828
f 563/542/7829 365/344/7829 353/959/7829
f 253/500/7830 565/568/7830 566/543/7830 536/498/7830
f 336/303/7831 564/259/7831 346/315/7831
f 329/298/7832 564/259/7832 336/303/7832
f 322/297/7833 286/260/7833 329/298/7833
f 286/260/7834 322/297/7834 311/281/7834
f 305/280/7835 366/332/7835 311/281/7835
f 366/332/7836 305/280/7836 288/263/7836
f 277/252/7837 431/388/7837 288/263/7837
f 268/251/7838 468/430/7838 277/252/7838
f 257/237/7839 468/430/7839 268/251/7839
f 519/480/7840 257/237/7840 543/236/7840
f 512/474/7841 568/545/7841 569/546/7841 509/548/7841
f 530/496/7842 566/543/7842 567/544/7842
f 568/545/7843 521/489/7843 567/544/7843
f 571/552/7844 572/969/7844 480/965/7844 489/551/7844
f 570/549/7845 501/547/7845 569/546/7845
f 571/552/7846 494/550/7846 570/549/7846
f 480/962/7847 572/573/7847 573/572/7847 470/961/7847
f 573/572/7848 574/574/7848 459/427/7848 470/961/7848
f 575/553/7849 576/554/7849 447/415/7849 456/419/7849
f 459/427/7850 574/574/7850 575/553/7850
f 400/559/7851 581/580/7851 582/579/7851 386/352/7851
f 442/405/7852 576/554/7852 577/555/7852
f 578/557/7853 430/395/7853 577/555/7853
f 579/558/7854 422/556/7854 578/557/7854
f 406/371/7855 579/558/7855 580/560/7855
f 581/580/7856 400/559/7856 580/560/7856
f 584/582/7857 585/562/7857 361/334/7857 371/340/7857
f 583/561/7858 386/352/7858 582/579/7858
f 584/582/7859 371/340/7859 583/561/7859
f 345/318/7860 586/563/7860 587/586/7860 334/310/7860
f 586/563/7861 350/322/7861 585/562/7861
f 326/294/7862 588/564/7862 589/588/7862 314/291/7862
f 334/310/7863 587/586/7863 588/564/7863
f 591/590/7864 592/591/7864 287/266/7864 301/273/7864
f 590/565/7865 314/291/7865 589/588/7865
f 591/590/7866 301/273/7866 590/565/7866
f 592/591/7867 593/566/7867 280/256/7867 287/266/7867
f 595/569/7868 596/657/7868 570/549/7868 569/546/7868
f 594/567/7869 271/248/7869 593/566/7869
f 252/245/7870 594/567/7870 565/568/7870
f 566/543/7871 339/306/7871 300/271/7871
f 262/270/7872 567/544/7872 300/271/7872
f 568/545/7873 262/270/7873 595/569/7873
f 597/570/7874 598/625/7874 572/969/7874 571/552/7874
f 570/549/7875 596/657/7875 597/570/7875
f 599/575/7876 600/667/7876 576/554/7876 575/553/7876
f 599/575/7877 573/572/7877 598/571/7877
f 600/667/7878 601/666/7878 577/555/7878 576/554/7878
f 577/555/7879 601/666/7879 602/576/7879 578/557/7879
f 580/560/7880 603/577/7880 604/578/7880 581/580/7880
f 579/558/7881 602/576/7881 603/577/7881
f 583/561/7882 605/581/7882 606/583/7882 584/582/7882
f 605/581/7883 582/579/7883 604/578/7883
f 589/588/7884 609/587/7884 610/589/7884 590/565/7884
f 607/584/7885 585/562/7885 606/583/7885
f 586/563/7886 607/584/7886 608/585/7886
f 609/587/7887 588/564/7887 608/585/7887
f 592/591/7888 611/592/7888 612/594/7888 593/566/7888
f 591/590/7889 610/589/7889 611/592/7889
f 553/530/7890 692/678/7890 619/605/7890 552/531/7890
f 478/436/7891 593/566/7891 612/594/7891
f 339/306/7892 565/568/7892 478/436/7892
f 476/508/7893 296/656/7894 477/599/7894
f 539/595/7895 611/592/7895 613/596/7895
f 610/589/7896 614/598/7896 613/596/7896
f 449/520/7897 450/820/7898 398/677/7898
f 550/529/7899 616/601/7899 529/597/7899
f 404/833/7900 403/521/7901 617/655/7900
f 608/585/7902 618/604/7902 614/598/7902
f 369/465/7903 615/796/7904 387/466/7904
f 617/655/7905 312/524/7906 313/658/7905
f 616/601/7907 551/528/7907 619/605/7907
f 249/375/7908 360/593/7909 250/788/7909
f 618/604/7910 607/584/7910 620/606/7910
f 606/583/7911 691/679/7911 620/606/7911
f 816/723/7912 814/619/7913 634/621/7914 627/970/7915
f 623/610/7916 624/612/7917 625/757/7918
f 629/756/7919 766/755/7920 633/738/7921
f 643/630/7922 805/739/7923 631/971/7924 630/764/7925
f 626/758/7926 809/717/7927 727/613/7928 785/615/7929
f 637/825/7930 622/824/7931 621/668/7932 636/617/7932
f 624/612/7933 632/611/7934 635/823/7935
f 813/747/7936 815/729/7937 772/761/7938 771/803/7939
f 721/609/7940 729/741/7941 638/834/7942 777/607/7942
f 639/835/7943 633/738/7944 766/755/7945 784/637/7946
f 645/818/7947 635/823/7948 632/611/7949 644/623/7949
f 636/617/7950 640/616/7950 637/825/7950
f 638/834/7951 729/741/7952 760/786/7953 651/972/7951
f 733/748/7954 641/614/7955 727/613/7956
f 644/623/7957 647/622/7958 645/818/7959
f 648/753/7960 646/620/7961 814/619/7962
f 641/614/7963 733/748/7964 764/633/7965 657/635/7966
f 640/627/7967 650/626/7968 652/629/7969
f 805/739/7970 643/630/7971 804/632/7972
f 646/620/7973 648/753/7974 812/973/7975 654/974/7976
f 649/624/7977 653/816/7978 647/622/7979
f 789/975/7980 801/976/7981 813/747/7982 771/803/7983
f 784/637/7984 655/636/7985 639/835/7986
f 658/813/7987 653/816/7988 649/624/7989 283/261/7989
f 651/972/7990 760/786/7991 821/781/7992 663/780/7990
f 656/628/7993 660/639/7994 652/629/7993
f 283/261/7995 661/814/7996 658/813/7997
f 659/634/7998 764/633/7999 808/644/8000
f 655/636/8001 783/638/8002 662/826/8003
f 666/977/8004 801/828/8005 789/978/8006 677/802/8006
f 283/261/8007 664/640/8008 661/814/8009
f 654/979/8010 812/980/8011 811/647/8012 673/646/8013
f 660/639/8014 263/272/8015 665/808/8016
f 319/307/8017 668/652/8017 665/808/8018 263/272/8017
f 374/387/8019 667/807/8020 664/640/8021
f 669/821/8022 662/826/8023 783/638/8024 782/981/8024
f 671/982/8025 667/807/8026 374/387/8027 446/429/8027
f 788/800/8028 678/983/8029 672/984/8030 677/802/8028
f 677/802/8031 672/984/8032 666/977/8033
f 807/649/8034 670/643/8035 808/644/8036
f 446/429/8037 674/650/8038 671/982/8039
f 781/985/8040 680/815/8041 669/821/8042 782/981/8043
f 674/650/8044 499/479/8045 679/651/8046
f 675/645/8047 811/647/8048 681/795/8049 796/783/8050
f 420/424/8051 421/792/8052 279/663/8052 278/514/8053
f 762/654/8054 676/648/8055 807/649/8056
f 466/435/8057 682/696/8057 668/652/8057
f 796/783/8058 681/795/8059 757/784/8060
f 682/696/8061 466/435/8061 684/702/8061
f 656/628/8062 595/569/8062 263/272/8062
f 644/623/8063 563/542/8063 649/624/8063
f 324/660/8064 344/661/8064 546/662/8065 323/512/8066
f 596/657/8067 656/628/8067 650/626/8067
f 249/375/8068 250/788/8069 416/376/8069
f 562/541/8070 644/623/8070 632/611/8070
f 412/370/8071 491/369/8072 492/600/8071
f 650/626/8073 642/625/8073 598/625/8073 597/570/8073
f 330/798/8074 429/799/8074 428/509/8075 438/400/8076
f 265/464/8077 266/806/8078 379/805/8078 378/501/8079
f 420/424/8080 463/425/8081 421/792/8081
f 306/336/8082 307/801/8083 370/337/8083
f 560/538/8084 632/611/8084 623/610/8084
f 636/617/8085 621/668/8085 600/667/8085 599/575/8085
f 636/617/8086 599/575/8086 642/618/8086
f 392/502/8087 393/659/8088 338/675/8088
f 463/425/8089 411/368/8090 412/370/8089
f 685/665/8091 559/539/8091 623/610/8091
f 685/665/8092 686/670/8092 557/536/8092 558/537/8092
f 604/578/8093 689/674/8093 691/679/8093 605/581/8093
f 492/600/8094 428/509/8095 429/799/8094
f 265/464/8096 387/466/8097 266/806/8097
f 687/671/8098 601/666/8098 621/668/8098
f 354/515/8099 279/663/8100 355/664/8100
f 556/535/8101 686/670/8101 688/672/8101
f 439/399/8102 337/401/8103 338/675/8102
f 689/674/8104 603/577/8104 687/671/8104
f 449/520/8105 404/602/8106 450/820/8106
f 555/533/8107 688/672/8107 690/676/8107
f 324/660/8108 547/516/8109 398/677/8108
f 359/507/8110 477/599/8111 360/593/8111
f 438/400/8112 439/399/8113 330/798/8113
f 674/650/8114 731/787/8115 693/742/8116 671/982/8117
f 615/796/8118 369/465/8119 370/804/8118
f 307/801/8120 306/336/8121 355/664/8120
f 378/501/8122 379/805/8123 393/659/8123
f 554/532/8124 690/733/8124 692/678/8124
f 699/785/8125 731/787/8126 674/650/8127 679/651/8128
f 800/687/8129 753/986/8130 700/688/8131
f 716/694/8132 752/809/8133 749/692/8134
f 836/691/8135 819/690/8136 776/709/8137
f 810/698/8138 694/793/8139 698/699/8140
f 695/680/8141 833/682/8142 832/713/8143 704/715/8144
f 794/683/8145 820/685/8146 746/703/8147
f 714/693/8148 749/692/8149 806/705/8150
f 697/686/8151 700/688/8152 745/987/8153
f 682/696/8154 703/701/8155 702/695/8156
f 708/719/8157 709/706/8158 706/740/8159 684/702/8157
f 818/700/8160 836/691/8161 705/711/8162
f 684/702/8163 706/740/8164 703/701/8165
f 697/686/8166 745/987/8167 738/707/8168
f 743/767/8169 822/704/8170 746/703/8171
f 743/767/8172 737/762/8173 795/728/8174 822/704/8175
f 710/718/8176 707/697/8177 698/699/8178
f 3150/7/8179 6/1/8180 4/3/8181 5/878/8182
f 776/709/8183 711/710/8184 836/691/8185
f 735/765/8186 709/706/8187 806/705/8188
f 738/707/8189 629/756/8190 826/737/8191 802/708/8192
f 709/706/8193 708/719/8194 714/693/8195
f 817/712/8196 705/711/8197 835/722/8198
f 713/716/8199 705/711/8200 836/691/8201
f 715/720/8202 716/694/8203 714/693/8204
f 735/765/8205 631/971/8206 706/740/8207 709/706/8208
f 705/711/8209 717/721/8210 835/722/8211
f 712/714/8212 832/713/8213 831/726/8214
f 795/728/8215 737/762/8216 815/729/8217
f 716/694/8218 718/724/8219 830/810/8220
f 719/725/8221 725/988/8222 835/722/8223
f 809/717/8224 710/718/8225 720/735/8226
f 718/724/8227 722/730/8228 830/810/8229
f 723/732/8230 734/752/8231 725/988/8232 719/725/8233
f 816/723/8234 835/722/8235 725/988/8236 814/619/8237
f 693/742/8238 721/609/8239 831/726/8240
f 722/730/8241 724/731/8242 829/822/8243
f 734/752/8244 723/732/8245 770/734/8246
f 826/737/8247 629/756/8248 633/738/8249
f 728/750/8250 828/827/8251 829/822/8252 724/731/8253
f 706/740/8254 631/971/8255 805/739/8256
f 622/824/8257 736/831/8258 687/671/8259 621/668/8259
f 813/747/8260 797/727/8261 815/729/8262
f 726/743/8263 769/745/8264 770/989/8265
f 639/835/8266 827/736/8267 633/738/8268
f 731/787/8269 729/741/8270 693/742/8271
f 727/613/8272 720/735/8273 732/749/8274
f 828/827/8275 728/750/8276 827/736/8277
f 769/745/8278 730/744/8279 768/794/8280
f 814/619/8281 725/988/8282 734/752/8283
f 827/736/8284 728/750/8285 826/737/8286
f 765/791/8287 733/748/8288 732/749/8289
f 630/764/8290 631/971/8291 735/765/8292
f 817/712/8293 816/723/8294 627/970/8295 773/990/8296
f 772/761/8297 815/729/8298 737/762/8299
f 738/707/8300 767/754/8301 629/756/8302
f 687/671/8303 736/831/8304 739/751/8305
f 707/697/8306 809/717/8307 740/759/8308 744/772/8309
f 686/670/8310 625/757/8311 741/832/8312
f 743/767/8313 790/760/8314 737/762/8315
f 806/705/8316 778/763/8317 735/765/8318
f 818/700/8319 817/712/8320 773/990/8321 774/797/8322
f 689/674/8323 739/751/8324 728/750/8325
f 686/670/8326 741/832/8327 730/744/8328
f 712/714/8329 742/766/8330 704/715/8331
f 688/672/8332 730/744/8333 726/743/8334 690/676/8332
f 786/769/8335 738/707/8336 745/987/8337
f 791/768/8338 743/767/8339 746/703/8340
f 691/679/8341 728/750/8342 724/731/8343 620/606/8341
f 701/689/8344 818/700/8345 774/797/8346 775/778/8347
f 704/715/8348 747/771/8349 695/680/8350
f 749/692/8351 779/770/8352 806/705/8353
f 726/733/8354 723/732/8355 692/678/8356 690/733/8356
f 620/606/8357 724/731/8358 718/724/8357 618/604/8357
f 723/732/8359 719/725/8360 619/605/8361 692/678/8361
f 791/768/8362 746/703/8363 820/685/8364
f 748/773/8365 810/698/8366 707/697/8367
f 786/769/8368 745/987/8369 700/688/8370
f 696/681/8371 695/680/8372 750/776/8373 755/991/8373
f 701/689/8374 775/778/8375 819/690/8376
f 780/774/8377 749/692/8378 752/809/8379
f 614/598/8380 718/724/8380 715/720/8380
f 753/986/8381 787/775/8382 700/688/8383
f 619/605/8384 719/725/8385 717/721/8386
f 715/720/8387 708/719/8387 613/596/8387 614/598/8387
f 803/642/8388 792/641/8389 820/685/8390
f 713/716/8391 616/601/8392 717/721/8393
f 757/784/8394 810/698/8395 751/777/8396 756/782/8397
f 753/986/8398 758/812/8399 788/800/8400 787/775/8401
f 819/690/8402 754/779/8403 821/781/8404
f 752/809/8405 680/815/8406 781/985/8407 780/774/8408
f 711/710/8409 616/601/8410 713/716/8411
f 762/654/8412 696/681/8413 755/991/8414 683/653/8415
f 679/651/8416 529/597/8417 711/710/8418
f 763/819/8419 834/790/8420 807/649/8421 808/644/8422
f 684/702/8423 539/595/8423 708/719/8423
f 788/800/8424 758/812/8425 678/983/8426
f 804/632/8427 759/631/8428 803/642/8429
f 760/786/8430 731/787/8431 699/785/8432
f 630/764/8433 338/675/8433 643/630/8433
f 628/608/8434 250/788/8434 742/766/8434
f 742/766/8435 360/593/8435 747/771/8435
f 477/599/8436 750/776/8436 747/771/8436
f 477/599/8437 755/991/8437 750/776/8437
f 696/681/8438 761/789/8439 833/682/8440
f 761/789/8441 762/654/8442 834/790/8443
f 764/633/8444 765/791/8445 763/819/8446 808/644/8447
f 770/989/8448 769/745/8449 811/647/8450 812/980/8451
f 463/425/8452 784/637/8452 766/755/8452
f 767/754/8453 421/792/8453 766/755/8453
f 344/661/8454 740/759/8454 626/758/8454
f 740/759/8455 344/661/8455 744/772/8455
f 324/660/8456 748/773/8456 744/772/8456
f 748/773/8457 324/660/8457 751/777/8457
f 757/784/8458 768/794/8459 694/793/8460
f 768/794/8461 811/647/8462 769/745/8463
f 734/752/8464 770/734/8465 812/973/8466 648/753/8467
f 429/799/8468 781/985/8468 782/981/8468 492/600/8468
f 615/796/8469 771/803/8469 772/761/8469
f 627/970/8470 313/658/8470 773/990/8470
f 773/990/8471 313/658/8471 774/797/8471
f 455/673/8472 775/778/8472 774/797/8472
f 775/778/8473 455/673/8473 754/779/8473
f 702/695/8474 804/632/8475 803/642/8476
f 393/659/8477 759/631/8477 643/630/8477
f 250/788/8478 777/607/8478 638/834/8478
f 250/788/8479 628/608/8479 777/607/8479
f 628/608/8480 712/714/8481 721/609/8482
f 778/763/8483 439/399/8483 630/764/8483
f 779/770/8484 439/399/8484 778/763/8484
f 330/798/8485 779/770/8485 780/774/8485
f 755/991/8486 477/599/8486 683/653/8486
f 313/658/8487 627/970/8487 634/621/8487 617/655/8487
f 783/638/8488 492/600/8488 782/981/8488
f 784/637/8489 412/370/8489 783/638/8489
f 641/614/8490 432/393/8490 785/615/8490
f 344/661/8491 626/758/8491 785/615/8491
f 279/663/8492 767/754/8492 786/769/8492
f 787/775/8493 279/663/8493 786/769/8493
f 398/677/8494 756/782/8494 751/777/8494
f 756/782/8495 398/677/8495 796/783/8495
f 677/802/8496 307/801/8496 788/800/8496
f 789/978/8497 370/337/8497 677/802/8497
f 370/804/8498 789/975/8498 771/803/8498
f 617/655/8499 634/621/8499 646/620/8499
f 772/761/8500 790/760/8500 266/806/8500 387/466/8500
f 671/982/8501 693/742/8502 831/726/8503 667/807/8504
f 266/806/8505 790/760/8505 791/768/8505
f 792/641/8506 379/805/8506 791/768/8506
f 754/779/8507 291/669/8507 663/780/8507
f 832/713/8508 833/682/8509 661/814/8510 664/640/8511
f 699/785/8512 679/651/8513 776/709/8514
f 793/684/8515 803/642/8516 820/685/8517
f 355/664/8518 787/775/8518 788/800/8518
f 832/713/8519 667/807/8520 831/726/8521
f 793/684/8522 668/652/8523 702/695/8524
f 753/986/8525 800/687/8526 758/812/8527
f 794/683/8528 668/652/8529 793/684/8530
f 781/985/8531 429/799/8531 780/774/8531
f 821/781/8532 699/785/8533 776/709/8534
f 665/808/8535 794/683/8536 822/704/8537
f 830/810/8538 680/815/8539 752/809/8540
f 675/645/8541 796/783/8541 398/677/8541 450/820/8541
f 795/728/8542 660/639/8543 822/704/8544
f 758/812/8545 825/811/8546 678/983/8547
f 683/653/8548 296/656/8548 676/648/8548
f 761/789/8549 658/813/8550 833/682/8551
f 795/728/8552 797/727/8553 652/629/8554 660/639/8555
f 799/992/8556 672/984/8557 678/983/8558 825/811/8559
f 653/816/8560 761/789/8561 834/790/8562
f 680/815/8563 722/730/8564 669/821/8565
f 798/746/8566 652/629/8567 797/727/8568
f 544/958/8569 659/634/8569 670/643/8569 296/656/8569
f 296/656/8570 670/643/8570 676/648/8570
f 652/629/8571 798/746/8572 823/817/8573
f 675/645/8574 450/820/8574 673/646/8574
f 647/622/8575 834/790/8576 763/819/8577
f 824/829/8578 640/616/8579 823/993/8580
f 666/977/8581 672/984/8582 799/992/8583 824/829/8584
f 765/791/8585 645/818/8586 763/819/8587
f 640/616/8588 799/992/8589 825/811/8590 637/825/8588
f 799/992/8591 640/616/8592 824/829/8593
f 673/646/8594 404/602/8594 654/979/8594
f 829/822/8595 662/826/8596 669/821/8597
f 635/823/8598 765/791/8599 732/749/8600
f 432/393/8601 657/635/8601 659/634/8601 544/958/8601
f 720/735/8602 635/823/8603 732/749/8604
f 416/376/8605 651/972/8605 663/780/8605
f 622/824/8606 825/811/8607 800/687/8608
f 824/829/8609 801/828/8610 666/977/8611
f 710/718/8612 624/612/8613 720/735/8614
f 828/827/8615 655/636/8616 662/826/8617
f 805/739/8618 804/632/8619 702/695/8620 703/701/8621
f 622/824/8622 800/687/8623 697/686/8624
f 625/757/8625 710/718/8626 698/699/8627
f 404/833/8628 646/620/8628 654/974/8628
f 432/393/8629 641/614/8629 657/635/8629
f 802/708/8630 736/831/8631 697/686/8632
f 823/817/8633 813/747/8634 801/976/8635
f 655/636/8636 828/827/8637 639/835/8638
f 694/793/8639 741/832/8640 698/699/8641
f 651/972/8642 416/376/8642 638/834/8642
f 741/832/8643 694/793/8644 768/794/8645 730/744/8646
f 739/751/8647 802/708/8648 826/737/8649
f 792/641/8650 759/631/8650 393/659/8650 379/805/8650
f 899/851/8651 865/875/8652 245/874/8653 3/849/8654
f 2/234/8655 537/957/8656 845/503/8657
f 3150/7/8658 5/878/8659 898/877/8660
f 1553/941/8661 134/133/8662 854/896/8663
f 13/15/8664 897/913/8665 3037/926/8666
f 40/44/8667 49/56/8668 2660/928/8669
f 238/229/8670 246/955/8671 3272/954/8672
f 2809/40/8673 32/36/8674 885/994/8675
f 226/844/8676 237/880/8677 3418/952/8678
f 2074/96/8679 88/88/8680 98/97/8681
f 23/26/8682 886/35/8683 2907/24/8684
f 893/852/8685 899/851/8686 11/850/8687 15/16/8688
f 890/857/8689 891/856/8690 35/855/8691 39/50/8692
f 22/20/8693 892/854/8694 893/852/8695
f 31/853/8696 891/856/8697 892/854/8698
f 857/995/8699 922/996/8700 63/64/8701 70/63/8702
f 48/52/8703 889/883/8704 890/857/8705
f 63/64/8706 922/996/8707 888/859/8708
f 921/921/8709 857/995/8710 70/63/8711 78/73/8712
f 919/997/8713 920/861/8714 83/860/8715 93/95/8716
f 78/73/8717 920/861/8718 921/921/8719
f 918/863/8720 919/997/8721 93/95/8722 97/94/8723
f 150/868/8724 912/867/8725 859/998/8726 142/137/8727
f 918/863/8728 104/862/8729 915/864/8730
f 858/866/8731 142/137/8732 859/998/8733
f 168/872/8734 861/915/8735 860/870/8736 161/149/8737
f 912/867/8738 156/869/8739 860/870/8740
f 180/165/8741 863/914/8742 862/871/8743 175/155/8744
f 861/915/8745 168/872/8746 862/871/8747
f 906/999/8748 887/906/8749 213/199/8750 218/208/8751
f 224/951/8752 904/1000/8753 906/999/8754 218/208/8755
f 864/873/8756 904/1000/8757 224/951/8758 230/220/8759
f 865/875/8760 864/873/8761 236/226/8762 241/232/8763
f 246/955/8764 900/1001/8765 866/876/8766 5/878/8767
f 238/229/8768 901/879/8769 900/1001/8770 246/955/8771
f 118/936/8772 914/918/8773 915/864/8774 112/865/8775
f 190/948/8776 867/1002/8777 863/914/8778 180/165/8779
f 901/879/8780 237/880/8781 902/881/8782
f 902/881/8783 226/844/8784 903/882/8785
f 903/882/8786 219/207/8787 905/884/8788
f 905/884/8789 894/204/8790 907/885/8791
f 895/189/8792 908/887/8793 907/885/8794 207/196/8795
f 122/119/8796 913/916/8797 914/918/8798 118/936/8799
f 54/858/8800 888/859/8801 889/883/8802
f 871/1003/8803 867/1004/8804 190/182/8805 197/181/8806
f 908/887/8807 896/886/8808 910/888/8809
f 191/179/8810 911/891/8811 910/888/8812
f 185/168/8813 868/892/8814 911/1005/8815
f 172/159/8816 869/893/8817 868/892/8818
f 856/842/8819 870/894/8820 869/893/8821
f 132/129/8822 873/917/8823 913/916/8824 122/119/8825
f 153/148/8826 872/1006/8827 870/894/8828
f 874/897/8829 872/1006/8830 153/148/8831 147/848/8832
f 201/185/8833 909/904/8834 871/1003/8835 197/181/8836
f 854/896/8837 875/898/8838 874/897/8839
f 134/133/8840 876/899/8841 875/898/8842
f 139/134/8843 858/866/8844 873/917/8845 132/129/8846
f 119/122/8847 877/900/8848 876/899/8849
f 878/1007/8850 917/903/8851 98/97/8852 88/88/8853
f 109/107/8854 916/901/8855 877/900/8856
f 916/901/8857 855/902/8858 917/903/8859
f 80/78/8860 879/919/8861 878/1007/8862 88/88/8863
f 71/68/8864 880/920/8865 879/919/8866 80/78/8867
f 884/933/8868 923/907/8869 882/922/8870 883/62/8871
f 909/904/8872 206/195/8873 887/906/8874
f 71/68/8875 881/905/8876 880/920/8877
f 881/905/8878 883/62/8879 882/922/8880
f 32/36/8881 926/911/8882 925/910/8883 885/994/8884
f 923/907/8885 49/56/8886 924/909/8887
f 924/909/8888 40/44/8889 925/910/8890
f 23/26/8891 927/912/8892 926/911/8893 886/35/8894
f 13/15/8895 928/923/8896 927/912/8897 897/913/8898
f 898/8/8899 866/876/8900 928/923/8901 13/15/8902
f 904/1000/8903 864/873/8904 902/881/8905 903/882/8906
f 900/1001/8907 865/875/8908 866/876/8909
f 901/879/8910 865/875/8911 900/1001/8912
f 901/879/8913 864/873/8914 865/875/8915
f 902/881/8916 864/873/8917 901/879/8918
f 858/866/8919 859/998/8920 874/897/8921 875/898/8922
f 903/882/8923 906/999/8924 904/1000/8925
f 905/884/8926 906/999/8927 903/882/8928
f 905/884/8929 887/906/8930 906/999/8931
f 907/885/8932 887/906/8933 905/884/8934
f 907/885/8935 909/904/8936 887/906/8937
f 908/887/8938 909/904/8939 907/885/8940
f 908/887/8941 871/1003/8942 909/904/8943
f 910/888/8944 871/1003/8945 908/887/8946
f 910/888/8947 867/1004/8948 871/1003/8949
f 911/891/8950 867/1004/8951 910/888/8952
f 911/1005/8953 863/914/8954 867/1008/8955
f 868/892/8956 863/914/8957 911/1005/8958
f 869/893/8959 862/871/8960 868/892/8961
f 869/893/8962 861/915/8963 862/871/8964
f 870/894/8965 860/870/8966 861/915/8967
f 872/1006/8968 860/870/8969 870/894/8970
f 872/1006/8971 912/867/8972 860/870/8973
f 874/897/8974 912/867/8975 872/1006/8976
f 874/897/8977 859/998/8978 912/867/8979
f 873/917/8980 858/866/8981 875/898/8982 876/899/8983
f 948/924/8984 949/924/8985 929/924/8986 971/924/8987
f 877/900/8988 914/918/8989 913/916/8990
f 916/901/8991 915/864/8992 877/900/8993
f 916/901/8994 918/863/8995 915/864/8996
f 917/903/8997 918/863/8998 916/901/8999
f 917/903/9000 919/997/9001 918/863/9002
f 878/1007/9003 919/997/9004 917/903/9005
f 878/1007/9006 920/861/9007 919/997/9008
f 879/919/9009 920/861/9010 878/1007/9011
f 879/919/9012 921/921/9013 920/861/9014
f 880/920/9015 857/995/9016 921/921/9017
f 881/905/9018 857/995/9019 880/920/9020
f 881/905/9021 922/996/9022 857/995/9023
f 882/922/9024 922/996/9025 881/905/9026
f 882/922/9027 888/859/9028 922/996/9029
f 923/907/9030 889/883/9031 888/859/9032
f 924/909/9033 890/857/9034 923/907/9035
f 925/910/9036 890/857/9037 924/909/9038
f 926/911/9039 892/854/9040 891/856/9041
f 927/912/9042 893/852/9043 892/854/9044
f 928/923/9045 899/851/9046 893/852/9047
f 866/876/9048 865/875/9049 899/851/9050
f 932/924/9051 956/924/9052 957/924/9053
f 969/924/9054 940/924/9055 961/924/9056
f 955/924/9057 964/924/9058 957/924/9059
f 962/924/9060 931/924/9061 937/924/9062
f 937/924/9063 951/924/9064 953/924/9065
f 930/924/9066 929/924/9066 937/924/9066
f 958/924/9067 959/924/9068 968/924/9069
f 945/924/9070 965/924/9071 947/924/9072
f 967/924/9073 941/924/9074 952/924/9075
f 945/924/9076 960/924/9077 970/924/9078 939/924/9079
f 950/924/9080 931/924/9081 942/924/9082
f 940/924/9083 969/924/9084 963/924/9085
f 933/924/9086 954/924/9087 956/924/9088 936/924/9089
f 953/924/9090 951/924/9091 942/924/9092
f 955/924/9093 957/924/9094 954/924/9095
f 954/924/9096 933/924/9097 955/924/9098
f 944/924/9099 943/924/9100 934/924/9101 938/924/9102
f 929/924/9103 949/924/9104 951/924/9105
f 958/924/9106 938/924/9107 934/924/9108 959/924/9109
f 939/924/9110 970/924/9111 935/924/9112 965/924/9113
f 944/924/9114 968/924/9115 943/924/9116
f 938/924/9117 958/924/9118 944/924/9119
f 963/924/9120 960/924/9121 945/924/9122 989/924/9123
f 935/924/9124 946/924/9125 961/924/9126
f 948/924/9127 941/924/9128 967/924/9129
f 952/924/9130 930/924/9131 950/924/9132
f 954/924/9133 957/924/9134 956/924/9135
f 948/924/9136 952/924/9137 949/924/9138
f 936/924/9139 932/924/9140 933/924/9141
f 959/924/9142 934/924/9143 943/924/9144
f 983/924/9145 999/924/9146 1011/924/9147 984/924/9148
f 960/924/9149 963/924/9150 961/924/9151
f 961/924/9152 963/924/9153 969/924/9154
f 933/924/9155 932/924/9156 964/924/9157
f 937/924/9158 953/924/9159 942/924/9160
f 965/924/9161 935/924/9162 961/924/9163
f 975/924/9164 974/924/9165 973/924/9166
f 985/924/9167 992/924/9168 1008/924/9169 986/924/9170
f 982/924/9171 983/924/9172 984/924/9173
f 975/924/9174 1010/924/9175 996/924/9176 974/924/9177
f 977/924/9178 986/924/9179 978/924/9180
f 988/924/9181 1007/924/9182 980/924/9183
f 1001/924/9184 988/924/9185 1002/924/9186
f 981/924/9187 1009/924/9188 994/924/9189
f 984/924/9190 1011/924/9191 998/924/9192 982/924/9193
f 977/924/9194 991/924/9195 992/924/9196
f 1006/924/9197 980/924/9198 1004/924/9199
f 1011/924/9200 999/924/9201 998/924/9202
f 998/924/9203 999/924/9204 1000/924/9205
f 976/924/9206 1000/924/9207 999/924/9208
f 1001/924/9209 979/924/9210 1007/924/9211 988/924/9212
f 1000/924/9213 982/924/9214 998/924/9215
f 997/924/9216 993/924/9217 996/924/9218
f 1012/924/9219 991/924/9220 977/924/9221 978/924/9222
f 994/924/9223 995/924/9224 973/924/9225 972/924/9226
f 1002/924/9227 987/924/9228 1003/924/9229
f 979/924/9230 1002/924/9231 1004/924/9232
f 989/924/9233 1006/924/9234 1005/924/9235
f 993/924/9236 997/924/9237 1009/924/9238
f 1010/924/9239 975/924/9240 995/924/9241
f 1039/924/9242 1036/924/9243 1013/924/9244 1031/924/9245
f 1009/924/9246 997/924/9247 994/924/9248
f 1012/924/9249 992/924/9250 991/924/9251
f 997/924/9252 996/924/9253 994/924/9254
f 1001/924/9255 1002/924/9256 979/924/9257
f 990/924/9258 1005/924/9259 1003/924/9260
f 1012/924/9261 986/924/9262 1008/924/9263
f 1004/924/9264 1003/924/9265 1006/924/9266
f 1007/924/9267 979/924/9268 1004/924/9269
f 1019/924/9270 1040/924/9271 1049/924/9272
f 1025/924/9273 1015/924/9274 1048/924/9273
f 1032/924/9275 1031/924/9276 1013/924/9276
f 1023/924/9277 1038/924/9278 1037/924/9279
f 1027/924/9280 1040/924/9281 1019/924/9282
f 1033/924/9283 1019/924/9284 1034/924/9285
f 1051/924/9286 1050/924/9287 1047/924/9288
f 1044/924/9289 1032/924/9290 1052/924/9291
f 1015/924/9292 1017/924/9293 1046/924/9294 1048/924/9295
f 1025/924/9296 1026/924/9297 1041/924/9298 1016/924/9299
f 1042/924/9300 1033/924/9301 1034/924/9302
f 1030/924/9303 1028/924/9304 1035/924/9305
f 1043/924/9306 1022/924/9307 1020/924/9308
f 1018/924/9309 1040/924/9310 1042/924/9311
f 1016/924/9312 1041/924/9313 1017/924/9314
f 1026/924/9315 1025/924/9316 1046/924/9317
f 1028/924/9318 1030/924/9319 1020/924/9320 1021/924/9321
f 1052/924/9322 1014/924/9323 1053/924/9324
f 1018/924/9325 1042/924/9326 1034/924/9327
f 1044/924/9328 1039/924/9329 1031/924/9330 1032/924/9331
f 1020/924/9332 1035/924/9333 1043/924/9334
f 1047/924/9335 1022/924/9336 1043/924/9337
f 1051/924/9338 1035/924/9339 1029/924/9340 1050/924/9341
f 1024/924/9342 1037/924/9343 1053/924/9344
f 1043/924/9345 1035/924/9346 1047/924/9347
f 1013/924/9348 1036/924/9349 1038/924/9350
f 1050/924/9351 1022/924/9352 1045/924/9353
f 1026/924/9354 1046/924/9355 1017/924/9356
f 1040/924/9357 1018/924/9358 1034/924/9359
f 1024/924/9360 1014/924/9361 1023/924/9362
f 1030/924/9363 1035/924/9364 1020/924/9365
f 1052/924/9366 1053/924/9367 1038/924/9368 1036/924/9369
f 1042/924/9370 1019/924/9371 1033/924/9372
f 1026/924/9373 1017/924/9374 1041/924/9375
f 1090/924/9376 1061/924/9377 1067/924/9377 1092/924/9377
f 1060/924/9378 1074/924/9379 1076/924/9380
f 1059/924/9381 1066/924/9382 1060/924/9383
f 1064/924/9384 1079/924/9385 1080/924/9386
f 1075/924/9387 1059/924/9388 1076/924/9389
f 1077/924/9390 1079/924/9391 1062/924/9392 1054/924/9392
f 1069/924/9393 1061/924/9394 1070/924/9395
f 1094/924/9396 1055/924/9397 1073/924/9398
f 1065/924/9399 1075/924/9400 1076/924/9401
f 1068/924/9402 1092/924/9403 1084/924/9404
f 1085/924/9405 1061/924/9406 1086/924/9407
f 1066/924/9408 1065/924/9409 1074/924/9410
f 1081/924/9411 1063/924/9412 1082/924/9413
f 1058/924/9414 1063/924/9415 1081/924/9416
f 1079/924/9417 1078/924/9418 1094/924/9419
f 1079/924/9420 1094/924/9421 1073/924/9422
f 1073/924/9423 1088/924/9424 1080/924/9425
f 1093/924/9426 1082/924/9427 1089/924/9428 1056/924/9429
f 1074/924/9430 1065/924/9431 1076/924/9432
f 1086/924/9433 1090/924/9434 1068/924/9435
f 1086/924/9436 1084/924/9437 1085/924/9438
f 1068/924/9439 1084/924/9440 1086/924/9441
f 1057/924/9442 1061/924/9443 1085/924/9444
f 1083/924/9445 1055/924/9446 1094/924/9447
f 1081/924/9448 1082/924/9449 1093/924/9450
f 1077/924/9451 1083/924/9452 1078/924/9453
f 1080/924/9454 1079/924/9455 1073/924/9456
f 1058/924/9457 1093/924/9458 1056/924/9459 1087/924/9460
f 1078/924/9461 1079/924/9462 1077/924/9463
f 1069/924/9464 1095/924/9465 1084/924/9466
f 1070/924/9467 1057/924/9468 1095/924/9469
f 1065/924/9470 1059/924/9471 1075/924/9472
f 1129/924/9473 1118/924/9474 1132/924/9475 1103/924/9476
f 1077/924/9477 1072/924/9478 1083/924/9479
f 1129/924/9480 1119/924/9481 1118/924/9482
f 1124/924/9483 1111/924/9484 1121/924/9485
f 1105/924/9486 1098/924/9487 1099/924/9488
f 1102/924/9489 1101/924/9490 1111/924/9491
f 1112/924/9492 1096/924/9493 1097/924/9494 1126/924/9495
f 1127/924/9496 1097/924/9497 1104/924/9498
f 1105/924/9499 1106/924/9500 1130/924/9501 1107/924/9502
f 1104/924/9503 1114/924/9504 1115/924/9505
f 1130/924/9506 1110/924/9507 1098/924/9508 1107/924/9509
f 1112/924/9510 1116/924/9511 1113/924/9512
f 1120/924/9513 1097/924/9514 1109/924/9515
f 1105/924/9516 1133/924/9517 1106/924/9518
f 1108/924/9519 1122/924/9520 1134/924/9521
f 1121/924/9522 1111/924/9523 1100/924/9524
f 1132/924/9525 1118/924/9526 1117/924/9527
f 1128/924/9528 1117/924/9529 1119/924/9530 1125/924/9531
f 1117/924/9532 1103/924/9533 1132/924/9534
f 1120/924/9535 1109/924/9536 1115/924/9537 1114/924/9537
f 1114/924/9538 1113/924/9539 1120/924/9540
f 1110/924/9541 1133/924/9542 1099/924/9543 1098/924/9544
f 1109/924/9545 1127/924/9546 1115/924/9547
f 1096/924/9548 1113/924/9549 1114/924/9550
f 1100/924/9551 1108/924/9552 1134/924/9553
f 1123/924/9554 1122/924/9555 1102/924/9556 1153/924/9557
f 1100/924/9558 1122/924/9559 1121/924/9560
f 1122/924/9561 1123/924/9562 1121/924/9563
f 1111/924/9564 1124/924/9565 1123/924/9566
f 1131/924/9567 1097/924/9568 1120/924/9569
f 1117/924/9570 1118/924/9571 1119/924/9572
f 1131/924/9573 1116/924/9574 1112/924/9575 1126/924/9576
f 1130/924/9577 1106/924/9578 1110/924/9579
f 1153/924/9580 1168/924/9581 1171/924/9582 1174/924/9583
f 1110/924/9584 1106/924/9585 1133/924/9586
f 1148/924/9587 1138/924/9588 1157/924/9589
f 1168/924/9590 1153/924/9591 1166/924/9592
f 1142/924/9593 1143/924/9594 1144/924/9595
f 1139/924/9596 1148/924/9597 1172/924/9598
f 1136/924/9599 1160/924/9600 1161/924/9601
f 1151/924/9602 1146/924/9602 1147/924/9602
f 1162/924/9603 1159/924/9604 1135/924/9605 1155/924/9606
f 1173/924/9607 1154/924/9608 1175/924/9609
f 1148/924/9610 1157/924/9611 1164/924/9612 1172/924/9613
f 1152/924/9614 1167/924/9615 1169/924/9616
f 1146/924/9617 1145/924/9618 1166/924/9619
f 1175/924/9620 1137/924/9621 1156/924/9622
f 1139/924/9623 1163/924/9624 1138/924/9625 1140/924/9626
f 1163/924/9627 1157/924/9628 1138/924/9629
f 1163/924/9630 1139/924/9631 1164/924/9632
f 1152/924/9633 1145/924/9634 1146/924/9635 1167/924/9636
f 1161/924/9637 1160/924/9638 1156/924/9639
f 1135/924/9640 1159/924/9641 1160/924/9642
f 1141/924/9643 1150/924/9644 1165/924/9645
f 1141/924/9646 1149/924/9647 1158/924/9648
f 1150/924/9649 1142/924/9650 1165/924/9651
f 1171/924/9652 1169/924/9653 1151/924/9654 1174/924/9655
f 1145/924/9656 1169/924/9657 1166/924/9658
f 1170/924/9659 1161/924/9660 1156/924/9661
f 1143/924/9662 1141/924/9663 1165/924/9664
f 1160/924/9665 1175/924/9666 1156/924/9667
f 1141/924/9668 1158/924/9669 1150/924/9670
f 1162/924/9671 1175/924/9672 1159/924/9673
f 1152/924/9674 1169/924/9675 1145/924/9676
f 1178/924/9677 1204/924/9678 1216/924/9679 1186/924/9680
f 1158/924/9681 1142/924/9682 1150/924/9683
f 1154/924/9684 1173/924/9685 1162/924/9686
f 1212/924/9687 1193/924/9688 1209/924/9689
f 1200/924/9690 1201/924/9691 1206/924/9692 173/924/9693
f 1187/924/9694 1188/924/9695 1207/924/9696 1213/924/9697
f 1181/924/9698 1194/924/9699 1188/924/9700 1187/924/9701
f 1197/924/9702 1198/924/9703 1184/924/9704 1196/924/9705
f 1190/924/9706 1191/924/9707 1183/924/9707
f 1214/924/9708 1183/924/9709 1193/924/9710
f 1177/924/9711 1215/924/9712 1199/924/9713 1176/924/9714
f 1205/924/9715 1204/924/9716 1178/924/9717 1179/924/9718
f 1183/924/9719 1210/924/9720 1209/924/9721
f 1216/924/9722 1204/924/9723 1203/924/9724
f 1203/924/9725 1204/924/9726 1205/924/9727
f 1176/924/9728 1199/924/9729 1202/924/9730 1192/924/9731
f 1203/924/9732 1186/924/9733 1216/924/9734
f 1205/924/9735 1185/924/9736 1203/924/9737
f 1191/924/9738 1195/924/9739 1210/924/9740 1182/924/9741
f 1180/924/9742 1189/924/9743 1207/924/9744
f 1198/924/9745 1200/924/9746 173/924/9747 1184/924/9748
f 1195/924/9749 1190/924/9750 1211/924/9751
f 1214/924/9752 1212/924/9753 1217/924/9754
f 1177/924/9755 1201/924/9756 1215/924/9757
f 1209/924/9758 1211/924/9759 1217/924/9760
f 1217/924/9761 1211/924/9762 1190/924/9763 1214/924/9764
f 1197/924/9765 1202/924/9766 1198/924/9767
f 1201/924/9768 1199/924/9769 1215/924/9770
f 1189/924/9771 1180/924/9772 1194/924/9773
f 1202/924/9774 1199/924/9775 1198/924/9776
f 1189/924/9777 1181/924/9778 1187/924/9779 1213/924/9780
f 1208/924/9781 1211/924/9782 1209/924/9783
f 1197/924/9784 1192/924/9785 1202/924/9786
f 1237/924/9787 1218/924/9787 1220/924/9788 1238/924/9789
f 1255/924/9790 1220/924/9791 1219/924/9792
f 1222/924/9793 1239/924/9794 1254/924/9795
f 1224/924/9796 1221/924/9797 1225/924/9798
f 1226/924/9799 1227/924/9800 1228/924/9801
f 1235/924/9802 1258/924/9803 1229/924/9804 1230/924/9805
f 1219/924/9806 1245/924/9807 1246/924/9808
f 1257/924/9809 1227/924/9810 1226/924/9810
f 1234/924/9811 1230/924/9811 1231/924/9811
f 1236/924/9812 1231/924/9813 1239/924/9814
f 1250/924/9815 1220/924/9816 1240/924/9817
f 1226/924/9818 1252/924/9819 1242/924/9820
f 1234/924/9821 1253/924/9822 1258/924/9823
f 1254/924/9824 1230/924/9825 1229/924/9826
f 1248/924/9827 1225/924/9828 1249/924/9829
f 1224/924/9830 1247/924/9831 1223/924/9832
f 1245/924/9833 1244/924/9834 1250/924/9835
f 1245/924/9836 1250/924/9837 1240/924/9838
f 1218/924/9839 1243/924/9840 1245/924/9841
f 1241/924/9842 1242/924/9843 1252/924/9844
f 1241/924/9845 1227/924/9846 1233/924/9847
f 1241/924/9848 1252/924/9849 1228/924/9850 1227/924/9851
f 1226/924/9852 1242/924/9853 1233/924/9854 1257/924/9855
f 1229/924/9856 1258/924/9857 1254/924/9858
f 1255/924/9859 1246/924/9860 1240/924/9861
f 1251/924/9862 1220/924/9863 1250/924/9864
f 1254/924/9865 1253/924/9866 1256/924/9867
f 1254/924/9868 1256/924/9869 1222/924/9870
f 1243/924/9871 1251/924/9872 1244/924/9873
f 1232/924/9874 1221/924/9875 1224/924/9876
f 1244/924/9877 1245/924/9878 1243/924/9879
f 1236/924/9880 1256/924/9881 1253/924/9882
f 1239/924/9883 1222/924/9884 1256/924/9885
f 1247/924/9886 1225/924/9887 1248/924/9888
f 1223/924/9889 1249/924/9890 1221/924/9891 1232/924/9892
f 1272/924/9893 1273/924/9894 1291/924/9895 1290/924/9896
f 1243/924/9897 1238/924/9898 1251/924/9899
f 1295/924/9900 1296/924/9901 1292/924/9902
f 1263/924/9903 1262/924/9904 1261/924/9905
f 1259/924/9906 1271/924/9906 1260/924/9906
f 1271/924/9907 1283/924/9908 1284/924/9909
f 1266/924/9910 1265/924/9911 1272/924/9912 1290/924/9913
f 1267/924/9914 1292/924/9915 1269/924/9916 1268/924/9917
f 1273/924/9918 1272/924/9919 1299/924/9920
f 1274/924/9921 1268/924/9921 1269/924/9921
f 1298/924/9922 1276/924/9923 1295/924/9924
f 1294/924/9925 1278/924/9926 1289/924/9927
f 1290/924/9928 1291/924/9929 1264/924/9930 1266/924/9931
f 1284/924/9932 1283/924/9933 1279/924/9934
f 1285/924/9935 1287/924/9936 1288/924/9937
f 1286/924/9938 1261/924/9939 1287/924/9940
f 1262/924/9941 1288/924/9942 1287/924/9943
f 1285/924/9944 1270/924/9945 1286/924/9946
f 1263/924/9947 1285/924/9948 1288/924/9949
f 1289/924/9950 1260/924/9951 1279/924/9952
f 1259/924/9953 1281/924/9954 1283/924/9955
f 1294/924/9956 1281/924/9957 1277/924/9958 1278/924/9959
f 1267/924/9960 1275/924/9961 1280/924/9962
f 1266/924/9963 1264/924/9964 1299/924/9965
f 1280/924/9966 1274/924/9967 1293/924/9968
f 1289/924/9969 1282/924/9970 1281/924/9971 1294/924/9972
f 1297/924/9973 1260/924/9974 1271/924/9975
f 1282/924/9976 1283/924/9977 1281/924/9978
f 1276/924/9979 1298/924/9980 1293/924/9981
f 1289/924/9982 1279/924/9983 1283/924/9984 1282/924/9985
f 1271/924/9986 1284/924/9987 1279/924/9988
f 1305/924/9989 1323/924/9990 1322/924/9991 1311/924/9992
f 1334/924/9993 1317/924/9994 1333/924/9995
f 1300/924/9996 1310/924/9996 1301/924/9996
f 1309/924/9997 1302/924/9998 1336/924/9999
f 1311/924/10000 1304/924/10001 1305/924/10001
f 1314/924/10002 1332/924/10003 1315/924/10004 1316/924/10005
f 1317/924/10006 1314/924/10007 1308/924/10008
f 1300/924/10009 1324/924/10010 1325/924/10011
f 1337/924/10012 1301/924/10013 1320/924/10014
f 1317/924/10015 1334/924/10016 1338/924/10017
f 1306/924/10018 1333/924/10019 1308/924/10020 1307/924/10021
f 1302/924/10022 1329/924/10023 1328/924/10024 1336/924/10025
f 1326/924/10026 1325/924/10027 1337/924/10027
f 1327/924/10028 1329/924/10029 1330/924/10030
f 1322/924/10031 1323/924/10032 1321/924/10033 1312/924/10034
f 1303/924/10035 1330/924/10036 1329/924/10037
f 1327/924/10038 1309/924/10039 1328/924/10040
f 1330/924/10041 1309/924/10042 1327/924/10043
f 1326/924/10044 1337/924/10045 1320/924/10046
f 1313/924/10047 1312/924/10048 1321/924/10049 1304/924/10050
f 1316/924/10051 1315/924/10052 1306/924/10053 1307/924/10054
f 1312/924/10055 1311/924/10056 1322/924/10057
f 1321/924/10058 1323/924/10059 1305/924/10060 1304/924/10061
f 1338/924/10062 1332/924/10063 1314/924/10064 1360/924/10065
f 1306/924/10066 1315/924/10067 1333/924/10068
f 1320/924/10069 1335/924/10070 1326/924/10071
f 1331/924/10072 1301/924/10073 1337/924/10074
f 1300/924/10075 1325/924/10076 1326/924/10077
f 1324/924/10078 1331/924/10079 1325/924/10080
f 1354/924/10081 1339/924/10081 1340/924/10082 1355/924/10083
f 1318/924/10084 1331/924/10085 1324/924/10086
f 1348/924/10087 1366/924/10088 1369/924/10089
f 1349/924/10090 1341/924/10091 1342/924/10092
f 1352/924/10093 1344/924/10094 1360/924/10095
f 1375/924/10096 1347/924/10097 1346/924/10098
f 1349/924/10099 1350/924/10100 1371/924/10101 1351/924/10102
f 1345/924/10103 1364/924/10104 1365/924/10105
f 1343/924/10106 1373/924/10107 1360/924/10108 1344/924/10109
f 1350/924/10110 1349/924/10111 1359/924/10112
f 1377/924/10113 1353/924/10114 1372/924/10115
f 1361/924/10116 1355/924/10117 1370/924/10118
f 1352/924/10119 1360/924/10120 1356/924/10121
f 1367/924/10122 1347/924/10123 1368/924/10124
f 1358/924/10125 1359/924/10126 1342/924/10127 1341/924/10128
f 1354/924/10129 1361/924/10130 1362/924/10131
f 1366/924/10132 1368/924/10133 1369/924/10134
f 1347/924/10135 1369/924/10136 1368/924/10137
f 1370/924/10138 1340/924/10139 1357/924/10140
f 1365/924/10141 1364/924/10142 1357/924/10143
f 1339/924/10144 1362/924/10145 1364/924/10146
f 1358/924/10147 1351/924/10148 1371/924/10149
f 1343/924/10150 1353/924/10151 1377/924/10152
f 1370/924/10153 1363/924/10154 1362/924/10155 1361/924/10156
f 1343/924/10157 1372/924/10158 1373/924/10159
f 1360/924/10160 1376/924/10161 1378/924/10162
f 1376/924/10163 1360/924/10164 1373/924/10165
f 1357/924/10166 1374/924/10167 1365/924/10168
f 1373/924/10169 1372/924/10170 1376/924/10171
f 1346/924/10172 1367/924/10173 1366/924/10174 1375/924/10175
f 1348/924/10176 1347/924/10177 1375/924/10178
f 1415/924/10179 1379/924/10179 1381/924/10180 1396/924/10181
f 1377/924/10182 1372/924/10183 1343/924/10184
f 1363/924/10185 1364/924/10186 1362/924/10187
f 1356/924/10188 1378/924/10189 1372/924/10190
f 1363/924/10191 1370/924/10192 1357/924/10193
f 1419/924/10194 1395/924/10195 1412/924/10196
f 1389/924/10197 1405/924/10198 1407/924/10199
f 1410/924/10200 1386/924/10201 1393/924/10202
f 1385/924/10203 1420/924/10204 1418/924/10205 1417/924/10206
f 1401/924/10207 1402/924/10208 1379/924/10209 1415/924/10210
f 1392/924/10211 1394/924/10211 1387/924/10211
f 1414/924/10212 1396/924/10213 1409/924/10214
f 1384/924/10215 1383/924/10216 1420/924/10217 1385/924/10218
f 1395/924/10219 1392/924/10220 1387/924/10221
f 1392/924/10222 1395/924/10223 1397/924/10224
f 1406/924/10225 1399/924/10226 1408/924/10227
f 1395/924/10228 1419/924/10229 1413/924/10230
f 1390/924/10231 1418/924/10232 1420/924/10233
f 1393/924/10234 1394/924/10235 1411/924/10236
f 1412/924/10237 1386/924/10238 1410/924/10239
f 1380/924/10240 1403/924/10241 1404/924/10242
f 1405/924/10243 1408/924/10244 1407/924/10245
f 1416/924/10246 1407/924/10247 1408/924/10248
f 1405/924/10249 1399/924/10250 1406/924/10251
f 1409/924/10252 1381/924/10253 1398/924/10254
f 1404/924/10255 1403/924/10256 1398/924/10257
f 1383/924/10258 1390/924/10259 1420/924/10260
f 1383/924/10261 1391/924/10262 1390/924/10263
f 1414/924/10264 1401/924/10265 1415/924/10266 1396/924/10267
f 1410/924/10268 1400/924/10269 1412/924/10270
f 1417/924/10271 1418/924/10272 1390/924/10273 1391/924/10274
f 1382/924/10275 1404/924/10276 1398/924/10277
f 1379/924/10278 1402/924/10279 1403/924/10280
f 1389/924/10281 1416/924/10282 1388/924/10283
f 1393/924/10284 1400/924/10285 1410/924/10286
f 1397/924/10287 1413/924/10288 1411/924/10289
f 1412/924/10290 1413/924/10291 1419/924/10292
f 1409/924/10293 1402/924/10294 1401/924/10295 1414/924/10296
f 1409/924/10297 1398/924/10298 1403/924/10299 1402/924/10300
f 1450/924/10301 1449/924/10302 1424/924/10303 1425/924/10304
f 1423/924/10305 1422/924/10306 1432/924/10307
f 1458/924/10308 1431/924/10309 1435/924/10310 1455/924/10310
f 1428/924/10311 1429/924/10312 1426/924/10313
f 1422/924/10314 1438/924/10315 1421/924/10315
f 1451/924/10316 1457/924/10317 1449/924/10318
f 1421/924/10319 1432/924/10320 1422/924/10321
f 1453/924/10322 1446/924/10323 1421/924/10324 1438/924/10325
f 1437/924/10326 1435/924/10327 1431/924/10328
f 1435/924/10329 1437/924/10330 1440/924/10331
f 1423/924/10332 1441/924/10333 1452/924/10334 1422/924/10335
f 1427/924/10336 1448/924/10337 1450/924/10338 1425/924/10339
f 1428/924/10340 1442/924/10341 1443/924/10342
f 1436/924/10343 1455/924/10344 1454/924/10345
f 1451/924/10346 1449/924/10347 1448/924/10348
f 1448/924/10349 1449/924/10350 1450/924/10351
f 1455/924/10352 1436/924/10353 1430/924/10354 1458/924/10355
f 1447/924/10356 1446/924/10357 1452/924/10358
f 1447/924/10359 1452/924/10360 1441/924/10361
f 1444/924/10362 1434/924/10363 1433/924/10364
f 1430/924/10365 1445/924/10366 1456/924/10367
f 1460/924/10368 1437/924/10369 1431/924/10370 1456/924/10371
f 1437/924/10372 1460/924/10373 1461/924/10374
f 1441/924/10375 1423/924/10376 1447/924/10377
f 1459/924/10378 1422/924/10379 1452/924/10380
f 1454/924/10381 1461/924/10382 1456/924/10383
f 1446/924/10384 1447/924/10385 1432/924/10386 1421/924/10387
f 1428/924/10388 1443/924/10389 1433/924/10390 1434/924/10391
f 1448/924/10392 1427/924/10393 1451/924/10394
f 1429/924/10395 1444/924/10396 1442/924/10397
f 1440/924/10398 1461/924/10399 1454/924/10400
f 1456/924/10401 1461/924/10402 1460/924/10403
f 1424/924/10404 1457/924/10405 1427/924/10406 1425/924/10407
f 1456/924/10408 1431/924/10409 1458/924/10410 1430/924/10411
f 1490/924/10412 1491/924/10413 1480/924/10414 1464/924/10415
f 1444/924/10416 1443/924/10417 1442/924/10418
f 1453/924/10419 1438/924/10420 1459/924/10421
f 1478/924/10422 1462/924/10423 1463/924/10424 1500/924/10425
f 1481/924/10426 1501/924/10427 1466/924/10428
f 1495/924/10429 1465/924/10430 1494/924/10431
f 1471/924/10432 1464/924/10433 1480/924/10434
f 1471/924/10435 1480/924/10436 1498/924/10437
f 1469/924/10438 1468/924/10439 1494/924/10440 1465/924/10441
f 1499/924/10442 1467/924/10443 1481/924/10444
f 1492/924/10445 1463/924/10446 1479/924/10447
f 1489/924/10448 1480/924/10449 1491/924/10450
f 1477/924/10451 1495/924/10452 1497/924/10453
f 1472/924/10454 1499/924/10455 1481/924/10456
f 1473/924/10457 1472/924/10458 1466/924/10459 1474/924/10460
f 1486/924/10461 1484/924/10462 1492/924/10462
f 1470/924/10463 1486/924/10464 1485/924/10465
f 1490/924/10466 1471/924/10467 1488/924/10468
f 1485/924/10469 1492/924/10470 1479/924/10471
f 1462/924/10472 1493/924/10473 1486/924/10474
f 1466/924/10475 1472/924/10476 1481/924/10477
f 1482/924/10478 1468/924/10479 1469/924/10480 1476/924/10481
f 1497/924/10482 1483/924/10483 1475/924/10484 1477/924/10485
f 1468/924/10486 1483/924/10487 1494/924/10488
f 1482/924/10489 1475/924/10490 1483/924/10491
f 1491/924/10492 1490/924/10493 1488/924/10493 1489/924/10494
f 1478/924/10495 1487/924/10496 1493/924/10497
f 1496/924/10498 1485/924/10499 1479/924/10500
f 1487/924/10501 1463/924/10502 1492/924/10503
f 1497/924/10504 1495/924/10505 1494/924/10506 1483/924/10507
f 1488/924/10508 1471/924/10509 1489/924/10510
f 1467/924/10511 1474/924/10512 1501/924/10513
f 1484/924/10514 1486/924/10515 1493/924/10516
f 1467/924/10517 1499/924/10518 1472/924/10519 1473/924/10520
f 1539/924/10521 1527/924/10522 1541/924/10523 1512/924/10524
f 1539/924/10525 1528/924/10526 1527/924/10527
f 1534/924/10528 1505/924/10529 1533/924/10530
f 1536/924/10531 1502/924/10531 1504/924/10532 1519/924/10533
f 1523/924/10534 1524/924/10535 1502/924/10536 1536/924/10537
f 1503/924/10538 1530/924/10539 1525/924/10540
f 1516/924/10541 1510/924/10541 1511/924/10541
f 1531/924/10542 1517/924/10543 1518/924/10544
f 1540/924/10545 1519/924/10546 1529/924/10547
f 1540/924/10548 1523/924/10549 1536/924/10550 1519/924/10551
f 1538/924/10552 1511/924/10553 1505/924/10554
f 1538/924/10555 1534/924/10556 1542/924/10557
f 1533/924/10558 1510/924/10559 1509/924/10560
f 1541/924/10561 1527/924/10562 1526/924/10563
f 1526/924/10564 1512/924/10565 1541/924/10566
f 1528/924/10567 143/924/10568 1526/924/10569
f 1529/924/10570 1504/924/10571 1520/924/10572
f 1520/924/10573 1503/924/10574 1525/924/10575
f 1502/924/10576 1524/924/10577 1530/924/10578
f 1506/924/10579 1514/924/10580 1513/924/10581
f 1509/924/10582 1517/924/10583 1531/924/10584
f 1518/924/10585 1516/924/10586 1532/924/10587
f 1509/924/10588 1518/924/10589 1533/924/10590
f 1506/924/10591 1521/924/10592 1508/924/10593 1515/924/10594
f 1526/924/10595 1527/924/10596 1528/924/10597
f 1525/924/10598 1530/924/10599 1520/924/10600
f 1542/924/10601 1532/924/10602 1516/924/10603 1538/924/10604
f 1507/924/10605 1515/924/10606 1508/924/10607
f 1507/924/10608 1522/924/10609 1513/924/10610 1514/924/10611
f 1529/924/10612 1524/924/10613 1523/924/10614 1540/924/10615
f 1521/924/10616 1522/924/10617 1507/924/10618 1508/924/10619
f 1529/924/10620 1520/924/10621 1530/924/10622 1524/924/10623
f 1547/924/10624 1572/924/10625 1553/924/10626 1546/924/10627
f 1555/924/10628 1556/924/10629 1581/924/10630 1557/924/10631
f 1575/924/10632 1561/924/10633 1559/924/10634
f 1580/924/10635 1578/924/10636 1564/924/10637 1562/924/10638
f 1573/924/10639 1566/924/10640 1543/924/10641 1551/924/10642
f 1558/924/10643 1562/924/10644 1564/924/10645
f 1554/924/10646 1571/924/10647 1570/924/10648 1552/924/10649
f 1568/924/10650 1545/924/10651 1582/924/10652
f 1571/924/10653 1553/924/10654 1572/924/10655
f 1577/924/10656 1550/924/10657 1575/924/10658
f 1570/924/10659 1572/924/10660 1547/924/10661
f 1545/924/10662 1568/924/10663 1569/924/10664 1563/924/10665
f 1547/924/10666 1552/924/10667 1570/924/10668
f 1578/924/10669 1576/924/10670 1558/924/10671 1564/924/10672
f 1581/924/10673 1556/924/10674 1565/924/10675
f 1565/924/10676 1557/924/10677 1581/924/10678
f 1556/924/10679 1549/924/10680 1574/924/10681
f 1559/924/10682 1558/924/10683 1576/924/10684
f 1578/924/10685 1580/924/10686 1576/924/10687
f 1550/924/10688 1577/924/10689 1580/924/10690 1562/924/10691
f 1566/924/10692 1567/924/10693 1544/924/10694 1543/924/10695
f 1573/924/10696 1563/924/10697 1569/924/10698
f 1582/924/10699 1579/924/10700 1567/924/10701
f 1577/924/10702 1576/924/10703 1580/924/10704
f 1613/924/10705 1614/924/10706 1621/924/10707 1592/924/10708
f 1548/924/10709 1565/924/10710 1574/924/10711
f 1569/924/10712 1568/924/10713 1566/924/10714
f 1585/924/10715 1614/924/10716 1616/924/10717
f 1602/924/10718 1583/924/10718 1584/924/10719 1603/924/10720
f 1618/924/10721 1589/924/10722 1600/924/10723
f 1597/924/10724 1588/924/10725 1594/924/10726 1596/924/10724
f 1618/924/10727 1619/924/10728 1590/924/10729 1589/924/10730
f 1598/924/10731 1589/924/10731 1590/924/10731
f 1609/924/10732 1603/924/10733 1617/924/10734
f 1602/924/10735 1610/924/10736 1611/924/10737
f 1601/924/10738 1598/924/10739 1590/924/10740
f 1598/924/10741 1601/924/10742 1604/924/10743
f 1615/924/10744 1585/924/10745 1616/924/10746
f 1588/924/10747 1606/924/10748 1607/924/10749
f 1608/924/10750 1600/924/10751 1599/924/10752 1598/924/10753
f 1602/924/10754 1609/924/10755 1610/924/10756
f 1613/924/10757 1591/924/10758 1615/924/10759
f 1617/924/10760 1584/924/10761 1605/924/10762
f 1612/924/10763 1611/924/10764 1605/924/10765
f 1587/924/10766 1596/924/10767 1595/924/10768
f 1595/924/10769 1596/924/10770 1607/924/10771
f 1588/924/10772 1587/924/10773 1606/924/10774
f 1618/924/10775 1608/924/10776 1619/924/10777
f 1620/924/10778 1608/924/10779 1598/924/10780 1604/924/10781
f 1590/924/10782 1619/924/10783 1586/924/10784 1601/924/10785
f 1611/924/10786 1612/924/10787 1593/924/10788 1583/924/10789
f 1605/924/10790 1622/924/10791 1612/924/10792
f 1617/924/10793 1611/924/10794 1610/924/10795 1609/924/10796
f 1633/924/10797 1657/924/10798 1664/924/10799 1642/924/10800
f 1600/924/10801 1608/924/10802 1618/924/10803
f 1601/924/10804 1586/924/10805 1620/924/10806
f 1587/924/10807 1607/924/10808 1606/924/10809
f 1613/924/10810 1615/924/10811 1614/924/10812
f 1611/924/10813 1617/924/10814 1605/924/10815
f 1643/924/10816 1623/924/10816 1624/924/10817 1644/924/10818
f 1639/924/10819 1632/924/10820 1633/924/10821
f 1659/924/10822 1624/924/10823 1634/924/10824
f 1664/924/10825 1660/924/10826 1662/924/10827 1641/924/10828
f 1637/924/10829 1656/924/10830 1629/924/10831
f 1639/924/10832 1661/924/10832 1632/924/10832
f 1639/924/10833 1658/924/10834 1640/924/10835 1661/924/10836
f 1641/924/10837 1633/924/10838 1642/924/10839
f 1643/924/10840 1649/924/10841 1650/924/10842
f 1639/924/10843 1641/924/10844 1645/924/10845
f 1655/924/10846 1624/924/10847 1646/924/10848
f 1653/924/10849 1625/924/10850 1654/924/10851
f 1663/924/10852 1649/924/10853 1643/924/10854 1644/924/10855
f 1652/924/10856 1636/924/10857 1653/924/10858
f 1627/924/10859 1635/924/10860 1652/924/10861
f 1651/924/10862 1655/924/10863 1646/924/10864
f 1646/924/10865 1659/924/10866 1651/924/10867
f 1628/924/10868 1656/924/10869 1638/924/10870
f 1647/924/10871 1630/924/10872 1648/924/10873
f 1638/924/10874 1637/924/10875 1647/924/10876
f 1631/924/10877 1661/924/10878 1640/924/10879
f 1662/924/10880 1660/924/10881 1658/924/10882 1645/924/10883
f 1663/924/10884 1624/924/10885 1655/924/10886
f 1623/924/10887 1650/924/10888 1651/924/10889
f 1629/924/10890 1628/924/10891 1648/924/10892
f 1631/924/10893 1640/924/10894 1657/924/10895
f 1702/924/10896 1688/924/10897 1665/924/10898 1696/924/10899
f 1649/924/10900 1663/924/10901 1650/924/10902
f 1626/924/10903 1627/924/10904 1654/924/10905
f 1652/924/10906 1654/924/10907 1627/924/10908
f 1632/924/10909 1631/924/10910 1657/924/10911
f 1668/924/10912 1667/924/10913 1666/924/10914
f 1694/924/10915 1686/924/10916 1679/924/10917
f 1677/924/10918 1686/924/10919 1687/924/10920
f 1674/924/10921 1669/924/10922 1697/924/10923
f 1667/924/10924 1673/924/10925 1665/924/10925
f 1678/924/10926 1677/924/10927 1687/924/10928
f 1700/924/10929 1673/924/10930 1690/924/10931
f 1674/924/10932 1689/924/10933 1671/924/10934 1670/924/10935
f 1705/924/10936 1681/924/10937 1693/924/10938
f 1679/924/10939 1677/924/10940 1692/924/10941
f 1693/924/10942 1687/924/10943 1694/924/10944
f 1688/924/10945 1691/924/10946 1666/924/10947 1665/924/10948
f 1690/924/10949 1667/924/10950 1682/924/10951
f 1672/924/10952 1704/924/10953 1683/924/10954 1698/924/10955
f 1684/924/10956 1676/924/10957 1675/924/10958
f 1692/924/10959 1693/924/10959 1694/924/10960 1685/924/10959
f 1675/924/10961 1699/924/10962 1683/924/10963
f 1704/924/10964 1676/924/10965 1684/924/10966
f 1697/924/10967 1703/924/10968 1689/924/10969 1674/924/10970
f 1668/924/10971 1691/924/10972 1682/924/10973
f 1681/924/10974 1687/924/10975 1695/924/10976
f 1689/924/10977 1703/924/10978 1701/924/10979
f 1675/924/10980 1683/924/10981 1684/924/10982
f 1669/924/10983 1701/924/10984 1703/924/10985
f 1679/924/10986 1685/924/10987 1694/924/10988
f 1678/924/10989 1705/924/10990 1692/924/10991
f 1690/924/10992 1682/924/10993 1691/924/10994 1688/924/10995
f 1700/924/10996 1690/924/10997 1688/924/10998
f 1670/924/10999 1671/924/11000 1701/924/11001
f 1684/924/11002 1683/924/11003 1704/924/11004
f 1689/924/11005 1701/924/11006 1671/924/11007
f 1716/924/11008 1717/924/11009 1745/924/11010 1718/924/11011
f 1702/924/11012 1696/924/11013 1700/924/11014
f 1725/924/11015 1733/924/11016 1734/924/11017
f 1737/924/11018 1710/924/11019 1720/924/11020
f 1715/924/11021 1707/924/11022 1706/924/11022
f 1708/924/11023 1707/924/11024 1715/924/11025
f 1707/924/11026 1712/924/11027 1706/924/11027
f 1715/924/11028 1735/924/11029 1731/924/11030
f 1711/924/11031 1723/924/11031 1722/924/11032 1719/924/11031
f 1719/924/11033 1721/924/11033 1711/924/11033
f 1744/924/11034 1712/924/11035 1729/924/11036
f 1727/924/11037 1728/924/11038 1706/924/11039 1713/924/11040
f 1718/924/11041 1745/924/11042 1709/924/11043 1736/924/11044
f 1732/924/11045 1725/924/11046 1734/924/11047
f 1720/924/11048 1721/924/11049 1726/924/11050
f 1739/924/11051 1710/924/11052 1737/924/11053
f 1713/924/11054 1744/924/11055 1727/924/11056
f 1731/924/11057 1735/924/11058 1724/924/11059
f 1730/924/11060 1732/924/11061 1733/924/11062
f 1730/924/11063 1714/924/11064 1732/924/11065
f 1733/924/11066 1714/924/11067 1730/924/11068
f 1729/924/11069 1707/924/11070 1724/924/11071
f 1711/924/11072 1739/924/11073 1740/924/11074 1723/924/11075
f 1746/924/11076 1736/924/11077 1709/924/11078
f 1726/924/11079 1719/924/11080 1738/924/11081
f 1737/924/11082 1726/924/11083 1739/924/11084
f 1722/924/11085 1740/924/11086 1747/924/11087
f 1746/924/11088 1717/924/11089 1716/924/11090 1743/924/11091
f 1706/924/11092 1728/924/11093 1735/924/11094
f 1732/924/11095 1734/924/11096 1733/924/11097
f 1709/924/11098 1717/924/11099 1746/924/11100
f 1720/924/11101 1726/924/11102 1737/924/11103
f 1729/924/11104 1728/924/11105 1727/924/11106
f 1715/924/11107 1731/924/11108 1724/924/11109
f 1768/924/11110 1781/924/11111 1761/924/11112 1779/924/11113
f 1716/924/11114 1736/924/11115 1743/924/11116
f 1735/924/11117 1729/924/11118 1724/924/11119
f 1758/924/11120 1773/924/11121 1776/924/11122
f 1786/924/11123 1762/924/11124 1761/924/11125
f 1756/924/11126 1771/924/11127 1772/924/11128
f 1759/924/11129 1754/924/11130 1751/924/11131
f 1768/924/11132 1762/924/11133 1755/924/11134
f 1785/924/11135 1764/924/11136 1777/924/11137
f 1757/924/11138 1769/924/11139 1770/924/11140
f 1765/924/11141 1768/924/11142 1763/924/11143
f 1774/924/11144 1750/924/11145 1775/924/11146
f 1763/924/11147 1747/924/11148 1780/924/11149
f 1753/924/11150 1767/924/11151 1752/924/11152
f 1785/924/11153 1769/924/11154 1757/924/11155 1764/924/11156
f 1762/924/11157 1786/924/11158 1782/924/11159
f 1778/924/11160 1760/924/11161 1753/924/11162 1754/924/11163
f 1773/924/11164 1775/924/11165 1776/924/11166
f 1750/924/11167 1776/924/11168 1775/924/11169
f 1773/924/11170 120/924/11171 1774/924/11172
f 1777/924/11173 1749/924/11174 1766/924/11175
f 1772/924/11176 1771/924/11177 1766/924/11178
f 1756/924/11179 1772/924/11180 1766/924/11181 1784/924/11182
f 1770/924/11183 1771/924/11184 1756/924/11185 1748/924/11186
f 1777/924/11187 1770/924/11188 1769/924/11189 1785/924/11190
f 1763/924/11191 1755/924/11192 1747/924/11193
f 1810/924/11194 1811/924/11195 1787/924/11196 1809/924/11197
f 1754/924/11198 1753/924/11199 1752/924/11200
f 1784/924/11201 1749/924/11202 1756/924/11203
f 1765/924/11204 1780/924/11205 1781/924/11206
f 1782/924/11207 1780/924/11208 1747/924/11209
f 1760/924/11210 1759/924/11211 1767/924/11212
f 1751/924/11213 1752/924/11214 1767/924/11215
f 1770/924/11216 1777/924/11217 1766/924/11218
f 1790/924/11219 1789/924/11220 1788/924/11221
f 1803/924/11222 1815/924/11223 1804/924/11224
f 1822/924/11225 1808/924/11226 1820/924/11227
f 1791/924/11228 1803/924/11229 1792/924/11230
f 1796/924/11231 1795/924/11232 1808/924/11233
f 1792/924/11234 1803/924/11235 1823/924/11236
f 1824/924/11237 1797/924/11238 1806/924/11239
f 1797/924/11240 1819/924/11241 1805/924/11242
f 1825/924/11243 1801/924/11244 1812/924/11245
f 1787/924/11246 1801/924/11247 1809/924/11248
f 1825/924/11249 1810/924/11250 1809/924/11251 1801/924/11252
f 1827/924/11253 1800/924/11254 1822/924/11255
f 1798/924/11256 1824/924/11257 1806/924/11258
f 1799/924/11259 1796/924/11260 1821/924/11261
f 1817/924/11262 1798/924/11263 1793/924/11264 1819/924/11265
f 1814/924/11266 1823/924/11267 1804/924/11268
f 1826/924/11269 1792/924/11270 1814/924/11271
f 1815/924/11272 1791/924/11273 1826/924/11274
f 1812/924/11275 1789/924/11276 1802/924/11277
f 1813/924/11278 1812/924/11279 1802/924/11280
f 1788/924/11281 1811/924/11282 1813/924/11283
f 1793/924/11284 1798/924/11285 1806/924/11286
f 1818/924/11287 1799/924/11288 1794/924/11289 1795/924/11290
f 1807/924/11291 1820/924/11292 1794/924/11293 1799/924/11294
f 1814/924/11295 1804/924/11296 1815/924/11297
f 1819/924/11298 1793/924/11299 1806/924/11300
f 1830/924/11301 1847/924/11302 1867/924/11303 1829/924/11304
f 1812/924/11305 1811/924/11306 1810/924/11307
f 1800/924/11308 1827/924/11309 1821/924/11310
f 1798/924/11311 1797/924/11312 1824/924/11313
f 1816/924/11314 1813/924/11315 1802/924/11316
f 1795/924/11317 1794/924/11318 1820/924/11319
f 1841/924/11320 1831/924/11321 1860/924/11322
f 1851/924/11323 1836/924/11324 1837/924/11325
f 1829/924/11326 1828/924/11326 1838/924/11326
f 1839/924/11327 1853/924/11328 1828/924/11329
f 1840/924/11330 1841/924/11331 1848/924/11332
f 1850/924/11333 1843/924/11334 1842/924/11335
f 1853/924/11336 1854/924/11337 1855/924/11338
f 1846/924/11339 1851/924/11340 1845/924/11341
f 1860/924/11342 1859/924/11343 1848/924/11344 1841/924/11345
f 1862/924/11346 1842/924/11347 1849/924/11348 1866/924/11349
f 1851/924/11350 1863/924/11351 1852/924/11352 1844/924/11353
f 1836/924/11354 1835/924/11355 1864/924/11356 1837/924/11357
f 1850/924/11358 1833/924/11359 1834/924/11360 1843/924/11361
f 1856/924/11362 1855/924/11363 1867/924/11363
f 1858/924/11364 1860/924/11365 1831/924/11366
f 1831/924/11367 1840/924/11368 1858/924/11369
f 1833/924/11370 1850/924/11371 1842/924/11372
f 1833/924/11373 1842/924/11374 1862/924/11375
f 1837/924/11376 1864/924/11377 1865/924/11378 1845/924/11379
f 1835/924/11380 1836/924/11381 1852/924/11382
f 1835/924/11383 1863/924/11384 1864/924/11385
f 1845/924/11386 1865/924/11387 1868/924/11388
f 1857/924/11389 1854/924/11390 1853/924/11391 1839/924/11392
f 1861/924/11393 1856/924/11394 1847/924/11395 1830/924/11396
f 1829/924/11397 1867/924/11398 1857/924/11399 1839/924/11400
f 1855/924/11401 1856/924/11402 1838/924/11403 1828/924/11404
f 1864/924/11405 1863/924/11406 1865/924/11407
f 1872/924/11408 1897/924/11409 1907/924/11410 1871/924/11411
f 1854/924/11412 1857/924/11413 1855/924/11414
f 1856/924/11415 1867/924/11416 1847/924/11417
f 1858/924/11418 1840/924/11419 1859/924/11420
f 1834/924/11421 1833/924/11422 1862/924/11423
f 1846/924/11424 1868/924/11425 1863/924/11426
f 1870/924/11427 1869/924/11427 1879/924/11428 1904/924/11429
f 1900/924/11430 1887/924/11431 1902/924/11432
f 1877/924/11433 1883/924/11434 1876/924/11435
f 1887/924/11436 1900/924/11437 1906/924/11438 1908/924/11439
f 1885/924/11440 1903/924/11441 1869/924/11442
f 1885/924/11443 1869/924/11444 1870/924/11445
f 1879/924/11446 1894/924/11447 1893/924/11448
f 1888/924/11449 1898/924/11450 1882/924/11451
f 1899/924/11452 1877/924/11453 1878/924/11454
f 1899/924/11455 1884/924/11456 1877/924/11457
f 1910/924/11458 1882/924/11459 1874/924/11460 1875/924/11461
f 1909/924/11462 1885/924/11463 1891/924/11464
f 1892/924/11465 1870/924/11466 1886/924/11467
f 1896/924/11468 1907/924/11469 1897/924/11470
f 1899/924/11471 1901/924/11472 1883/924/11473 1884/924/11474
f 1906/924/11475 1901/924/11476 1899/924/11477 1908/924/11478
f 1890/924/11479 1903/924/11480 1909/924/11481
f 1895/924/11482 1897/924/11483 1872/924/11484
f 1895/924/11485 1881/924/11486 1896/924/11487
f 1872/924/11488 1880/924/11489 1895/924/11490
f 1891/924/11491 1870/924/11492 1892/924/11493
f 1893/924/11494 1892/924/11495 1886/924/11496
f 1869/924/11497 1890/924/11498 1894/924/11499
f 1873/924/11500 1888/924/11501 1882/924/11502
f 1873/924/11503 1898/924/11504 1888/924/11505
f 1875/924/11506 1873/924/11507 1910/924/11508
f 1889/924/11509 1901/924/11510 1902/924/11509
f 1886/924/11511 1904/924/11512 1893/924/11513
f 1902/924/11514 1901/924/11515 1900/924/11516
f 1874/924/11517 1905/924/11518 1875/924/11519
f 1883/924/11520 1889/924/11521 1902/924/11522
f 1891/924/11523 1894/924/11524 1890/924/11525
f 1937/924/11526 1939/924/11527 1914/924/11528 1947/924/11529
f 1880/924/11530 1907/924/11531 1881/924/11532
f 1873/924/11533 1882/924/11534 1910/924/11535
f 1877/924/11536 1876/924/11537 1902/924/11538
f 1899/924/11539 1887/924/11540 1908/924/11541
f 1941/924/11542 1948/924/11543 1931/924/11544
f 1911/924/11545 1919/924/11545 1918/924/11545
f 1945/924/11546 1911/924/11547 1918/924/11548
f 1918/924/11549 1933/924/11550 1934/924/11551
f 1925/924/11552 1926/924/11553 1917/924/11553
f 1926/924/11554 1948/924/11555 1917/924/11556
f 1926/924/11557 1927/924/11558 1948/924/11559
f 1920/924/11560 1951/924/11561 1936/924/11562
f 1949/924/11563 1917/924/11564 1913/924/11565
f 1932/924/11566 1911/924/11567 1929/924/11568
f 1916/924/11569 1940/924/11570 1930/924/11571
f 1931/924/11572 1926/924/11573 1942/924/11574
f 1943/924/11575 1917/924/11576 1941/924/11577
f 1935/924/11578 1933/924/11579 1936/924/11579
f 1937/924/11580 1950/924/11581 1939/924/11582
f 1937/924/11583 1921/924/11584 1938/924/11585
f 1932/924/11586 1929/924/11587 1934/924/11588 1933/924/11588
f 1917/924/11589 1943/924/11590 1952/924/11591 1913/924/11592
f 1915/924/11593 1930/924/11594 1940/924/11595
f 1915/924/11596 1924/924/11597 1923/924/11598
f 1923/924/11599 1922/924/11600 1930/924/11601
f 1941/924/11602 1942/924/11603 1943/924/11604
f 1911/924/11605 1932/924/11606 1935/924/11607 1928/924/11608
f 1928/924/11609 1935/924/11610 1951/924/11611
f 1945/924/11612 1934/924/11613 1929/924/11614
f 1936/924/11615 1933/924/11616 1918/924/11617 1919/924/11618
f 1915/924/11619 1940/924/11620 1916/924/11621 1946/924/11622
f 1943/924/11623 1944/924/11624 1952/924/11625
f 1937/924/11626 1938/924/11627 1950/924/11628
f 1951/924/11629 1935/924/11630 1936/924/11631
f 1914/924/11632 1912/924/11633 1947/924/11634
f 1950/924/11635 1938/924/11636 1921/924/11637 1912/924/11638
f 1944/924/11639 1942/924/11640 1925/924/11641 1949/924/11642
f 1952/924/11643 1944/924/11644 1949/924/11645 1913/924/11646
f 1939/924/11647 1950/924/11648 1912/924/11649 1914/924/11650
f 1947/924/11651 1912/924/11652 1921/924/11653
f 1994/924/11654 1979/924/11655 1953/924/11656 1976/924/11657
f 1969/924/11658 1955/924/11659 1985/924/11660
f 1988/924/11661 1965/924/11662 1987/924/11663
f 1962/924/11664 1963/924/11665 1964/924/11666
f 1966/924/11667 1954/924/11668 1953/924/11668
f 1954/924/11669 1990/924/11670 1953/924/11670
f 1970/924/11671 1957/924/11672 1959/924/11673
f 1970/924/11674 1972/924/11675 1957/924/11676
f 1973/924/11677 1964/924/11677 1965/924/11677
f 1973/924/11678 1962/924/11678 1964/924/11678
f 1992/924/11679 1960/924/11680 1962/924/11681
f 1983/924/11682 1955/924/11683 1956/924/11684 1967/924/11685
f 1980/924/11686 1954/924/11687 1977/924/11688
f 1984/924/11689 1969/924/11690 1985/924/11691
f 1986/924/11692 1965/924/11693 1988/924/11694
f 1987/924/11695 1963/924/11696 1961/924/11697
f 1981/924/11698 1979/924/11699 1980/924/11699
f 1983/924/11700 1985/924/11701 1955/924/11702
f 1983/924/11703 1968/924/11704 1984/924/11705
f 1989/924/11706 1974/924/11707 1992/924/11708 1973/924/11709
f 1958/924/11710 1972/924/11711 1971/924/11712
f 1961/924/11713 1960/924/11714 1974/924/11715
f 1974/924/11716 1989/924/11717 1987/924/11716
f 1986/924/11718 1989/924/11719 1973/924/11720 1975/924/11721
f 1961/924/11722 1974/924/11723 1987/924/11724
f 1958/924/11725 1993/924/11726 1959/924/11727 1957/924/11728
f 1976/924/11729 1982/924/11730 1994/924/11731
f 1991/924/11732 1981/924/11733 1977/924/11734
f 1982/924/11735 1954/924/11736 1980/924/11737
f 1989/924/11738 1986/924/11739 1987/924/11740
f 1953/924/11741 1979/924/11742 1981/924/11743
f 1962/924/11744 1960/924/11745 1961/924/11746 1963/924/11747
f 1971/924/11748 1970/924/11749 1978/924/11750
f 1994/924/11751 1982/924/11752 1979/924/11753
f 1993/924/11754 1978/924/11755 1970/924/11756 1959/924/11757
f 1996/924/11758 2002/924/11758 2003/924/11759 1997/924/11760
f 2031/924/11761 2011/924/11762 2027/924/11763
f 1998/924/11764 2021/924/11765 2024/924/11766
f 2006/924/11767 2007/924/11768 2037/924/11769 2008/924/11770
f 1995/924/11771 2002/924/11771 1996/924/11771
f 2030/924/11772 2032/924/11773 1995/924/11774
f 2020/924/11775 2017/924/11776 1995/924/11777 2032/924/11778
f 2007/924/11779 2006/924/11780 2015/924/11781
f 2028/924/11782 2035/924/11783 2001/924/11784
f 2028/924/11785 2010/924/11786 2035/924/11787
f 2036/924/11788 2030/924/11789 2019/924/11790
f 1997/924/11791 2012/924/11792 2025/924/11793 1996/924/11794
f 2033/924/11795 2001/924/11796 2011/924/11797
f 2016/924/11798 2000/924/11799 2035/924/11800 2010/924/11801
f 2022/924/11802 2013/924/11803 2023/924/11804
f 2033/924/11805 2031/924/11806 2029/924/11807
f 2001/924/11808 2000/924/11809 2027/924/11810
f 2020/924/11811 2032/924/11812 2036/924/11813
f 2021/924/11814 2023/924/11815 2024/924/11816
f 2013/924/11817 2024/924/11818 2023/924/11819
f 2021/924/11820 2004/924/11821 2022/924/11822
f 2018/924/11823 2017/924/11824 2025/924/11825
f 2018/924/11826 2025/924/11827 2012/924/11828
f 2020/924/11829 2019/924/11830 2017/924/11831
f 2014/924/11832 2008/924/11833 2037/924/11834
f 1996/924/11835 2025/924/11836 2019/924/11837 2030/924/11838
f 2015/924/11839 2005/924/11840 2014/924/11841
f 2016/924/11842 2028/924/11843 2026/924/11844
f 2029/924/11845 2026/924/11846 2009/924/11847 2033/924/11848
f 2026/924/11849 2029/924/11850 2031/924/11851
f 2002/924/11852 2017/924/11853 2018/924/11854
f 2036/924/11855 2019/924/11856 2020/924/11857
f 2048/924/11858 2058/924/11859 2050/924/11860 2070/924/11861
f 2012/924/11862 2003/924/11863 2018/924/11864
f 2006/924/11865 2008/924/11866 2005/924/11867
f 2041/924/11868 2040/924/11869 2039/924/11870
f 2055/924/11871 2066/924/11872 2065/924/11873
f 2067/924/11874 2042/924/11875 2046/924/11876
f 2066/924/11877 2044/924/11878 2064/924/11879
f 2068/924/11880 2048/924/11881 2076/924/11882
f 2043/924/11883 2055/924/11884 2074/924/11885
f 2078/924/11886 2074/924/11887 2065/924/11888
f 2040/924/11889 2053/924/11890 2038/924/11891
f 2072/924/11892 2077/924/11893 2075/924/11894 2051/924/11895
f 2076/924/11896 2070/924/11897 2057/924/11898
f 2062/924/11899 2059/924/11900 2038/924/11901 2073/924/11902
f 2058/924/11903 2052/924/11904 2051/924/11905 2050/924/11903
f 2041/924/11906 2054/924/11907 2061/924/11908 2040/924/11909
f 2040/924/11910 2061/924/11911 2079/924/11912 2053/924/11913
f 2058/924/11914 2068/924/11915 2069/924/11916
f 2039/924/11917 2060/924/11918 2063/924/11919
f 2078/924/11920 2065/924/11921 2064/924/11922
f 2064/924/11923 2065/924/11924 2066/924/11925
f 2064/924/11926 2043/924/11927 2078/924/11928
f 2075/924/11929 2077/924/11930 2071/924/11931 2050/924/11932
f 2062/924/11933 2061/924/11934 2059/924/11935
f 2046/924/11936 2056/924/11937 2067/924/11938
f 2047/924/11939 2067/924/11940 2056/924/11941
f 2049/924/11942 2047/924/11943 2056/924/11944
f 2068/924/11945 2057/924/11946 2069/924/11947
f 2057/924/11948 2050/924/11949 2071/924/11950
f 2072/924/11951 2058/924/11952 2069/924/11953
f 2062/924/11954 2053/924/11955 2079/924/11956
f 2054/924/11957 2041/924/11958 2063/924/11959
f 2038/924/11960 2059/924/11961 2060/924/11962
f 2047/924/11963 2045/924/11964 2042/924/11965
f 2076/924/11966 2057/924/11967 2068/924/11968
f 2115/924/11969 2117/924/11970 2118/924/11971 2103/924/11972
f 2099/924/11973 2110/924/11974 2111/924/11975
f 2104/924/11976 2080/924/11977 2081/924/11978 2096/924/11979
f 2114/924/11980 2086/924/11981 2102/924/11982
f 2087/924/11983 2086/924/11984 2103/924/11985
f 2080/924/11986 2088/924/11986 2081/924/11986
f 2120/924/11987 2081/924/11988 2088/924/11989
f 2117/924/11990 2123/924/11991 2121/924/11992 2094/924/11993
f 2090/924/11994 2084/924/11995 2085/924/11996
f 2087/924/11997 2093/924/11998 2086/924/11999
f 2105/924/12000 2106/924/12001 2080/924/12002 2104/924/12003
f 2094/924/12004 2103/924/12005 2095/924/12006
f 2122/924/12007 2096/924/12008 2108/924/12009
f 2122/924/12010 2105/924/12011 2104/924/12012 2096/924/12013
f 2087/924/12014 2094/924/12015 2097/924/12016
f 2113/924/12017 2081/924/12018 2098/924/12019
f 2109/924/12020 2099/924/12021 2111/924/12022
f 2115/924/12023 2086/924/12024 2114/924/12025
f 2084/924/12026 2091/924/12027 2100/924/12028
f 2112/924/12029 2089/924/12030 2109/924/12031
f 2110/924/12032 2089/924/12033 2112/924/12034
f 2107/924/12035 2106/924/12036 2113/924/12037
f 2107/924/12038 2113/924/12039 2098/924/12040
f 2091/924/12041 2090/924/12042 2101/924/12043
f 2102/924/12044 2087/924/12045 2116/924/12046
f 2106/924/12047 2107/924/12048 2088/924/12049 2080/924/12050
f 2108/924/12051 2081/924/12052 2113/924/12053
f 2111/924/12054 2110/924/12055 2112/924/12055 2109/924/12056
f 2095/924/12057 2103/924/12058 2118/924/12059
f 2100/924/12060 2082/924/12061 2085/924/12062 2084/924/12063
f 2105/924/12064 2108/924/12065 2106/924/12066
f 2121/924/12067 2123/924/12068 2116/924/12069 2097/924/12070
f 2131/924/12071 2146/924/12072 2132/924/12073 2129/924/12074
f 2088/924/12075 2107/924/12076 2098/924/12077
f 2091/924/12078 2101/924/12079 2100/924/12080
f 2085/924/12081 2082/924/12082 2101/924/12083
f 2127/924/12084 2126/924/12085 2125/924/12086
f 2158/924/12087 2164/924/12088 2130/924/12089 2148/924/12090
f 2157/924/12091 2149/924/12092 2124/924/12093 2134/924/12094
f 2137/924/12095 2152/924/12096 2155/924/12097
f 2162/924/12098 2138/924/12099 2146/924/12100
f 2141/924/12101 2159/924/12102 2148/924/12103
f 2159/924/12104 2161/924/12105 2148/924/12106
f 2141/924/12107 2164/924/12108 2163/924/12109
f 2141/924/12110 2148/924/12111 2143/924/12112
f 2151/924/12113 2144/924/12114 2156/924/12115
f 2139/924/12116 2131/924/12117 2129/924/12118 2140/924/12119
f 2128/924/12120 2154/924/12121 2153/924/12122
f 2156/924/12123 2126/924/12124 2145/924/12125
f 2156/924/12126 2149/924/12127 2157/924/12128 2151/924/12129
f 2152/924/12130 2154/924/12131 2155/924/12132
f 2128/924/12133 2155/924/12134 2154/924/12135
f 2150/924/12136 2149/924/12137 2156/924/12138
f 2135/924/12139 2153/924/12140 2152/924/12141 2136/924/12142
f 2131/924/12143 2162/924/12144 2146/924/12145
f 2139/924/12146 2138/924/12147 2162/924/12148
f 2133/924/12149 2161/924/12150 2147/924/12151
f 2133/924/12152 2147/924/12153 2158/924/12154
f 2159/924/12155 2160/924/12156 2147/924/12157
f 2124/924/12158 2149/924/12159 2150/924/12160
f 2143/924/12161 2148/924/12162 2130/924/12163
f 2144/924/12164 2151/924/12165 2157/924/12166 2134/924/12167
f 2150/924/12168 2156/924/12169 2145/924/12170
f 2141/924/12171 2163/924/12172 2160/924/12173
f 2125/924/12174 2150/924/12175 2145/924/12176
f 2139/924/12177 2162/924/12178 2131/924/12179
f 2161/924/12180 2133/924/12181 2158/924/12182
f 2198/924/12183 2169/924/12184 2176/924/12185 2168/924/12186
f 2198/924/12187 2194/924/12188 2193/924/12189
f 2199/924/12190 2180/924/12191 2197/924/12192
f 2168/924/12193 2192/924/12194 2194/924/12195
f 2181/924/12196 2165/924/12196 2166/924/12197 2182/924/12198
f 2174/924/12199 2173/924/12200 2188/924/12201
f 2165/924/12202 2175/924/12202 2166/924/12202
f 2203/924/12203 2169/924/12204 2193/924/12205
f 2167/924/12206 2166/924/12207 2175/924/12208
f 2195/924/12209 2186/924/12210 2177/924/12211 2171/924/12212
f 2177/924/12213 2170/924/12214 2171/924/12215
f 2201/924/12216 2178/924/12217 2186/924/12218
f 2174/924/12219 2179/924/12220 2173/924/12220
f 2200/924/12221 2182/924/12222 2202/924/12223
f 2181/924/12224 2189/924/12225 2190/924/12226
f 2174/924/12227 2180/924/12228 2183/924/12229
f 2196/924/12230 2187/924/12231 2179/924/12232 2174/924/12233
f 2178/924/12234 2201/924/12235 2185/924/12236 2170/924/12237
f 2203/924/12238 2193/924/12239 2192/924/12240
f 2200/924/12241 2189/924/12242 2181/924/12243 2182/924/12244
f 2192/924/12245 2193/924/12246 2194/924/12247
f 2192/924/12248 2169/924/12249 2203/924/12250
f 2202/924/12251 2166/924/12252 2184/924/12253
f 2172/924/12254 2179/924/12255 2187/924/12256
f 2171/924/12257 2185/924/12258 2195/924/12259
f 2172/924/12260 2187/924/12261 2197/924/12262
f 2180/924/12263 2199/924/12264 2204/924/12265
f 2202/924/12266 2190/924/12267 2189/924/12268 2200/924/12269
f 2197/924/12270 2196/924/12271 2199/924/12270
f 2165/924/12272 2190/924/12273 2191/924/12274
f 2183/924/12275 2204/924/12276 2196/924/12277
f 2202/924/12278 2184/924/12279 2191/924/12280 2190/924/12281
f 2184/924/12282 2175/924/12283 2191/924/12284
f 2201/924/12285 2186/924/12286 2185/924/12287
f 2185/924/12288 2186/924/12289 2195/924/12290
f 2173/924/12291 2172/924/12292 2197/924/12293
f 2217/924/12294 2218/924/12295 2244/924/12296 2216/924/12297
f 2241/924/12298 2221/924/12299 2238/924/12300
f 2234/924/12301 2209/924/12302 2231/924/12303
f 2212/924/12304 2225/924/12305 2236/924/12306
f 2206/924/12307 2214/924/12307 2207/924/12307
f 2206/924/12308 2205/924/12309 2214/924/12308
f 2217/924/12310 2211/924/12311 2242/924/12312
f 2208/924/12313 2222/924/12314 2229/924/12315 2207/924/12316
f 2216/924/12317 2211/924/12318 2217/924/12319
f 2220/924/12320 2212/924/12321 2213/924/12322
f 2206/924/12323 2226/924/12324 2205/924/12325
f 2226/924/12326 2245/924/12327 2227/924/12328
f 2219/924/12329 2213/924/12330 2243/924/12331
f 2243/924/12332 2213/924/12333 2221/924/12334
f 2219/924/12335 2237/924/12336 2225/924/12337 2220/924/12338
f 2232/924/12339 2223/924/12340 2233/924/12341
f 2217/924/12342 2235/924/12343 2218/924/12344
f 2243/924/12345 2241/924/12346 2239/924/12347
f 2206/924/12348 2229/924/12349 2230/924/12350 2240/924/12351
f 2213/924/12352 2236/924/12353 2238/924/12354
f 2228/924/12355 2227/924/12355 2229/924/12355
f 2224/924/12356 2211/924/12357 2244/924/12358
f 2231/924/12359 2233/924/12360 2234/924/12361
f 2209/924/12362 2234/924/12363 2233/924/12364
f 2231/924/12365 2215/924/12366 2232/924/12367
f 2211/924/12368 2224/924/12369 2235/924/12370 2242/924/12371
f 2222/924/12372 2214/924/12373 2228/924/12374
f 2239/924/12375 2237/924/12376 2219/924/12377 2243/924/12378
f 2225/924/12379 2237/924/12380 2238/924/12381
f 2238/924/12382 2237/924/12383 2239/924/12384
f 2205/924/12385 2227/924/12386 2228/924/12387
f 2254/924/12388 2273/924/12389 2281/924/12390 2255/924/12391
f 2238/924/12392 2239/924/12393 2241/924/12394
f 2224/924/12395 2218/924/12396 2235/924/12397
f 2245/924/12398 2226/924/12399 2230/924/12400
f 2254/924/12401 2274/924/12402 2273/924/12403
f 2280/924/12404 2249/924/12405 2278/924/12406
f 2253/924/12407 2272/924/12408 2274/924/12409
f 2276/924/12410 2260/924/12411 2284/924/12412
f 2246/924/12413 2251/924/12413 2247/924/12413
f 2248/924/12414 2263/924/12415 2271/924/12416 2247/924/12417
f 2256/924/12418 2258/924/12419 2250/924/12420
f 2267/924/12421 2268/924/12422 2269/924/12423
f 2261/924/12424 2259/924/12425 2249/924/12426
f 2257/924/12427 2264/924/12428 2250/924/12429 2258/924/12430
f 2284/924/12431 2259/924/12432 2282/924/12433
f 2278/924/12434 2266/924/12435 2276/924/12436
f 2281/924/12437 2273/924/12438 2272/924/12439
f 2285/924/12440 2268/924/12441 2267/924/12442 2262/924/12443
f 2272/924/12444 2255/924/12445 2281/924/12446
f 2285/924/12447 2262/924/12448 2271/924/12449
f 2257/924/12450 2256/924/12451 2265/924/12452
f 2279/924/12453 2264/924/12454 2275/924/12455
f 2269/924/12456 2270/924/12457 2251/924/12458 2246/924/12459
f 2278/924/12460 2283/924/12461 2280/924/12462
f 2280/924/12463 2283/924/12464 2261/924/12465 2249/924/12466
f 2272/924/12467 2273/924/12468 2274/924/12469
f 2253/924/12470 2254/924/12471 2252/924/12472
f 2251/924/12473 2248/924/12474 2247/924/12475
f 2256/924/12476 2250/924/12477 2279/924/12478
f 2264/924/12479 2265/924/12480 2275/924/12481
f 2261/924/12482 2283/924/12483 2282/924/12484
f 2275/924/12485 2265/924/12486 2256/924/12487 2279/924/12488
f 2282/924/12489 2283/924/12490 2278/924/12491
f 2251/924/12492 2270/924/12493 2263/924/12494
f 2259/924/12495 2260/924/12496 2266/924/12497
f 2314/924/12498 2315/924/12499 2289/924/12500 2290/924/12501
f 2304/924/12502 2324/924/12503 2316/924/12504 2296/924/12505
f 2321/924/12506 2298/924/12507 2322/924/12508
f 2318/924/12509 2323/924/12510 2305/924/12511
f 2297/924/12512 2323/924/12513 2306/924/12514
f 2294/924/12515 2287/924/12516 2286/924/12516
f 2287/924/12517 2299/924/12518 2286/924/12519
f 2295/924/12520 2289/924/12521 2303/924/12522
f 2296/924/12523 2293/924/12524 2292/924/12525
f 2307/924/12526 2308/924/12527 2286/924/12528 2299/924/12529
f 2288/924/12530 2302/924/12531 2310/924/12532 2287/924/12533
f 2312/924/12534 2314/924/12535 2290/924/12536 2295/924/12537
f 2292/924/12538 2317/924/12539 2304/924/12540
f 2322/924/12541 2323/924/12542 2318/924/12543
f 2291/924/12544 2293/924/12545 2324/924/12546
f 2313/924/12547 2303/924/12548 2315/924/12549
f 2287/924/12550 2310/924/12551 2311/924/12552 2300/924/12553
f 2319/924/12554 2305/924/12555 2320/924/12556 2297/924/12557
f 2311/924/12558 2307/924/12559 2299/924/12560 2300/924/12561
f 2305/924/12562 2319/924/12563 2322/924/12564
f 2298/924/12565 2321/924/12566 2325/924/12567
f 2357/924/12568 2359/924/12569 2362/924/12570 2341/924/12571
f 2286/924/12572 2308/924/12573 2309/924/12574
f 2293/924/12575 2291/924/12576 2317/924/12577
f 2301/924/12578 2325/924/12579 2319/924/12580
f 2312/924/12581 2303/924/12582 2313/924/12583
f 2307/924/12584 2311/924/12585 2308/924/12586
f 2294/924/12587 2309/924/12588 2302/924/12589
f 2324/924/12590 2304/924/12591 2291/924/12592
f 2291/924/12593 2304/924/12594 2317/924/12595
f 2329/924/12596 2350/924/12597 2351/924/12598
f 2357/924/12599 2341/924/12600 2358/924/12601
f 2352/924/12602 2360/924/12603 2351/924/12604
f 2350/924/12605 2335/924/12606 2334/924/12607
f 2337/924/12608 2338/924/12609 2330/924/12610
f 2339/924/12611 2331/924/12612 2361/924/12613
f 2347/924/12614 2348/924/12615 2326/924/12616 2342/924/12617
f 2363/924/12618 2346/924/12619 2366/924/12620
f 2346/924/12621 2363/924/12622 2347/924/12623 2342/924/12624
f 2340/924/12625 2339/924/12626 2356/924/12627
f 2365/924/12628 2344/924/12629 2338/924/12630 2337/924/12631
f 2334/924/12632 2351/924/12633 2350/924/12634
f 2354/924/12635 2343/924/12636 2349/924/12637
f 2359/924/12638 2356/924/12639 2339/924/12640 2362/924/12641
f 2334/924/12642 2335/924/12643 2352/924/12644
f 2366/924/12645 2327/924/12646 2364/924/12647
f 2365/924/12648 2336/924/12649 2345/924/12650
f 2332/924/12651 2331/924/12652 2340/924/12653
f 2330/924/12654 2344/924/12655 2355/924/12656
f 2340/924/12657 2356/924/12658 2358/924/12659
f 2328/924/12660 2349/924/12661 2364/924/12662
f 2326/924/12663 2348/924/12664 2343/924/12665
f 2363/924/12666 2366/924/12667 2348/924/12668
f 2349/924/12669 2343/924/12670 2364/924/12671
f 2332/924/12672 2340/924/12673 2358/924/12674
f 2366/924/12675 2364/924/12676 2343/924/12677 2348/924/12678
f 2330/924/12679 2355/924/12680 2345/924/12681
f 2361/924/12682 2332/924/12683 2358/924/12684
f 2382/924/12685 2393/924/12686 2371/924/12687 2404/924/12688
f 2398/924/12689 2377/924/12690 2399/924/12691
f 2373/924/12692 2405/924/12693 2395/924/12694
f 2367/924/12695 2374/924/12695 2368/924/12695
f 2370/924/12696 2381/924/12697 2401/924/12698
f 2375/924/12699 2400/924/12700 2372/924/12701
f 2375/924/12702 2394/924/12703 2400/924/12704
f 2376/924/12705 2398/924/12706 2403/924/12707
f 2367/924/12708 2384/924/12709 2385/924/12710
f 2387/924/12711 2368/924/12712 2380/924/12713
f 2390/924/12714 2381/924/12715 2391/924/12716
f 2399/924/12717 2373/924/12718 2395/924/12719
f 2389/924/12720 2391/924/12721 2392/924/12722
f 2369/924/12723 2392/924/12724 2391/924/12725
f 2392/924/12726 2370/924/12727 2389/924/12728
f 2388/924/12729 2379/924/12730 2387/924/12731
f 2372/924/12732 2393/924/12733 2382/924/12734 2375/924/12735
f 2371/924/12736 2394/924/12737 2404/924/12738
f 2388/924/12739 2384/924/12740 2378/924/12741 2379/924/12742
f 2404/924/12743 2394/924/12744 2382/924/12745
f 2397/924/12746 2396/924/12747 2405/924/12748
f 2403/924/12749 2398/924/12750 2396/924/12751
f 2376/924/12752 2403/924/12753 2396/924/12754
f 2371/924/12755 2393/924/12756 2372/924/12757 2400/924/12758
f 2402/924/12759 2386/924/12760 2380/924/12761
f 2399/924/12762 2396/924/12762 2398/924/12763
f 2367/924/12764 2385/924/12765 2386/924/12766
f 2389/924/12767 2370/924/12768 2390/924/12769
f 2428/924/12770 2422/924/12771 2421/924/12772 2439/924/12773
f 2384/924/12774 2388/924/12775 2385/924/12776
f 2386/924/12777 2387/924/12778 2380/924/12779
f 2408/924/12780 2407/924/12781 2415/924/12782
f 2425/924/12783 2436/924/12784 2437/924/12785
f 2407/924/12786 2444/924/12787 2406/924/12787
f 2435/924/12788 2416/924/12789 2437/924/12790
f 2406/924/12791 2415/924/12792 2407/924/12793
f 2438/924/12794 2427/924/12795 2445/924/12796 2412/924/12797
f 2406/924/12798 2433/924/12799 2429/924/12800
f 2411/924/12801 2434/924/12802 2436/924/12803 2410/924/12804
f 2420/924/12805 2440/924/12806 2442/924/12807
f 2443/924/12808 2428/924/12809 2413/924/12810
f 2415/924/12811 2429/924/12812 2430/924/12813
f 2435/924/12814 2437/924/12815 2434/924/12816
f 2426/924/12817 2409/924/12818 2446/924/12819
f 2407/924/12820 2431/924/12821 2432/924/12822 2423/924/12823
f 2431/924/12824 2407/924/12825 2424/924/12826
f 2443/924/12827 2441/924/12828 2421/924/12829 2422/924/12830
f 2430/924/12831 2429/924/12832 2424/924/12833
f 2424/924/12834 2415/924/12835 2430/924/12836
f 2433/924/12837 2431/924/12838 2429/924/12839
f 2413/924/12840 2414/924/12841 2420/924/12842
f 2409/924/12843 2426/924/12844 2438/924/12845
f 2413/924/12846 2442/924/12847 2443/924/12847
f 2432/924/12848 2433/924/12849 2444/924/12850 2423/924/12851
f 2416/924/12852 2435/924/12853 2434/924/12854 2411/924/12855
f 2434/924/12856 2437/924/12857 2436/924/12858
f 2410/924/12859 2425/924/12860 2411/924/12861
f 2465/924/12862 2466/924/12863 2447/924/12864 2480/924/12865
f 2421/924/12866 2441/924/12867 2442/924/12868
f 2442/924/12869 2441/924/12870 2443/924/12871
f 2417/924/12872 2427/924/12873 2446/924/12874
f 2426/924/12875 2427/924/12876 2438/924/12877
f 2459/924/12878 2464/924/12879 2453/924/12880
f 2472/924/12881 2448/924/12882 2454/924/12882
f 2447/924/12883 2454/924/12883 2448/924/12883
f 2449/924/12884 2447/924/12885 2448/924/12886
f 2459/924/12887 2452/924/12888 2464/924/12889
f 2485/924/12890 2479/924/12891 2467/924/12892
f 2475/924/12893 2487/924/12894 2452/924/12895 2459/924/12896
f 2484/924/12897 2453/924/12898 2478/924/12899
f 2471/924/12900 2448/924/12901 2460/924/12902
f 2456/924/12903 2473/924/12904 2463/924/12905
f 2458/924/12906 2457/924/12907 2462/924/12908 2474/924/12909
f 2481/924/12910 2453/924/12911 2451/924/12912
f 2465/924/12913 2480/924/12914 2485/924/12915
f 2466/924/12916 2467/924/12916 2468/924/12916
f 2461/924/12917 2469/924/12918 2470/924/12919 2482/924/12920
f 2455/924/12921 2486/924/12922 2477/924/12923 2450/924/12924
f 2450/924/12925 2477/924/12926 2469/924/12927
f 2486/924/12928 2455/924/12929 2470/924/12930
f 2452/924/12931 2487/924/12932 2451/924/12933 2464/924/12934
f 2467/924/12935 2449/924/12936 2471/924/12937
f 2468/924/12938 2467/924/12939 2471/924/12940
f 2468/924/12941 2471/924/12942 2460/924/12943
f 2457/924/12944 2456/924/12945 2463/924/12946
f 2475/924/12947 2481/924/12947 2451/924/12948 2487/924/12947
f 2473/924/12949 2474/924/12950 2462/924/12951
f 2476/924/12952 2475/924/12953 2459/924/12954 2484/924/12955
f 2484/924/12956 2481/924/12957 2476/924/12958
f 2454/924/12959 2466/924/12960 2468/924/12961
f 2511/924/12962 2512/924/12963 2500/924/12964 2490/924/12965
f 2485/924/12966 2467/924/12967 2466/924/12968
f 2472/924/12969 2468/924/12970 2460/924/12971
f 2457/924/12972 2463/924/12973 2462/924/12974
f 2462/924/12975 2463/924/12976 2473/924/12977
f 2486/924/12978 2469/924/12979 2477/924/12980
f 2456/924/12981 2474/924/12982 2483/924/12983
f 2505/924/12984 2492/924/12985 2523/924/12986 2503/924/12987
f 2494/924/12988 2490/924/12989 2500/924/12990
f 2489/924/12991 2506/924/12992 2488/924/12993
f 2494/924/12994 2500/924/12995 2495/924/12996
f 2503/924/12997 2504/924/12998 2505/924/12999
f 2503/924/13000 2518/924/13001 2504/924/13002
f 2503/924/13003 2520/924/13004 2526/924/13005 2518/924/13006
f 2488/924/13007 2507/924/13008 2508/924/13009
f 2498/924/13010 2489/924/13011 2499/924/13012
f 2512/924/13013 2510/924/13014 2495/924/13015 2500/924/13016
f 2522/924/13017 2505/924/13018 2493/924/13019
f 2507/924/13020 2506/924/13021 2497/924/13022
f 2509/924/13023 2510/924/13024 2512/924/13025
f 2519/924/13026 2515/924/13027 2501/924/13028
f 2518/924/13029 2526/924/13030 2493/924/13031 2504/924/13032
f 2511/924/13033 2494/924/13034 2509/924/13035
f 2515/924/13036 2496/924/13037 2502/924/13038
f 2521/924/13039 2520/924/13040 2503/924/13041 2523/924/13042
f 2493/924/13043 2520/924/13043 2522/924/13043
f 2526/924/13044 2520/924/13045 2493/924/13046
f 2497/924/13047 2489/924/13048 2498/924/13049
f 2488/924/13050 2508/924/13051 2513/924/13052
f 2519/924/13053 2501/924/13054 2517/924/13055
f 2522/924/13056 2521/924/13057 2523/924/13058 2492/924/13059
f 2532/924/13060 2538/924/13061 2540/924/13062 2531/924/13063
f 2509/924/13064 2495/924/13065 2510/924/13066
f 2514/924/13067 2513/924/13068 2499/924/13069
f 2491/924/13070 2517/924/13071 2502/924/13072
f 2565/924/13073 2530/924/13074 2566/924/13075
f 2561/924/13076 2536/924/13077 2549/924/13078
f 2527/924/13079 2558/924/13079 2529/924/13079
f 2539/924/13080 2546/924/13081 57/924/13082
f 2538/924/13083 2532/924/13084 2539/924/13085
f 2550/924/13086 2530/924/13087 2544/924/13088 2537/924/13089
f 2560/924/13090 2534/924/13091 2535/924/13092
f 2537/924/13093 2536/924/13094 2550/924/13095
f 2568/924/13096 2543/924/13097 2569/924/13098
f 2559/924/13099 2548/924/13100 2560/924/13101 2535/924/13102
f 2563/924/13103 2537/924/13104 2544/924/13105
f 2527/924/13106 2556/924/13107 2553/924/13108
f 2552/924/13109 2529/924/13110 2545/924/13111
f 2542/924/13112 2547/924/13113 2534/924/13114 2557/924/13115
f 2566/924/13116 2550/924/13117 2561/924/13118
f 2528/924/13119 2552/924/13120 2555/924/13121 2551/924/13122
f 2541/924/13123 2546/924/13124 2533/924/13125
f 2533/924/13126 2540/924/13127 2541/924/13128
f 2569/924/13129 2562/924/13130 2563/924/13131 2568/924/13132
f 2554/924/13133 2552/924/13134 2545/924/13135
f 2535/924/13136 2547/924/13137 2559/924/13138
f 2537/924/13139 2562/924/13140 2549/924/13141
f 2551/924/13142 2555/924/13143 2556/924/13144
f 2529/924/13145 2554/924/13146 2545/924/13147
f 2566/924/13148 2564/924/13149 2565/924/13150
f 2527/924/13151 2553/924/13152 2554/924/13153
f 2531/924/13154 2533/924/13155 2532/924/13156
f 2555/924/13157 2552/924/13158 2553/924/13159
f 2565/924/13160 2564/924/13161 2543/924/13162 2530/924/13163
f 2611/924/13164 2572/924/13165 2573/924/13166 2578/924/13167
f 2539/924/13168 57/924/13169 2570/924/13170
f 2542/924/13171 2560/924/13172 2548/924/13173
f 2547/924/13174 2548/924/13175 2559/924/13176
f 2600/924/13177 2576/924/13178 2601/924/13179
f 2575/924/13180 2591/924/13181 2592/924/13182
f 2579/924/13183 2575/924/13184 2580/924/13185
f 2606/924/13186 2589/924/13187 2572/924/13188 2611/924/13189
f 2584/924/13190 2587/924/13191 2588/924/13192
f 2574/924/13193 2585/924/13194 2602/924/13195 2573/924/13196
f 2584/924/13197 2588/924/13198 2576/924/13199
f 2598/924/13200 2607/924/13201 2603/924/13202 2584/924/13203
f 2583/924/13204 2596/924/13205 2586/924/13206
f 2594/924/13207 2609/924/13208 2591/924/13209 2579/924/13210
f 2601/924/13211 2587/924/13212 2610/924/13213
f 2591/924/13214 2593/924/13215 2592/924/13216
f 2575/924/13217 2592/924/13218 2593/924/13219
f 2578/924/13220 2608/924/13221 2606/924/13222 2611/924/13223
f 2577/924/13224 2582/924/13225 2586/924/13226
f 2577/924/13227 2597/924/13228 2582/924/13229
f 2610/924/13230 2587/924/13231 2607/924/13232
f 2607/924/13233 2598/924/13234 2601/924/13235
f 2605/924/13236 2600/924/13237 2599/924/13238
f 2599/924/13239 2598/924/13240 2584/924/13241 2605/924/13242
f 2574/924/13243 2590/924/13244 2585/924/13245
f 2608/924/13246 2573/924/13247 2602/924/13248
f 2601/924/4343 2599/924/4343 2600/924/4343
f 2572/924/13249 2589/924/13250 2590/924/13251
f 2591/924/13252 2609/924/13253 2593/924/13254
f 2590/924/13255 2602/924/13256 2585/924/13257
f 2597/924/13258 2577/924/13259 2596/924/13260
f 2580/924/13261 2593/924/13262 2609/924/13263
f 2634/924/13264 2612/924/13265 2613/924/13266 2624/924/13267
f 2582/924/13268 2581/924/13269 2586/924/13270
f 2604/924/13271 2597/924/13272 2581/924/13273
f 2577/924/13274 2586/924/13275 2596/924/13276
f 2628/924/13277 2640/924/13278 2641/924/13279
f 2613/924/13280 2623/924/13280 2614/924/13280
f 2635/924/13281 2636/924/13282 2612/924/13283 2634/924/13284
f 2625/924/13285 2619/924/13286 2620/924/13287
f 2631/924/13288 2622/924/13289 2633/924/13290
f 2633/924/13291 2616/924/13292 2648/924/13293 2631/924/13294
f 2644/924/13295 2632/924/13296 2643/924/13297 2631/924/13298
f 2651/924/13299 2614/924/13300 2627/924/13301
f 2628/924/13302 2641/924/13303 2639/924/13304
f 2621/924/13305 2645/924/13306 2633/924/13307 2622/924/13308
f 2618/924/13309 2638/924/13310 2640/924/13311 2617/924/13312
f 2638/924/13313 2618/924/13314 2639/924/13315
f 2626/924/13316 2629/924/13317 2619/924/13318 2625/924/13319
f 2637/924/13320 2636/924/13321 2651/924/13322
f 2629/924/13323 2626/924/13324 2630/924/13325
f 2643/924/13326 2632/924/13327 2621/924/13328 2622/924/13329
f 2633/924/13330 2645/924/13331 2647/924/13332 2616/924/13333
f 2615/924/13334 2629/924/13335 2642/924/13336
f 2621/924/13337 2644/924/13338 2645/924/13339
f 2632/924/13340 2644/924/13341 2621/924/13342
f 2648/924/13343 2647/924/13344 2646/924/13345
f 2624/924/13346 2650/924/13347 2635/924/13348 2634/924/13349
f 2646/924/13350 2647/924/13350 2645/924/13350 2644/924/13350
f 2614/924/13351 2637/924/13352 2627/924/13353
f 2650/924/13354 2613/924/13355 2651/924/13356
f 2641/924/13357 2640/924/13358 2638/924/13358 2639/924/13359
f 2612/924/13360 2636/924/13361 2637/924/13362
f 2646/924/13363 2644/924/13364 2631/924/13365 2648/924/13366
f 2637/924/13367 2651/924/13368 2627/924/13369
f 2620/924/13370 2619/924/13371 2615/924/13372
f 2672/924/13373 2652/924/13374 2653/924/13375 2658/924/13376
f 2626/924/13377 2620/924/13378 2630/924/13379
f 2615/924/13380 2642/924/13381 2630/924/13382
f 2684/924/13383 2664/924/13384 2685/924/13385
f 2655/924/13386 2677/924/13387 2680/924/13388
f 2673/924/13389 2674/924/13390 2652/924/13391 2672/924/13392
f 2662/924/13393 2663/924/13394 2671/924/13394
f 2663/924/13395 2670/924/13396 2671/924/13397
f 2662/924/13398 2684/924/13399 2689/924/13400
f 2688/924/13401 2658/924/13402 2693/924/13403
f 2681/924/13404 2668/924/13405 2682/924/13406 2656/924/13407
f 2662/924/13408 2671/924/13409 2664/924/13410
f 2678/924/13411 2665/924/13412 2679/924/13413
f 2679/924/13414 2680/924/13415 2677/924/13416 2678/924/13414
f 2692/924/13417 2663/924/13418 2669/924/13419
f 2654/924/13420 2675/924/13421 2676/924/13422
f 2683/924/13423 2669/924/13424 2663/924/13425 2662/924/13426
f 2655/924/13427 2680/924/13428 2679/924/13429
f 2677/924/13430 2660/924/13431 2678/924/13432
f 2693/924/13433 2653/924/13434 2691/924/13435
f 2676/924/13436 2675/924/13437 2691/924/13438
f 2666/924/13439 2667/924/13440 2668/924/13441
f 2666/924/13442 2661/924/13443 2667/924/13444
f 2690/924/13445 2670/924/13446 2692/924/13447
f 2690/924/13448 2669/924/13449 2685/924/13450
f 2658/924/13451 2688/924/13452 2673/924/13453 2672/924/13454
f 2676/924/13455 2691/924/13456 2659/924/13457 2654/924/13458
f 2693/924/13459 2691/924/13460 2675/924/13461 2674/924/13462
f 2685/924/13463 2683/924/13463 2684/924/13463
f 2652/924/13464 2674/924/13465 2675/924/13466
f 2688/924/13467 2693/924/13468 2674/924/13469
f 2661/924/13470 2666/924/13471 2681/924/13472
f 2659/924/13473 2653/924/13474 2654/924/13475
f 2662/924/13476 2689/924/13477 2683/924/13478
f 2667/924/13479 2682/924/13480 2668/924/13481
f 2666/924/13482 2668/924/13483 2681/924/13484
f 2670/924/13485 2690/924/13486 2685/924/13487
f 2713/924/13488 2694/924/13489 2695/924/13490 2706/924/13491
f 2703/924/13492 2719/924/13493 2720/924/13494
f 2695/924/13495 2701/924/13495 2696/924/13495
f 2705/924/13496 2732/924/13497 2730/924/13498 2718/924/13499
f 2719/924/13500 2699/924/13501 2716/924/13502
f 2733/924/13503 2714/924/13504 2694/924/13505 2713/924/13506
f 2710/924/13507 2711/924/13508 2712/924/13509
f 2710/924/13510 2723/924/13511 2711/924/13512
f 2731/924/13513 2723/924/13514 2725/924/13515
f 2712/924/13516 2698/924/13517 2729/924/13518 2710/924/13519
f 2721/924/13520 2717/924/13521 2716/924/13522 2699/924/13523
f 2715/924/13524 2696/924/13525 2707/924/13526
f 2703/924/13527 2720/924/13528 2717/924/13529
f 2705/924/13530 2722/924/13531 2732/924/13532
f 2729/924/13533 2728/924/13534 2727/924/13535
f 2728/924/13536 2712/924/13537 2700/924/13538
f 2701/924/13539 2708/924/13540 2704/924/13541
f 2704/924/13542 2708/924/13543 2707/924/13544
f 2695/924/13545 2715/924/13546 2734/924/13547 2706/924/13548
f 2723/924/13549 2731/924/13550 2700/924/13551 2711/924/13552
f 2730/924/13553 2732/924/13554 2709/924/13555
f 2709/924/13556 2732/924/13557 2722/924/13558
f 2709/924/13559 2718/924/13560 2730/924/13561
f 2726/924/13562 2728/924/13562 2700/924/13563 2725/924/13562
f 2720/924/13564 2719/924/13565 2716/924/13565 2717/924/13566
f 2710/924/13567 2726/924/13568 2725/924/13569
f 2706/924/13570 2734/924/13571 2733/924/13572
f 2694/924/13573 2714/924/13574 2708/924/13575
f 2727/924/13576 2726/924/13577 2710/924/13578 2729/924/13579
f 2702/924/13580 2703/924/13581 2699/924/13582
f 2724/924/13583 2709/924/13584 2722/924/13585
f 2770/924/13586 2752/924/13587 2735/924/13588 2775/924/13589
f 2708/924/13590 2715/924/13591 2707/924/13592
f 2701/924/13593 2704/924/13594 2707/924/13595
f 2759/924/13596 2762/924/13597 2761/924/13598
f 37/924/13599 2738/924/13600 2748/924/13601
f 2742/924/13602 2743/924/13602 2736/924/13602
f 2742/924/13603 2775/924/13604 2735/924/13605
f 37/924/13606 2748/924/13607 2766/924/13608
f 37/924/13609 2755/924/13610 2757/924/13611
f 2743/924/13612 2753/924/13613 2754/924/13614
f 2767/924/13615 2745/924/13616 2749/924/13617
f 2746/924/13618 2750/924/13619 2751/924/13620
f 2765/924/13621 2759/924/13622 2768/924/13623
f 2737/924/13624 2747/924/13625 2763/924/13626 2736/924/13627
f 2765/924/13628 2751/924/13629 2762/924/13630
f 2758/924/13631 2749/924/13632 2744/924/13633 2741/924/13634
f 2773/924/13635 2774/924/13636 2764/924/13637 2746/924/13638
f 2745/924/13639 2767/924/13640 2740/924/13641 2739/924/13642
f 2775/924/13643 2771/924/13644 2770/924/13645
f 2754/924/13646 2753/924/13647 2747/924/13647
f 2755/924/13648 2772/924/13649 2757/924/13650
f 2748/924/13651 2772/924/13652 2756/924/13653 2766/924/13654
f 2754/924/13655 2747/924/13656 2737/924/13657 2743/924/13658
f 2738/924/13659 2757/924/13660 2772/924/13661
f 2736/924/13662 2763/924/13663 2771/924/13664 2742/924/13665
f 2767/924/13666 2749/924/13667 2740/924/13668
f 2769/924/13669 2750/924/13670 2774/924/13671
f 2769/924/13672 2774/924/13673 2761/924/13674
f 2768/924/13675 2773/924/13676 2746/924/13677 2765/924/13678
f 2761/924/13679 2773/924/13680 2759/924/13680
f 2735/924/13681 2752/924/13682 2753/924/13683
f 2755/924/13684 37/924/13685 2756/924/13686
f 2739/924/13687 2740/924/13688 2758/924/13689
f 2786/924/13690 2790/924/13691 2812/924/13692 2787/924/13693
f 2740/924/13694 2749/924/13695 2758/924/13696
f 2750/924/13697 2769/924/13698 2761/924/13699
f 2806/924/13700 2779/924/13701 2814/924/13702
f 2803/924/13703 2791/924/13704 2812/924/13705
f 2777/924/13706 2800/924/13706 2778/924/13706
f 2777/924/13707 2793/924/13708 2776/924/13709
f 2786/924/13710 2791/924/13711 2792/924/13712
f 2802/924/13713 2789/924/13714 2785/924/13715 2783/924/13716
f 2808/924/13717 2792/924/13718 2779/924/13719
f 2811/924/13720 2793/924/13721 2816/924/13722
f 2784/924/13723 2794/924/13724 2795/924/13725
f 2788/924/13726 2798/924/13727 2797/924/13728
f 2806/924/13729 2805/924/13730 2808/924/13731 2779/924/13732
f 2781/924/13733 2796/924/13734 2815/924/13735 2780/924/13736
f 2814/924/13737 2791/924/13738 2803/924/13739
f 2782/924/13740 2807/924/13741 2801/924/13742
f 2788/924/13743 2815/924/13744 2798/924/13745
f 2796/924/13746 2781/924/13747 2797/924/13748
f 2805/924/13749 2806/924/13750 2814/924/13751 2804/924/13749
f 2816/924/13752 2777/924/13753 2813/924/13754
f 2782/924/13755 2801/924/13756 2789/924/13757
f 2801/924/13758 2785/924/13759 2789/924/13760
f 2790/924/13761 2786/924/13762 2804/924/13763
f 2793/924/13764 2811/924/13765 2794/924/13766
f 2805/924/13767 2804/924/13768 2786/924/13769 2808/924/13770
f 2776/924/13771 2795/924/13772 2799/924/13773
f 2811/924/13774 2816/924/13775 2795/924/13776
f 2780/924/13777 2788/924/13778 2781/924/13779
f 2807/924/13780 2782/924/13781 2802/924/13782
f 2812/924/13783 2790/924/13784 2803/924/13785
f 2816/924/13786 2813/924/13787 2799/924/13788 2795/924/13789
f 2800/924/13790 2799/924/13791 2813/924/13792
f 2782/924/13793 2789/924/13794 2802/924/13795
f 2796/924/13796 2798/924/13797 2815/924/13798
f 2838/924/13799 2839/924/13800 2828/924/13801 2819/924/13802
f 2853/924/13803 2834/924/13804 2817/924/13805 2833/924/13806
f 2846/924/13807 2821/924/13808 2856/924/13809
f 2824/924/13810 2818/924/13811 2817/924/13811
f 2823/924/13812 2817/924/13812 2818/924/13812
f 2823/924/13813 2833/924/13814 2817/924/13815
f 2849/924/13816 2818/924/13817 2824/924/13818
f 2825/924/13819 2828/924/13820 2847/924/13821
f 2824/924/13822 2840/924/13823 2836/924/13824
f 2831/924/13825 2848/924/13826 2832/924/13827
f 2852/924/13828 2850/924/13829 2846/924/13830
f 2851/924/13831 2827/924/13832 2854/924/13833
f 2823/924/13834 2827/924/13835 2833/924/13836
f 2841/924/13837 2830/924/13838 2826/924/13839 2820/924/13840
f 2831/924/13841 2845/924/13842 2858/924/13843 2822/924/13844
f 2828/924/13845 2839/924/13846 2837/924/13847 2847/924/13848
f 2856/924/13849 2848/924/13850 2844/924/13851
f 2836/924/13852 2840/924/13853 2855/924/13854
f 2835/924/13855 2839/924/13856 2838/924/13857
f 2843/924/13858 2857/924/13859 2829/924/13860
f 2818/924/13861 2855/924/13862 2854/924/13863 2823/924/13864
f 2835/924/13865 2825/924/13866 2837/924/13867
f 2838/924/13868 2819/924/13869 2835/924/13870
f 2852/924/13871 2845/924/13872 2831/924/13873 2850/924/13874
f 2829/924/13875 2830/924/13876 2841/924/13877
f 2857/924/13878 2826/924/13879 2830/924/13880
f 2844/924/13881 2822/924/13882 2858/924/13883
f 2844/924/13884 2845/924/13885 2856/924/13886
f 2827/924/13887 2851/924/13888 2853/924/13889
f 2817/924/13890 2834/924/13891 2840/924/13892
f 2851/924/13893 2854/924/13894 2834/924/13895
f 2843/924/13896 2829/924/13897 2841/924/13898
f 2836/924/13899 2855/924/13900 2849/924/13901 2824/924/13902
f 2854/924/13903 2855/924/13904 2840/924/13905 2834/924/13906
f 2874/924/13907 2863/924/13908 2859/924/13909 2892/924/13910
f 2888/924/13911 2866/924/13912 2886/924/13913
f 27/924/13914 2861/924/13915 2860/924/13916
f 27/924/13917 2860/924/13918 2864/924/13919
f 2865/924/13920 2897/924/13921 2894/924/13922 2880/924/13923
f 2896/924/13924 2879/924/13925 2864/924/13926 2860/924/13927
f 2865/924/13928 2880/924/13929 2862/924/13930
f 2897/924/13931 2865/924/13932 2898/924/13933
f 2870/924/13934 2872/924/13935 2873/924/13936
f 2893/924/13937 2892/924/13938 2895/924/13939
f 2870/924/13940 2873/924/13941 2866/924/13942
f 2863/924/13943 2877/924/13944 2875/924/13945
f 2882/924/13946 2859/924/13947 2867/924/13948
f 2894/924/13949 2869/924/13950 2862/924/13951 2880/924/13952
f 2886/924/13953 2872/924/13954 2884/924/13955
f 2876/924/13956 2875/924/13957 2882/924/13957
f 27/924/13958 2878/924/13959 2881/924/13960 2861/924/13961
f 2878/924/13962 2896/924/13963 2881/924/13964
f 2878/924/13965 2864/924/13966 2879/924/13967
f 2897/924/13968 2898/924/13969 2869/924/13970 2894/924/13971
f 2895/924/13972 2859/924/13973 2882/924/13974
f 2876/924/13975 2882/924/13976 2867/924/13977
f 2888/924/13978 2887/924/13979 2890/924/13980 2866/924/13981
f 2884/924/13982 2872/924/13983 2871/924/13984
f 2862/924/13985 2869/924/13986 2898/924/13987
f 2870/924/13988 2885/924/13989 2871/924/13990
f 2884/924/13991 2871/924/13992 2886/924/13993
f 2876/924/13994 2867/924/13995 2891/924/13996 2883/924/13997
f 2870/924/13998 2887/924/13999 2885/924/14000
f 2877/924/14001 2874/924/14002 2893/924/14003
f 2921/924/14004 2940/924/14005 2936/924/14006 2912/924/14007
f 2863/924/14008 2875/924/14009 2876/924/14010
f 2885/924/14011 2887/924/14012 2888/924/14013
f 2861/924/14014 2881/924/14015 2896/924/14016
f 2936/924/14017 2939/924/14018 2913/924/14019 2912/924/14020
f 2900/924/14021 2906/924/14021 2901/924/14021
f 2900/924/14022 2922/924/14023 2899/924/14024
f 2938/924/14025 2901/924/14026 2906/924/14027
f 2910/924/14028 2920/924/14029 2921/924/14030
f 2934/924/14031 2918/924/14032 2908/924/14033 2904/924/14034
f 2922/924/14035 2923/924/14036 2924/924/14037
f 2900/924/14038 2914/924/14039 2922/924/14040
f 2927/924/14041 2901/924/14042 2915/924/14043
f 2916/924/14044 2931/924/14045 2930/924/14046
f 2911/924/14047 2919/924/14048 2905/924/14049 2920/924/14050
f 2919/924/14051 2911/924/14052 2935/924/14053
f 2906/924/14054 2925/924/14055 2926/924/14056
f 2929/924/14057 2931/924/14058 2932/924/14059
f 2902/924/14060 2932/924/14061 2931/924/14062
f 2932/924/14063 2903/924/14064 2929/924/14065
f 2928/924/14066 2900/924/14067 2927/924/14068
f 2926/924/14069 2925/924/14070 2915/924/14071
f 2917/924/14072 2933/924/14073 2918/924/14074
f 2953/924/14075 2970/924/14076 2954/924/14077 2975/924/14078
f 2904/924/14079 2917/924/14080 2934/924/14081
f 2905/924/14082 2919/924/14083 2940/924/14084
f 2919/924/14085 2935/924/14086 2940/924/14087
f 2923/924/14088 2914/924/14089 2928/924/14090
f 2938/924/14091 2926/924/14092 2915/924/14093
f 2899/924/14094 2924/924/14095 2925/924/14096
f 2908/924/14097 2937/924/14098 2904/924/14099
f 2928/924/14100 2927/924/14101 2924/924/14102
f 2913/924/14103 2939/924/14104 2935/924/14105
f 2929/924/14106 2907/924/14107 2930/924/14108
f 2933/924/14109 2908/924/14110 2918/924/14111
f 2923/924/14112 2928/924/14113 2924/924/14114
f 2917/924/14115 2909/924/14116 2933/924/14117
f 2917/924/14118 2918/924/14119 2934/924/14120
f 2920/924/14121 2905/924/14122 2940/924/14123
f 2957/924/14124 2949/924/14125 2941/924/14126
f 2944/924/14127 2946/924/14128 2945/924/14129
f 2965/924/14130 2942/924/14131 2941/924/14132
f 2953/924/14133 2955/924/14134 2956/924/14135
f 2974/924/14136 2972/924/14137 2976/924/14138
f 2974/924/14139 2956/924/14140 2951/924/14141
f 2949/924/14142 2959/924/14143 2958/924/14144
f 2977/924/14145 2942/924/14146 2978/924/14147
f 2964/924/14148 2979/924/14149 2965/924/14150 2941/924/14151
f 2971/924/14152 2955/924/14153 2969/924/14154
f 2944/924/14155 2960/924/14156 2963/924/14157 2943/924/14158
f 2979/924/14159 2964/924/14160 2978/924/14161
f 2960/924/14162 2961/924/14163 2963/924/14164
f 2962/924/14165 2945/924/14166 2961/924/14167
f 2943/924/14168 2963/924/14169 2961/924/14170
f 2960/924/14171 2945/924/14172 2962/924/14173
f 2957/924/14174 2977/924/14175 2980/924/14176 2950/924/14177
f 2968/924/14178 2966/924/14179 2952/924/14180 2973/924/14181
f 2958/924/14182 2977/924/14183 2964/924/14184
f 2941/924/14185 2958/924/14186 2964/924/14187
f 2952/924/14188 2966/924/14189 2967/924/14190
f 2977/924/14191 2958/924/14192 2959/924/14193 2980/924/14194
f 2948/924/14195 2967/924/14196 2981/924/14197
f 2969/924/14198 2955/924/14199 2954/924/14200
f 2948/924/14201 2952/924/14202 2967/924/14203
f 2954/924/14204 2970/924/14205 2971/924/14206
f 2972/924/14207 2956/924/14208 2971/924/14209
f 2949/924/14210 2980/924/14211 2959/924/14212
f 2950/924/14213 2949/924/14214 2957/924/14215
f 2947/924/14216 2973/924/14217 2948/924/14218
f 2976/924/14219 2970/924/14220 2953/924/14221 2974/924/14222
f 2947/924/14223 2981/924/14224 2966/924/14225 2968/924/14226
f 2989/924/14227 3008/924/14228 2988/924/14229 2985/924/14230
f 2965/924/14231 2979/924/14232 2978/924/14233
f 2983/924/14234 2991/924/14234 2984/924/14234
f 2989/924/14235 2997/924/14236 3011/924/14237
f 2991/924/14238 3005/924/14239 3006/924/14240
f 3009/924/14241 2986/924/14242 3016/924/14243
f 3019/924/14244 3016/924/14245 3000/924/14246
f 3016/924/14247 2986/924/14248 2998/924/14249
f 3001/924/14250 3002/924/14251 3003/924/14252
f 3001/924/14253 3015/924/14254 3002/924/14255
f 3020/924/14256 3015/924/14257 3012/924/14258
f 3023/924/14259 3017/924/14260 3014/924/14261
f 2993/924/14262 3007/924/14263 3004/924/14264
f 3022/924/14265 2984/924/14266 2996/924/14267
f 3013/924/14268 3002/924/14269 2990/924/14270
f 3019/924/14271 3000/924/14272 2999/924/14273 2995/924/14274
f 3006/924/14275 3005/924/14276 2996/924/14277
f 2982/924/14278 3004/924/14279 3005/924/14280
f 3015/924/14281 3020/924/14282 2990/924/14283 3002/924/14284
f 2999/924/14285 3009/924/14286 2995/924/14287
f 2995/924/14288 3009/924/14289 3019/924/14290
f 3003/924/14291 3013/924/14292 3014/924/14293 2987/924/14294
f 3000/924/14295 2986/924/14296 2999/924/14297
f 3012/924/14298 3001/924/14299 3023/924/14300
f 2990/924/14301 3012/924/14302 3013/924/14303
f 3060/924/14304 3048/924/14305 3027/924/14306 3028/924/14307
f 2992/924/14308 3021/924/14309 3007/924/14310
f 3021/924/14311 2983/924/14312 3022/924/14313
f 3008/924/14314 3010/924/14315 3018/924/14316
f 2997/924/14317 3018/924/14318 3010/924/14319
f 3007/924/14320 3021/924/14321 3004/924/14322
f 3008/924/14323 3011/924/14324 3010/924/14325
f 2991/924/14326 3006/924/14327 2996/924/14328
f 2985/924/14329 2988/924/14330 3018/924/14331
f 3008/924/14332 3018/924/14333 2988/924/14334
f 3025/924/14335 3024/924/14335 3031/924/14336 3026/924/14337
f 3032/924/14338 3028/924/14339 3037/924/14340
f 3062/924/14341 3045/924/14342 3024/924/14343 3044/924/14344
f 3058/924/14345 3049/924/14346 3061/924/14347
f 3033/924/14348 3029/924/14349 3038/924/14350
f 3040/924/14351 3042/924/14352 3043/924/14353
f 3055/924/14354 3052/924/14355 3056/924/14356
f 3057/924/14357 3035/924/14358 3059/924/14359
f 3040/924/14360 3051/924/14361 3041/924/14362 3054/924/14363
f 3037/924/14364 3048/924/14365 3053/924/14366
f 3038/924/14367 3050/924/14368 3061/924/14369
f 3032/924/14370 3047/924/14371 3060/924/14372 3028/924/14373
f 3052/924/14374 3043/924/14375 3030/924/14376
f 3039/924/14377 3029/924/14378 3058/924/14379
f 3047/924/14380 3048/924/14381 3060/924/14382
f 3047/924/14383 3037/924/14384 3053/924/14385
f 3057/924/14386 3062/924/14387 3044/924/14388 3035/924/14389
f 3059/924/14390 3025/924/14391 3036/924/14392
f 3046/924/14393 3045/924/14394 3036/924/14395
f 3024/924/14396 3045/924/14397 3046/924/14398
f 3058/924/14399 3061/924/14400 3039/924/14401
f 3030/924/14402 3042/924/14403 3041/924/14404
f 3030/924/14405 3051/924/14406 3052/924/14407
f 3041/924/14408 3051/924/14409 3030/924/14410
f 3056/924/14411 3051/924/14412 3040/924/14413 3055/924/14414
f 3062/924/14415 3059/924/14416 3045/924/14417
f 3029/924/14418 3039/924/14419 3050/924/14420
f 3046/924/14421 3036/924/14422 3026/924/14423 3031/924/14424
f 3070/924/14425 3065/924/14425 3064/924/14425 3063/924/14425
f 3039/924/14426 3061/924/14427 3050/924/14428
f 3074/924/14429 3085/924/14430 3086/924/14431
f 3081/924/14432 3079/924/14433 3063/924/14434 3095/924/14435
f 3067/924/14436 3074/924/14437 3096/924/14438
f 3072/924/14439 3068/924/14440 3075/924/14441
f 3072/924/14442 3084/924/14443 3068/924/14444
f 3099/924/14445 3072/924/14446 3076/924/14447
f 3098/924/14448 3091/924/14449 3100/924/14450
f 3064/924/14451 3078/924/14452 3063/924/14453
f 3092/924/14454 3101/924/14455 3097/924/14456 3089/924/14457
f 3094/924/14458 3065/924/14459 3073/924/14460
f 3074/924/14461 3086/924/14462 3083/924/14463
f 3087/924/14464 3099/924/14465 3076/924/14466
f 3067/924/14467 3082/924/14468 3085/924/14469 3071/924/14470
f 3088/924/14471 3077/924/14472 3090/924/14473
f 3078/924/14474 3093/924/14475 3081/924/14476
f 3082/924/14477 3067/924/14478 3083/924/14479
f 3092/924/14480 3088/924/14481 3090/924/14481 3101/924/14482
f 3080/924/14483 3094/924/14484 3073/924/14485
f 3102/924/14486 3087/924/14487 3076/924/14488
f 3102/924/14489 3084/924/14490 3087/924/14491
f 3090/924/14492 3069/924/14493 3101/924/14494
f 3077/924/14495 3088/924/14496 3091/924/14497 3066/924/14498
f 3086/924/14499 3085/924/14500 3082/924/14501 3083/924/14502
f 3093/924/14503 3064/924/14504 3094/924/14505
f 3063/924/14506 3079/924/14507 3080/924/14508
f 3102/924/14509 3076/924/14510 3075/924/14511 3068/924/14512
f 3071/924/14513 3074/924/14514 3067/924/14515
f 3100/924/14516 3092/924/14517 3089/924/14518 3098/924/14519
f 3081/924/14520 3093/924/14521 3079/924/14522
f 3132/924/14523 3120/924/14524 3140/924/14525 3119/924/14526
f 3087/924/14527 3072/924/14528 3099/924/14529
f 3070/924/14530 3080/924/14531 3073/924/14532
f 3113/924/14533 3105/924/14534 3129/924/14535
f 3106/924/14536 3110/924/14537 3117/924/14538
f 3136/924/14539 3116/924/14540 3137/924/14541
f 3111/924/14542 3130/924/14542 3104/924/14542
f 3111/924/14543 3123/924/14544 3103/924/14545
f 3142/924/14546 3104/924/14547 3126/924/14548
f 3119/924/14549 3121/924/14550 3122/924/14551
f 3112/924/14552 3124/924/14553 3125/924/14554
f 3139/924/14555 3104/924/14556 3142/924/14557
f 3113/924/14558 3129/924/14559 3128/924/14560
f 3106/924/14561 3117/924/14562 3118/924/14563
f 3133/924/14564 3137/924/14565 3122/924/14566 3121/924/14567
f 3107/924/14568 3127/924/14569 3105/924/14570 3108/924/14571
f 3110/924/14572 3109/924/14573 3115/924/14574
f 3125/924/14575 3126/924/14576 3130/924/14577 3103/924/14578
f 3160/924/14579 3171/924/14580 3161/924/14581 3178/924/14582
f 3115/924/14583 3114/924/14584 3118/924/14585
f 3133/924/14586 3121/924/14587 3120/924/14588
f 3133/924/14589 3132/924/14590 3137/924/14591
f 3120/924/14592 3132/924/14593 3133/924/14594
f 3116/924/14595 3136/924/14596 3134/924/14597
f 3124/924/14598 3123/924/14599 3138/924/14600
f 3138/924/14601 3111/924/14602 3139/924/14603
f 3137/924/14604 3132/924/14605 3136/924/14605
f 3127/924/14606 3107/924/14607 3128/924/14608
f 3135/924/14609 3134/924/14610 3132/924/14611
f 3132/924/14612 3134/924/14613 3136/924/14614
f 3126/924/14615 3139/924/14616 3142/924/14617
f 3115/924/14618 3118/924/14619 3110/924/14620
f 3110/924/14621 3118/924/14622 3117/924/14623
f 3127/924/14624 3129/924/14625 3105/924/14626
f 3155/924/14627 3182/924/14628 3168/924/14629
f 3173/924/14630 3179/924/14631 3161/924/14632
f 3151/924/14633 3144/924/14634 3143/924/14634
f 3144/924/14635 3163/924/14636 3143/924/14637
f 3160/924/14638 3179/924/14639 3162/924/14640
f 3149/924/14641 3181/924/14642 3164/924/14643
f 3167/924/14644 3155/924/14645 3168/924/14646
f 3179/924/14647 3173/924/14648 3172/924/14649 3162/924/14650
f 3144/924/14651 3177/924/14652 3176/924/14653 3163/924/14654
f 3159/924/14655 3170/924/14656 3157/924/14657
f 3166/924/14658 3168/924/14659 3182/924/14660
f 3182/924/14661 3147/924/14662 3166/924/14663
f 3170/924/14664 3159/924/14665 3156/924/14666 3145/924/14667
f 3152/924/14668 3156/924/14669 3158/924/14670
f 3150/924/14671 3167/924/14672 3166/924/14673 3147/924/14674
f 3173/924/14675 3171/924/14676 3172/924/14677
f 3161/924/14678 3171/924/14679 3173/924/14679
f 3146/924/14680 3162/924/14681 3172/924/14682
f 3163/924/14683 3176/924/14684 3181/924/14685
f 3143/924/14686 3164/924/14687 3165/924/14688
f 3180/924/14689 3154/924/14690 3177/924/14691 3144/924/14692
f 3176/924/14693 3177/924/14694 3164/924/14695
f 3175/924/14696 3174/924/14697 3171/924/14698
f 3153/924/14699 3146/924/14700 3174/924/14701
f 3157/924/14702 3152/924/14703 3158/924/14704
f 3181/924/14705 3176/924/14706 3164/924/14707
f 3151/924/14708 3165/924/14709 3154/924/14710
f 3184/924/14711 6/924/14711 3187/924/14712 3219/924/14713
f 3159/924/14714 3158/924/14715 3156/924/14716
f 3193/924/14717 3205/924/14718 3206/924/14719
f 3208/924/14720 3194/924/14721 3190/924/14722 3185/924/14723
f 3188/924/14724 3199/924/14725 3183/924/14726
f 3186/924/14727 3193/924/14728 3207/924/14729
f 3202/924/14730 3207/924/14731 3206/924/14732
f 3188/924/14733 3183/924/14733 3184/924/14733
f 3220/924/14734 3204/924/14735 3194/924/14736
f 3190/924/14737 3204/924/14738 3216/924/14739
f 3195/924/14740 3197/924/14741 3198/924/14742
f 3199/924/14743 3221/924/14744 3200/924/14745
f 3188/924/14746 3215/924/14747 3214/924/14748 3212/924/14749
f 3191/924/14750 3213/924/14751 3211/924/14752
f 3198/924/14753 3209/924/14754 3213/924/14755
f 3215/924/14756 3184/924/14757 3192/924/14758
f 3189/924/14759 3203/924/14760 3205/924/14761
f 3200/924/14762 3201/924/14763 6/924/14764 3183/924/14765
f 3212/924/14766 3214/924/14767 3221/924/14768 3199/924/14769
f 3222/924/14770 3204/924/14771 3220/924/14772
f 3209/924/14773 3197/924/14774 3196/924/14775
f 3185/924/14776 3222/924/14777 3208/924/14778
f 3209/924/14779 3210/924/14780 3213/924/14781
f 3196/924/14782 3195/924/14783 3210/924/14784
f 3195/924/14785 3211/924/14786 3210/924/14787
f 3207/924/14788 3202/924/14789 3203/924/14790 3186/924/14791
f 3210/924/14792 3211/924/14793 3213/924/14794
f 3203/924/14795 3206/924/14796 3205/924/14797
f 3202/924/14798 3206/924/14799 3203/924/14800
f 3189/924/14801 3193/924/14802 3186/924/14803
f 3248/924/14804 3235/924/14805 3230/924/14806 3227/924/14807
f 3201/924/14808 3215/924/14809 3192/924/14810
f 3187/924/14811 3201/924/14812 3192/924/14813
f 3222/924/14814 3194/924/14815 3208/924/14816
f 3238/924/14817 3226/924/14818 3247/924/14819
f 3260/924/14820 3246/924/14821 3235/924/14822
f 3251/924/14823 3236/924/14824 3231/924/14825
f 3255/924/14826 3231/924/14827 3228/924/14828
f 3224/924/14829 3241/924/14830 3223/924/14831
f 3258/924/14832 3241/924/14833 3254/924/14834
f 3232/924/14835 3243/924/14836 3242/924/14837
f 3251/924/14838 3231/924/14839 3255/924/14840
f 3245/924/14841 3238/924/14842 3247/924/14843
f 3249/924/14844 3240/924/14845 3236/924/14846 3251/924/14847
f 3246/924/14848 3260/924/14849 3239/924/14850 3229/924/14851
f 3234/924/14852 3244/924/14853 3226/924/14854 4/924/14855
f 3244/924/14856 3247/924/14857 3226/924/14858
f 3231/924/14859 3250/924/14860 3253/924/14861 3228/924/14862
f 3254/924/14863 3224/924/14864 3259/924/14865
f 3227/924/14866 3239/924/14867 3248/924/14868
f 3261/924/14869 3249/924/14870 3250/924/14870
f 3252/924/14871 3249/924/14872 3251/924/14873 3255/924/14874
f 3241/924/14875 3258/924/14876 3243/924/14877
f 3223/924/14878 3242/924/14879 3237/924/14880
f 3250/924/14881 3252/924/14882 3253/924/14883
f 3258/924/14884 3254/924/14885 3243/924/14886
f 3230/924/14887 3229/924/14888 3227/924/14889
f 3261/924/14890 3236/924/14891 3240/924/14892
f 3243/924/14893 3254/924/14894 3242/924/14895
f 3256/924/14896 3245/924/14897 3244/924/14898 3234/924/14899
f 3228/924/14900 3253/924/14901 3252/924/14902
f 3254/924/14903 3259/924/14904 3237/924/14905 3242/924/14906
f 3233/924/14907 3237/924/14908 3259/924/14909
f 3260/924/14910 3235/924/14911 3239/924/14912
f 3239/924/14913 3235/924/14914 3248/924/14915
f 3257/924/14916 3261/924/14917 3250/924/14918
f 3276/924/14919 3262/924/14920 3264/924/14921 3296/924/14922
f 3265/924/14923 3264/924/14924 3263/924/14925
f 3293/924/14926 3275/924/14927 3291/924/14928
f 3271/924/14929 3277/924/14930 3272/924/14931
f 3285/924/14932 3272/924/14933 3288/924/14934
f 3268/924/14935 3280/924/14936 3279/924/14937 3289/924/14938
f 3264/924/14939 3262/924/14940 3263/924/14941
f 3300/924/14942 3286/924/14943 3279/924/14944
f 3286/924/14945 3300/924/14946 3278/924/14947 3267/924/14948
f 3273/924/14949 3297/924/14950 3269/924/14951
f 3274/924/14952 3293/924/14953 3292/924/14954
f 3298/924/14955 3296/924/14956 3294/924/14957
f 3276/924/14958 3295/924/14959 3282/924/14960
f 3274/924/14961 3270/924/14962 3275/924/14963
f 3291/924/14964 3269/924/14965 3301/924/14966
f 3285/924/14967 3288/924/14968 3284/924/14969
f 3287/924/14970 3288/924/14971 3277/924/14972 3266/924/14973
f 3284/924/14974 3288/924/14975 3287/924/14976
f 3290/924/14977 3281/924/14978 3273/924/14979 3270/924/14980
f 3266/924/14981 3284/924/14982 3287/924/14983
f 3294/924/14984 3264/924/14985 3299/924/14986
f 3283/924/14987 3282/924/14988 3299/924/14989
f 3300/924/14990 3279/924/14991 3278/924/14992
f 3278/924/14993 3279/924/14994 3280/924/14994
f 3301/924/14995 3297/924/14996 3281/924/14997
f 3268/924/14998 3278/924/14999 3280/924/15000
f 3292/924/15001 3290/924/15002 3270/924/15003 3274/924/15004
f 3301/924/15005 3281/924/15006 3291/924/15007
f 3282/924/15008 3283/924/15009 3263/924/15010 3262/924/15011
f 3276/924/15012 3298/924/15013 3295/924/15014
f 3299/924/15015 3265/924/15016 3283/924/15017
f 3272/924/15018 3285/924/15019 3284/924/15020 3271/924/15021
f 3298/924/15022 3294/924/15023 3282/924/15024
f 3321/924/15025 3323/924/15026 3303/924/15027 3307/924/15028
f 3289/924/15029 3267/924/15030 3268/924/15031
f 3282/924/15032 3294/924/15033 3299/924/15034
f 3335/924/15035 3311/924/15036 247/924/15037
f 3312/924/15038 3323/924/15039 3324/924/15040
f 3341/924/15041 3318/924/15042 3306/924/15043 3309/924/15044
f 3308/924/15045 3327/924/15046 3304/924/15047
f 3311/924/15048 3306/924/15049 247/924/15050
f 3307/924/15051 3312/924/15052 3333/924/15053
f 3322/924/15054 3333/924/15055 3324/924/15056
f 3315/924/15057 3334/924/15058 3317/924/15059
f 3331/924/15060 3337/924/15061 3332/924/15062
f 3338/924/15063 3310/924/15064 3339/924/15065
f 3315/924/15066 3317/924/15067 3302/924/15068
f 3334/924/15069 3330/924/15070 3329/924/15071 3317/924/15072
f 3319/924/15073 3320/924/15074 3325/924/15075 247/924/15076
f 3328/924/15077 3329/924/15078 3330/924/15079 3316/924/15077
f 3321/924/15080 3307/924/15081 3322/924/15082
f 3339/924/15083 3311/924/15084 3340/924/15085
f 3320/924/15086 3319/924/15087 3340/924/15088
f 3326/924/15089 3327/924/15090 3313/924/15091
f 3308/924/15092 3342/924/15093 3314/924/15094
f 3330/924/15095 3305/924/15096 3316/924/15097
f 3317/924/15098 3329/924/15099 3332/924/15100 3302/924/15101
f 3316/924/15102 3315/924/15103 3328/924/15104
f 3315/924/15105 3331/924/15106 3328/924/15107
f 3338/924/15108 3341/924/15109 3309/924/15110 3310/924/15111
f 3318/924/15112 3319/924/15113 247/924/15114 3306/924/15115
f 3335/924/15116 3320/924/15117 3340/924/15118
f 3314/924/15119 3342/924/15120 3326/924/15121 3313/924/15122
f 3321/924/15123 3324/924/15124 3323/924/15125
f 3341/924/15126 3339/924/15127 3318/924/15128
f 3342/924/15129 3327/924/15130 3326/924/15131
f 3313/924/15132 3308/924/15133 3314/924/15134
f 3339/924/15135 3340/924/15136 3319/924/15137 3318/924/15138
f 3364/924/15139 3373/924/15140 3375/924/15141 3376/924/15142
f 3383/924/15143 3360/924/15144 3347/924/15145 3356/924/15146
f 3352/924/15147 3344/924/15148 3351/924/15148
f 3381/924/15149 3359/924/15150 3371/924/15151
f 3381/924/15152 3354/924/15153 3370/924/15154
f 3383/924/15155 3356/924/15156 3361/924/15157
f 3361/924/15158 3355/924/15159 3362/924/15160
f 3357/924/15161 3382/924/15162 3364/924/15163
f 3380/924/15164 3375/924/15165 3374/924/15166
f 3377/924/15167 3365/924/15168 3378/924/15169
f 3353/924/15170 3379/924/15171 3366/924/15172
f 3359/924/15173 3384/924/15174 3369/924/15175
f 3378/924/15176 3344/924/15177 3358/924/15178
f 3351/924/15179 3367/924/15180 3368/924/15181
f 3354/924/15182 3369/924/15183 3370/924/15184
f 3346/924/15185 3370/924/15186 3384/924/15187
f 3354/924/15188 3371/924/15189 3369/924/15190
f 3368/924/15191 3367/924/15192 3358/924/15193
f 3383/924/15194 3361/924/15195 3360/924/15196
f 3360/924/15197 3361/924/15198 3362/924/15198
f 3366/924/15199 3367/924/15200 3351/924/15201 3343/924/15202
f 3350/924/15203 3349/924/15204 3363/924/15205
f 3362/924/15206 3347/924/15207 3360/924/15208
f 3350/924/15209 3363/924/15210 3373/924/15211
f 3363/924/15212 3372/924/15213 3373/924/15214
f 3363/924/15215 3357/924/15216 3372/924/15217
f 3357/924/15218 3374/924/15219 3372/924/15220
f 3365/924/15221 3377/924/15222 3379/924/15223
f 3345/924/15224 3368/924/15225 3358/924/15226
f 3411/924/15227 3390/924/15228 3395/924/15229 3409/924/15230
f 3380/924/15231 3364/924/15232 3376/924/15233
f 3377/924/15234 3378/924/15235 3366/924/15236
f 3367/924/15237 3378/924/15238 3358/924/15239
f 3382/924/15240 3350/924/15241 3373/924/15242
f 3413/924/15243 3415/924/15244 3422/924/15245
f 3392/924/15246 3405/924/15247 3416/924/15248 3414/924/15249
f 3391/924/15250 3400/924/15251 3401/924/15252
f 3420/924/15253 3419/924/15254 3413/924/15255
f 3393/924/15256 3423/924/15257 3402/924/15258
f 3405/924/15259 3392/924/15260 3421/924/15261
f 3396/924/15262 3387/924/15263 3407/924/15264
f 3390/924/15265 3408/924/15266 3398/924/15267
f 3422/924/15268 3400/924/15269 3425/924/15270
f 3385/924/15271 3403/924/15272 3404/924/15273
f 3406/924/15274 3388/924/15275 3407/924/15276
f 3424/924/15277 3388/924/15278 3406/924/15279
f 3409/924/15280 3397/924/15281 3389/924/15282 3411/924/15283
f 3389/924/15284 3397/924/15285 3398/924/15286
f 3389/924/15287 3398/924/15288 3408/924/15289
f 3410/924/15290 3399/924/15291 3425/924/15292 3400/924/15293
f 3414/924/15294 3416/924/15295 3423/924/15296 3426/924/15297
f 3399/924/15298 3391/924/15299 3412/924/15300
f 3425/924/15301 3399/924/15302 3422/924/15303
f 3402/924/15304 3403/924/15305 3385/924/15306 3393/924/15307
f 3417/924/15308 3404/924/15309 3421/924/15310
f 3420/924/15311 3412/924/15312 3391/924/15313 3419/924/15314
f 3404/924/15315 3403/924/15316 3421/924/15317
f 3411/924/15318 3389/924/15319 3408/924/15320
f 3417/924/15321 3392/924/15322 3385/924/15323
f 3453/924/15324 3454/924/15325 3443/924/15326 3430/924/15327
f 3397/924/15328 3395/924/15329 3398/924/15330
f 3403/924/15331 3405/924/15332 3421/924/15333
f 3386/924/15334 3424/924/15335 3387/924/15336
f 3449/924/15337 3450/924/15338 3457/924/15339 3436/924/15340
f 3462/924/15341 3434/924/15342 3446/924/15343
f 3428/924/15344 3442/924/15345 3427/924/15345
f 3437/924/15346 3443/924/15347 3455/924/15348
f 3452/924/15349 3455/924/15350 3454/924/15351
f 3429/924/15352 3428/924/15353 3436/924/15354
f 3439/924/15355 3445/924/15356 3467/924/15357 3438/924/15358
f 3439/924/15359 3433/924/15360 3431/924/15361
f 3429/924/15362 3469/924/15363 3456/924/15364 3428/924/15365
f 3440/924/15366 3461/924/15367 3435/924/15367
f 3461/924/15368 3434/924/15369 3435/924/15368
f 3440/924/15370 3464/924/15371 3463/924/15372
f 3465/924/15373 3468/924/15374 3466/924/15375
f 3442/924/15376 3447/924/15377 3448/924/15378
f 3440/924/15379 3435/924/15380 3432/924/15381
f 3434/924/15382 3462/924/15383 3460/924/15384 3435/924/15385
f 3461/924/15386 3459/924/15387 3446/924/15388
f 3438/924/15389 3467/924/15390 3444/924/15391 3433/924/15392
f 3450/924/15393 3449/924/15394 3469/924/15394
f 3452/924/15395 3454/924/15396 3451/924/15397
f 3453/924/15398 3437/924/15399 3451/924/15400
f 3466/924/15401 3428/924/15402 3456/924/15403
f 3449/924/15404 3448/924/15405 3456/924/15406
f 3467/924/15407 3445/924/15408 3444/924/15409
f 3444/924/15410 3445/924/15411 3458/924/15411
f 3444/924/15412 3458/924/15413 3431/924/15414 3433/924/15415
f 3439/924/15416 3458/924/15417 3445/924/15418
f 3435/924/15419 3460/924/15420 3464/924/15421 3432/924/15422
f 3462/924/15423 3459/924/15424 3460/924/15425
f 3446/924/15426 3459/924/15427 3462/924/15428
f 3448/924/15429 3449/924/15430 3436/924/15431 3427/924/15432
f 3442/924/15433 3465/924/15434 3447/924/15435
f 3429/924/15436 3450/924/15437 3469/924/15438
f 3455/924/15439 3452/924/15440 3451/924/15441 3437/924/15442
f 3451/924/15443 3454/924/15444 3453/924/15445
f 3466/924/15446 3448/924/15447 3447/924/15448 3465/924/15449
f 3440/924/15450 3463/924/15451 3459/924/15452
f 3477/924/15453 3503/924/15454 3505/924/15455 3506/924/15456
f 3483/924/15457 3490/924/15458 3509/924/15459 3484/924/15460
f 3483/924/15461 3499/924/15462 3473/924/15463
f 3476/924/15464 3492/924/15465 3501/924/15466
f 3486/924/15467 3476/924/15468 3477/924/15469
f 3471/924/15470 3470/924/15470 3480/924/15470
f 3508/924/15471 3482/924/15472 3481/924/15473
f 3471/924/15474 3480/924/15475 3472/924/15476
f 3494/924/15477 3495/924/15478 3480/924/15479 3470/924/15480
f 3490/924/15481 3483/924/15482 3491/924/15483
f 3487/924/15484 3505/924/15485 3504/924/15486
f 3479/924/15487 3493/924/15488 3494/924/15489
f 3487/924/15490 3485/924/15491 3477/924/15492
f 3496/924/15493 3472/924/15494 3488/924/15495
f 3482/924/15496 3500/924/15497 3497/924/15498
f 3492/924/15499 3486/924/15500 3502/924/15501
f 3477/924/15502 3501/924/15503 3503/924/15504
f 3493/924/15505 3478/924/15506 3507/924/15507
f 3498/924/15508 3481/924/15509 3497/924/15510
f 3475/924/15511 3474/924/15512 3498/924/15513
f 3495/924/15514 3496/924/15515 3488/924/15516
f 3484/924/15517 3509/924/15518 3489/924/15519 3499/924/15520
f 3509/924/15521 3490/924/15522 3489/924/15523
f 3489/924/15524 3490/924/15525 3491/924/15525
f 3475/924/15526 3500/924/15527 3482/924/15528 3474/924/15529
f 3501/924/15530 3502/924/15531 3503/924/15532
f 3472/924/15533 3495/924/15534 3488/924/15535
f 3507/924/15536 3471/924/15537 3496/924/15538
f 3487/924/15539 3477/924/15540 3506/924/15541
f 3474/924/15542 3482/924/15543 3508/924/15544
f 3507/924/15545 3496/924/15546 3494/924/15547
f 3499/924/15548 3489/924/15549 3491/924/15550
f 3487/924/15551 3504/924/15552 3502/924/15553
f 3530/924/15554 3520/924/15555 3510/924/15556 3524/924/15557
f 3498/924/15558 3500/924/15559 3475/924/15560
f 3535/924/15561 3538/924/15562 3537/924/15563
f 3543/924/15564 3545/924/15565 3542/924/15566 3523/924/15567
f 3534/924/15568 3548/924/15569 3512/924/15570 3513/924/15571
f 3530/924/15572 3531/924/15573 3532/924/15574
f 3542/924/15575 3518/924/15576 3523/924/15577
f 3540/924/15578 3529/924/15579 3517/924/15580
f 3547/924/15581 3510/924/15582 3525/924/15583
f 3535/924/15584 3537/924/15585 3534/924/15586
f 3512/924/15587 3548/924/15588 3537/924/15589
f 3522/924/15590 3527/924/15591 3514/924/15592 3536/924/15593
f 3533/924/15594 3532/924/15595 3547/924/15596
f 3519/924/15597 3532/924/15598 3533/924/15599
f 3514/924/15600 3527/924/15601 3539/924/15602
f 3518/924/15603 3541/924/15604 3528/924/15605 3544/924/15606
f 3521/924/15607 3539/924/15608 3549/924/15609
f 3517/924/15610 3516/924/15611 3528/924/15612
f 3528/924/15613 3541/924/15614 3540/924/15615
f 3529/924/15616 3540/924/15617 3543/924/15618 3523/924/15619
f 3538/924/15620 3535/924/15621 3534/924/15622 3513/924/15623
f 3531/924/15624 3530/924/15625 3546/924/15626
f 3546/924/15627 3510/924/15628 3547/924/15629
f 3540/924/15630 3541/924/15631 3543/924/15632
f 3531/924/15633 3546/924/15634 3532/924/15635
f 3514/924/15636 3539/924/15637 3515/924/15638 3536/924/15639
f 3521/924/15640 3549/924/15641 3527/924/15642 3522/924/15643
f 3533/924/15644 3547/924/15645 3525/924/15646
f 3521/924/15647 3536/924/15648 3515/924/15649
f 3542/924/15650 3545/924/15651 3541/924/15652
f 3561/924/15653 3566/924/15654 3588/924/15655 3580/924/15656
f 3519/924/15657 3533/924/15658 3525/924/15659
f 3534/924/15660 3537/924/15661 3548/924/15662
f 3544/924/15663 3516/924/15664 3518/924/15665
f 3584/924/15666 3563/924/15667 3589/924/15668
f 3558/924/15669 3550/924/15670 222/924/15671
f 3550/924/15672 3570/924/15673 3556/924/15674
f 3571/924/15675 3572/924/15676 3556/924/15677 3557/924/15678
f 3561/924/15679 3580/924/15680 3587/924/15681
f 3567/924/15682 3555/924/15683 3569/924/15684
f 3583/924/15685 3570/924/15686 3585/924/15687
f 3562/924/15688 3569/924/15689 3563/924/15690
f 3574/924/15691 3577/924/15692 3552/924/15693 3560/924/15694
f 3578/924/15695 3550/924/15696 3564/924/15697
f 3551/924/15698 3576/924/15699 3575/924/15700
f 3573/924/15701 3572/924/15702 3578/924/15702
f 3574/924/15703 3576/924/15704 3577/924/15705
f 3552/924/15706 3577/924/15707 3576/924/15708
f 3574/924/15709 3559/924/15710 3575/924/15711
f 3573/924/15712 3564/924/15713 3586/924/15714 3558/924/15715
f 3585/924/15716 3550/924/15717 3578/924/15718
f 3585/924/15719 3572/924/15720 3571/924/15721 3583/924/15722
f 3588/924/15723 3566/924/15724 3565/924/15725
f 3565/924/15726 3566/924/15727 3579/924/15728
f 3565/924/15729 3580/924/15730 3588/924/15731
f 3561/924/15732 3579/924/15733 3566/924/15734
f 3554/924/15735 3555/924/15736 3568/924/15737
f 3553/924/15738 3565/924/15739 3579/924/15740
f 3567/924/15741 3581/924/15742 3568/924/15743
f 3562/924/15744 3584/924/15745 3590/924/15746
f 3570/924/15747 3583/924/15748 3571/924/15749
f 3556/924/15750 3572/924/15751 3573/924/15752
f 3554/924/15753 3568/924/15754 3589/924/15755
f 3562/924/15756 3590/924/15757 3581/924/15758
f 3619/924/15759 3597/924/15760 3604/924/15761 3617/924/15762
f 3555/924/15763 3554/924/15764 3589/924/15765
f 3626/924/15766 3599/924/15767 3623/924/15768
f 3595/924/15769 3594/924/15770 215/924/15769
f 3598/924/15771 3631/924/15772 3620/924/15773
f 3600/924/15774 3609/924/15775 3591/924/15776
f 3601/924/15777 3592/924/15778 3603/924/15779
f 3614/924/15780 3602/924/15781 3615/924/15782
f 3601/924/15783 3593/924/15784 3592/924/15785
f 3600/924/15786 3592/924/15787 3593/924/15788
f 3603/924/15789 3611/924/15790 3612/924/15791
f 3630/924/15792 3610/924/15793 3591/924/15794 3609/924/15795
f 3608/924/15796 3598/924/15797 3599/924/15798
f 3631/924/15799 3624/924/15800 3621/924/15801
f 3616/924/15802 3615/924/15803 3594/924/15804 3595/924/15805
f 3627/924/15806 3593/924/15807 3606/924/15808
f 3597/924/15809 3618/924/15810 3607/924/15811
f 3599/924/15812 3626/924/15813 3625/924/15814
f 3623/924/15815 3598/924/15816 3620/924/15817
f 3614/924/15818 3615/924/15819 3613/924/15820
f 3619/924/15821 3605/924/15822 3596/924/15823
f 3613/924/15824 3615/924/15825 3616/924/15826
f 215/924/15827 3613/924/15828 3616/924/15829 3595/924/15830
f 3629/924/15831 3630/924/15832 3609/924/15833 3600/924/15834
f 3611/924/15835 3610/924/15836 3627/924/15837
f 3591/924/15838 3610/924/15839 3611/924/15840
f 3596/924/15841 3605/924/15842 3607/924/15843
f 3621/924/15844 3608/924/15845 3622/924/15846
f 3620/924/15847 3621/924/15848 3623/924/15849
f 3593/924/15850 3627/924/15851 3629/924/15852 3600/924/15853
f 3601/924/15854 3612/924/15855 3606/924/15856
f 3602/924/15857 3614/924/15858 3613/924/15859 215/924/15860
f 3622/924/15861 3625/924/15862 3626/924/15863
f 3630/924/15864 3629/924/15865 3610/924/15866
f 3612/924/15867 3627/924/15868 3606/924/15869
f 3625/924/15870 3622/924/15871 3608/924/15872 3628/924/15873
f 3619/924/15874 3596/924/15875 3618/924/15876
f 3631/924/15877 3621/924/15878 3620/924/15879
f 3669/924/15880 3638/924/15881 3642/924/15882 3659/924/15883
f 3605/924/15884 3604/924/15885 3607/924/15886
f 215/924/15887 3594/924/15888 3602/924/15889
f 3596/924/15890 3607/924/15891 3618/924/15892
f 3672/924/15893 3644/924/15894 3662/924/15895
f 3639/924/15896 3671/924/15897 3661/924/15898
f 3650/924/15899 3639/924/15900 3644/924/15901
f 3633/924/15902 3645/924/15903 3632/924/15904
f 3634/924/15905 3648/924/15906 3653/924/15907
f 3672/924/15908 3664/924/15909 3665/924/15910 3644/924/15911
f 3671/924/15912 3663/924/15913 3643/924/15914
f 3637/924/15915 3654/924/15916 3656/924/15917 3635/924/15918
f 3670/924/15919 3668/924/15920 3667/924/15921
f 3632/924/15922 3651/924/15923 3652/924/15924
f 3641/924/15925 3636/924/15926 3655/924/15927
f 3662/924/15928 3639/924/15929 3661/924/15930
f 3645/924/15931 3670/924/15932 3651/924/15933
f 3635/924/15934 3656/924/15935 3636/924/15936
f 3654/924/15937 3640/924/15938 3655/924/15939
f 3660/924/15940 3658/924/15941 3649/924/15942 3657/924/15943
f 3667/924/15944 3633/924/15945 3647/924/15946
f 3658/924/15947 3660/924/15948 3642/924/15949 3638/924/15950
f 3653/924/15951 3647/924/15952 3646/924/15953 3634/924/15954
f 3657/924/15955 3642/924/15956 3660/924/15957
f 3638/924/15958 3649/924/15959 3658/924/15960
f 3643/924/15961 3650/924/15962 3666/924/15963
f 3667/924/15964 3647/924/15965 3648/924/15966 3652/924/15967
f 3632/924/15968 3652/924/15969 3648/924/15970
f 3670/924/15971 3667/924/15972 3652/924/15973
f 3653/924/15974 3648/924/15975 3647/924/15976
f 3654/924/15977 3636/924/15978 3656/924/15979
f 3671/924/15980 3643/924/15981 3661/924/15982
f 3665/924/15983 3664/924/15984 3666/924/15985
f 3649/924/15986 3659/924/15987 3657/924/15988
f 3700/924/15989 3711/924/15990 3708/924/15991 3699/924/15992
f 3707/924/15993 3674/924/15994 208/924/15995
f 3705/924/15996 3687/924/15997 3703/924/15998
f 3677/924/15999 3689/924/16000 3678/924/16001
f 3674/924/16002 3673/924/16003 208/924/16004
f 3678/924/16005 3689/924/16006 3683/924/16007
f 3701/924/16008 3679/924/16009 3690/924/16010
f 3691/924/16011 3680/924/16012 3693/924/16013
f 3682/924/16014 3694/924/16015 3695/924/16016
f 3686/924/16017 3691/924/16018 3687/924/16019
f 3709/924/16020 3674/924/16021 3688/924/16022
f 3698/924/16023 3689/924/16024 3675/924/16025
f 3700/924/16026 3701/924/16027 3690/924/16028
f 3692/924/16029 3691/924/16030 3702/924/16031
f 3703/924/16032 3693/924/16033 3712/924/16034
f 3694/924/16035 3681/924/16036 3706/924/16037
f 3705/924/16038 3704/924/16039 3686/924/16040 3687/924/16041
f 3689/924/16042 3710/924/16043 3675/924/16044
f 3710/924/16045 3677/924/16046 3697/924/16047
f 3696/924/16048 3695/924/16049 3709/924/16050
f 208/924/16051 3695/924/16052 3696/924/16053
f 3711/924/16054 3700/924/16055 3690/924/16056
f 3700/924/16057 3679/924/16058 3701/924/16059
f 3712/924/16060 3685/924/16061 3692/924/16062
f 3696/924/16063 3688/924/16064 3707/924/16065 3684/924/16066
f 3683/924/16067 3698/924/16068 3697/924/16069 3678/924/16070
f 3706/924/16071 3674/924/16072 3709/924/16073
f 3696/924/16074 3709/924/16075 3688/924/16076
f 3697/924/16077 3675/924/16078 3710/924/16079
f 3711/924/16080 3690/924/16081 3676/924/16082 3708/924/16083
f 3717/924/16084 3723/924/16085 3746/924/16086 3750/924/16087
f 3679/924/16088 3708/924/16089 3676/924/16090
f 3686/924/16091 3704/924/16092 3702/924/16093
f 3702/924/16094 3704/924/16095 3705/924/16096
f 3712/924/16097 3702/924/16098 3703/924/16099
f 3749/924/16100 3727/924/16101 3714/924/16102
f 3730/924/16103 3724/924/16104 3745/924/16105
f 3721/924/16106 3733/924/16107 3732/924/16108 3720/924/16109
f 204/924/16110 3729/924/16111 3719/924/16112
f 3727/924/16113 3713/924/16114 3714/924/16115
f 3718/924/16116 3738/924/16117 3739/924/16118
f 3742/924/16119 3737/924/16120 3713/924/16121 3736/924/16122
f 3734/924/16123 3750/924/16124 3735/924/16125
f 3748/924/16126 3726/924/16127 3751/924/16128
f 3725/924/16129 3734/924/16130 3724/924/16131
f 3734/924/16132 3744/924/16133 3723/924/16134 3717/924/16135
f 3741/924/16136 3729/924/16137 3752/924/16138
f 3724/924/16139 3730/924/16140 3747/924/16141
f 3719/924/16142 3741/924/16143 3740/924/16144 204/924/16145
f 3745/924/16146 3735/924/16147 3746/924/16148
f 3716/924/16149 3722/924/16150 3731/924/16151
f 3715/924/16152 3753/924/16153 3752/924/16154
f 3739/924/16155 3728/924/16156 3749/924/16157 3718/924/16158
f 3753/924/16159 204/924/16160 3740/924/16161
f 3751/924/16162 3727/924/16163 3728/924/16164
f 3731/924/16165 3733/924/16166 3721/924/16167 3716/924/16168
f 3722/924/16169 3720/924/16170 3732/924/16171
f 3748/924/16172 3742/924/16173 3736/924/16174 3726/924/16175
f 3746/924/16176 3744/924/16177 3745/924/16178
f 3737/924/16179 3738/924/16180 3714/924/16181 3713/924/16182
f 3751/924/16183 3728/924/16184 3738/924/16185 3737/924/16186
f 3739/924/16187 3738/924/16188 3728/924/16189
f 3740/924/16190 3752/924/16191 3753/924/16192
f 3725/924/16193 3747/924/16194 3744/924/16195
f 3745/924/16196 3747/924/16197 3730/924/16198
f 3722/924/16199 3732/924/16200 3731/924/16201
f 3757/924/16202 3779/924/16203 3791/924/16204 3780/924/16205
f 3760/924/16206 3792/924/16207 3789/924/16208
f 3785/924/16209 3767/924/16210 3783/924/16211
f 3755/924/16212 3754/924/16212 3764/924/16212
f 3787/924/16213 3768/924/16214 3754/924/16215
f 3780/924/16216 3791/924/16217 3776/924/16218 3765/924/16219
f 3764/924/16220 3774/924/16221 3775/924/16222
f 3777/924/16223 3759/924/16224 3781/924/16225
f 3781/924/16226 3759/924/16227 3760/924/16228
f 3771/924/16229 3786/924/16230 3763/924/16231
f 3788/924/16232 3787/924/16233 3773/924/16234
f 3767/924/16235 3771/924/16236 3763/924/16237
f 3767/924/16238 3785/924/16239 3784/924/16240
f 3791/924/16241 3779/924/16242 3776/924/16243
f 3758/924/16244 3778/924/16245 3779/924/16246
f 3758/924/16247 3776/924/16248 3778/924/16249
f 3773/924/16250 3755/924/16251 3790/924/16252
f 3754/924/16253 3772/924/16254 3774/924/16255
f 3777/924/16256 3769/924/16257 3792/924/16258
f 3792/924/16259 3770/924/16260 3789/924/16261
f 3762/924/16262 3761/924/16263 3766/924/16264
f 3762/924/16265 3766/924/16266 3783/924/16267
f 3766/924/16268 3771/924/16269 3782/924/16270
f 3771/924/16271 3784/924/16272 3782/924/16273
f 3772/924/16274 3768/924/16275 3788/924/16276
f 3756/924/16277 3775/924/16278 3790/924/16279
f 3776/924/16280 3779/924/16281 3778/924/16282
f 3775/924/16283 3774/924/16284 3790/924/16285
f 3794/924/16286 3793/924/16287 3803/924/16288 3795/924/16289
f 3773/924/16290 3774/924/16291 3772/924/16292
f 3783/924/16293 3784/924/16294 3785/924/16295
f 3769/924/16296 3781/924/16297 3770/924/16298
f 3760/924/16299 3789/924/16300 3770/924/16301
f 3786/924/16302 3762/924/16303 3783/924/16304
f 3774/924/16305 3773/924/16306 3790/924/16307
f 3825/924/16308 3830/924/16309 3807/924/16310
f 3800/924/16311 3793/924/16312 3794/924/16313
f 3800/924/16314 3818/924/16315 3831/924/16316 3810/924/16317
f 3804/924/16318 3821/924/16319 3829/924/16320
f 3806/924/16321 3830/924/16322 3813/924/16323
f 3809/924/16324 3827/924/16325 3832/924/16326
f 3800/924/16327 3814/924/16328 3793/924/16329
f 3795/924/16330 3833/924/16331 3824/924/16332 3794/924/16333
f 3814/924/16334 3815/924/16335 3816/924/16336
f 3809/924/16337 3813/924/16338 3811/924/16339
f 3825/924/16340 3826/924/16341 3813/924/16342 3830/924/16343
f 3807/924/16344 3806/924/16345 3828/924/16346
f 3797/924/16347 3819/924/16348 3823/924/16349 3796/924/16350
f 3814/924/16351 3831/924/16352 3815/924/16353
f 3819/924/16354 3822/924/16355 3823/924/16356
f 3820/924/16357 3802/924/16358 3822/924/16359
f 3796/924/16360 3823/924/16361 3822/924/16362
f 3819/924/16363 3801/924/16364 3820/924/16365
f 3813/924/16366 3826/924/16367 3827/924/16368 3811/924/16369
f 3818/924/16370 3794/924/16371 3824/924/16372
f 3816/924/16373 3818/924/16374 3824/924/16375
f 3793/924/16376 3816/924/16377 3817/924/16378
f 3798/924/16379 3821/924/16380 3805/924/16381
f 3804/924/16382 3834/924/16383 3812/924/16384
f 3805/924/16385 3821/924/16386 3812/924/16387
f 3807/924/16388 3828/924/16389 3826/924/16388
f 3825/924/16390 3807/924/16391 3826/924/16392
f 3803/924/16393 3817/924/16394 3833/924/16395 3795/924/16396
f 3854/924/16397 3873/924/16398 3838/924/16399 3840/924/16400
f 3831/924/16401 3818/924/16402 3816/924/16403
f 3817/924/16404 3824/924/16405 3833/924/16406
f 3829/924/16407 3798/924/16408 3834/924/16409
f 3805/924/16410 3812/924/16411 3798/924/16412
f 3809/924/16413 3832/924/16414 3828/924/16415
f 3798/924/16416 3812/924/16417 3834/924/16418
f 3868/924/16419 3850/924/16420 3867/924/16421
f 3872/924/16422 3869/924/16423 3864/924/16424
f 3843/924/16425 3835/924/16426 3836/924/16427
f 3835/924/16428 3842/924/16429 3836/924/16430
f 3844/924/16431 3861/924/16432 3862/924/16433
f 3845/924/16434 3840/924/16435 3838/924/16436
f 3848/924/16437 3849/924/16438 3841/924/16438
f 3849/924/16439 3857/924/16440 3841/924/16441
f 3843/924/16442 3858/924/16443 3835/924/16444
f 3858/924/16445 3871/924/16446 3859/924/16447
f 3860/924/16448 3836/924/16449 3852/924/16450
f 3849/924/16451 3866/924/16452 3856/924/16453
f 3867/924/16454 3857/924/16455 3874/924/16456
f 3858/924/16457 3851/924/16458 3871/924/16459
f 3872/924/16460 3864/924/16461 3863/924/16462
f 3854/924/16463 3840/924/16464 3846/924/16465
f 3863/924/16466 3864/924/16467 3865/924/16468
f 3837/924/16469 3865/924/16470 3864/924/16471
f 3863/924/16472 3839/924/16473 3872/924/16474
f 3865/924/16475 3839/924/16476 3863/924/16477
f 3851/924/16478 3843/924/16479 3860/924/16480
f 3861/924/16481 3860/924/16482 3852/924/16483
f 3844/924/16484 3862/924/16485 3852/924/16486
f 3854/924/16487 3855/924/16488 3873/924/16489
f 3855/924/16490 3845/924/16491 3873/924/16492
f 3866/924/16493 3867/924/16494 3874/924/16495 3856/924/16496
f 3856/924/16497 3874/924/16498 3857/924/16499 3849/924/16500
f 3859/924/16501 3861/924/16502 3842/924/16503 3835/924/16504
f 3850/924/16505 3868/924/16506 3875/924/16507
f 3862/924/16508 3861/924/16509 3852/924/16510
f 3870/924/16511 3836/924/16512 3842/924/16513
f 3848/924/16514 3875/924/16515 3866/924/16516
f 3846/924/16517 3845/924/16518 3855/924/16519
f 945/924/16520 940/924/16521 989/924/16522
f 985/924/16523 986/924/16524 977/924/16525
f 1088/924/16526 1055/924/16527 1062/924/16528
f 1102/924/16529 1111/924/16530 1153/924/16531
f 1170/924/16532 1137/924/16533 1136/924/16534
f 1151/924/16535 1153/924/16536 1174/924/16537
f 1314/924/16538 1317/924/16539 1360/924/16540
f 1374/924/16541 1340/924/16542 1345/924/16543
f 1417/924/16544 1391/924/16545 1385/924/16546
f 1496/924/16547 1463/924/16548 1470/924/16549
f 1579/924/16550 1545/924/16551 1544/924/16552
f 1622/924/16553 1584/924/16554 1593/924/16555
f 1645/924/16556 1641/924/16557 1662/924/16558
f 1719/924/16559 1722/924/16560 1747/924/16561
f 120/924/16562 1750/924/16563 1783/924/16564
f 2050/924/16565 2051/924/16566 2075/924/16567
f 2097/924/16568 2094/924/16569 2121/924/16570
f 2336/924/16571 2337/924/16572 2330/924/16573
f 2339/924/16574 2341/924/16575 2362/924/16576
f 2417/924/16577 2419/924/16578 2418/924/16579
f 2479/924/16580 2480/924/16581 2447/924/16582
f 3336/924/16583 3327/924/16584 3308/924/16585
f 3771/924/16586 3767/924/16587 3811/924/16588
